Zona;Sub_Zona;I;T1;T2;T3;T4;T5;T6;T7;B1;B2;B3;B4;B5;B6;X
BADAN AIR;Badan Air;Penampungan Dan Penyediaan Air Baku | Aktivitas Penangkapan Karbon | Angkutan Laut Dalam Negeri Liner Dan Tramper Untuk Penumpang | Angkutan Laut Dalam Negeri Perintis Untuk Penumpang | Angkutan Laut Dalam Negeri Untuk Wisata | Angkutan Laut Luar Negeri Liner Dan Tramper Untuk Penumpang | Angkutan Laut Luar Negeri Untuk Wisata | Angkutan Laut Dalam Negeri Untuk Barang Umum | Angkutan Laut Dalam Negeri Untuk Barang Khusus | Angkutan Laut Dalam Negeri Perintis Untuk Barang | Angkutan Laut Dalam Negeri Pelayaran Rakyat Untuk Barang | Aktivitas Pelayanan Kepelabuhanan Penyeberangan;Pembangkitan Tenaga Listrik Dari Sumber Energi Terbarukan | Aktivitas Penyaluran Tenaga Listrik | Pengadaan Uap/Air Panas Dan Udara Dingin | Pengolahan Dan Penyediaan Air Minum;Pemulihan Material Lainnya | Aktivitas Remediasi Dan Pengelolaan Limbah Atau Sampah Lainnya | Angkutan Kereta Wisata Antarkota | Transportasi Kereta Api Antarkota Lainnya Untuk Penumpang | Transportasi Kereta Api Untuk Barang | Angkutan Kereta Wisata Dalam Kota | Angkutan Kereta Api Perkotaan;-;-;-;-;-;Konstruksi Bangunan Sipil Jembatan, Jalan Layang, Fly Over, Dan Underpass | Konstruksi Jalan Rel | Konstruksi Jaringan Irigasi Dan Drainase | Konstruksi Bangunan Sipil Pengolahan Air Bersih | Konstruksi Bangunan Prasarana Sumber Daya Air | Konstruksi Reservoir Pembangkit Listrik Tenaga Air | Konstruksi Bangunan Sipil Fasilitas Olahraga | Pembongkaran | Pemasangan Jaringan Listrik | Pemasangan Jaringan Telekomunikasi | Pemasangan Sistem Elektronika | Pemasangan Saluran Air (Plumbing) | Pemasangan Jaringan Penyaluran Gas | Aktivitas Pelayanan Kepelabuhanan Penyeberangan;-;-;-;-;-;"nan | Pertanian Jagung | Pertanian Serealia Selain Padi Dan Jagung | Pertanian Kedelai | Pertanian Kacang Tanah | Pertanian Kacang Hijau | Pertanian Aneka Kacang Selain Kedelai, Kacang Tanah, Dan Kacang Hijau | Pertanian Biji-Bijian Penghasil Minyak Makan | Pertanian Biji-Bijian Penghasil Minyak Selain Minyak Makan | Pertanian Padi Hibrida | Pertanian Padi Inbrida | Pertanian Sayuran Daun | Pertanian Buah Semusim | Pertanian Sayuran Buah | Pertanian Sayuran Umbi | Pertanian Ubi Kayu | Pertanian Jamur | Pertanian Bit Gula Dan Tanaman Pemanis Selain Tebu | Pertanian Cabai | Pertanian Umbi Lainnya | Pertanian Tebu | Pertanian Tembakau | Pertanian Tanaman Berserat | Pertanian Tanaman Pakan Ternak | Pembenihan Tanaman Pakan Ternak Dan Pembenihan Bit (Bukan Bit Gula) | Pertanian Tanaman Bunga | Pertanian Pembenihan Tanaman Bunga | Pertanian Tanaman Semusim Lainnya Ytdl | Pertanian Buah Anggur | Pertanian Buah-Buahan Tropis Dan Subtropis | Pertanian Buah Jeruk | Pertanian Buah Apel Dan Buah Batu (Pome And Stone Fruits) | Pertanian Buah Beri | Pertanian Sayuran Tahunan | Pertanian Buah Semak Lainnya | Pertanian Kelapa | Pertanian Kelapa Sawit | Pertanian Buah Oleagin Lainnya | Pertanian Kopi | Pertanian Tanaman Teh | Pertanian Kakao | Pertanian Tanaman Untuk Bahan Minuman Lainnya | Pertanian Lada | Pertanian Cengkih | Pertanian Pala | Pertanian Tanaman Aromatik/Penyegar | Pertanian Tanaman Obat Rimpang | Pertanian Tanaman Obat Nonrimpang | Pertanian Tanaman Narkotika Dan Tanaman Obat Terlarang | Pertanian Tanaman Rempah-Rempah Dan Aromatik/Penyegar Lainnya | Pertanian Pohon Karet Dan Tanaman Penghasil Getah Lainnya | Pertanian Tanaman Tahunan Lainnya Ytdl | Pertanian Tanaman Hias | Penangkaran Tumbuhan Liar | Pembiakan Tanaman Lainnya | Budi Daya Dan Pembibitan Sapi Potong | Budi Daya Dan Pembibitan Sapi Perah | Budi Daya Dan Pembibitan Kerbau Potong | Budi Daya Dan Pembibitan Kerbau Perah | Peternakan Kuda Dan Sejenisnya | Peternakan Unta Dan Sejenisnya | Budi Daya Dan Pembibitan Domba Potong | Budi Daya Dan Pembibitan Kambing Potong | Budi Daya Dan Pembibitan Kambing Perah | Budi Daya Dan Pembibitan Domba Perah | Produksi Bulu Domba Mentah/Raw Wool | Peternakan Babi | Budi Daya Ayam Ras Pedaging | Budi Daya Ayam Ras Petelur | Pembibitan Ayam Lokal Dan Persilangannya | Budi Daya Ayam Lokal Dan Persilangannya | Budi Daya Dan Pembibitan Itik Dan Bebek | Budi Daya Dan Pembibitan Burung Puyuh | Budi Daya Dan Pembibitan Burung Merpati | Pembibitan Ayam Ras | Budi Daya Dan Pembibitan Unggas Lainnya | Budi Daya Dan Pembibitan Burung Unta | Budi Daya Dan Pembibitan Ulat Sutra | Budi Daya Dan Pembibitan Lebah | Budi Daya Dan Pembibitan Rusa | Budi Daya Dan Pembibitan Kelinci | Budi Daya Dan Pembibitan Cacing | Budi Daya Dan Pembibitan Burung Walet | Penangkaran Satwa Liar | Budi Daya Dan Pembibitan Hewan Lainnya | Jasa Pengolahan Lahan | Jasa Pemupukan | Jasa Pemanenan | Jasa Penyemprotan Dan Penyerbukan Melalui Udara | Jasa Pengendalian Organisme Pengganggu Tumbuhan (Opt) | Jasa Penanaman Benih | Jasa Penunjang Pertanian Lainnya | Jasa Perkawinan Ternak | Jasa Penetasan Telur | Jasa Penunjang Peternakan Lainnya | Jasa Pascapanen | Pemilihan Benih Tanaman Untuk Pembiakan | Perburuan, Penangkapan, Dan Kegiatan Jasa Terkait | Pengelolaan Hutan | Pemanfaatan Kayu Hutan | Pembenihan Tanaman Kehutanan | Pemanenan Kayu | Pemungutan Kayu | Pemungutan Hasil Hutan Bukan Kayu | Jasa Lingkungan Hutan | Jasa Penggunaan Kawasan Kehutanan | Jasa Penunjang Kehutanan Lainnya | Penangkapan Ikan Dan Biota Air Lainnya Di Laut | Penangkapan Ikan Dan Biota Air Lainnya Di Perairan Air Tawar | Pembudidayaan Ikan Bersirip (Selain Ikan Hias) Dan Biota Air Laut Lainnya Yang Tidak Dilindungi | Pembudidayaan Ikan Hias Air Laut Yang Tidak Dilindungi | Pembudidayaan Tumbuhan Air Laut Yang Tidak Dilindungi | Pengembangbiakan Ikan Dan Biota Air Laut Yang Dilindungi | Pembudidayaan Ikan Bersirip (Selain Ikan Hias) Dan Biota Air Tawar Lainnya Yang Tidak Dilindungi | Pembudidayaan Ikan Hias Air Tawar Yang Tidak Dilindungi | Pembudidayaan Tumbuhan Air Tawar Yang Tidak Dilindungi | Pengembangbiakan Biota Air Tawar Yang Dilindungi | Pembudidayaan Ikan Bersirip (Selain Ikan Hias) Dan Biota Air Payau Lainnya Yang Tidak Dilindungi | Pembudidayaan Ikan Hias Air Payau Yang Tidak Dilindungi | Pembudidayaan Tumbuhan Air Payau Yang Tidak Dilindungi | Pengembangbiakan Biota Air Payau Yang Dilindungi | Jasa Penunjang Kegiatan Penangkapan Dan Pembudidayaan Ikan | Pertambangan Batu Bara | Benefisiasi Atau Peningkatan Kualitas Batu Bara | Pertambangan Lignit | Pertambangan Minyak Bumi | Pertambangan Gas Alam | Pengusahaan Tenaga Panas Bumi | Pertambangan Pasir Besi | Pertambangan Bijih Besi | Pertambangan Bijih Uranium Dan Torium | Pertambangan Emas Dan Perak | Pertambangan Bijih Logam Mulia Lainnya | Pertambangan Bijih Timah | Pertambangan Bijih Timah Hitam | Pertambangan Bijih Bauksit | Pertambangan Bijih Tembaga | Pertambangan Bijih Nikel | Pertambangan Bijih Mangan | Pertambangan Bahan Galian Lainnya Yang Tidak Mengandung Bijih Besi Ytdl | Penggalian Batu Hias Dan Batu Bangunan | Penggalian Batu Kapur/Gamping | Penggalian Kerikil/Sirtu | Penggalian Pasir | Penggalian Tanah Dan Tanah Liat | Penggalian Gips | Penggalian Tras | Penggalian Batu Apung | Penggalian Batu, Pasir, Dan Tanah Liat Lainnya | Pertambangan Belerang | Pertambangan Fosfat | Pertambangan Nitrat | Pertambangan Yodium | Pertambangan Potash (Kalium Karbonat) | Pertambangan Mineral, Bahan Kimia, Dan Bahan Pupuk Lainnya | Ekstraksi Tanah Gambut | Ekstraksi Garam | Pertambangan Batu Mulia | Penggalian Feldspar Dan Kalsit | Pertambangan Aspal Alam | Penggalian Asbes | Penggalian Kuarsa/Pasir Kuarsa | Pertambangan Bijih Logam Tanah Jarang | Pertambangan Dan Penggalian Lainnya Ytdl | Aktivitas Penunjang Pertambangan Minyak Bumi Dan Gas Alam | AKTIVITAS PENUNJANG PERTAMBANGAN DAN PENGGALIAN LAINNYA | Kegiatan Rumah Potong Hewan Ruminansia | Kegiatan Rumah Potong Babi | Kegiatan Rumah Potong Unggas | Kegiatan Rumah Potong Hewan Lainnya | Pengolahan Dan Pengawetan Daging Dan Produk Daging | Pengolahan Dan Pengawetan Ikan Dengan Penggaraman Atau 
 Pengeringan | Pengolahan Dan Pengawetan Ikan Dengan Pengasapan Atau 
 Pemanggangan | Pengolahan Dan Pengawetan Ikan Dengan Pembekuan | Pengolahan Dan Pengawetan Ikan Dengan Pemindangan | Pengolahan Dan Pengawetan Ikan Dengan Fermentasi | Pengolahan Dan Pengawetan Ikan Dengan Pelumatan | Pengolahan Dan Pengawetan Ikan Dengan Pengalengan | Pengolahan Dan Pengawetan Ikan Menjadi Produk Olahan | Pengolahan Dan Pengawetan Ikan Dengan Metode Lainnya | Pengolahan Dan Pengawetan Biota Air Lainnya Dengan 
 Penggaraman Atau Pengeringan | Pengolahan Dan Pengawetan Biota Air Lainnya Dengan 
 Pengasapan Atau Pemanggangan | Pengolahan Dan Pengawetan Biota Air Lainnya Dengan 
 Pembekuan | Pengolahan Dan Pengawetan Biota Air Lainnya Dengan 
 Pemindangan | Pengolahan Dan Pengawetan Biota Air Lainnya Dengan 
 Fermentasi | Pengolahan Dan Pengawetan Biota Air Lainnya Dengan 
 Pelumatan | Pengolahan Dan Pengawetan Biota Air Lainnya Dengan 
 Pengalengan | Pengolahan Dan Pengawetan Rumput Laut | Pengolahan Dan Pengawetan Biota Air Lainnya Dengan Metode 
 Lainnya | Pengasinan Buah-Buahan Dan Sayuran | Pelumatan Buah-Buahan Dan Sayuran | Pengeringan Buah-Buahan Dan Sayuran | Pembekuan Buah-Buahan Dan Sayuran | Pengalengan Buah-Buahan Dan Sayuran | Pengolahan Sari Buah-Buahan Dan Sayuran | Pembuatan Tempe Kedelai | Pembuatan Tahu Kedelai | Pengolahan Dan Pengawetan Lainnya Untuk Buah-Buahan Dan Sayuran | Industri Minyak Mentah Dan Lemak Nabati Bukan Kelapa Dan Kelapa Sawit | Industri Margarin | Industri Minyak Mentah Dan Lemak Dari Hewan Selain Ikan | Industri Minyak Ikan | Industri Minyak Goreng Dan Minyak Makan Bukan Minyak Kelapa Dan Minyak Kelapa Sawit | Industri Minyak Mentah Dan Lemak Nabati Dan Hewani Bukan Kelapa Dan Kelapa Sawit Lainnya | Industri Kopra | Industri Minyak Mentah Kelapa | Industri Minyak Goreng Kelapa | Industri Minyak Mentah Kelapa Sawit (Crude Palm Oil) | Industri Minyak Mentah Inti Kelapa Sawit (Crude Palm Kernel Oil) | Industri Pemisahan/Fraksinasi Minyak Mentah Kelapa Sawit Dan Minyak Mentah Inti Kelapa Sawit | Industri Pemurnian Minyak Mentah Kelapa Sawit Dan Minyak Mentah Inti Kelapa Sawit | Industri Pemisahan/Fraksinasi Minyak Murni Kelapa Sawit | Industri Pemisahan/Fraksinasi Minyak Murni Inti Kelapa Sawit | Industri Minyak Goreng Kelapa Sawit | Industri Susu Segar Dan Krim | Industri Susu Bubuk Dan Susu Kental | Industri Es Krim | Industri Es Yang Dapat Dimakan Dan Es Pencuci Mulut | Industri Produk Susu Lainnya | Industri Produk Gilingan Gandum (Selain Tepung Terigu) Dan Serelia Selain Beras Dan Jagung | Industri Produk Gilingan Aneka Kacang | Industri Produk Gilingan Aneka Umbi, Tanaman Rimpang, Dan Sayuran | Industri Tepung Campuran Dan Adonan Tepung | Industri Makanan Sereal | Industri Tepung Terigu | Industri Pati Ubi Kayu | Industri Berbagai Macam Pati Palem | Industri Glukosa Dan Sejenisnya | Industri Pati Dan Produk Pati Lainnya | Industri Penggilingan Padi Dan Penyosohan Beras | Industri Pemipilan Jagung | Industri Tepung Beras Dan Tepung Jagung | Industri Pati Beras Dan Jagung | Industri Pemanis Dari Beras Dan Jagung | Industri Minyak Dari Beras Dan Jagung | Industri Produk Bakeri | Industri Gula Pasir | Industri Gula Merah | Industri Sirop | Industri Gula Lainnya | Industri Pengolahan Kakao; Industri Cokelat Dan Kembang Gula | Industri Pengolahan Kakao | Industri Cokelat Dan Kembang Gula Dari Cokelat | Industri Manisan Buah-Buahan Dan Sayuran Kering | Industri Kembang Gula Lainnya | Industri Makaroni, Mi, Couscous, Dan Produk Sejenisnya | Industri Makanan Dan Masakan Olahan | Pengolahan Kopi | Pengolahan Te | Industri Kecap | Industri Garam Konsumsi Beryodium | Industri Garam Industri Aneka Pangan | Industri Bumbu Masakan Lainnya | Industri Makanan Bayi Dan Makanan Khusus | Industri Kue Basah | Industri Produk Makanan Dari Kelapa | Industri Kerupuk, Keripik, Peyek, Dan Sejenisnya | Industri Sari Nabati Dan Krimer Nabati | Industri Dodol | Industri Infusi Herbal/Herb Infusion | Industri Bahan Makanan Dari Rumput Laut | Industri Produk Makanan Lainnya Ytdl | Industri Ransum Pakan Hewan | Industri Konsentrat Pakan Hewan | Industri Penyulingan, Pemurnian, Dan Pencampuran Minuman Beralkohol | Industri Minuman Beralkohol Hasil Fermentasi Anggur Dan Hasil Pertanian Lainnya | Industri Minuman Beralkohol Hasil Fermentasi Malt | Industri Malt | Industri Air Kemasan | Industri Air Minum Isi Ulang | Industri Minuman Ringan | Industri Minuman Lainnya | Industri Sigaret Kretek Tangan | Industri Sigaret Kretek Mesin | Industri Rokok Putih | Industri Pengeringan Dan Pengolahan Tembakau | Industri Bumbu Rokok | Industri Produk Tembakau Lainnya | Persiapan Serat Tekstil | Pemintalan Benang Selain Benang Jahit | Pemintalan Benang Jahit | Pertenunan Tekstil Dengan Mesin | Pertenunan Tekstil Bukan Dengan Mesin | Penyempurnaan Benang | Penyempurnaan Basah Kain | Industri Kain Batik | Penyempurnaan Tekstil Lainnya | Industri Kain Rajutan | Industri Kain Crocheted | Industri Bulu Tiruan Rajutan | Industri Barang Tekstil Untuk Keperluan Rumah Tangga | Industri Barang Tekstil Dengan Bahan Pengisi | Industri Karung Goni | Industri Karung Selain Karung Goni | Industri Barang Tekstil Bukan Pakaian Jadi Lainnya | Industri Karpet Dan Permadani | Industri Tali | Industri Barang Dari Tali | Industri Kain Narrow | Industri Kain Yang Dilapisi Dan Sejenisnya | Industri Kain Nirtenun/Nonwoven | Industri Kain Ban | Industri Kapuk | Industri Kain Tule, Kain Jaring, Dan Kain Bordir | Industri Tekstil Lainnya Ytdl | Industri Pakaian Jadi (Konfeksi) Dari Tekstil | Industri Pakaian Jadi (Konfeksi) Dari Kulit Dan Tiruan Kulit | Industri Penjahitan Dan Pembuatan (Bukan Konfeksi) Pakaian Sesuai Pesanan/Kustomisasi | Industri Perlengkapan Pakaian Dari Tekstil | Industri Perlengkapan Pakaian Dari Kulit Dan Tiruan Kulit | Industri Barang Dari Kulit Berbulu | Industri Pakaian Jadi Dan Perlengkapannya Dari Rajutan Dan Crocheted | Industri Hosiery Rajutan Dan Crocheted | Penyamakan Kulit | Pewarnaan Kulit Berbulu | Industri Kulit Komposisi | Industri Koper, Tas Tangan, Dan Sejenisnya | Industri Pelana, Alat Pengekang/Harness, Dan Barang Lainnya Untuk Hewan | Industri Barang Lainnya Dari Kulit Dan Kulit Komposisi | Industri Alas Kaki Untuk Keperluan Sehari-Hari | Industri Sepatu Olahraga | Industri Sepatu Teknik Lapangan/Keperluan Industri | Industri Alas Kaki Lainnya | Penggergajian Dan Penghalusan Kayu | Pengawetan Kayu | Pengawetan Rotan, Bambu, Dan Sejenisnya | Pengolahan Rotan | Industri Partikel Kayu Dan Sejenisnya | Industri Kayu Lapis | Industri Venir | Industri Kayu Laminasi | Industri Panel Kayu Lainnya | Industri Barang Bangunan Dari Kayu | Industri Bangunan Prafabrikasi Dari Kayu Dan Sejenisnya | Industri Wadah Dari Kayu | Industri Barang Anyaman Dari Rotan Dan Bambu | Industri Barang Anyaman Dari Tanaman Selain Rotan Dan Bambu | Industri Kerajinan Ukiran Dari Kayu Bukan Furnitur | Industri Alat Dapur Dan Alat Makan Dari Kayu, Rotan, Dan Bambu | Industri Kayu Bakar Dan Pelet Dari Kayu Dan Biomassa Lainnya | Industri Barang Lainnya Dari Kayu; Industri Barang Dari Gabus, Jerami, Rotan, Bambu, Dan Sejenisnya Ytdl | Industri Bubur Kertas (Pulp) | Industri Kertas Budaya | Industri Kertas Berharga | Industri Kertas Khusus | Industri Kertas Lainnya | Industri Kertas Dan Papan Kertas Bergelombang | Industri Kemasan Dan Kotak Dari Kertas Dan Karton | Industri Kertas Tisu | Industri Barang Dari Kertas Dan Papan Kertas Lainnya Ytdl | Pencetakan Umum | Pencetakan Khusus | Pencetakan Tiga Dimensi (3d) | Kegiatan Jasa Penunjang Pencetakan | Reproduksi Media Rekaman Suara Dan Perangkat Lunak | Reproduksi Media Rekaman Film Dan Video | Industri Produk Tanur Kokas | Industri Bahan Bakar Dari Pemurnian Dan Pengilangan Minyak Bumi | Industri Minyak Pelumas | Industri Produk Dari Bahan Limbah Minyak Pelumas | Industri Minyak Pelumas Dasar (Bahan Baku Pelumas) | Industri Briket | Industri Produk Dari Pencampuran Hasil Kilang Minyak Bumi Dengan Biofuel | Industri Produk Lainnya Dari Hasil Kilang Minyak Bumi | Industri Asam, Basa, Dan Garam Anorganik | Industri Gas Industri | Industri Kimia Dasar Zat Warna Dan Pigmen | Industri Kimia Dasar Radioaktif | Industri Kimia Dasar Organik Dari Sumber Daya Alam Hayati | Industri Kimia Dasar Dari Minyak Bumi, Gas Alam, Dan Batu Bara | Industri Kimia Dasar Anorganik Lainnya | Industri Senyawa Nitrogen; Pupuk Nitrogen, Fosfat, Dan Kalium | Industri Pupuk Hara Makro Primer Lainnya | Industri Pupuk Hara Mikro | Industri Pupuk Organik, Pupuk Hayati, Dan Media Tanam | Industri Biostimulan | Industri Damar Buatan (Resin Sintetis) Dan Bahan Baku Plastik | Industri Karet Buatan | Industri Bahan Baku Pemberantas Hama (Bahan Aktif) | Industri Pemberantas Hama (Formulasi) | Industri Zat Pengatur Tumbuh | Industri Cat | Industri Pernis | Industri Dempul | Industri Sediaan Pewarna Dan Pelapis Lainnya | Industri Bahan Dan Produk Pembersih | Industri Kosmetik Untuk Manusia, Cairan Lensa Kontak | Industri Kosmetik Untuk Hewan | Industri Perekat Gigi | Industri Parfum Sesuai Pesanan | Industri Perekat/Lem | Industri Bahan Peledak | Industri Tinta | Industri Minyak Asiri Hulu | Industri Korek Api | Industri Minyak Asiri Rantai Tengah | Industri Biofuel Cair | Industri Cairan Rokok Elektrik | Industri Barang Kimia Lainnya Ytdl | Industri Serat Filamen Dan Strip Buatan | Industri Serat Stapel Buatan | Industri Bahan Baku Farmasi Untuk Manusia | Industri Produk Farmasi Untuk Manusia | Industri Produk Farmasi Untuk Hewan | Industri Bahan Baku Farmasi Untuk Hewan | Industri Alat Diagnosis Medis, Perban, Kasa, Dan Penunjang Kesehatan Lainnya | Industri Bahan Baku Obat Bahan Alam Untuk Manusia | Industri Produk Obat Bahan Alam Untuk Manusia | Industri Produk Obat Bahan Alam Untuk Hewan | Industri Bahan Baku Obat Bahan Alam Untuk Hewan | Industri Ban Luar Dan Ban Dalam | Industri Pembentukan Kembali Ban Dan Vulkanisasi Ban | Industri Karet Asap | Industri Karet Lembaran Dan Crepe Rubber | Industri Karet Remah (Crumb Rubber) | Industri Karet Setengah Jadi Lainnya | Industri Barang Dari Karet Untuk Keperluan Rumah Tangga | Industri Barang Dari Karet Untuk Keperluan Industri | Industri Barang Dari Karet Untuk Keperluan Infrastruktur | Industri Barang Dari Karet Untuk Kesehatan | Industri Barang Lainnya Dari Karet Ytdl | Industri Barang Dari Plastik Untuk Bangunan | Industri Barang Dari Plastik Dan Bioplastik Untuk Pengemasan | Industri Pipa Plastik Dan Perlengkapannya | Industri Plastik Lembaran | Industri Perlengkapan Dan Peralatan Rumah Tangga Dari Plastik (Tidak Termasuk Furnitur) | Industri Barang Dan Peralatan Teknik/Industri Dari Plastik | Industri Barang Lainnya Dari Plastik | Industri Kaca Lembaran | Industri Kaca Pengaman | Industri Kaca Lainnya | Industri Perlengkapan Dan Peralatan Rumah Tangga Dari Kaca | Industri Peralatan Laboratorium Dan Kesehatan Dari Kaca | Industri Produk Lainnya Dari Kaca | Industri Bata, Mortar, Semen, Dan Sejenisnya Yang Tahan Api | Industri Produk Refraktori (Tahan Api) Lainnya | Industri Batu Bata Dari Tanah Liat Atau Keramik | Industri Genteng Dari Tanah Liat Atau Keramik | Industri Bahan Bangunan Lainnya Dari Tanah Liat Atau Keramik | Industri Perlengkapan Rumah Tangga Dari Porselen | Industri Perlengkapan Rumah Tangga Dari Tanah Liat Atau Keramik | Industri Alat Laboratorium Dan Alat Listrik Atau Teknik Dari Porselen | Industri Peralatan Sanitasi Dari Porselen | Industri Peralatan Sanitasi Dari Tanah Liat Atau Keramik | Industri Produk Bukan Bahan Bangunan Lainnya Dari Tanah Liat Atau Keramik Dan Porselen | Industri Semen | Industri Kapur | Industri Gips | Industri Barang Dari Semen | Industri Barang Dari Kapur | Industri Barang Dari Gips | Industri Barang Dari Asbes | Industri Mortar, Acian, Dan Beton Siap Pakai | Industri Barang Dari Batu Marmer | Industri Barang Dari Batu Granit | Industri Barang Dari Batu Lainnya | Industri Produk Abrasif | Industri Batuan Aspal Dan Barang Dari Aspal Atau Material Sejenis | Industri Produk Hasil Pemurnian Mineral Nonlogam | Industri Produk Mineral Nonlogam Lainnya Ytdl | Industri Besi Dan Baja Dasar | Penggilingan Baja | Industri Pipa Dan Sambungan Pipa Dari Besi Dan Baja | Industri Logam Dasar Mulia | Industri Logam Dasar Bukan Besi Lainnya | Penggilingan Logam Bukan Besi | Ekstrusi Logam Bukan Besi | Industri Pipa Dan Sambungan Pipa Dari Logam Bukan Besi Dan Baja | Industri Bahan Bakar Nuklir | Pengecoran Besi Dan Baja | Pengecoran Logam Bukan Besi Dan Baja | Industri Produk Logam Struktural Bukan Aluminium Untuk Konstruksi Ringan | Industri Produk Logam Struktural Aluminium Untuk Konstruksi Ringan | Industri Produk Logam Struktural Baja Untuk Konstruksi Berat | Industri Produk Logam Struktural Lainnya | Industri Tangki, Tandon Air, Dan Wadah Sejenisnya Dari Logam | Industri Generator Uap Bukan Ketel Pemanas | Industri Senjata Dan Amunisi | Penempaan, Pengepresan, Pencetakan, Dan Pembentukan Logam; Metalurgi Bubuk | Pengerjaan Dan Pelapisan Logam | Industri Perkakas Tangan | Industri Alat Potong | Industri Alat Makan Dari Logam | Industri Peralatan Umum | Industri Ember, Kaleng, Drum Dan Wadah Sejenisnya Dari Logam | Industri Barang Dari Kawat Logam Bukan Kabel | Industri Paku, Mur, Dan Baut Logam | Industri Brankas, Filling Kantor, Dan Sejenisnya | Industri Peralatan Dapur Dan Peralatan Meja Dari Logam | Industri Produk Rumah Tangga Dari Logam Bukan Peralatan Dapur Dan Peralatan Meja | Industri Profil Logam | Industri Lampu Dari Logam | Industri Produk Logam Lainnya Ytdl | Industri Sel Surya, Panel Surya, Dan Inverter Fotovoltaik | Industri Tabung Elektron Dan Konektor Elektronik | Industri Komponen Dan Papan Elektronik Lainnya Ytdl | Industri Komputer Dan Perakitan Komputer | Industri Perlengkapan Komputer | Industri Peralatan Telepon Dan Faksimili | Industri Peralatan Komunikasi Tanpa Kabel (Wireless) | Industri Kartu Cerdas (Smart Card) | Industri Peralatan Komunikasi Lainnya | Industri Televisi, Monitor Televisi, Dan Displai | Industri Peralatan Perekam, Penerima, Dan Pengganda Audio Dan Video, Bukan Televisi | Industri Peralatan Audio Dan Video Elektronik Lainnya | Industri Alat Ukur Dan Alat Uji Manual | Industri Alat Ukur Dan Alat Uji Elektrik | Industri Alat Ukur Dan Alat Uji Elektronik | Industri Alat Ukur, Alat Uji, Dan Peralatan Navigasi Dan Kontrol Lainnya | Industri Alat Ukur Waktu | Industri Peralatan Iradiasi, Perlengkapan, Dan Sejenisnya | Industri Peralatan Elektromedik Dan Elektroterapi | Industri Peralatan Fotografi | Industri Peralatan Sinematografi | Industri Lensa Bukan Kacamata | Industri Peralatan Fotografi Dan Instrumen Optik Bukan Kacamata Lainnya | Industri Media Magnetik Dan Media Optik | Industri Motor Listrik | Industri Generator Pembangkit Listrik | Industri Pengubah Tegangan/Transformator Dan Pengubah Arus/Rectifier | Industri Peralatan Pengontrol Dan Pendistribusian Listrik | Industri Batu Baterai | Industri Akumulator Listrik | Industri Baterai Kendaraan Listrik | Industri Kabel Serat Optik | Industri Kabel Dan Kawat Listrik Dan Elektronik Lainnya | Industri Perlengkapan Kabel | Industri Bola Lampu Pijar, Lampu Sorot, Dan Lampu Ultraviolet | Industri Lampu Gas Dan Discharge | Industri Peralatan Penerangan Untuk Kendaraan | Industri Lampu Led | Industri Peralatan Penerangan Lainnya | Industri Peralatan Listrik Rumah Tangga | Industri Peralatan Elektrotermal Rumah Tangga | Industri Peralatan Rumah Tangga Bukan Listrik | Industri Peralatan Listrik Lainnya | Industri Mesin Uap, Turbin, Dan Kincir | Industri Motor Pembakaran Dalam | Industri Komponen Dan Suku Cadang Mesin Dan Turbin | Industri Peralatan Tenaga Zat Cair Dan Gas | Industri Pompa Lainnya, Kompresor, Keran, Dan Klep/Katup | Industri Bearing, Roda Gigi, Dan Elemen Penggerak Mesin | Industri Oven, Perapian Dan Tungku Pembakar Sejenis Yang Tidak Menggunakan Arus Listrik | Industri Oven, Perapian Dan Tungku Pembakar Sejenis Yang Menggunakan Arus Listrik | Industri Alat Pengangkat Dan Pemindah | Industri Mesin Kantor Dan Akuntansi Manual | Industri Mesin Kantor Dan Akuntansi Elektrik | Industri Mesin Kantor Dan Akuntansi Elektronik | Industri Peralatan Kantor | Industri Perkakas Tangan Yang Digerakkan Tenaga | Industri Mesin Untuk Pembungkus, Pembotolan, Dan Pengalengan | Industri Mesin Timbangan | Industri Mesin Pendingin | Industri Mesin Untuk Keperluan Umum Lainnya Ytdl | Industri Mesin Pertanian Dan Kehutanan | Industri Mesin Dan Perkakas Mesin Untuk Pengerjaan Logam Dan Bahan Lainnya | Industri Mesin Metalurgi | Industri Mesin Penambangan, Penggalian Dan Konstruksi | Industri Mesin Pengolahan Makanan, Minuman Dan Tembakau | Industri Mesin Jahit, Mesin Cuci, Dan Mesin Pengering Untuk Keperluan Niaga | Industri Mesin Tekstil | Industri Mesin Penyiapan Dan Pembuatan Produk Kulit | Industri Mesin Percetakan | Industri Mesin Pabrik Kertas | Industri Mesin Keperluan Khusus Lainnya Ytdl | Industri Kendaraan Bermotor Roda Empat Atau Lebih | Industri Karoseri Kendaraan Bermotor Roda Empat Atau Lebih; Industri Trailer Dan Semitrailer | Industri Suku Cadang Dan Aksesori Kendaraan Bermotor Roda Empat Atau Lebih | Industri Kendaraan Air Dan Bawah Air Berawak | Industri Bangunan Lepas Pantai Dan Bangunan Terapung | Industri Kendaraan Air Dan Bawah Air Tanpa Awak | Industri Kapal Dan Perahu Untuk Tujuan Wisata Atau Rekreasi Dan Olahraga | Industri Lokomotif Dan Gerbong Kereta | Industri Pesawat Udara Berawak Dan Mesin Terkait | Industri Pesawat Udara Tanpa Awak Dan Mesin Terkait | Industri Wahana Antariksa Dan Mesin Terkait | Industri Kendaraan Tempur Militer | Industri Sepeda Motor Roda Dua Dan Tiga | Industri Komponen Dan Perlengkapan Sepeda Motor Roda Dua Dan Tiga | Industri Sepeda Dan Kursi Roda Termasuk Becak | Industri Perlengkapan Sepeda Dan Kursi Roda Termasuk Becak | Industri Alat Angkutan Lainnya Ytdl | Industri Furnitur Dari Kayu | Industri Furnitur Dari Rotan Dan Bambu | Industri Furnitur Dari Plastik | Industri Furnitur Dari Logam | Industri Furnitur Dari Bahan Lainnya Ytdl | Industri Permata | Industri Perhiasan Dari Logam Mulia | Industri Barang Berharga Dari Logam Mulia Bukan Perhiasan | Industri Perhiasan Dari Mutiara | Industri Barang Berharga Lainnya Dari Logam Mulia | Industri Perhiasan Imitasi Dan Barang Sejenis | Industri Alat Musik Tradisional | Industri Alat Musik Nontradisional | Industri Peralatan Dan Perlengkapan Olahraga | Industri Alat Permainan | Industri Mainan Termasuk Drone Rekreasi | Industri Peralatan Kedokteran Dan Kedokteran Gigi Serta Perlengkapannya | Industri Furnitur Untuk Operasi, Perawatan Kedokteran, Dan Kedokteran Gigi | Industri Peralatan Kedokteran Dan Kedokteran Gigi, Serta Perlengkapan Ortopedi Dan Prostetik | Industri Kacamata | Industri Peralatan Kedokteran Dan Kedokteran Gigi, Serta Perlengkapan Lainnya | Industri Alat Tulis Dan Gambar Termasuk Perlengkapannya | Industri Pita Mesin Tulis Atau Gambar | Industri Kerajinan Ytdl | Reparasi Dan Pemeliharaan Produk Logam Struktural, Tangki, Tandon Air, Dan Generator Uap | Reparasi Dan Pemeliharaan Produk Senjata Dan Amunisi | Reparasi Dan Pemeliharaan Produk Logam Pabrikasi Lainnya | Reparasi Dan Pemeliharaan Mesin Untuk Keperluan Umum | Reparasi Dan Pemeliharaan Mesin Untuk Keperluan Khusus | Reparasi Dan Pemeliharaan Alat Ukur, Alat Uji, Serta Peralatan Navigasi Dan Pengontrol | Reparasi Dan Pemeliharaan Peralatan Iradiasi, Elektromedik, Dan Elektroterapi | Reparasi Dan Pemeliharaan Peralatan Fotografi Dan Optik | Reparasi Dan Pemeliharaan Motor Listrik, Generator, Dan Transformator | Reparasi Dan Pemeliharaan Baterai Dan Akumulator Listrik | Reparasi Dan Pemeliharaan Peralatan Listrik Lainnya | Reparasi Dan Pemeliharaan Kapal, Perahu, Dan Bangunan Terapung | Reparasi Dan Pemeliharaan Lokomotif Dan Gerbong Kereta | Reparasi Dan Pemeliharaan Pesawat Udara | Reparasi Dan Pemeliharaan Alat Angkutan Lainnya, Bukan Kendaraan Bermotor | Reparasi Dan Pemeliharaan Peralatan Lainnya | Instalasi/Pemasangan Dan Perangkaian/Integrasi Mesin, Peralatan, Dan Sistem Industri | Pembongkaran Mesin, Peralatan, Dan Sistem Industri | Pemasangan Perlengkapan Meteorologi, Klimatologi, Dan Geofisika | Pembangkitan Tenaga Listrik Dari Sumber Energi Tidak Terbarukan Yang Menghasilkan Emisi | Pembangkitan Tenaga Listrik Dari Sumber Energi Tidak Terbarukan Yang Tidak Menghasilkan Emisi | Aktivitas Penyimpanan Tenaga Listrik | Pengoperasian Fasilitas Atau Stasiun Pengisian Daya Untuk Kendaraan Dan Peralatan Listrik | Penyediaan Tenaga Listrik Dalam Satu Kesatuan Usaha | Pengoperasian Instalasi Penyediaan Tenaga Listrik | Pengoperasian Instalasi Pemanfaatan Tenaga Listrik | Aktivitas Penunjang Tenaga Listrik Lainnya | Produksi Gas Alam Dan Buatan | Distribusi Gas Alam Dan Buatan Melalui Jaringan | Produksi Es | Aktivitas Broker Dan Agen Penjualan Tenaga Listrik | Aktivitas Broker Dan Agen Penjualan Gas Alam | Aktivitas Penunjang Penyediaan Air | Pengumpulan Air Limbah | Pengolahan Dan Pembuangan Air Limbah | Pengumpulan Limbah Atau Sampah Tidak Berbahaya | Pengumpulan Limbah Berbahaya Selain Limbah Radiokatif | Pengumpulan Limbah Radioaktif | Pengolahan Sampah Tidak Berbahaya Untuk Menghasilkan Energi | Produksi Kompos Sampah Organik | Pengolahan Dan Pembuangan Limbah Atau Sampah Tidak Berbahaya Lainnya | Pengolahan Dan Pembuangan Limbah Atau Sampah Berbahaya Selain Limbah Radioaktif | Pengolahan Dan Pembuangan Limbah Radioaktif | Pemulihan Material Barang Logam | Pemulihan Material Barang Plastik | Aktivitas Penyimpanan Karbon | Konstruksi Konvensional Gedung Hunian | Konstruksi Konvensional Gedung Perkantoran | Konstruksi Konvensional Gedung Industri | Konstruksi Konvensional Gedung Perbelanjaan | Konstruksi Konvensional Gedung Kesehatan | Konstruksi Konvensional Gedung Pendidikan | Konstruksi Konvensional Gedung Penginapan | Konstruksi Konvensional Gedung Hiburan Dan Olahraga | Konstruksi Konvensional Gedung Lainnya | Konstruksi Prapabrikasi Bangunan Gedung | Konstruksi Jalan Pada Permukaan Tanah | Konstruksi Terowongan | Konstruksi Bangunan Sipil Sistem Pengolahan Limbah | Konstruksi Bangunan Sipil Elektrikal | Konstruksi Bangunan Sipil Telekomunikasi Untuk Prasarana Transportasi | Konstruksi Sentral Telekomunikasi | Konstruksi Pengeboran/Penggalian Air Tanah | Konstruksi Proyek Utilitas Lainnya | Konstruksi Bangunan Pelabuhan Bukan Perikanan | Konstruksi Bangunan Pelabuhan Perikanan | Konstruksi Bangunan Sipil Pelindung Pantai | Konstruksi Bangunan Sipil Prasarana Perairan Dan Sejenis Lainnya | Konstruksi Bangunan Sipil Minyak Dan Gas Bumi | Konstruksi Bangunan Sipil Pertambangan | Konstruksi Bangunan Sipil Panas Bumi | Konstruksi Bangunan Sipil Fasilitas Pengolahan | Konstruksi Bangunan Sipil Fasilitas Militer Dan Bandar Antariksa | Konstruksi Bangunan Sipil Fasilitas Sumber Radiasi Pengion | Konstruksi Bangunan Sipil Reaktor Nuklir | Konstruksi Bangunan Sipil Lainnya Ytdl | Penyiapan Lahan | Pemasangan Sistem Navigasi Laut, Sungai, Dan Udara | Pemasangan Sistem Persinyalan Dan Telekomunikasi Kereta Api | Pemasangan Perlengkapan Jalan Berbasis Listrik | Pemasangan Sistem Pemanas Dan Geotermal | Pemasangan Pendingin Dan Ventilasi Udara | Pemasangan Perlengkapan Mekanikal Bangunan | Pemasangan Konstruksi Lainnya Ytdl | Pemasangan Kaca, Pintu, Kusen, Jendela, Dan Sejenisnya | Pengerjaan Lantai, Dinding, Dan Plafon | Pengecatan | Penyelesaian Konstruksi Bangunan Lainnya | Jasa Intermediasi Konstruksi Khusus | Pemasangan Dan Rekayasa Struktur Bangunan | Pemasangan Perancah (Steger) | Pemasangan Rangka Dan Atap/Roof Covering | Pemasangan Kerangka Baja | Penyewaan Alat Konstruksi Dengan Operator | Konstruksi Khusus Lainnya Ytdl | Perdagangan Besar Atas Dasar Balas Jasa (Fee) Atau Kontrak | Perdagangan Besar Padi Dan Palawija | Perdagangan Besar Buah Yang Mengandung Minyak | Perdagangan Besar Bunga Dan Tanaman Hias | Perdagangan Besar Tembakau Rajangan | Perdagangan Besar Binatang Hidup | Perdagangan Besar Ikan Dan Biota Air Hidup Lainnya | Perdagangan Besar Hasil Kehutanan Dan Perburuan | Perdagangan Besar Kulit | Perdagangan Besar Hasil Pertanian Dan Hewan Hidup Lainnya | Perdagangan Besar Beras | Perdagangan Besar Buah-Buahan | Perdagangan Besar Sayuran | Perdagangan Besar Kopi, Teh, Dan Kakao | Perdagangan Besar Minyak Dan Lemak Nabati | Perdagangan Besar Bahan Makanan Dan Minuman Hasil Pertanian Lainnya | Perdagangan Besar Daging Sapi Dan Daging Sapi Olahan | Perdagangan Besar Daging Ayam Dan Daging Ayam Olahan | Perdagangan Besar Daging Dan Daging Olahan Lainnya | Perdagangan Besar Hasil Perikanan Dan Olahan Terkait | Perdagangan Besar Telur Dan Hasil Olahan Telur | Perdagangan Besar Susu Dan Produk Susu | Perdagangan Besar Minyak Dan Lemak Hewani | Perdagangan Besar Bahan Makanan Dan Minuman Hasil Peternakan Dan Perikanan Lainnya | Perdagangan Besar Gula, Cokelat, Dan Kembang Gula | Perdagangan Besar Produk Bakeri | Perdagangan Besar Minuman Beralkohol | Perdagangan Besar Minuman Nonalkohol Bukan Susu | Perdagangan Besar Rokok Dan Tembakau | Perdagangan Besar Makanan Dan Minuman Lainnya | Perdagangan Besar Tekstil | Perdagangan Besar Pakaian | Perdagangan Besar Alas Kaki | Perdagangan Besar Barang Jadi Tekstil | Perdagangan Besar Perlengkapan Jahit | Perdagangan Besar Furnitur, Karpet, Perlengkapan Pencahayaan Untuk Rumah Tangga, Perkantoran, Dan Pertokoan | Perdagangan Besar Alat Fotografi Dan Barang Optik | Perdagangan Besar Sediaan Farmasi Untuk Manusia | Perdagangan Besar Sediaan Farmasi Untuk Hewan | Perdagangan Besar Alat Tulis Dan Gambar | Perdagangan Besar Barang Percetakan Dan Penerbitan Dalam Berbagai Bentuk | Perdagangan Besar Peralatan Masak, Peralatan Dapur, Dan Elektronik Rumah Tangga | Perdagangan Besar Peralatan Dan Perlengkapan Olahraga | Perdagangan Besar Alat Musik | Perdagangan Besar Perhiasan Dan Jam | Perdagangan Besar Alat Permainan Dan Mainan | Perdagangan Besar Tas, Dompet, Koper, Ransel, Dan Sejenisnya | Perdagangan Besar Berbagai Barang Dan Perlengkapan Rumah Tangga Lainnya Ytdl | Perdagangan Besar Komputer Dan Perlengkapan Komputer | Perdagangan Besar Perangkat Lunak | Perdagangan Besar Suku Cadang Elektronik | Perdagangan Besar Disket, Flash Drive, Pita Audio Dan Video, Serta Cd Dan Dvd Kosong | Perdagangan Besar Peralatan Telekomunikasi | Perdagangan Besar Mesin, Peralatan Dan Perlengkapan Pertanian | Perdagangan Besar Mesin Kantor Dan Industri, Suku Cadang, Dan Perlengkapannya | Perdagangan Besar Alat Transportasi Laut, Suku Cadang, Dan Perlengkapannya | Perdagangan Besar Alat Transportasi Darat (Bukan Mobil, Sepeda Motor, Dan Sejenisnya), Suku Cadang, Dan Perlengkapannya | Perdagangan Besar Alat Transportasi Udara, Suku Cadang Dan Perlengkapannya | Perdagangan Besar"
RUANG TERBUKA HIJAU;Pemakaman;Perdagangan Eceran Bahan Baku Farmasi Dan Alat Kesehatan Lainnya | Perdagangan Eceran Bahan Konstruksi Dan Saniter Bekas | Perdagangan Eceran Tanaman Dan Bibit Tanaman Selain Tanaman Kehutanan | Perdagangan Eceran Tanaman Dan Bibit Tanaman Kehutanan | Perdagangan Eceran Minyak Tanah | Perdagangan Eceran Gas Tabung Lpg | Perdagangan Eceran Aromatik/Penyegar (Minyak Asiri) | Perdagangan Eceran Lukisan | Aktivitas Penyiaran Radio Analog | Aktivitas Telekomunikasi Dengan Satelit;Pemasangan Perlengkapan Meteorologi, Klimatologi, Dan Geofisika | Pembangkitan Tenaga Listrik Dari Sumber Energi Terbarukan | Aktivitas Penyaluran Tenaga Listrik | Pengadaan Uap/Air Panas Dan Udara Dingin;Pemasangan Saluran Air (Plumbing) | Aktivitas Penyediaan Makanan Di Bangunan Tidak Tetap | Aktivitas Jasa Boga Untuk Acara Tertentu (Event Catering) | Aktivitas Penyediaan Minuman Keliling/Tempat Tidak Tetap | Aktivitas Jasa Intermediasi Penyediaan Makanan Dan Minuman;Aktivitas Kebandarudaraan | Jasa Pelayanan Navigasi Penerbangan | Penanganan Kargo (Bongkar Muat Barang) | Aktivitas Penyediaan Makanan Di Bangunan Tidak Tetap | Aktivitas Jasa Boga Untuk Acara Tertentu (Event Catering) | Aktivitas Penyediaan Minuman Keliling/Tempat Tidak Tetap | Aktivitas Jasa Intermediasi Penyediaan Makanan Dan Minuman;-;-;-;-;Konstruksi Jalan Pada Permukaan Tanah | Konstruksi Bangunan Sipil Jembatan, Jalan Layang, Fly Over, Dan Underpass | Konstruksi Jalan Rel | Konstruksi Terowongan | Konstruksi Jaringan Irigasi Dan Drainase | Konstruksi Bangunan Sipil Pengolahan Air Bersih | Konstruksi Bangunan Sipil Elektrikal | Konstruksi Bangunan Sipil Telekomunikasi Untuk Prasarana Transportasi | Konstruksi Pengeboran/Penggalian Air Tanah | Konstruksi Bangunan Prasarana Sumber Daya Air | Pembongkaran | Pemasangan Jaringan Listrik | Pemasangan Jaringan Telekomunikasi | Pemasangan Sistem Elektronika | Pemasangan Sistem Persinyalan Dan Telekomunikasi Kereta Api | Pemasangan Perlengkapan Jalan Berbasis Listrik | Pemasangan Jaringan Penyaluran Gas | Perdagangan Eceran Obat Bahan Alam Untuk Manusia | Perdagangan Eceran Kosmetik Untuk Manusia | Perdagangan Eceran Alat Fotografi Dan Perlengkapannya | Perdagangan Eceran Alat Optik Dan Perlengkapannya | Perdagangan Eceran Kacamata | Perdagangan Eceran Jam | Perdagangan Eceran Barang Perhiasan | Perdagangan Eceran Barang Antik | Perdagangan Eceran Hewan Ternak Dan Bibit Hewan | Perdagangan Eceran Pakan Ternak/Unggas/Ikan Dan Hewan Kesayangan | Perdagangan Eceran Bunga Potong/Florist | Perdagangan Eceran Pupuk Dan Pemberantas Hama | Perdagangan Eceran Perlengkapan Dan Media Tanaman Hias | Perdagangan Eceran Bahan Kimia | Perdagangan Eceran Bahan Kimia, Aromatik/Penyegar (Minyak Asiri), Dan Bahan Bakar Selain Bahan Bakar Untuk Kendaraan Bermotor Lainnya | Perdagangan Eceran Cendera Mata, Kerajinan, Dan Barang Barang Keagamaan | Perdagangan Eceran Berbagai Macam Mesin Dan Perlengkapannya | Aktivitas Penyediaan Minuman Keliling/Tempat Tidak Tetap;Konstruksi Konvensional Gedung Kesehatan | Konstruksi Konvensional Gedung Pendidikan | Konstruksi Sentral Telekomunikasi | Perdagangan Eceran Perlengkapan Pakaian | Perdagangan Eceran Tas, Dompet, Koper, Ransel, Dan Sejenisnya | Perdagangan Eceran Sediaan Farmasi Untuk Manusia Di Apotek | Perdagangan Eceran Sediaan Farmasi Untuk Manusia Selain Di Apotek | Perdagangan Eceran Alat Kesehatan Untuk Manusia | Perdagangan Eceran Obat Farmasi Untuk Hewan | Perdagangan Eceran Obat Tradisional Untuk Hewan | Perdagangan Eceran Kosmetik Untuk Hewan | Perdagangan Eceran Perlengkapan Rumah Tangga Bekas | Perdagangan Eceran Pakaian, Alas Kaki, Dan Perlengkapan Pakaian Bekas | Perdagangan Eceran Barang Perlengkapan Pribadi Bekas | Perdagangan Eceran Barang Listrik Dan Elektronik Bekas | Perdagangan Eceran Barang Bekas Lainnya | Perdagangan Eceran Hewan Kesayangan (Pet Animals) | Perdagangan Eceran Ikan Dan Biota Air Hidup Lainnya | Aktivitas Jasa Intermediasi Penyediaan Makanan Dan Minuman;-;Aktivitas Penyediaan Makanan Di Bangunan Tidak Tetap | Aktivitas Jasa Boga Untuk Acara Tertentu (Event Catering);-;-;"nan | Pertanian Jagung | Pertanian Serealia Selain Padi Dan Jagung | Pertanian Kedelai | Pertanian Kacang Tanah | Pertanian Kacang Hijau | Pertanian Aneka Kacang Selain Kedelai, Kacang Tanah, Dan Kacang Hijau | Pertanian Biji-Bijian Penghasil Minyak Makan | Pertanian Biji-Bijian Penghasil Minyak Selain Minyak Makan | Pertanian Padi Hibrida | Pertanian Padi Inbrida | Pertanian Sayuran Daun | Pertanian Buah Semusim | Pertanian Sayuran Buah | Pertanian Sayuran Umbi | Pertanian Ubi Kayu | Pertanian Jamur | Pertanian Bit Gula Dan Tanaman Pemanis Selain Tebu | Pertanian Cabai | Pertanian Umbi Lainnya | Pertanian Tebu | Pertanian Tembakau | Pertanian Tanaman Berserat | Pertanian Tanaman Pakan Ternak | Pembenihan Tanaman Pakan Ternak Dan Pembenihan Bit (Bukan Bit Gula) | Pertanian Tanaman Bunga | Pertanian Pembenihan Tanaman Bunga | Pertanian Tanaman Semusim Lainnya Ytdl | Pertanian Buah Anggur | Pertanian Buah-Buahan Tropis Dan Subtropis | Pertanian Buah Jeruk | Pertanian Buah Apel Dan Buah Batu (Pome And Stone Fruits) | Pertanian Buah Beri | Pertanian Sayuran Tahunan | Pertanian Buah Semak Lainnya | Pertanian Kelapa | Pertanian Kelapa Sawit | Pertanian Buah Oleagin Lainnya | Pertanian Kopi | Pertanian Tanaman Teh | Pertanian Kakao | Pertanian Tanaman Untuk Bahan Minuman Lainnya | Pertanian Lada | Pertanian Cengkih | Pertanian Pala | Pertanian Tanaman Aromatik/Penyegar | Pertanian Tanaman Obat Rimpang | Pertanian Tanaman Obat Nonrimpang | Pertanian Tanaman Narkotika Dan Tanaman Obat Terlarang | Pertanian Tanaman Rempah-Rempah Dan Aromatik/Penyegar Lainnya | Pertanian Pohon Karet Dan Tanaman Penghasil Getah Lainnya | Pertanian Tanaman Tahunan Lainnya Ytdl | Pertanian Tanaman Hias | Penangkaran Tumbuhan Liar | Pembiakan Tanaman Lainnya | Budi Daya Dan Pembibitan Sapi Potong | Budi Daya Dan Pembibitan Sapi Perah | Budi Daya Dan Pembibitan Kerbau Potong | Budi Daya Dan Pembibitan Kerbau Perah | Peternakan Kuda Dan Sejenisnya | Peternakan Unta Dan Sejenisnya | Budi Daya Dan Pembibitan Domba Potong | Budi Daya Dan Pembibitan Kambing Potong | Budi Daya Dan Pembibitan Kambing Perah | Budi Daya Dan Pembibitan Domba Perah | Produksi Bulu Domba Mentah/Raw Wool | Peternakan Babi | Budi Daya Ayam Ras Pedaging | Budi Daya Ayam Ras Petelur | Pembibitan Ayam Lokal Dan Persilangannya | Budi Daya Ayam Lokal Dan Persilangannya | Budi Daya Dan Pembibitan Itik Dan Bebek | Budi Daya Dan Pembibitan Burung Puyuh | Budi Daya Dan Pembibitan Burung Merpati | Pembibitan Ayam Ras | Budi Daya Dan Pembibitan Unggas Lainnya | Budi Daya Dan Pembibitan Burung Unta | Budi Daya Dan Pembibitan Ulat Sutra | Budi Daya Dan Pembibitan Lebah | Budi Daya Dan Pembibitan Rusa | Budi Daya Dan Pembibitan Kelinci | Budi Daya Dan Pembibitan Cacing | Budi Daya Dan Pembibitan Burung Walet | Penangkaran Satwa Liar | Budi Daya Dan Pembibitan Hewan Lainnya | Jasa Pengolahan Lahan | Jasa Pemupukan | Jasa Pemanenan | Jasa Penyemprotan Dan Penyerbukan Melalui Udara | Jasa Pengendalian Organisme Pengganggu Tumbuhan (Opt) | Jasa Penanaman Benih | Jasa Penunjang Pertanian Lainnya | Jasa Perkawinan Ternak | Jasa Penetasan Telur | Jasa Penunjang Peternakan Lainnya | Jasa Pascapanen | Pemilihan Benih Tanaman Untuk Pembiakan | Perburuan, Penangkapan, Dan Kegiatan Jasa Terkait | Pengelolaan Hutan | Pemanfaatan Kayu Hutan | Pembenihan Tanaman Kehutanan | Pemanenan Kayu | Pemungutan Kayu | Pemungutan Hasil Hutan Bukan Kayu | Jasa Lingkungan Hutan | Jasa Penggunaan Kawasan Kehutanan | Jasa Penunjang Kehutanan Lainnya | Penangkapan Ikan Dan Biota Air Lainnya Di Laut | Penangkapan Ikan Dan Biota Air Lainnya Di Perairan Air Tawar | Pembudidayaan Ikan Bersirip (Selain Ikan Hias) Dan Biota Air Laut Lainnya Yang Tidak Dilindungi | Pembudidayaan Ikan Hias Air Laut Yang Tidak Dilindungi | Pembudidayaan Tumbuhan Air Laut Yang Tidak Dilindungi | Pengembangbiakan Ikan Dan Biota Air Laut Yang Dilindungi | Pembudidayaan Ikan Bersirip (Selain Ikan Hias) Dan Biota Air Tawar Lainnya Yang Tidak Dilindungi | Pembudidayaan Ikan Hias Air Tawar Yang Tidak Dilindungi | Pembudidayaan Tumbuhan Air Tawar Yang Tidak Dilindungi | Pengembangbiakan Biota Air Tawar Yang Dilindungi | Pembudidayaan Ikan Bersirip (Selain Ikan Hias) Dan Biota Air Payau Lainnya Yang Tidak Dilindungi | Pembudidayaan Ikan Hias Air Payau Yang Tidak Dilindungi | Pembudidayaan Tumbuhan Air Payau Yang Tidak Dilindungi | Pengembangbiakan Biota Air Payau Yang Dilindungi | Jasa Penunjang Kegiatan Penangkapan Dan Pembudidayaan Ikan | Pertambangan Batu Bara | Benefisiasi Atau Peningkatan Kualitas Batu Bara | Pertambangan Lignit | Pertambangan Minyak Bumi | Pertambangan Gas Alam | Pengusahaan Tenaga Panas Bumi | Pertambangan Pasir Besi | Pertambangan Bijih Besi | Pertambangan Bijih Uranium Dan Torium | Pertambangan Emas Dan Perak | Pertambangan Bijih Logam Mulia Lainnya | Pertambangan Bijih Timah | Pertambangan Bijih Timah Hitam | Pertambangan Bijih Bauksit | Pertambangan Bijih Tembaga | Pertambangan Bijih Nikel | Pertambangan Bijih Mangan | Pertambangan Bahan Galian Lainnya Yang Tidak Mengandung Bijih Besi Ytdl | Penggalian Batu Hias Dan Batu Bangunan | Penggalian Batu Kapur/Gamping | Penggalian Kerikil/Sirtu | Penggalian Pasir | Penggalian Tanah Dan Tanah Liat | Penggalian Gips | Penggalian Tras | Penggalian Batu Apung | Penggalian Batu, Pasir, Dan Tanah Liat Lainnya | Pertambangan Belerang | Pertambangan Fosfat | Pertambangan Nitrat | Pertambangan Yodium | Pertambangan Potash (Kalium Karbonat) | Pertambangan Mineral, Bahan Kimia, Dan Bahan Pupuk Lainnya | Ekstraksi Tanah Gambut | Ekstraksi Garam | Pertambangan Batu Mulia | Penggalian Feldspar Dan Kalsit | Pertambangan Aspal Alam | Penggalian Asbes | Penggalian Kuarsa/Pasir Kuarsa | Pertambangan Bijih Logam Tanah Jarang | Pertambangan Dan Penggalian Lainnya Ytdl | Aktivitas Penunjang Pertambangan Minyak Bumi Dan Gas Alam | AKTIVITAS PENUNJANG PERTAMBANGAN DAN PENGGALIAN LAINNYA | Kegiatan Rumah Potong Hewan Ruminansia | Kegiatan Rumah Potong Babi | Kegiatan Rumah Potong Unggas | Kegiatan Rumah Potong Hewan Lainnya | Pengolahan Dan Pengawetan Daging Dan Produk Daging | Pengolahan Dan Pengawetan Ikan Dengan Penggaraman Atau 
 Pengeringan | Pengolahan Dan Pengawetan Ikan Dengan Pengasapan Atau 
 Pemanggangan | Pengolahan Dan Pengawetan Ikan Dengan Pembekuan | Pengolahan Dan Pengawetan Ikan Dengan Pemindangan | Pengolahan Dan Pengawetan Ikan Dengan Fermentasi | Pengolahan Dan Pengawetan Ikan Dengan Pelumatan | Pengolahan Dan Pengawetan Ikan Dengan Pengalengan | Pengolahan Dan Pengawetan Ikan Menjadi Produk Olahan | Pengolahan Dan Pengawetan Ikan Dengan Metode Lainnya | Pengolahan Dan Pengawetan Biota Air Lainnya Dengan 
 Penggaraman Atau Pengeringan | Pengolahan Dan Pengawetan Biota Air Lainnya Dengan 
 Pengasapan Atau Pemanggangan | Pengolahan Dan Pengawetan Biota Air Lainnya Dengan 
 Pembekuan | Pengolahan Dan Pengawetan Biota Air Lainnya Dengan 
 Pemindangan | Pengolahan Dan Pengawetan Biota Air Lainnya Dengan 
 Fermentasi | Pengolahan Dan Pengawetan Biota Air Lainnya Dengan 
 Pelumatan | Pengolahan Dan Pengawetan Biota Air Lainnya Dengan 
 Pengalengan | Pengolahan Dan Pengawetan Rumput Laut | Pengolahan Dan Pengawetan Biota Air Lainnya Dengan Metode 
 Lainnya | Pengasinan Buah-Buahan Dan Sayuran | Pelumatan Buah-Buahan Dan Sayuran | Pengeringan Buah-Buahan Dan Sayuran | Pembekuan Buah-Buahan Dan Sayuran | Pengalengan Buah-Buahan Dan Sayuran | Pengolahan Sari Buah-Buahan Dan Sayuran | Pembuatan Tempe Kedelai | Pembuatan Tahu Kedelai | Pengolahan Dan Pengawetan Lainnya Untuk Buah-Buahan Dan Sayuran | Industri Minyak Mentah Dan Lemak Nabati Bukan Kelapa Dan Kelapa Sawit | Industri Margarin | Industri Minyak Mentah Dan Lemak Dari Hewan Selain Ikan | Industri Minyak Ikan | Industri Minyak Goreng Dan Minyak Makan Bukan Minyak Kelapa Dan Minyak Kelapa Sawit | Industri Minyak Mentah Dan Lemak Nabati Dan Hewani Bukan Kelapa Dan Kelapa Sawit Lainnya | Industri Kopra | Industri Minyak Mentah Kelapa | Industri Minyak Goreng Kelapa | Industri Minyak Mentah Kelapa Sawit (Crude Palm Oil) | Industri Minyak Mentah Inti Kelapa Sawit (Crude Palm Kernel Oil) | Industri Pemisahan/Fraksinasi Minyak Mentah Kelapa Sawit Dan Minyak Mentah Inti Kelapa Sawit | Industri Pemurnian Minyak Mentah Kelapa Sawit Dan Minyak Mentah Inti Kelapa Sawit | Industri Pemisahan/Fraksinasi Minyak Murni Kelapa Sawit | Industri Pemisahan/Fraksinasi Minyak Murni Inti Kelapa Sawit | Industri Minyak Goreng Kelapa Sawit | Industri Susu Segar Dan Krim | Industri Susu Bubuk Dan Susu Kental | Industri Es Krim | Industri Es Yang Dapat Dimakan Dan Es Pencuci Mulut | Industri Produk Susu Lainnya | Industri Produk Gilingan Gandum (Selain Tepung Terigu) Dan Serelia Selain Beras Dan Jagung | Industri Produk Gilingan Aneka Kacang | Industri Produk Gilingan Aneka Umbi, Tanaman Rimpang, Dan Sayuran | Industri Tepung Campuran Dan Adonan Tepung | Industri Makanan Sereal | Industri Tepung Terigu | Industri Pati Ubi Kayu | Industri Berbagai Macam Pati Palem | Industri Glukosa Dan Sejenisnya | Industri Pati Dan Produk Pati Lainnya | Industri Penggilingan Padi Dan Penyosohan Beras | Industri Pemipilan Jagung | Industri Tepung Beras Dan Tepung Jagung | Industri Pati Beras Dan Jagung | Industri Pemanis Dari Beras Dan Jagung | Industri Minyak Dari Beras Dan Jagung | Industri Produk Bakeri | Industri Gula Pasir | Industri Gula Merah | Industri Sirop | Industri Gula Lainnya | Industri Pengolahan Kakao; Industri Cokelat Dan Kembang Gula | Industri Pengolahan Kakao | Industri Cokelat Dan Kembang Gula Dari Cokelat | Industri Manisan Buah-Buahan Dan Sayuran Kering | Industri Kembang Gula Lainnya | Industri Makaroni, Mi, Couscous, Dan Produk Sejenisnya | Industri Makanan Dan Masakan Olahan | Pengolahan Kopi | Pengolahan Te | Industri Kecap | Industri Garam Konsumsi Beryodium | Industri Garam Industri Aneka Pangan | Industri Bumbu Masakan Lainnya | Industri Makanan Bayi Dan Makanan Khusus | Industri Kue Basah | Industri Produk Makanan Dari Kelapa | Industri Kerupuk, Keripik, Peyek, Dan Sejenisnya | Industri Sari Nabati Dan Krimer Nabati | Industri Dodol | Industri Infusi Herbal/Herb Infusion | Industri Bahan Makanan Dari Rumput Laut | Industri Produk Makanan Lainnya Ytdl | Industri Ransum Pakan Hewan | Industri Konsentrat Pakan Hewan | Industri Penyulingan, Pemurnian, Dan Pencampuran Minuman Beralkohol | Industri Minuman Beralkohol Hasil Fermentasi Anggur Dan Hasil Pertanian Lainnya | Industri Minuman Beralkohol Hasil Fermentasi Malt | Industri Malt | Industri Air Kemasan | Industri Air Minum Isi Ulang | Industri Minuman Ringan | Industri Minuman Lainnya | Industri Sigaret Kretek Tangan | Industri Sigaret Kretek Mesin | Industri Rokok Putih | Industri Pengeringan Dan Pengolahan Tembakau | Industri Bumbu Rokok | Industri Produk Tembakau Lainnya | Persiapan Serat Tekstil | Pemintalan Benang Selain Benang Jahit | Pemintalan Benang Jahit | Pertenunan Tekstil Dengan Mesin | Pertenunan Tekstil Bukan Dengan Mesin | Penyempurnaan Benang | Penyempurnaan Basah Kain | Industri Kain Batik | Penyempurnaan Tekstil Lainnya | Industri Kain Rajutan | Industri Kain Crocheted | Industri Bulu Tiruan Rajutan | Industri Barang Tekstil Untuk Keperluan Rumah Tangga | Industri Barang Tekstil Dengan Bahan Pengisi | Industri Karung Goni | Industri Karung Selain Karung Goni | Industri Barang Tekstil Bukan Pakaian Jadi Lainnya | Industri Karpet Dan Permadani | Industri Tali | Industri Barang Dari Tali | Industri Kain Narrow | Industri Kain Yang Dilapisi Dan Sejenisnya | Industri Kain Nirtenun/Nonwoven | Industri Kain Ban | Industri Kapuk | Industri Kain Tule, Kain Jaring, Dan Kain Bordir | Industri Tekstil Lainnya Ytdl | Industri Pakaian Jadi (Konfeksi) Dari Tekstil | Industri Pakaian Jadi (Konfeksi) Dari Kulit Dan Tiruan Kulit | Industri Penjahitan Dan Pembuatan (Bukan Konfeksi) Pakaian Sesuai Pesanan/Kustomisasi | Industri Perlengkapan Pakaian Dari Tekstil | Industri Perlengkapan Pakaian Dari Kulit Dan Tiruan Kulit | Industri Barang Dari Kulit Berbulu | Industri Pakaian Jadi Dan Perlengkapannya Dari Rajutan Dan Crocheted | Industri Hosiery Rajutan Dan Crocheted | Penyamakan Kulit | Pewarnaan Kulit Berbulu | Industri Kulit Komposisi | Industri Koper, Tas Tangan, Dan Sejenisnya | Industri Pelana, Alat Pengekang/Harness, Dan Barang Lainnya Untuk Hewan | Industri Barang Lainnya Dari Kulit Dan Kulit Komposisi | Industri Alas Kaki Untuk Keperluan Sehari-Hari | Industri Sepatu Olahraga | Industri Sepatu Teknik Lapangan/Keperluan Industri | Industri Alas Kaki Lainnya | Penggergajian Dan Penghalusan Kayu | Pengawetan Kayu | Pengawetan Rotan, Bambu, Dan Sejenisnya | Pengolahan Rotan | Industri Partikel Kayu Dan Sejenisnya | Industri Kayu Lapis | Industri Venir | Industri Kayu Laminasi | Industri Panel Kayu Lainnya | Industri Barang Bangunan Dari Kayu | Industri Bangunan Prafabrikasi Dari Kayu Dan Sejenisnya | Industri Wadah Dari Kayu | Industri Barang Anyaman Dari Rotan Dan Bambu | Industri Barang Anyaman Dari Tanaman Selain Rotan Dan Bambu | Industri Kerajinan Ukiran Dari Kayu Bukan Furnitur | Industri Alat Dapur Dan Alat Makan Dari Kayu, Rotan, Dan Bambu | Industri Kayu Bakar Dan Pelet Dari Kayu Dan Biomassa Lainnya | Industri Barang Lainnya Dari Kayu; Industri Barang Dari Gabus, Jerami, Rotan, Bambu, Dan Sejenisnya Ytdl | Industri Bubur Kertas (Pulp) | Industri Kertas Budaya | Industri Kertas Berharga | Industri Kertas Khusus | Industri Kertas Lainnya | Industri Kertas Dan Papan Kertas Bergelombang | Industri Kemasan Dan Kotak Dari Kertas Dan Karton | Industri Kertas Tisu | Industri Barang Dari Kertas Dan Papan Kertas Lainnya Ytdl | Pencetakan Umum | Pencetakan Khusus | Pencetakan Tiga Dimensi (3d) | Kegiatan Jasa Penunjang Pencetakan | Reproduksi Media Rekaman Suara Dan Perangkat Lunak | Reproduksi Media Rekaman Film Dan Video | Industri Produk Tanur Kokas | Industri Bahan Bakar Dari Pemurnian Dan Pengilangan Minyak Bumi | Industri Minyak Pelumas | Industri Produk Dari Bahan Limbah Minyak Pelumas | Industri Minyak Pelumas Dasar (Bahan Baku Pelumas) | Industri Briket | Industri Produk Dari Pencampuran Hasil Kilang Minyak Bumi Dengan Biofuel | Industri Produk Lainnya Dari Hasil Kilang Minyak Bumi | Industri Asam, Basa, Dan Garam Anorganik | Industri Gas Industri | Industri Kimia Dasar Zat Warna Dan Pigmen | Industri Kimia Dasar Radioaktif | Industri Kimia Dasar Organik Dari Sumber Daya Alam Hayati | Industri Kimia Dasar Dari Minyak Bumi, Gas Alam, Dan Batu Bara | Industri Kimia Dasar Anorganik Lainnya | Industri Senyawa Nitrogen; Pupuk Nitrogen, Fosfat, Dan Kalium | Industri Pupuk Hara Makro Primer Lainnya | Industri Pupuk Hara Mikro | Industri Pupuk Organik, Pupuk Hayati, Dan Media Tanam | Industri Biostimulan | Industri Damar Buatan (Resin Sintetis) Dan Bahan Baku Plastik | Industri Karet Buatan | Industri Bahan Baku Pemberantas Hama (Bahan Aktif) | Industri Pemberantas Hama (Formulasi) | Industri Zat Pengatur Tumbuh | Industri Cat | Industri Pernis | Industri Dempul | Industri Sediaan Pewarna Dan Pelapis Lainnya | Industri Bahan Dan Produk Pembersih | Industri Kosmetik Untuk Manusia, Cairan Lensa Kontak | Industri Kosmetik Untuk Hewan | Industri Perekat Gigi | Industri Parfum Sesuai Pesanan | Industri Perekat/Lem | Industri Bahan Peledak | Industri Tinta | Industri Minyak Asiri Hulu | Industri Korek Api | Industri Minyak Asiri Rantai Tengah | Industri Biofuel Cair | Industri Cairan Rokok Elektrik | Industri Barang Kimia Lainnya Ytdl | Industri Serat Filamen Dan Strip Buatan | Industri Serat Stapel Buatan | Industri Bahan Baku Farmasi Untuk Manusia | Industri Produk Farmasi Untuk Manusia | Industri Produk Farmasi Untuk Hewan | Industri Bahan Baku Farmasi Untuk Hewan | Industri Alat Diagnosis Medis, Perban, Kasa, Dan Penunjang Kesehatan Lainnya | Industri Bahan Baku Obat Bahan Alam Untuk Manusia | Industri Produk Obat Bahan Alam Untuk Manusia | Industri Produk Obat Bahan Alam Untuk Hewan | Industri Bahan Baku Obat Bahan Alam Untuk Hewan | Industri Ban Luar Dan Ban Dalam | Industri Pembentukan Kembali Ban Dan Vulkanisasi Ban | Industri Karet Asap | Industri Karet Lembaran Dan Crepe Rubber | Industri Karet Remah (Crumb Rubber) | Industri Karet Setengah Jadi Lainnya | Industri Barang Dari Karet Untuk Keperluan Rumah Tangga | Industri Barang Dari Karet Untuk Keperluan Industri | Industri Barang Dari Karet Untuk Keperluan Infrastruktur | Industri Barang Dari Karet Untuk Kesehatan | Industri Barang Lainnya Dari Karet Ytdl | Industri Barang Dari Plastik Untuk Bangunan | Industri Barang Dari Plastik Dan Bioplastik Untuk Pengemasan | Industri Pipa Plastik Dan Perlengkapannya | Industri Plastik Lembaran | Industri Perlengkapan Dan Peralatan Rumah Tangga Dari Plastik (Tidak Termasuk Furnitur) | Industri Barang Dan Peralatan Teknik/Industri Dari Plastik | Industri Barang Lainnya Dari Plastik | Industri Kaca Lembaran | Industri Kaca Pengaman | Industri Kaca Lainnya | Industri Perlengkapan Dan Peralatan Rumah Tangga Dari Kaca | Industri Peralatan Laboratorium Dan Kesehatan Dari Kaca | Industri Produk Lainnya Dari Kaca | Industri Bata, Mortar, Semen, Dan Sejenisnya Yang Tahan Api | Industri Produk Refraktori (Tahan Api) Lainnya | Industri Batu Bata Dari Tanah Liat Atau Keramik | Industri Genteng Dari Tanah Liat Atau Keramik | Industri Bahan Bangunan Lainnya Dari Tanah Liat Atau Keramik | Industri Perlengkapan Rumah Tangga Dari Porselen | Industri Perlengkapan Rumah Tangga Dari Tanah Liat Atau Keramik | Industri Alat Laboratorium Dan Alat Listrik Atau Teknik Dari Porselen | Industri Peralatan Sanitasi Dari Porselen | Industri Peralatan Sanitasi Dari Tanah Liat Atau Keramik | Industri Produk Bukan Bahan Bangunan Lainnya Dari Tanah Liat Atau Keramik Dan Porselen | Industri Semen | Industri Kapur | Industri Gips | Industri Barang Dari Semen | Industri Barang Dari Kapur | Industri Barang Dari Gips | Industri Barang Dari Asbes | Industri Mortar, Acian, Dan Beton Siap Pakai | Industri Barang Dari Batu Marmer | Industri Barang Dari Batu Granit | Industri Barang Dari Batu Lainnya | Industri Produk Abrasif | Industri Batuan Aspal Dan Barang Dari Aspal Atau Material Sejenis | Industri Produk Hasil Pemurnian Mineral Nonlogam | Industri Produk Mineral Nonlogam Lainnya Ytdl | Industri Besi Dan Baja Dasar | Penggilingan Baja | Industri Pipa Dan Sambungan Pipa Dari Besi Dan Baja | Industri Logam Dasar Mulia | Industri Logam Dasar Bukan Besi Lainnya | Penggilingan Logam Bukan Besi | Ekstrusi Logam Bukan Besi | Industri Pipa Dan Sambungan Pipa Dari Logam Bukan Besi Dan Baja | Industri Bahan Bakar Nuklir | Pengecoran Besi Dan Baja | Pengecoran Logam Bukan Besi Dan Baja | Industri Produk Logam Struktural Bukan Aluminium Untuk Konstruksi Ringan | Industri Produk Logam Struktural Aluminium Untuk Konstruksi Ringan | Industri Produk Logam Struktural Baja Untuk Konstruksi Berat | Industri Produk Logam Struktural Lainnya | Industri Tangki, Tandon Air, Dan Wadah Sejenisnya Dari Logam | Industri Generator Uap Bukan Ketel Pemanas | Industri Senjata Dan Amunisi | Penempaan, Pengepresan, Pencetakan, Dan Pembentukan Logam; Metalurgi Bubuk | Pengerjaan Dan Pelapisan Logam | Industri Perkakas Tangan | Industri Alat Potong | Industri Alat Makan Dari Logam | Industri Peralatan Umum | Industri Ember, Kaleng, Drum Dan Wadah Sejenisnya Dari Logam | Industri Barang Dari Kawat Logam Bukan Kabel | Industri Paku, Mur, Dan Baut Logam | Industri Brankas, Filling Kantor, Dan Sejenisnya | Industri Peralatan Dapur Dan Peralatan Meja Dari Logam | Industri Produk Rumah Tangga Dari Logam Bukan Peralatan Dapur Dan Peralatan Meja | Industri Profil Logam | Industri Lampu Dari Logam | Industri Produk Logam Lainnya Ytdl | Industri Sel Surya, Panel Surya, Dan Inverter Fotovoltaik | Industri Tabung Elektron Dan Konektor Elektronik | Industri Komponen Dan Papan Elektronik Lainnya Ytdl | Industri Komputer Dan Perakitan Komputer | Industri Perlengkapan Komputer | Industri Peralatan Telepon Dan Faksimili | Industri Peralatan Komunikasi Tanpa Kabel (Wireless) | Industri Kartu Cerdas (Smart Card) | Industri Peralatan Komunikasi Lainnya | Industri Televisi, Monitor Televisi, Dan Displai | Industri Peralatan Perekam, Penerima, Dan Pengganda Audio Dan Video, Bukan Televisi | Industri Peralatan Audio Dan Video Elektronik Lainnya | Industri Alat Ukur Dan Alat Uji Manual | Industri Alat Ukur Dan Alat Uji Elektrik | Industri Alat Ukur Dan Alat Uji Elektronik | Industri Alat Ukur, Alat Uji, Dan Peralatan Navigasi Dan Kontrol Lainnya | Industri Alat Ukur Waktu | Industri Peralatan Iradiasi, Perlengkapan, Dan Sejenisnya | Industri Peralatan Elektromedik Dan Elektroterapi | Industri Peralatan Fotografi | Industri Peralatan Sinematografi | Industri Lensa Bukan Kacamata | Industri Peralatan Fotografi Dan Instrumen Optik Bukan Kacamata Lainnya | Industri Media Magnetik Dan Media Optik | Industri Motor Listrik | Industri Generator Pembangkit Listrik | Industri Pengubah Tegangan/Transformator Dan Pengubah Arus/Rectifier | Industri Peralatan Pengontrol Dan Pendistribusian Listrik | Industri Batu Baterai | Industri Akumulator Listrik | Industri Baterai Kendaraan Listrik | Industri Kabel Serat Optik | Industri Kabel Dan Kawat Listrik Dan Elektronik Lainnya | Industri Perlengkapan Kabel | Industri Bola Lampu Pijar, Lampu Sorot, Dan Lampu Ultraviolet | Industri Lampu Gas Dan Discharge | Industri Peralatan Penerangan Untuk Kendaraan | Industri Lampu Led | Industri Peralatan Penerangan Lainnya | Industri Peralatan Listrik Rumah Tangga | Industri Peralatan Elektrotermal Rumah Tangga | Industri Peralatan Rumah Tangga Bukan Listrik | Industri Peralatan Listrik Lainnya | Industri Mesin Uap, Turbin, Dan Kincir | Industri Motor Pembakaran Dalam | Industri Komponen Dan Suku Cadang Mesin Dan Turbin | Industri Peralatan Tenaga Zat Cair Dan Gas | Industri Pompa Lainnya, Kompresor, Keran, Dan Klep/Katup | Industri Bearing, Roda Gigi, Dan Elemen Penggerak Mesin | Industri Oven, Perapian Dan Tungku Pembakar Sejenis Yang Tidak Menggunakan Arus Listrik | Industri Oven, Perapian Dan Tungku Pembakar Sejenis Yang Menggunakan Arus Listrik | Industri Alat Pengangkat Dan Pemindah | Industri Mesin Kantor Dan Akuntansi Manual | Industri Mesin Kantor Dan Akuntansi Elektrik | Industri Mesin Kantor Dan Akuntansi Elektronik | Industri Peralatan Kantor | Industri Perkakas Tangan Yang Digerakkan Tenaga | Industri Mesin Untuk Pembungkus, Pembotolan, Dan Pengalengan | Industri Mesin Timbangan | Industri Mesin Pendingin | Industri Mesin Untuk Keperluan Umum Lainnya Ytdl | Industri Mesin Pertanian Dan Kehutanan | Industri Mesin Dan Perkakas Mesin Untuk Pengerjaan Logam Dan Bahan Lainnya | Industri Mesin Metalurgi | Industri Mesin Penambangan, Penggalian Dan Konstruksi | Industri Mesin Pengolahan Makanan, Minuman Dan Tembakau | Industri Mesin Jahit, Mesin Cuci, Dan Mesin Pengering Untuk Keperluan Niaga | Industri Mesin Tekstil | Industri Mesin Penyiapan Dan Pembuatan Produk Kulit | Industri Mesin Percetakan | Industri Mesin Pabrik Kertas | Industri Mesin Keperluan Khusus Lainnya Ytdl | Industri Kendaraan Bermotor Roda Empat Atau Lebih | Industri Karoseri Kendaraan Bermotor Roda Empat Atau Lebih; Industri Trailer Dan Semitrailer | Industri Suku Cadang Dan Aksesori Kendaraan Bermotor Roda Empat Atau Lebih | Industri Kendaraan Air Dan Bawah Air Berawak | Industri Bangunan Lepas Pantai Dan Bangunan Terapung | Industri Kendaraan Air Dan Bawah Air Tanpa Awak | Industri Kapal Dan Perahu Untuk Tujuan Wisata Atau Rekreasi Dan Olahraga | Industri Lokomotif Dan Gerbong Kereta | Industri Pesawat Udara Berawak Dan Mesin Terkait | Industri Pesawat Udara Tanpa Awak Dan Mesin Terkait | Industri Wahana Antariksa Dan Mesin Terkait | Industri Kendaraan Tempur Militer | Industri Sepeda Motor Roda Dua Dan Tiga | Industri Komponen Dan Perlengkapan Sepeda Motor Roda Dua Dan Tiga | Industri Sepeda Dan Kursi Roda Termasuk Becak | Industri Perlengkapan Sepeda Dan Kursi Roda Termasuk Becak | Industri Alat Angkutan Lainnya Ytdl | Industri Furnitur Dari Kayu | Industri Furnitur Dari Rotan Dan Bambu | Industri Furnitur Dari Plastik | Industri Furnitur Dari Logam | Industri Furnitur Dari Bahan Lainnya Ytdl | Industri Permata | Industri Perhiasan Dari Logam Mulia | Industri Barang Berharga Dari Logam Mulia Bukan Perhiasan | Industri Perhiasan Dari Mutiara | Industri Barang Berharga Lainnya Dari Logam Mulia | Industri Perhiasan Imitasi Dan Barang Sejenis | Industri Alat Musik Tradisional | Industri Alat Musik Nontradisional | Industri Peralatan Dan Perlengkapan Olahraga | Industri Alat Permainan | Industri Mainan Termasuk Drone Rekreasi | Industri Peralatan Kedokteran Dan Kedokteran Gigi Serta Perlengkapannya | Industri Furnitur Untuk Operasi, Perawatan Kedokteran, Dan Kedokteran Gigi | Industri Peralatan Kedokteran Dan Kedokteran Gigi, Serta Perlengkapan Ortopedi Dan Prostetik | Industri Kacamata | Industri Peralatan Kedokteran Dan Kedokteran Gigi, Serta Perlengkapan Lainnya | Industri Alat Tulis Dan Gambar Termasuk Perlengkapannya | Industri Pita Mesin Tulis Atau Gambar | Industri Kerajinan Ytdl | Reparasi Dan Pemeliharaan Produk Logam Struktural, Tangki, Tandon Air, Dan Generator Uap | Reparasi Dan Pemeliharaan Produk Senjata Dan Amunisi | Reparasi Dan Pemeliharaan Produk Logam Pabrikasi Lainnya | Reparasi Dan Pemeliharaan Mesin Untuk Keperluan Umum | Reparasi Dan Pemeliharaan Mesin Untuk Keperluan Khusus | Reparasi Dan Pemeliharaan Alat Ukur, Alat Uji, Serta Peralatan Navigasi Dan Pengontrol | Reparasi Dan Pemeliharaan Peralatan Iradiasi, Elektromedik, Dan Elektroterapi | Reparasi Dan Pemeliharaan Peralatan Fotografi Dan Optik | Reparasi Dan Pemeliharaan Motor Listrik, Generator, Dan Transformator | Reparasi Dan Pemeliharaan Baterai Dan Akumulator Listrik | Reparasi Dan Pemeliharaan Peralatan Listrik Lainnya | Reparasi Dan Pemeliharaan Kapal, Perahu, Dan Bangunan Terapung | Reparasi Dan Pemeliharaan Lokomotif Dan Gerbong Kereta | Reparasi Dan Pemeliharaan Pesawat Udara | Reparasi Dan Pemeliharaan Alat Angkutan Lainnya, Bukan Kendaraan Bermotor | Reparasi Dan Pemeliharaan Peralatan Lainnya | Instalasi/Pemasangan Dan Perangkaian/Integrasi Mesin, Peralatan, Dan Sistem Industri | Pembongkaran Mesin, Peralatan, Dan Sistem Industri | Pembangkitan Tenaga Listrik Dari Sumber Energi Tidak Terbarukan Yang Menghasilkan Emisi | Pembangkitan Tenaga Listrik Dari Sumber Energi Tidak Terbarukan Yang Tidak Menghasilkan Emisi | Aktivitas Penyimpanan Tenaga Listrik | Pengoperasian Fasilitas Atau Stasiun Pengisian Daya Untuk Kendaraan Dan Peralatan Listrik | Penyediaan Tenaga Listrik Dalam Satu Kesatuan Usaha | Pengoperasian Instalasi Penyediaan Tenaga Listrik | Pengoperasian Instalasi Pemanfaatan Tenaga Listrik | Aktivitas Penunjang Tenaga Listrik Lainnya | Produksi Gas Alam Dan Buatan | Distribusi Gas Alam Dan Buatan Melalui Jaringan | Produksi Es | Aktivitas Broker Dan Agen Penjualan Tenaga Listrik | Aktivitas Broker Dan Agen Penjualan Gas Alam | Pengolahan Dan Penyediaan Air Minum | Penampungan Dan Penyediaan Air Baku | Aktivitas Penunjang Penyediaan Air | Pengumpulan Air Limbah | Pengolahan Dan Pembuangan Air Limbah | Pengumpulan Limbah Atau Sampah Tidak Berbahaya | Pengumpulan Limbah Berbahaya Selain Limbah Radiokatif | Pengumpulan Limbah Radioaktif | Pengolahan Sampah Tidak Berbahaya Untuk Menghasilkan Energi | Produksi Kompos Sampah Organik | Pengolahan Dan Pembuangan Limbah Atau Sampah Tidak Berbahaya Lainnya | Pengolahan Dan Pembuangan Limbah Atau Sampah Berbahaya Selain Limbah Radioaktif | Pengolahan Dan Pembuangan Limbah Radioaktif | Pemulihan Material Barang Logam | Pemulihan Material Barang Plastik | Pemulihan Material Lainnya | Aktivitas Penangkapan Karbon | Aktivitas Penyimpanan Karbon | Aktivitas Remediasi Dan Pengelolaan Limbah Atau Sampah Lainnya | Konstruksi Konvensional Gedung Hunian | Konstruksi Konvensional Gedung Perkantoran | Konstruksi Konvensional Gedung Industri | Konstruksi Konvensional Gedung Perbelanjaan | Konstruksi Konvensional Gedung Penginapan | Konstruksi Konvensional Gedung Hiburan Dan Olahraga | Konstruksi Konvensional Gedung Lainnya | Konstruksi Prapabrikasi Bangunan Gedung | Konstruksi Bangunan Sipil Sistem Pengolahan Limbah | Konstruksi Proyek Utilitas Lainnya | Konstruksi Bangunan Pelabuhan Bukan Perikanan | Konstruksi Bangunan Pelabuhan Perikanan | Konstruksi Reservoir Pembangkit Listrik Tenaga Air | Konstruksi Bangunan Sipil Pelindung Pantai | Konstruksi Bangunan Sipil Prasarana Perairan Dan Sejenis Lainnya | Konstruksi Bangunan Sipil Minyak Dan Gas Bumi | Konstruksi Bangunan Sipil Pertambangan | Konstruksi Bangunan Sipil Panas Bumi | Konstruksi Bangunan Sipil Fasilitas Olahraga | Konstruksi Bangunan Sipil Fasilitas Pengolahan | Konstruksi Bangunan Sipil Fasilitas Militer Dan Bandar Antariksa | Konstruksi Bangunan Sipil Fasilitas Sumber Radiasi Pengion | Konstruksi Bangunan Sipil Reaktor Nuklir | Konstruksi Bangunan Sipil Lainnya Ytdl | Penyiapan Lahan | Pemasangan Sistem Navigasi Laut, Sungai, Dan Udara | Pemasangan Sistem Pemanas Dan Geotermal | Pemasangan Pendingin Dan Ventilasi Udara | Pemasangan Perlengkapan Mekanikal Bangunan | Pemasangan Konstruksi Lainnya Ytdl | Pemasangan Kaca, Pintu, Kusen, Jendela, Dan Sejenisnya | Pengerjaan Lantai, Dinding, Dan Plafon | Pengecatan | Penyelesaian Konstruksi Bangunan Lainnya | Jasa Intermediasi Konstruksi Khusus | Pemasangan Dan Rekayasa Struktur Bangunan | Pemasangan Perancah (Steger) | Pemasangan Rangka Dan Atap/Roof Covering | Pemasangan Kerangka Baja | Penyewaan Alat Konstruksi Dengan Operator | Konstruksi Khusus Lainnya Ytdl | Perdagangan Besar Atas Dasar Balas Jasa (Fee) Atau Kontrak | Perdagangan Besar Padi Dan Palawija | Perdagangan Besar Buah Yang Mengandung Minyak | Perdagangan Besar Bunga Dan Tanaman Hias | Perdagangan Besar Tembakau Rajangan | Perdagangan Besar Binatang Hidup | Perdagangan Besar Ikan Dan Biota Air Hidup Lainnya | Perdagangan Besar Hasil Kehutanan Dan Perburuan | Perdagangan Besar Kulit | Perdagangan Besar Hasil Pertanian Dan Hewan Hidup Lainnya | Perdagangan Besar Beras | Perdagangan Besar Buah-Buahan | Perdagangan Besar Sayuran | Perdagangan Besar Kopi, Teh, Dan Kakao | Perdagangan Besar Minyak Dan Lemak Nabati | Perdagangan Besar Bahan Makanan Dan Minuman Hasil Pertanian Lainnya | Perdagangan Besar Daging Sapi Dan Daging Sapi Olahan | Perdagangan Besar Daging Ayam Dan Daging Ayam Olahan | Perdagangan Besar Daging Dan Daging Olahan Lainnya | Perdagangan Besar Hasil Perikanan Dan Olahan Terkait | Perdagangan Besar Telur Dan Hasil Olahan Telur | Perdagangan Besar Susu Dan Produk Susu | Perdagangan Besar Minyak Dan Lemak Hewani | Perdagangan Besar Bahan Makanan Dan Minuman Hasil Peternakan Dan Perikanan Lainnya | Perdagangan Besar Gula, Cokelat, Dan Kembang Gula | Perdagangan Besar Produk Bakeri | Perdagangan Besar Minuman Beralkohol | Perdagangan Besar Minuman Nonalkohol Bukan Susu | Perdagangan Besar Rokok Dan Tembakau | Perdagangan Besar Makanan Dan Minuman Lainnya | Perdagangan Besar Tekstil | Perdagangan Besar Pakaian | Perdagangan Besar Alas Kaki | Perdagangan Besar Barang Jadi Tekstil | Perdagangan Besar Perlengkapan Jahit | Perdagangan Besar Furnitur, Karpet, Perlengkapan Pencahayaan Untuk Rumah Tangga, Perkantoran, Dan Pertokoan | Perdagangan Besar Alat Fotografi Dan Barang Optik | Perdagangan Besar Sediaan Farmasi Untuk Manusia | Perdagangan Besar Sediaan Farmasi Untuk Hewan | Perdagangan Besar Alat Tulis Dan Gambar | Perdagangan Besar Barang Percetakan Dan Penerbitan Dalam Berbagai Bentuk | Perdagangan Besar Peralatan Masak, Peralatan Dapur, Dan Elektronik Rumah Tangga | Perdagangan Besar Peralatan Dan Perlengkapan Olahraga | Perdagangan Besar Alat Musik | Perdagangan Besar Perhiasan Dan Jam | Perdagangan Besar Alat Permainan Dan Mainan | Perdagangan Besar Tas, Dompet, Koper, Ransel, Dan Sejenisnya | Perdagangan Besar Berbagai Barang Dan Perlengkapan Rumah Tangga Lainnya Ytdl | Perdagangan Besar Komputer Dan Perlengkapan Komputer | Perdagangan Besar Perangkat Lunak | Perdagangan Besar Suku Cadang Elektronik | Perdagangan Besar Disket, Flash Drive, Pita Audio Dan Video, Serta Cd Dan Dvd Kosong | Perdagangan Besar Peralatan Telekomunikasi | Perdagangan Besar Mesin, Peralatan Dan Perlengkapan Pertanian | Perdagangan Besar Mesin Kantor Dan Industri, Suku Cadang, Dan Perlengkapannya | Perdagangan Besar Alat Transportasi Laut, Suku Cadang, Dan Perlengkapannya | Perdagangan Besar Alat Transportasi Darat (Bukan Mobil, Sepeda Motor, Dan Sejenisnya), Suku Cadang, Dan Perlengkapannya | Perdagangan Besar Alat Transportasi Udara, Suku Cadang Dan Perlengkapannya | Perdagangan Besar Mesin, Peralatan, Dan Perlengkapan Lainnya Ytdl | Perdagangan Besar Mobil Baru | Perdagangan Besar Mobil Bekas | Perdagangan Besar Suku Cadang Dan Aksesori Mobil | Perdagangan Besar Sepeda Motor Baru | Perdagangan Besa"
BADAN JALAN;Badan Jalan;Reparasi Dan Pemeliharaan Peralatan Listrik Lainnya | Reparasi Dan Pemeliharaan Kapal, Perahu, Dan Bangunan Terapung | Reparasi Dan Pemeliharaan Lokomotif Dan Gerbong Kereta | Reparasi Dan Pemeliharaan Pesawat Udara | Reparasi Dan Pemeliharaan Alat Angkutan Lainnya, Bukan Kendaraan Bermotor | Reparasi Dan Pemeliharaan Peralatan Lainnya | Instalasi/Pemasangan Dan Perangkaian/Integrasi Mesin, Peralatan, Dan Sistem Industri | Pembongkaran Mesin, Peralatan, Dan Sistem Industri | Pemasangan Perlengkapan Meteorologi, Klimatologi, Dan Geofisika | Pembangkitan Tenaga Listrik Dari Sumber Energi Tidak Terbarukan Yang Menghasilkan Emisi | Pembangkitan Tenaga Listrik Dari Sumber Energi Tidak Terbarukan Yang Tidak Menghasilkan Emisi | Pembangkitan Tenaga Listrik Dari Sumber Energi Terbarukan | Aktivitas Penyaluran Tenaga Listrik | Aktivitas Penyimpanan Tenaga Listrik | Penyediaan Tenaga Listrik Dalam Satu Kesatuan Usaha | Pengoperasian Instalasi Penyediaan Tenaga Listrik | Pengoperasian Instalasi Pemanfaatan Tenaga Listrik | Aktivitas Penunjang Tenaga Listrik Lainnya | Produksi Gas Alam Dan Buatan | Distribusi Gas Alam Dan Buatan Melalui Jaringan | Pengadaan Uap/Air Panas Dan Udara Dingin | Produksi Es | Aktivitas Broker Dan Agen Penjualan Gas Alam | Pengumpulan Air Limbah | Pemulihan Material Barang Plastik | Aktivitas Penyimpanan Karbon | Konstruksi Konvensional Gedung Hunian | Konstruksi Konvensional Gedung Kesehatan | Konstruksi Konvensional Gedung Pendidikan | Konstruksi Jalan Pada Permukaan Tanah | Konstruksi Terowongan | Konstruksi Bangunan Sipil Telekomunikasi Untuk Prasarana Transportasi | Pemasangan Perlengkapan Jalan Berbasis Listrik | Pemasangan Saluran Air (Plumbing) | Perdagangan Eceran Bahan Baku Farmasi Dan Alat Kesehatan Lainnya | Perdagangan Eceran Perlengkapan Rumah Tangga Bekas | Perdagangan Eceran Pakaian, Alas Kaki, Dan Perlengkapan Pakaian Bekas | Perdagangan Eceran Barang Perlengkapan Pribadi Bekas | Perdagangan Eceran Barang Listrik Dan Elektronik Bekas | Perdagangan Eceran Bahan Konstruksi Dan Saniter Bekas | Perdagangan Eceran Tanaman Dan Bibit Tanaman Selain Tanaman Kehutanan | Perdagangan Eceran Tanaman Dan Bibit Tanaman Kehutanan | Perdagangan Eceran Minyak Tanah | Perdagangan Eceran Gas Tabung Lpg | Perdagangan Eceran Aromatik/Penyegar (Minyak Asiri) | Perdagangan Eceran Lukisan | Angkutan Perkotaan | Angkutan Perdesaan | Angkutan Bermotor Untuk Barang Umum | Angkutan Bermotor Untuk Barang Khusus | Angkutan Tidak Bermotor Untuk Barang | Angkutan Kereta Api Lainnya | Angkutan Pariwisata | Angkutan Taksi | Angkutan Khusus | Angkutan Sewa | Angkutan Ojek Motor | Angkutan Tidak Bermotor Untuk Penumpang | Transportasi Darat Lainnya Untuk Penumpang Ytdl | Transportasi Melalui Saluran Pipa | Aktivitas Penyiaran Radio Analog | Aktivitas Telekomunikasi Dengan Satelit | Aktivitas Jasa Gerbang Akses Internet (Network Access Point);Pengolahan Dan Pembuangan Air Limbah | Pengumpulan Limbah Atau Sampah Tidak Berbahaya | Pengumpulan Limbah Berbahaya Selain Limbah Radiokatif | Pengumpulan Limbah Radioaktif | Pengolahan Sampah Tidak Berbahaya Untuk Menghasilkan Energi | Produksi Kompos Sampah Organik | Pengolahan Dan Pembuangan Limbah Atau Sampah Tidak Berbahaya Lainnya | Pengolahan Dan Pembuangan Limbah Atau Sampah Berbahaya Selain Limbah Radioaktif | Pengolahan Dan Pembuangan Limbah Radioaktif | Pemulihan Material Barang Logam | Konstruksi Konvensional Gedung Perkantoran | Konstruksi Konvensional Gedung Industri | Konstruksi Konvensional Gedung Perbelanjaan | Jasa Intermediasi Konstruksi Khusus | Perdagangan Besar Gula, Cokelat, Dan Kembang Gula | Perdagangan Besar Produk Bakeri | Perdagangan Besar Minuman Nonalkohol Bukan Susu | Perdagangan Besar Makanan Dan Minuman Lainnya | Perdagangan Besar Tekstil | Perdagangan Besar Pakaian | Perdagangan Eceran Alat Transportasi Darat Tidak Bermotor Dan Perlengkapannya | Perdagangan Eceran Alat Transportasi Air Dan Perlengkapannya | Perdagangan Eceran Alat-Alat Pertanian | Perdagangan Eceran Perlengkapan Pengendara Kendaraan Bermotor | Perdagangan Eceran Pembungkus Dari Plastik | Perdagangan Eceran Barang Baru Lainnya Ytdl | Perdagangan Eceran Mobil Baru | Perdagangan Eceran Mobil Bekas | Perdagangan Eceran Suku Cadang Dan Aksesori Mobil | Perdagangan Eceran Sepeda Motor Baru | Perdagangan Eceran Sepeda Motor Bekas | Perdagangan Eceran Suku Cadang Sepeda Motor Dan Aksesorinya | Angkutan Kereta Wisata Antarkota | Transportasi Kereta Api Antarkota Lainnya Untuk Penumpang | Transportasi Kereta Api Untuk Barang | Angkutan Kereta Wisata Dalam Kota | Angkutan Kereta Api Perkotaan | Penyewaan Dan Sewa Guna Usaha Mesin Dan Peralatan Komunikasi Dan Multimedia | Aktivitas Jasa Intermediasi Untuk Penyewaan Dan Sewa Guna Usaha Barang Berwujud Dan Aset Tak Berwujud Nonfinansial Lainnya | Aktivitas Penempatan Awak Kapal | Aktivitas Penyediaan Informasi Lowongan Kerja | Aktivitas Penempatan Tenaga Kerja Lainnya | Aktivitas Penyediaan Tenaga Kerja Sementara Dan Penyediaan Sumber Daya Manusia Lainnya;Perdagangan Besar Telur Dan Hasil Olahan Telur | Perdagangan Besar Susu Dan Produk Susu | Perdagangan Besar Minyak Dan Lemak Hewani | Perdagangan Besar Minuman Beralkohol | Perdagangan Besar Rokok Dan Tembakau | Perdagangan Eceran Tahu, Tempe, Tauco, Dan Oncom | Angkutan Laut Luar Negeri Untuk Barang Umum | Angkutan Laut Luar Negeri Untuk Barang Khusus | Angkutan Laut Luar Negeri Pelayaran Rakyat Untuk Barang | Angkutan Penyeberangan Umum Antarprovinsi Untuk Penumpang | Angkutan Penyeberangan Umum Antarkabupaten/Kota Untuk Penumpang | Angkutan Penyeberangan Umum Dalam Kabupaten/Kota Untuk Penumpang | Angkutan Penyeberangan Perintis Antarprovinsi Untuk Penumpang | Angkutan Penyeberangan Perintis Antarkabupaten/Kota Untuk Penumpang | Transportasi Pesisir Lainnya Untuk Penumpang | Angkutan Penyeberangan Umum Antarprovinsi Untuk Barang | Angkutan Penyeberangan Umum Antarkabupaten/Kota Untuk Barang | Angkutan Penyeberangan Umum Dalam Kabupaten/Kota Untuk Barang | Angkutan Penyeberangan Perintis Antarprovinsi Untuk Barang | Angkutan Penyeberangan Perintis Antarkabupaten/Kota Untuk Barang | Transportasi Pesisir Lainnya Untuk Barang | Angkutan Sungai Dan Danau Liner (Trayek Tetap Dan Teratur) Untuk Penumpang | Angkutan Sungai Dan Danau Tramper (Trayek Tidak Tetap Dan Tidak Teratur) Untuk Penumpang | Angkutan Sungai Dan Danau Untuk Wisata | Angkutan Sungai Dan Danau Untuk Barang Umum | Angkutan Sungai Dan Danau Untuk Barang Berbahaya | Angkutan Udara Niaga Berjadwal Untuk Penumpang | Angkutan Udara Niaga Tidak Berjadwal Untuk Penumpang | Transportasi Antariksa Untuk Penumpang | Angkutan Udara Niaga Berjadwal Khusus Kargo | Angkutan Udara Niaga Tidak Berjadwal Khusus Kargo | Transportasi Antariksa Untuk Barang | Pengelola Gudang Sistem Resi Gudang | Aktivitas Gudang Dingin | Aktivitas Gudang Berikat | Penyimpanan Minyak Dan Gas Bumi | Aktivitas Penyimpanan Barang Berbahaya Dan Beracun (B3) | Fasilitas Penyimpanan Sumber Radiasi Pengion | Penyimpanan Mineral Ikutan Radioaktif | Pergudangan Dan Penyimpanan Lainnya | Aktivitas Terminal Darat | Aktivitas Penyelenggaraan Prasarana Perkeretaapian | Aktivitas Jalan Tol | Aktivitas Perparkiran Di Badan Jalan (On Street Parking) | Aktivitas Perparkiran Di Luar Badan Jalan (Off Street Parking) | Aktivitas Jasa Terkait Transportasi Darat Lainnya | Aktivitas Pelayanan Kepelabuhanan Laut;Perdagangan Besar Daging Dan Daging Olahan Lainnya | Perdagangan Besar Hasil Perikanan Dan Olahan Terkait | Perdagangan Besar Bahan Makanan Dan Minuman Hasil Peternakan Dan Perikanan Lainnya;Perdagangan Eceran Tahu, Tempe, Tauco, Dan Oncom;Perdagangan Eceran Tahu, Tempe, Tauco, Dan Oncom;-;Perdagangan Eceran Tahu, Tempe, Tauco, Dan Oncom;Pengoperasian Fasilitas Atau Stasiun Pengisian Daya Untuk Kendaraan Dan Peralatan Listrik | Aktivitas Broker Dan Agen Penjualan Tenaga Listrik | Pengolahan Dan Penyediaan Air Minum | Aktivitas Penunjang Penyediaan Air | Pemulihan Material Lainnya | Aktivitas Remediasi Dan Pengelolaan Limbah Atau Sampah Lainnya | Konstruksi Bangunan Sipil Jembatan, Jalan Layang, Fly Over, Dan Underpass | Konstruksi Jalan Rel | Konstruksi Jaringan Irigasi Dan Drainase | Konstruksi Bangunan Sipil Pengolahan Air Bersih | Konstruksi Bangunan Sipil Elektrikal | Konstruksi Bangunan Prasarana Sumber Daya Air | Pembongkaran | Penyiapan Lahan | Pemasangan Jaringan Listrik | Pemasangan Jaringan Telekomunikasi | Pemasangan Sistem Elektronika | Pemasangan Sistem Persinyalan Dan Telekomunikasi Kereta Api | Perdagangan Eceran Obat Bahan Alam Untuk Manusia | Perdagangan Eceran Kosmetik Untuk Manusia | Perdagangan Eceran Alat Fotografi Dan Perlengkapannya | Perdagangan Eceran Alat Optik Dan Perlengkapannya | Perdagangan Eceran Kacamata | Perdagangan Eceran Jam | Perdagangan Eceran Barang Perhiasan | Perdagangan Eceran Barang Antik | Perdagangan Eceran Hewan Ternak Dan Bibit Hewan | Perdagangan Eceran Pakan Ternak/Unggas/Ikan Dan Hewan Kesayangan | Perdagangan Eceran Bunga Potong/Florist | Perdagangan Eceran Pupuk Dan Pemberantas Hama | Perdagangan Eceran Perlengkapan Dan Media Tanaman Hias | Perdagangan Eceran Bahan Kimia | Perdagangan Eceran Bahan Kimia, Aromatik/Penyegar (Minyak Asiri), Dan Bahan Bakar Selain Bahan Bakar Untuk Kendaraan Bermotor Lainnya | Perdagangan Eceran Cendera Mata, Kerajinan, Dan Barang Barang Keagamaan | Perdagangan Eceran Berbagai Macam Mesin Dan Perlengkapannya;Penampungan Dan Penyediaan Air Baku | Aktivitas Penangkapan Karbon | Perdagangan Eceran Perlengkapan Pakaian | Perdagangan Eceran Tas, Dompet, Koper, Ransel, Dan Sejenisnya | Perdagangan Eceran Sediaan Farmasi Untuk Manusia Di Apotek | Perdagangan Eceran Sediaan Farmasi Untuk Manusia Selain Di Apotek | Perdagangan Eceran Alat Kesehatan Untuk Manusia | Perdagangan Eceran Obat Farmasi Untuk Hewan | Perdagangan Eceran Obat Tradisional Untuk Hewan | Perdagangan Eceran Kosmetik Untuk Hewan | Perdagangan Eceran Barang Bekas Lainnya | Perdagangan Eceran Hewan Kesayangan (Pet Animals) | Perdagangan Eceran Ikan Dan Biota Air Hidup Lainnya;-;-;-;-;"nan | Pertanian Jagung | Pertanian Serealia Selain Padi Dan Jagung | Pertanian Kedelai | Pertanian Kacang Tanah | Pertanian Kacang Hijau | Pertanian Aneka Kacang Selain Kedelai, Kacang Tanah, Dan Kacang Hijau | Pertanian Biji-Bijian Penghasil Minyak Makan | Pertanian Biji-Bijian Penghasil Minyak Selain Minyak Makan | Pertanian Padi Hibrida | Pertanian Padi Inbrida | Pertanian Sayuran Daun | Pertanian Buah Semusim | Pertanian Sayuran Buah | Pertanian Sayuran Umbi | Pertanian Ubi Kayu | Pertanian Jamur | Pertanian Bit Gula Dan Tanaman Pemanis Selain Tebu | Pertanian Cabai | Pertanian Umbi Lainnya | Pertanian Tebu | Pertanian Tembakau | Pertanian Tanaman Berserat | Pertanian Tanaman Pakan Ternak | Pembenihan Tanaman Pakan Ternak Dan Pembenihan Bit (Bukan Bit Gula) | Pertanian Tanaman Bunga | Pertanian Pembenihan Tanaman Bunga | Pertanian Tanaman Semusim Lainnya Ytdl | Pertanian Buah Anggur | Pertanian Buah-Buahan Tropis Dan Subtropis | Pertanian Buah Jeruk | Pertanian Buah Apel Dan Buah Batu (Pome And Stone Fruits) | Pertanian Buah Beri | Pertanian Sayuran Tahunan | Pertanian Buah Semak Lainnya | Pertanian Kelapa | Pertanian Kelapa Sawit | Pertanian Buah Oleagin Lainnya | Pertanian Kopi | Pertanian Tanaman Teh | Pertanian Kakao | Pertanian Tanaman Untuk Bahan Minuman Lainnya | Pertanian Lada | Pertanian Cengkih | Pertanian Pala | Pertanian Tanaman Aromatik/Penyegar | Pertanian Tanaman Obat Rimpang | Pertanian Tanaman Obat Nonrimpang | Pertanian Tanaman Narkotika Dan Tanaman Obat Terlarang | Pertanian Tanaman Rempah-Rempah Dan Aromatik/Penyegar Lainnya | Pertanian Pohon Karet Dan Tanaman Penghasil Getah Lainnya | Pertanian Tanaman Tahunan Lainnya Ytdl | Pertanian Tanaman Hias | Penangkaran Tumbuhan Liar | Pembiakan Tanaman Lainnya | Budi Daya Dan Pembibitan Sapi Potong | Budi Daya Dan Pembibitan Sapi Perah | Budi Daya Dan Pembibitan Kerbau Potong | Budi Daya Dan Pembibitan Kerbau Perah | Peternakan Kuda Dan Sejenisnya | Peternakan Unta Dan Sejenisnya | Budi Daya Dan Pembibitan Domba Potong | Budi Daya Dan Pembibitan Kambing Potong | Budi Daya Dan Pembibitan Kambing Perah | Budi Daya Dan Pembibitan Domba Perah | Produksi Bulu Domba Mentah/Raw Wool | Peternakan Babi | Budi Daya Ayam Ras Pedaging | Budi Daya Ayam Ras Petelur | Pembibitan Ayam Lokal Dan Persilangannya | Budi Daya Ayam Lokal Dan Persilangannya | Budi Daya Dan Pembibitan Itik Dan Bebek | Budi Daya Dan Pembibitan Burung Puyuh | Budi Daya Dan Pembibitan Burung Merpati | Pembibitan Ayam Ras | Budi Daya Dan Pembibitan Unggas Lainnya | Budi Daya Dan Pembibitan Burung Unta | Budi Daya Dan Pembibitan Ulat Sutra | Budi Daya Dan Pembibitan Lebah | Budi Daya Dan Pembibitan Rusa | Budi Daya Dan Pembibitan Kelinci | Budi Daya Dan Pembibitan Cacing | Budi Daya Dan Pembibitan Burung Walet | Penangkaran Satwa Liar | Budi Daya Dan Pembibitan Hewan Lainnya | Jasa Pengolahan Lahan | Jasa Pemupukan | Jasa Pemanenan | Jasa Penyemprotan Dan Penyerbukan Melalui Udara | Jasa Pengendalian Organisme Pengganggu Tumbuhan (Opt) | Jasa Penanaman Benih | Jasa Penunjang Pertanian Lainnya | Jasa Perkawinan Ternak | Jasa Penetasan Telur | Jasa Penunjang Peternakan Lainnya | Jasa Pascapanen | Pemilihan Benih Tanaman Untuk Pembiakan | Perburuan, Penangkapan, Dan Kegiatan Jasa Terkait | Pengelolaan Hutan | Pemanfaatan Kayu Hutan | Pembenihan Tanaman Kehutanan | Pemanenan Kayu | Pemungutan Kayu | Pemungutan Hasil Hutan Bukan Kayu | Jasa Lingkungan Hutan | Jasa Penggunaan Kawasan Kehutanan | Jasa Penunjang Kehutanan Lainnya | Penangkapan Ikan Dan Biota Air Lainnya Di Laut | Penangkapan Ikan Dan Biota Air Lainnya Di Perairan Air Tawar | Pembudidayaan Ikan Bersirip (Selain Ikan Hias) Dan Biota Air Laut Lainnya Yang Tidak Dilindungi | Pembudidayaan Ikan Hias Air Laut Yang Tidak Dilindungi | Pembudidayaan Tumbuhan Air Laut Yang Tidak Dilindungi | Pengembangbiakan Ikan Dan Biota Air Laut Yang Dilindungi | Pembudidayaan Ikan Bersirip (Selain Ikan Hias) Dan Biota Air Tawar Lainnya Yang Tidak Dilindungi | Pembudidayaan Ikan Hias Air Tawar Yang Tidak Dilindungi | Pembudidayaan Tumbuhan Air Tawar Yang Tidak Dilindungi | Pengembangbiakan Biota Air Tawar Yang Dilindungi | Pembudidayaan Ikan Bersirip (Selain Ikan Hias) Dan Biota Air Payau Lainnya Yang Tidak Dilindungi | Pembudidayaan Ikan Hias Air Payau Yang Tidak Dilindungi | Pembudidayaan Tumbuhan Air Payau Yang Tidak Dilindungi | Pengembangbiakan Biota Air Payau Yang Dilindungi | Jasa Penunjang Kegiatan Penangkapan Dan Pembudidayaan Ikan | Pertambangan Batu Bara | Benefisiasi Atau Peningkatan Kualitas Batu Bara | Pertambangan Lignit | Pertambangan Minyak Bumi | Pertambangan Gas Alam | Pengusahaan Tenaga Panas Bumi | Pertambangan Pasir Besi | Pertambangan Bijih Besi | Pertambangan Bijih Uranium Dan Torium | Pertambangan Emas Dan Perak | Pertambangan Bijih Logam Mulia Lainnya | Pertambangan Bijih Timah | Pertambangan Bijih Timah Hitam | Pertambangan Bijih Bauksit | Pertambangan Bijih Tembaga | Pertambangan Bijih Nikel | Pertambangan Bijih Mangan | Pertambangan Bahan Galian Lainnya Yang Tidak Mengandung Bijih Besi Ytdl | Penggalian Batu Hias Dan Batu Bangunan | Penggalian Batu Kapur/Gamping | Penggalian Kerikil/Sirtu | Penggalian Pasir | Penggalian Tanah Dan Tanah Liat | Penggalian Gips | Penggalian Tras | Penggalian Batu Apung | Penggalian Batu, Pasir, Dan Tanah Liat Lainnya | Pertambangan Belerang | Pertambangan Fosfat | Pertambangan Nitrat | Pertambangan Yodium | Pertambangan Potash (Kalium Karbonat) | Pertambangan Mineral, Bahan Kimia, Dan Bahan Pupuk Lainnya | Ekstraksi Tanah Gambut | Ekstraksi Garam | Pertambangan Batu Mulia | Penggalian Feldspar Dan Kalsit | Pertambangan Aspal Alam | Penggalian Asbes | Penggalian Kuarsa/Pasir Kuarsa | Pertambangan Bijih Logam Tanah Jarang | Pertambangan Dan Penggalian Lainnya Ytdl | Aktivitas Penunjang Pertambangan Minyak Bumi Dan Gas Alam | AKTIVITAS PENUNJANG PERTAMBANGAN DAN PENGGALIAN LAINNYA | Kegiatan Rumah Potong Hewan Ruminansia | Kegiatan Rumah Potong Babi | Kegiatan Rumah Potong Unggas | Kegiatan Rumah Potong Hewan Lainnya | Pengolahan Dan Pengawetan Daging Dan Produk Daging | Pengolahan Dan Pengawetan Ikan Dengan Penggaraman Atau 
 Pengeringan | Pengolahan Dan Pengawetan Ikan Dengan Pengasapan Atau 
 Pemanggangan | Pengolahan Dan Pengawetan Ikan Dengan Pembekuan | Pengolahan Dan Pengawetan Ikan Dengan Pemindangan | Pengolahan Dan Pengawetan Ikan Dengan Fermentasi | Pengolahan Dan Pengawetan Ikan Dengan Pelumatan | Pengolahan Dan Pengawetan Ikan Dengan Pengalengan | Pengolahan Dan Pengawetan Ikan Menjadi Produk Olahan | Pengolahan Dan Pengawetan Ikan Dengan Metode Lainnya | Pengolahan Dan Pengawetan Biota Air Lainnya Dengan 
 Penggaraman Atau Pengeringan | Pengolahan Dan Pengawetan Biota Air Lainnya Dengan 
 Pengasapan Atau Pemanggangan | Pengolahan Dan Pengawetan Biota Air Lainnya Dengan 
 Pembekuan | Pengolahan Dan Pengawetan Biota Air Lainnya Dengan 
 Pemindangan | Pengolahan Dan Pengawetan Biota Air Lainnya Dengan 
 Fermentasi | Pengolahan Dan Pengawetan Biota Air Lainnya Dengan 
 Pelumatan | Pengolahan Dan Pengawetan Biota Air Lainnya Dengan 
 Pengalengan | Pengolahan Dan Pengawetan Rumput Laut | Pengolahan Dan Pengawetan Biota Air Lainnya Dengan Metode 
 Lainnya | Pengasinan Buah-Buahan Dan Sayuran | Pelumatan Buah-Buahan Dan Sayuran | Pengeringan Buah-Buahan Dan Sayuran | Pembekuan Buah-Buahan Dan Sayuran | Pengalengan Buah-Buahan Dan Sayuran | Pengolahan Sari Buah-Buahan Dan Sayuran | Pembuatan Tempe Kedelai | Pembuatan Tahu Kedelai | Pengolahan Dan Pengawetan Lainnya Untuk Buah-Buahan Dan Sayuran | Industri Minyak Mentah Dan Lemak Nabati Bukan Kelapa Dan Kelapa Sawit | Industri Margarin | Industri Minyak Mentah Dan Lemak Dari Hewan Selain Ikan | Industri Minyak Ikan | Industri Minyak Goreng Dan Minyak Makan Bukan Minyak Kelapa Dan Minyak Kelapa Sawit | Industri Minyak Mentah Dan Lemak Nabati Dan Hewani Bukan Kelapa Dan Kelapa Sawit Lainnya | Industri Kopra | Industri Minyak Mentah Kelapa | Industri Minyak Goreng Kelapa | Industri Minyak Mentah Kelapa Sawit (Crude Palm Oil) | Industri Minyak Mentah Inti Kelapa Sawit (Crude Palm Kernel Oil) | Industri Pemisahan/Fraksinasi Minyak Mentah Kelapa Sawit Dan Minyak Mentah Inti Kelapa Sawit | Industri Pemurnian Minyak Mentah Kelapa Sawit Dan Minyak Mentah Inti Kelapa Sawit | Industri Pemisahan/Fraksinasi Minyak Murni Kelapa Sawit | Industri Pemisahan/Fraksinasi Minyak Murni Inti Kelapa Sawit | Industri Minyak Goreng Kelapa Sawit | Industri Susu Segar Dan Krim | Industri Susu Bubuk Dan Susu Kental | Industri Es Krim | Industri Es Yang Dapat Dimakan Dan Es Pencuci Mulut | Industri Produk Susu Lainnya | Industri Produk Gilingan Gandum (Selain Tepung Terigu) Dan Serelia Selain Beras Dan Jagung | Industri Produk Gilingan Aneka Kacang | Industri Produk Gilingan Aneka Umbi, Tanaman Rimpang, Dan Sayuran | Industri Tepung Campuran Dan Adonan Tepung | Industri Makanan Sereal | Industri Tepung Terigu | Industri Pati Ubi Kayu | Industri Berbagai Macam Pati Palem | Industri Glukosa Dan Sejenisnya | Industri Pati Dan Produk Pati Lainnya | Industri Penggilingan Padi Dan Penyosohan Beras | Industri Pemipilan Jagung | Industri Tepung Beras Dan Tepung Jagung | Industri Pati Beras Dan Jagung | Industri Pemanis Dari Beras Dan Jagung | Industri Minyak Dari Beras Dan Jagung | Industri Produk Bakeri | Industri Gula Pasir | Industri Gula Merah | Industri Sirop | Industri Gula Lainnya | Industri Pengolahan Kakao; Industri Cokelat Dan Kembang Gula | Industri Pengolahan Kakao | Industri Cokelat Dan Kembang Gula Dari Cokelat | Industri Manisan Buah-Buahan Dan Sayuran Kering | Industri Kembang Gula Lainnya | Industri Makaroni, Mi, Couscous, Dan Produk Sejenisnya | Industri Makanan Dan Masakan Olahan | Pengolahan Kopi | Pengolahan Te | Industri Kecap | Industri Garam Konsumsi Beryodium | Industri Garam Industri Aneka Pangan | Industri Bumbu Masakan Lainnya | Industri Makanan Bayi Dan Makanan Khusus | Industri Kue Basah | Industri Produk Makanan Dari Kelapa | Industri Kerupuk, Keripik, Peyek, Dan Sejenisnya | Industri Sari Nabati Dan Krimer Nabati | Industri Dodol | Industri Infusi Herbal/Herb Infusion | Industri Bahan Makanan Dari Rumput Laut | Industri Produk Makanan Lainnya Ytdl | Industri Ransum Pakan Hewan | Industri Konsentrat Pakan Hewan | Industri Penyulingan, Pemurnian, Dan Pencampuran Minuman Beralkohol | Industri Minuman Beralkohol Hasil Fermentasi Anggur Dan Hasil Pertanian Lainnya | Industri Minuman Beralkohol Hasil Fermentasi Malt | Industri Malt | Industri Air Kemasan | Industri Air Minum Isi Ulang | Industri Minuman Ringan | Industri Minuman Lainnya | Industri Sigaret Kretek Tangan | Industri Sigaret Kretek Mesin | Industri Rokok Putih | Industri Pengeringan Dan Pengolahan Tembakau | Industri Bumbu Rokok | Industri Produk Tembakau Lainnya | Persiapan Serat Tekstil | Pemintalan Benang Selain Benang Jahit | Pemintalan Benang Jahit | Pertenunan Tekstil Dengan Mesin | Pertenunan Tekstil Bukan Dengan Mesin | Penyempurnaan Benang | Penyempurnaan Basah Kain | Industri Kain Batik | Penyempurnaan Tekstil Lainnya | Industri Kain Rajutan | Industri Kain Crocheted | Industri Bulu Tiruan Rajutan | Industri Barang Tekstil Untuk Keperluan Rumah Tangga | Industri Barang Tekstil Dengan Bahan Pengisi | Industri Karung Goni | Industri Karung Selain Karung Goni | Industri Barang Tekstil Bukan Pakaian Jadi Lainnya | Industri Karpet Dan Permadani | Industri Tali | Industri Barang Dari Tali | Industri Kain Narrow | Industri Kain Yang Dilapisi Dan Sejenisnya | Industri Kain Nirtenun/Nonwoven | Industri Kain Ban | Industri Kapuk | Industri Kain Tule, Kain Jaring, Dan Kain Bordir | Industri Tekstil Lainnya Ytdl | Industri Pakaian Jadi (Konfeksi) Dari Tekstil | Industri Pakaian Jadi (Konfeksi) Dari Kulit Dan Tiruan Kulit | Industri Penjahitan Dan Pembuatan (Bukan Konfeksi) Pakaian Sesuai Pesanan/Kustomisasi | Industri Perlengkapan Pakaian Dari Tekstil | Industri Perlengkapan Pakaian Dari Kulit Dan Tiruan Kulit | Industri Barang Dari Kulit Berbulu | Industri Pakaian Jadi Dan Perlengkapannya Dari Rajutan Dan Crocheted | Industri Hosiery Rajutan Dan Crocheted | Penyamakan Kulit | Pewarnaan Kulit Berbulu | Industri Kulit Komposisi | Industri Koper, Tas Tangan, Dan Sejenisnya | Industri Pelana, Alat Pengekang/Harness, Dan Barang Lainnya Untuk Hewan | Industri Barang Lainnya Dari Kulit Dan Kulit Komposisi | Industri Alas Kaki Untuk Keperluan Sehari-Hari | Industri Sepatu Olahraga | Industri Sepatu Teknik Lapangan/Keperluan Industri | Industri Alas Kaki Lainnya | Penggergajian Dan Penghalusan Kayu | Pengawetan Kayu | Pengawetan Rotan, Bambu, Dan Sejenisnya | Pengolahan Rotan | Industri Partikel Kayu Dan Sejenisnya | Industri Kayu Lapis | Industri Venir | Industri Kayu Laminasi | Industri Panel Kayu Lainnya | Industri Barang Bangunan Dari Kayu | Industri Bangunan Prafabrikasi Dari Kayu Dan Sejenisnya | Industri Wadah Dari Kayu | Industri Barang Anyaman Dari Rotan Dan Bambu | Industri Barang Anyaman Dari Tanaman Selain Rotan Dan Bambu | Industri Kerajinan Ukiran Dari Kayu Bukan Furnitur | Industri Alat Dapur Dan Alat Makan Dari Kayu, Rotan, Dan Bambu | Industri Kayu Bakar Dan Pelet Dari Kayu Dan Biomassa Lainnya | Industri Barang Lainnya Dari Kayu; Industri Barang Dari Gabus, Jerami, Rotan, Bambu, Dan Sejenisnya Ytdl | Industri Bubur Kertas (Pulp) | Industri Kertas Budaya | Industri Kertas Berharga | Industri Kertas Khusus | Industri Kertas Lainnya | Industri Kertas Dan Papan Kertas Bergelombang | Industri Kemasan Dan Kotak Dari Kertas Dan Karton | Industri Kertas Tisu | Industri Barang Dari Kertas Dan Papan Kertas Lainnya Ytdl | Pencetakan Umum | Pencetakan Khusus | Pencetakan Tiga Dimensi (3d) | Kegiatan Jasa Penunjang Pencetakan | Reproduksi Media Rekaman Suara Dan Perangkat Lunak | Reproduksi Media Rekaman Film Dan Video | Industri Produk Tanur Kokas | Industri Bahan Bakar Dari Pemurnian Dan Pengilangan Minyak Bumi | Industri Minyak Pelumas | Industri Produk Dari Bahan Limbah Minyak Pelumas | Industri Minyak Pelumas Dasar (Bahan Baku Pelumas) | Industri Briket | Industri Produk Dari Pencampuran Hasil Kilang Minyak Bumi Dengan Biofuel | Industri Produk Lainnya Dari Hasil Kilang Minyak Bumi | Industri Asam, Basa, Dan Garam Anorganik | Industri Gas Industri | Industri Kimia Dasar Zat Warna Dan Pigmen | Industri Kimia Dasar Radioaktif | Industri Kimia Dasar Organik Dari Sumber Daya Alam Hayati | Industri Kimia Dasar Dari Minyak Bumi, Gas Alam, Dan Batu Bara | Industri Kimia Dasar Anorganik Lainnya | Industri Senyawa Nitrogen; Pupuk Nitrogen, Fosfat, Dan Kalium | Industri Pupuk Hara Makro Primer Lainnya | Industri Pupuk Hara Mikro | Industri Pupuk Organik, Pupuk Hayati, Dan Media Tanam | Industri Biostimulan | Industri Damar Buatan (Resin Sintetis) Dan Bahan Baku Plastik | Industri Karet Buatan | Industri Bahan Baku Pemberantas Hama (Bahan Aktif) | Industri Pemberantas Hama (Formulasi) | Industri Zat Pengatur Tumbuh | Industri Cat | Industri Pernis | Industri Dempul | Industri Sediaan Pewarna Dan Pelapis Lainnya | Industri Bahan Dan Produk Pembersih | Industri Kosmetik Untuk Manusia, Cairan Lensa Kontak | Industri Kosmetik Untuk Hewan | Industri Perekat Gigi | Industri Parfum Sesuai Pesanan | Industri Perekat/Lem | Industri Bahan Peledak | Industri Tinta | Industri Minyak Asiri Hulu | Industri Korek Api | Industri Minyak Asiri Rantai Tengah | Industri Biofuel Cair | Industri Cairan Rokok Elektrik | Industri Barang Kimia Lainnya Ytdl | Industri Serat Filamen Dan Strip Buatan | Industri Serat Stapel Buatan | Industri Bahan Baku Farmasi Untuk Manusia | Industri Produk Farmasi Untuk Manusia | Industri Produk Farmasi Untuk Hewan | Industri Bahan Baku Farmasi Untuk Hewan | Industri Alat Diagnosis Medis, Perban, Kasa, Dan Penunjang Kesehatan Lainnya | Industri Bahan Baku Obat Bahan Alam Untuk Manusia | Industri Produk Obat Bahan Alam Untuk Manusia | Industri Produk Obat Bahan Alam Untuk Hewan | Industri Bahan Baku Obat Bahan Alam Untuk Hewan | Industri Ban Luar Dan Ban Dalam | Industri Pembentukan Kembali Ban Dan Vulkanisasi Ban | Industri Karet Asap | Industri Karet Lembaran Dan Crepe Rubber | Industri Karet Remah (Crumb Rubber) | Industri Karet Setengah Jadi Lainnya | Industri Barang Dari Karet Untuk Keperluan Rumah Tangga | Industri Barang Dari Karet Untuk Keperluan Industri | Industri Barang Dari Karet Untuk Keperluan Infrastruktur | Industri Barang Dari Karet Untuk Kesehatan | Industri Barang Lainnya Dari Karet Ytdl | Industri Barang Dari Plastik Untuk Bangunan | Industri Barang Dari Plastik Dan Bioplastik Untuk Pengemasan | Industri Pipa Plastik Dan Perlengkapannya | Industri Plastik Lembaran | Industri Perlengkapan Dan Peralatan Rumah Tangga Dari Plastik (Tidak Termasuk Furnitur) | Industri Barang Dan Peralatan Teknik/Industri Dari Plastik | Industri Barang Lainnya Dari Plastik | Industri Kaca Lembaran | Industri Kaca Pengaman | Industri Kaca Lainnya | Industri Perlengkapan Dan Peralatan Rumah Tangga Dari Kaca | Industri Peralatan Laboratorium Dan Kesehatan Dari Kaca | Industri Produk Lainnya Dari Kaca | Industri Bata, Mortar, Semen, Dan Sejenisnya Yang Tahan Api | Industri Produk Refraktori (Tahan Api) Lainnya | Industri Batu Bata Dari Tanah Liat Atau Keramik | Industri Genteng Dari Tanah Liat Atau Keramik | Industri Bahan Bangunan Lainnya Dari Tanah Liat Atau Keramik | Industri Perlengkapan Rumah Tangga Dari Porselen | Industri Perlengkapan Rumah Tangga Dari Tanah Liat Atau Keramik | Industri Alat Laboratorium Dan Alat Listrik Atau Teknik Dari Porselen | Industri Peralatan Sanitasi Dari Porselen | Industri Peralatan Sanitasi Dari Tanah Liat Atau Keramik | Industri Produk Bukan Bahan Bangunan Lainnya Dari Tanah Liat Atau Keramik Dan Porselen | Industri Semen | Industri Kapur | Industri Gips | Industri Barang Dari Semen | Industri Barang Dari Kapur | Industri Barang Dari Gips | Industri Barang Dari Asbes | Industri Mortar, Acian, Dan Beton Siap Pakai | Industri Barang Dari Batu Marmer | Industri Barang Dari Batu Granit | Industri Barang Dari Batu Lainnya | Industri Produk Abrasif | Industri Batuan Aspal Dan Barang Dari Aspal Atau Material Sejenis | Industri Produk Hasil Pemurnian Mineral Nonlogam | Industri Produk Mineral Nonlogam Lainnya Ytdl | Industri Besi Dan Baja Dasar | Penggilingan Baja | Industri Pipa Dan Sambungan Pipa Dari Besi Dan Baja | Industri Logam Dasar Mulia | Industri Logam Dasar Bukan Besi Lainnya | Penggilingan Logam Bukan Besi | Ekstrusi Logam Bukan Besi | Industri Pipa Dan Sambungan Pipa Dari Logam Bukan Besi Dan Baja | Industri Bahan Bakar Nuklir | Pengecoran Besi Dan Baja | Pengecoran Logam Bukan Besi Dan Baja | Industri Produk Logam Struktural Bukan Aluminium Untuk Konstruksi Ringan | Industri Produk Logam Struktural Aluminium Untuk Konstruksi Ringan | Industri Produk Logam Struktural Baja Untuk Konstruksi Berat | Industri Produk Logam Struktural Lainnya | Industri Tangki, Tandon Air, Dan Wadah Sejenisnya Dari Logam | Industri Generator Uap Bukan Ketel Pemanas | Industri Senjata Dan Amunisi | Penempaan, Pengepresan, Pencetakan, Dan Pembentukan Logam; Metalurgi Bubuk | Pengerjaan Dan Pelapisan Logam | Industri Perkakas Tangan | Industri Alat Potong | Industri Alat Makan Dari Logam | Industri Peralatan Umum | Industri Ember, Kaleng, Drum Dan Wadah Sejenisnya Dari Logam | Industri Barang Dari Kawat Logam Bukan Kabel | Industri Paku, Mur, Dan Baut Logam | Industri Brankas, Filling Kantor, Dan Sejenisnya | Industri Peralatan Dapur Dan Peralatan Meja Dari Logam | Industri Produk Rumah Tangga Dari Logam Bukan Peralatan Dapur Dan Peralatan Meja | Industri Profil Logam | Industri Lampu Dari Logam | Industri Produk Logam Lainnya Ytdl | Industri Sel Surya, Panel Surya, Dan Inverter Fotovoltaik | Industri Tabung Elektron Dan Konektor Elektronik | Industri Komponen Dan Papan Elektronik Lainnya Ytdl | Industri Komputer Dan Perakitan Komputer | Industri Perlengkapan Komputer | Industri Peralatan Telepon Dan Faksimili | Industri Peralatan Komunikasi Tanpa Kabel (Wireless) | Industri Kartu Cerdas (Smart Card) | Industri Peralatan Komunikasi Lainnya | Industri Televisi, Monitor Televisi, Dan Displai | Industri Peralatan Perekam, Penerima, Dan Pengganda Audio Dan Video, Bukan Televisi | Industri Peralatan Audio Dan Video Elektronik Lainnya | Industri Alat Ukur Dan Alat Uji Manual | Industri Alat Ukur Dan Alat Uji Elektrik | Industri Alat Ukur Dan Alat Uji Elektronik | Industri Alat Ukur, Alat Uji, Dan Peralatan Navigasi Dan Kontrol Lainnya | Industri Alat Ukur Waktu | Industri Peralatan Iradiasi, Perlengkapan, Dan Sejenisnya | Industri Peralatan Elektromedik Dan Elektroterapi | Industri Peralatan Fotografi | Industri Peralatan Sinematografi | Industri Lensa Bukan Kacamata | Industri Peralatan Fotografi Dan Instrumen Optik Bukan Kacamata Lainnya | Industri Media Magnetik Dan Media Optik | Industri Motor Listrik | Industri Generator Pembangkit Listrik | Industri Pengubah Tegangan/Transformator Dan Pengubah Arus/Rectifier | Industri Peralatan Pengontrol Dan Pendistribusian Listrik | Industri Batu Baterai | Industri Akumulator Listrik | Industri Baterai Kendaraan Listrik | Industri Kabel Serat Optik | Industri Kabel Dan Kawat Listrik Dan Elektronik Lainnya | Industri Perlengkapan Kabel | Industri Bola Lampu Pijar, Lampu Sorot, Dan Lampu Ultraviolet | Industri Lampu Gas Dan Discharge | Industri Peralatan Penerangan Untuk Kendaraan | Industri Lampu Led | Industri Peralatan Penerangan Lainnya | Industri Peralatan Listrik Rumah Tangga | Industri Peralatan Elektrotermal Rumah Tangga | Industri Peralatan Rumah Tangga Bukan Listrik | Industri Peralatan Listrik Lainnya | Industri Mesin Uap, Turbin, Dan Kincir | Industri Motor Pembakaran Dalam | Industri Komponen Dan Suku Cadang Mesin Dan Turbin | Industri Peralatan Tenaga Zat Cair Dan Gas | Industri Pompa Lainnya, Kompresor, Keran, Dan Klep/Katup | Industri Bearing, Roda Gigi, Dan Elemen Penggerak Mesin | Industri Oven, Perapian Dan Tungku Pembakar Sejenis Yang Tidak Menggunakan Arus Listrik | Industri Oven, Perapian Dan Tungku Pembakar Sejenis Yang Menggunakan Arus Listrik | Industri Alat Pengangkat Dan Pemindah | Industri Mesin Kantor Dan Akuntansi Manual | Industri Mesin Kantor Dan Akuntansi Elektrik | Industri Mesin Kantor Dan Akuntansi Elektronik | Industri Peralatan Kantor | Industri Perkakas Tangan Yang Digerakkan Tenaga | Industri Mesin Untuk Pembungkus, Pembotolan, Dan Pengalengan | Industri Mesin Timbangan | Industri Mesin Pendingin | Industri Mesin Untuk Keperluan Umum Lainnya Ytdl | Industri Mesin Pertanian Dan Kehutanan | Industri Mesin Dan Perkakas Mesin Untuk Pengerjaan Logam Dan Bahan Lainnya | Industri Mesin Metalurgi | Industri Mesin Penambangan, Penggalian Dan Konstruksi | Industri Mesin Pengolahan Makanan, Minuman Dan Tembakau | Industri Mesin Jahit, Mesin Cuci, Dan Mesin Pengering Untuk Keperluan Niaga | Industri Mesin Tekstil | Industri Mesin Penyiapan Dan Pembuatan Produk Kulit | Industri Mesin Percetakan | Industri Mesin Pabrik Kertas | Industri Mesin Keperluan Khusus Lainnya Ytdl | Industri Kendaraan Bermotor Roda Empat Atau Lebih | Industri Karoseri Kendaraan Bermotor Roda Empat Atau Lebih; Industri Trailer Dan Semitrailer | Industri Suku Cadang Dan Aksesori Kendaraan Bermotor Roda Empat Atau Lebih | Industri Kendaraan Air Dan Bawah Air Berawak | Industri Bangunan Lepas Pantai Dan Bangunan Terapung | Industri Kendaraan Air Dan Bawah Air Tanpa Awak | Industri Kapal Dan Perahu Untuk Tujuan Wisata Atau Rekreasi Dan Olahraga | Industri Lokomotif Dan Gerbong Kereta | Industri Pesawat Udara Berawak Dan Mesin Terkait | Industri Pesawat Udara Tanpa Awak Dan Mesin Terkait | Industri Wahana Antariksa Dan Mesin Terkait | Industri Kendaraan Tempur Militer | Industri Sepeda Motor Roda Dua Dan Tiga | Industri Komponen Dan Perlengkapan Sepeda Motor Roda Dua Dan Tiga | Industri Sepeda Dan Kursi Roda Termasuk Becak | Industri Perlengkapan Sepeda Dan Kursi Roda Termasuk Becak | Industri Alat Angkutan Lainnya Ytdl | Industri Furnitur Dari Kayu | Industri Furnitur Dari Rotan Dan Bambu | Industri Furnitur Dari Plastik | Industri Furnitur Dari Logam | Industri Furnitur Dari Bahan Lainnya Ytdl | Industri Permata | Industri Perhiasan Dari Logam Mulia | Industri Barang Berharga Dari Logam Mulia Bukan Perhiasan | Industri Perhiasan Dari Mutiara | Industri Barang Berharga Lainnya Dari Logam Mulia | Industri Perhiasan Imitasi Dan Barang Sejenis | Industri Alat Musik Tradisional | Industri Alat Musik Nontradisional | Industri Peralatan Dan Perlengkapan Olahraga | Industri Alat Permainan | Industri Mainan Termasuk Drone Rekreasi | Industri Peralatan Kedokteran Dan Kedokteran Gigi Serta Perlengkapannya | Industri Furnitur Untuk Operasi, Perawatan Kedokteran, Dan Kedokteran Gigi | Industri Peralatan Kedokteran Dan Kedokteran Gigi, Serta Perlengkapan Ortopedi Dan Prostetik | Industri Kacamata | Industri Peralatan Kedokteran Dan Kedokteran Gigi, Serta Perlengkapan Lainnya | Industri Alat Tulis Dan Gambar Termasuk Perlengkapannya | Industri Pita Mesin Tulis Atau Gambar | Industri Kerajinan Ytdl | Reparasi Dan Pemeliharaan Produk Logam Struktural, Tangki, Tandon Air, Dan Generator Uap | Reparasi Dan Pemeliharaan Produk Senjata Dan Amunisi | Reparasi Dan Pemeliharaan Produk Logam Pabrikasi Lainnya | Reparasi Dan Pemeliharaan Mesin Untuk Keperluan Umum | Reparasi Dan Pemeliharaan Mesin Untuk Keperluan Khusus | Reparasi Dan Pemeliharaan Alat Ukur, Alat Uji, Serta Peralatan Navigasi Dan Pengontrol | Reparasi Dan Pemeliharaan Peralatan Iradiasi, Elektromedik, Dan Elektroterapi | Reparasi Dan Pemeliharaan Peralatan Fotografi Dan Optik | Reparasi Dan Pemeliharaan Motor Listrik, Generator, Dan Transformator | Reparasi Dan Pemeliharaan Baterai Dan Akumulator Listrik | Konstruksi Konvensional Gedung Penginapan | Konstruksi Konvensional Gedung Hiburan Dan Olahraga | Konstruksi Konvensional Gedung Lainnya | Konstruksi Prapabrikasi Bangunan Gedung | Konstruksi Bangunan Sipil Sistem Pengolahan Limbah | Konstruksi Sentral Telekomunikasi | Konstruksi Pengeboran/Penggalian Air Tanah | Konstruksi Proyek Utilitas Lainnya | Konstruksi Bangunan Pelabuhan Bukan Perikanan | Konstruksi Bangunan Pelabuhan Perikanan | Konstruksi Reservoir Pembangkit Listrik Tenaga Air | Konstruksi Bangunan Sipil Pelindung Pantai | Konstruksi Bangunan Sipil Prasarana Perairan Dan Sejenis Lainnya | Konstruksi Bangunan Sipil Minyak Dan Gas Bumi | Konstruksi Bangunan Sipil Pertambangan | Konstruksi Bangunan Sipil Panas Bumi | Konstruksi Bangunan Sipil Fasilitas Olahraga | Konstruksi Bangunan Sipil Fasilitas Pengolahan | Konstruksi Bangunan Sipil Fasilitas Militer Dan Bandar Antariksa | Konstruksi Bangunan Sipil Fasilitas Sumber Radiasi Pengion | Konstruksi Bangunan Sipil Reaktor Nuklir | Konstruksi Bangunan Sipil Lainnya Ytdl | Pemasangan Sistem Navigasi Laut, Sungai, Dan Udara | Pemasangan Sistem Pemanas Dan Geotermal | Pemasangan Jaringan Penyaluran Gas | Pemasangan Pendingin Dan Ventilasi Udara | Pemasangan Perlengkapan Mekanikal Bangunan | Pemasangan Konstruksi Lainnya Ytdl | Pemasangan Kaca, Pintu, Kusen, Jendela, Dan Sejenisnya | Pengerjaan Lantai, Dinding, Dan Plafon | Pengecatan | Penyelesaian Konstruksi Bangunan Lainnya | Pemasangan Dan Rekayasa Struktur Bangunan | Pemasangan Perancah (Steger) | Pemasangan Rangka Dan Atap/Roof Covering | Pemasangan Kerangka Baja | Penyewaan Alat Konstruksi Dengan Operator | Konstruksi Khusus Lainnya Ytdl | Perdagangan Besar Atas Dasar Balas Jasa (Fee) Atau Kontrak | Perdagangan Besar Padi Dan Palawija | Perdagangan Besar Buah Yang Mengandung Minyak | Perdagangan Besar Bunga Dan Tanaman Hias | Perdagangan Besar Tembakau Rajangan | Perdagangan Besar Binatang Hidup | Perdagangan Besar Ikan Dan Biota Air Hidup Lainnya | Perdagangan Besar Hasil Kehutanan Dan Perburuan | Perdagangan Besar Kulit | Perdagangan Besar Hasil Pertanian Dan Hewan Hidup Lainnya | Perdagangan Besar Beras | Perdagangan Besar Buah-Buahan | Perdagangan Besar Sayuran | Perdagangan Besar Kopi, Teh, Dan Kakao | Perdagangan Besar Minyak Dan Lemak Nabati | Perdagangan Besar Bahan Makanan Dan Minuman Hasil Pertanian Lainnya | Perdagangan Besar Daging Sapi Dan Daging Sapi Olahan | Perdagangan Besar Daging Ayam Dan Daging Ayam Olahan | Perdagangan Besar Alas Kaki | Perdagangan Besar Barang Jadi Tekstil | Perdagangan Besar Perlengkapan Jahit | Perdagangan Besar Furnitur, Karpet, Perlengkapan Pencahayaan Untuk Rumah Tangga, Perkantoran, Dan Pertokoan | Perdagangan Besar Alat Fotografi Dan Barang Optik | Perdagangan Besar Sediaan Farmasi Untuk Manusia | Perdagangan Besar Sediaan Farmasi Untuk Hewan | Perdagangan Besar Alat Tulis Dan Gambar | Perdagangan Besar Barang Percetakan Dan Penerbitan Dalam Berbagai Bentuk | Perdagangan Besar Peralatan Masak, Peralatan Dapur, Dan Elektronik Rumah Tangga | Perdagangan Besar Peralatan Dan Perlengkapan Olahraga | Perdagangan Besar Alat Musik | Perdagangan Besar Perhiasan Dan Jam | Perdagangan Besar Alat Permainan Dan Mainan | Perdagangan Besar Tas, Dompet, Koper, Ransel, Dan Sejenisnya | Perdagangan Besar Berbagai Barang Dan Perlengkapan Rumah Tangga Lainnya Ytdl | Perdagangan Besar Komputer Dan Perlengkapan Komputer | Perdagangan Besar Perangkat Lunak | Perdagangan Besar Suku Cadang Elektronik | Perdagangan Besar Disket, Flash Drive, Pita Audio Dan Video, Serta Cd Dan Dvd Kosong | Perdagangan Besar Peralatan Telekomunikasi | Perdagangan Besar Mesin, Peralatan Dan Perlengkapan Pertanian | Perdagangan Besar Mesin Kantor Dan Industri, Suku Cadang, Dan Perlengkapannya | Perdagangan Besar Alat Transportasi Laut, Suku Cadang, Dan Perlengkapannya | Perdagangan Besar Alat Transportasi Darat (Bukan Mobil, Sepeda Motor, Dan Sejenisnya), Suku Cadang, Dan Perlengkapannya | Perdagangan Besar Alat Transportasi Udara, Suku Cadang Dan Perlengkapannya | Perdagangan Besar Mesin, Peralatan, Dan Perlengkapan Lainnya Ytdl | Perdagangan Besar Mobil Baru | Perdagangan Besar Mobil Bekas | Perdagangan Besar Suku Cadang Dan Aksesori Mobil | Perdagangan Besar Sepeda Motor Baru | Perdagangan Besar Sepeda Motor Bekas | Perdagangan Besar Suku Cadang Sepeda Motor Dan Aksesorinya | Perdagangan Besar Bahan Bakar Padat, Cair, Dan Gas Beserta Produk Terkait | Perdagangan Besar Bijih Dan Konsentrat Logam | Perdagangan Besar Produk Logam Setengah Jadi | Perdagangan Besar Bahan Konstruksi Dari Logam | Perdagangan Besar Kaca Lembaran | Perdagangan Besar Bahan Konstruksi Dari Tanah Liat, Kapur, Semen, Atau Kaca | Perdagangan Besar Semen, Kapur, Pasir, Dan Batu | Perdagangan Besar Bahan Konstruksi Dari Porselen | Perdagangan Besar Bahan Konstruksi Dari Kayu | Perdagangan Besar Cat | Perdagangan Besar Berbagai Macam Material Bangunan | Perdagangan Besar Bahan Konstruksi, Perkakas, Perlengkapan Perpipaan, Dan Peralatan Pemanas Lainnya | Perdagangan Besar Mineral Bukan Logam | Perdagangan Besar Mineral Radioaktif | Perdagangan Besar Zat Radioaktif Dan Pembangkit Radiasi 
 Pengion | Perdagangan Besar Bahan Dan Barang Kimia | Perdagangan Besar Pupuk Dan Produk Agrokimia | Perdagangan Besar Bahan Berbahaya (B2) | Perdagangan Besar Alat Kesehatan Dan Laboratorium Untuk 
 Manusia | Perdagangan Besar Alat Kesehatan Untuk Hewan | Perdagangan Besar Karet Dan Plastik Dalam Bentuk Dasar | Perdagangan Besar Kertas Dan Karton | Perdagangan Besar Barang Dari Kertas Dan Karton | Perdagangan Besar Barang Bekas Dan Skrap | Perdagangan Besar Produk Lainnya Ytdl | Perdagangan Besar Berbagai Macam Barang Di Grosir/Perkulakan Swalayan | Perdagangan Besar Berbagai Macam Barang Selain Di 
 Grosir/Perkulakan Swalayan | Perdagangan Eceran Berbagai Macam Barang Yang Utamanya 
 Makanan, Minuman, Atau Tembakau Dengan Sistem Swalayan | Perdagangan Eceran Berbagai Macam Barang Yang Utamanya 
 Makanan, Minuman, Atau Tembakau Selain Dengan Sistem 
 Swalayan | Perdagangan Eceran Berbagai Macam Barang Yang Utamanya 
 Bukan Makanan, Minuman, Atau Tembakau Dengan Sistem 
 Swalayan | Perdagangan Eceran Berbagai Macam Barang Yang Utamanya 
 Bukan Makanan, Minuman, Atau Tembakau Selain Dengan Sistem 
 Swalayan | Perdagangan Eceran Padi Dan Palawija | Perdagangan Eceran Buah-Buahan | Perdagangan Eceran Sayuran | Perdagangan Eceran Hasil Peternakan | Perdagangan Eceran Hasil Perikanan | Perdagangan Eceran Hasil Kehutanan Dan Perburuan | Perdagangan Eceran Hasil Pertanian Lainnya | Perdagangan Eceran Minuman Beralkohol | Perdagangan Eceran Minuman Tidak Beralkohol | Perdagangan Eceran Rokok Dan Tembakau | Perdagangan Eceran Beras | Perdagangan Eceran Roti, Kue Kering, Serta Kue Basah Dan Sejenisnya | Perdagangan Eceran Kopi, Gula Pasir, Gula Merah, Dan Sejenisnya | Perdagangan Eceran Daging Olahan | Perdagangan Eceran Ikan Olahan | Perdagangan Eceran Makanan Lainnya | Perdagangan Eceran Bahan Bakar Di Sarana Pengisian Bahan 
 Bakar | Perdagangan Eceran Bahan Bakar Selain Di Sarana Pe"
KAWASAN PERUNTUKAN INDUSTRI;Kawasan Peruntukan Industri;"nan | Kegiatan Rumah Potong Hewan Ruminansia | Kegiatan Rumah Potong Unggas | Kegiatan Rumah Potong Hewan Lainnya | Pengolahan Dan Pengawetan Daging Dan Produk Daging | Pengolahan Dan Pengawetan Ikan Dengan Penggaraman Atau 
 Pengeringan | Pengolahan Dan Pengawetan Ikan Dengan Pengasapan Atau 
 Pemanggangan | Pengolahan Dan Pengawetan Ikan Dengan Pembekuan | Pengolahan Dan Pengawetan Ikan Dengan Pemindangan | Pengolahan Dan Pengawetan Ikan Dengan Fermentasi | Pengolahan Dan Pengawetan Ikan Dengan Pelumatan | Pengolahan Dan Pengawetan Ikan Menjadi Produk Olahan | Penyamakan Kulit | Pewarnaan Kulit Berbulu | Industri Kulit Komposisi | Industri Koper, Tas Tangan, Dan Sejenisnya | Industri Pelana, Alat Pengekang/Harness, Dan Barang Lainnya Untuk Hewan | Industri Barang Lainnya Dari Kulit Dan Kulit Komposisi | Industri Alas Kaki Untuk Keperluan Sehari-Hari | Industri Sepatu Olahraga | Industri Sepatu Teknik Lapangan/Keperluan Industri | Industri Alas Kaki Lainnya | Penggergajian Dan Penghalusan Kayu | Pengawetan Kayu | Pengawetan Rotan, Bambu, Dan Sejenisnya | Pengolahan Rotan | Industri Partikel Kayu Dan Sejenisnya | Industri Kayu Lapis | Industri Venir | Industri Kayu Laminasi | Industri Panel Kayu Lainnya | Industri Barang Bangunan Dari Kayu | Industri Bangunan Prafabrikasi Dari Kayu Dan Sejenisnya | Industri Minyak Asiri Hulu | Industri Minyak Asiri Rantai Tengah | Industri Bahan Baku Obat Bahan Alam Untuk Manusia | Industri Produk Obat Bahan Alam Untuk Manusia | Industri Produk Obat Bahan Alam Untuk Hewan | Industri Bahan Baku Obat Bahan Alam Untuk Hewan | Industri Karet Asap | Industri Karet Remah (Crumb Rubber) | Industri Karet Setengah Jadi Lainnya | Industri Barang Dari Karet Untuk Keperluan Rumah Tangga | Industri Barang Dari Karet Untuk Keperluan Industri | Industri Barang Dari Karet Untuk Keperluan Infrastruktur | Industri Barang Dari Karet Untuk Kesehatan | Industri Barang Lainnya Dari Karet Ytdl | Industri Barang Dari Plastik Untuk Bangunan | Industri Barang Dari Plastik Dan Bioplastik Untuk Pengemasan | Industri Pipa Plastik Dan Perlengkapannya | Industri Plastik Lembaran | Industri Perlengkapan Dan Peralatan Rumah Tangga Dari Plastik (Tidak Termasuk Furnitur) | Industri Barang Dan Peralatan Teknik/Industri Dari Plastik | Industri Mortar, Acian, Dan Beton Siap Pakai | Industri Barang Dari Batu Marmer | Industri Barang Dari Batu Granit | Industri Barang Dari Batu Lainnya | Industri Produk Abrasif | Industri Batuan Aspal Dan Barang Dari Aspal Atau Material Sejenis | Industri Produk Hasil Pemurnian Mineral Nonlogam | Industri Produk Mineral Nonlogam Lainnya Ytdl | Penggilingan Baja | Industri Pipa Dan Sambungan Pipa Dari Besi Dan Baja | Industri Logam Dasar Mulia | Industri Logam Dasar Bukan Besi Lainnya | Penggilingan Logam Bukan Besi | Ekstrusi Logam Bukan Besi | Industri Pipa Dan Sambungan Pipa Dari Logam Bukan Besi Dan Baja | Pengecoran Besi Dan Baja | Pengecoran Logam Bukan Besi Dan Baja | Industri Produk Logam Struktural Bukan Aluminium Untuk Konstruksi Ringan | Industri Produk Logam Struktural Aluminium Untuk Konstruksi Ringan | Industri Produk Logam Struktural Baja Untuk Konstruksi Berat | Industri Produk Logam Struktural Lainnya | Industri Tangki, Tandon Air, Dan Wadah Sejenisnya Dari Logam | Penempaan, Pengepresan, Pencetakan, Dan Pembentukan Logam; Metalurgi Bubuk | Pengerjaan Dan Pelapisan Logam | Industri Perkakas Tangan | Industri Alat Potong | Industri Alat Makan Dari Logam | Industri Peralatan Umum | Industri Ember, Kaleng, Drum Dan Wadah Sejenisnya Dari Logam | Industri Barang Dari Kawat Logam Bukan Kabel | Industri Paku, Mur, Dan Baut Logam | Industri Brankas, Filling Kantor, Dan Sejenisnya | Industri Peralatan Dapur Dan Peralatan Meja Dari Logam | Industri Produk Rumah Tangga Dari Logam Bukan Peralatan Dapur Dan Peralatan Meja | Industri Profil Logam | Industri Lampu Dari Logam | Industri Produk Logam Lainnya Ytdl | Industri Peralatan Komunikasi Tanpa Kabel (Wireless) | Industri Kartu Cerdas (Smart Card) | Industri Peralatan Komunikasi Lainnya | Industri Televisi, Monitor Televisi, Dan Displai | Industri Peralatan Perekam, Penerima, Dan Pengganda Audio Dan Video, Bukan Televisi | Industri Peralatan Audio Dan Video Elektronik Lainnya | Industri Alat Ukur Dan Alat Uji Manual | Industri Alat Ukur Dan Alat Uji Elektrik | Industri Alat Ukur Dan Alat Uji Elektronik | Industri Alat Ukur, Alat Uji, Dan Peralatan Navigasi Dan Kontrol Lainnya | Industri Alat Ukur Waktu | Industri Peralatan Iradiasi, Perlengkapan, Dan Sejenisnya | Industri Peralatan Elektromedik Dan Elektroterapi | Industri Peralatan Fotografi | Industri Peralatan Sinematografi | Industri Lensa Bukan Kacamata | Industri Peralatan Fotografi Dan Instrumen Optik Bukan Kacamata Lainnya | Industri Media Magnetik Dan Media Optik | Industri Motor Listrik | Industri Generator Pembangkit Listrik | Industri Pengubah Tegangan/Transformator Dan Pengubah Arus/Rectifier | Industri Peralatan Pengontrol Dan Pendistribusian Listrik | Industri Batu Baterai | Industri Akumulator Listrik | Industri Kendaraan Air Dan Bawah Air Berawak | Industri Bangunan Lepas Pantai Dan Bangunan Terapung | Industri Kendaraan Air Dan Bawah Air Tanpa Awak | Industri Kapal Dan Perahu Untuk Tujuan Wisata Atau Rekreasi Dan Olahraga | Industri Lokomotif Dan Gerbong Kereta | Industri Pesawat Udara Berawak Dan Mesin Terkait | Industri Pesawat Udara Tanpa Awak Dan Mesin Terkait | Industri Wahana Antariksa Dan Mesin Terkait | Industri Kendaraan Tempur Militer | Industri Sepeda Motor Roda Dua Dan Tiga | Industri Komponen Dan Perlengkapan Sepeda Motor Roda Dua Dan Tiga | Industri Sepeda Dan Kursi Roda Termasuk Becak | Industri Perlengkapan Sepeda Dan Kursi Roda Termasuk Becak | Industri Alat Angkutan Lainnya Ytdl | Industri Furnitur Dari Kayu | Industri Furnitur Dari Rotan Dan Bambu | Industri Furnitur Dari Plastik | Industri Furnitur Dari Logam | Industri Furnitur Dari Bahan Lainnya Ytdl | Industri Permata | Industri Perhiasan Dari Logam Mulia | Industri Barang Berharga Dari Logam Mulia Bukan Perhiasan | Industri Perhiasan Dari Mutiara | Industri Barang Berharga Lainnya Dari Logam Mulia | Industri Perhiasan Imitasi Dan Barang Sejenis | Industri Alat Musik Tradisional | Industri Alat Musik Nontradisional | Industri Peralatan Dan Perlengkapan Olahraga | Industri Alat Permainan | Industri Mainan Termasuk Drone Rekreasi | Industri Peralatan Kedokteran Dan Kedokteran Gigi Serta Perlengkapannya | Industri Furnitur Untuk Operasi, Perawatan Kedokteran, Dan Kedokteran Gigi | Industri Peralatan Kedokteran Dan Kedokteran Gigi, Serta Perlengkapan Ortopedi Dan Prostetik | Industri Kacamata | Industri Peralatan Kedokteran Dan Kedokteran Gigi, Serta Perlengkapan Lainnya | Industri Alat Tulis Dan Gambar Termasuk Perlengkapannya | Industri Pita Mesin Tulis Atau Gambar | Industri Kerajinan Ytdl | Reparasi Dan Pemeliharaan Produk Logam Struktural, Tangki, Tandon Air, Dan Generator Uap | Reparasi Dan Pemeliharaan Produk Senjata Dan Amunisi | Reparasi Dan Pemeliharaan Produk Logam Pabrikasi Lainnya | Reparasi Dan Pemeliharaan Mesin Untuk Keperluan Umum | Reparasi Dan Pemeliharaan Mesin Untuk Keperluan Khusus | Reparasi Dan Pemeliharaan Alat Ukur, Alat Uji, Serta Peralatan Navigasi Dan Pengontrol | Reparasi Dan Pemeliharaan Peralatan Iradiasi, Elektromedik, Dan Elektroterapi | Reparasi Dan Pemeliharaan Peralatan Fotografi Dan Optik | Reparasi Dan Pemeliharaan Motor Listrik, Generator, Dan Transformator | Reparasi Dan Pemeliharaan Baterai Dan Akumulator Listrik | Reparasi Dan Pemeliharaan Peralatan Listrik Lainnya | Reparasi Dan Pemeliharaan Kapal, Perahu, Dan Bangunan Terapung | Reparasi Dan Pemeliharaan Lokomotif Dan Gerbong Kereta | Reparasi Dan Pemeliharaan Pesawat Udara | Reparasi Dan Pemeliharaan Alat Angkutan Lainnya, Bukan Kendaraan Bermotor | Reparasi Dan Pemeliharaan Peralatan Lainnya | Instalasi/Pemasangan Dan Perangkaian/Integrasi Mesin, Peralatan, Dan Sistem Industri | Pembongkaran Mesin, Peralatan, Dan Sistem Industri | Pemasangan Perlengkapan Meteorologi, Klimatologi, Dan Geofisika | Pembangkitan Tenaga Listrik Dari Sumber Energi Tidak Terbarukan Yang Menghasilkan Emisi | Pembangkitan Tenaga Listrik Dari Sumber Energi Tidak Terbarukan Yang Tidak Menghasilkan Emisi | Pembangkitan Tenaga Listrik Dari Sumber Energi Terbarukan | Aktivitas Penyaluran Tenaga Listrik | Aktivitas Penyimpanan Tenaga Listrik | Penyediaan Tenaga Listrik Dalam Satu Kesatuan Usaha | Pengoperasian Instalasi Penyediaan Tenaga Listrik | Pengoperasian Instalasi Pemanfaatan Tenaga Listrik | Aktivitas Penunjang Tenaga Listrik Lainnya | Produksi Gas Alam Dan Buatan | Distribusi Gas Alam Dan Buatan Melalui Jaringan | Pengadaan Uap/Air Panas Dan Udara Dingin | Produksi Es | Aktivitas Broker Dan Agen Penjualan Gas Alam | Pengolahan Dan Penyediaan Air Minum | Aktivitas Penunjang Penyediaan Air | Pengumpulan Air Limbah | Pengolahan Dan Pembuangan Air Limbah | Pengumpulan Limbah Atau Sampah Tidak Berbahaya | Pengumpulan Limbah Berbahaya Selain Limbah Radiokatif | Pengolahan Sampah Tidak Berbahaya Untuk Menghasilkan Energi | Produksi Kompos Sampah Organik | Pengolahan Dan Pembuangan Limbah Atau Sampah Tidak Berbahaya Lainnya | Pemulihan Material Barang Logam | Pemulihan Material Barang Plastik | Pemulihan Material Lainnya | Aktivitas Penyimpanan Karbon | Aktivitas Remediasi Dan Pengelolaan Limbah Atau Sampah Lainnya | Konstruksi Konvensional Gedung Hunian | Konstruksi Konvensional Gedung Industri | Konstruksi Konvensional Gedung Kesehatan | Konstruksi Konvensional Gedung Pendidikan | Konstruksi Prapabrikasi Bangunan Gedung | Pemasangan Saluran Air (Plumbing) | Pemasangan Pendingin Dan Ventilasi Udara | Perdagangan Besar Daging Dan Daging Olahan Lainnya | Perdagangan Besar Hasil Perikanan Dan Olahan Terkait | Perdagangan Besar Telur Dan Hasil Olahan Telur | Perdagangan Besar Susu Dan Produk Susu | Perdagangan Besar Minyak Dan Lemak Hewani | Perdagangan Besar Bahan Makanan Dan Minuman Hasil Peternakan Dan Perikanan Lainnya | Perdagangan Besar Rokok Dan Tembakau | Perdagangan Besar Tekstil | Perdagangan Besar Mesin Kantor Dan Industri, Suku Cadang, Dan Perlengkapannya | Perdagangan Besar Bijih Dan Konsentrat Logam | Perdagangan Besar Produk Logam Setengah Jadi | Perdagangan Besar Berbagai Macam Material Bangunan | Perdagangan Besar Bahan Konstruksi, Perkakas, Perlengkapan Perpipaan, Dan Peralatan Pemanas Lainnya | Perdagangan Besar Mineral Bukan Logam | Perdagangan Besar Pupuk Dan Produk Agrokimia | Perdagangan Besar Bahan Berbahaya (B2) | Perdagangan Besar Alat Kesehatan Dan Laboratorium Untuk 
 Manusia | Perdagangan Besar Alat Kesehatan Untuk Hewan | Perdagangan Besar Karet Dan Plastik Dalam Bentuk Dasar | Perdagangan Besar Kertas Dan Karton | Perdagangan Besar Barang Dari Kertas Dan Karton | Perdagangan Besar Barang Bekas Dan Skrap | Perdagangan Besar Produk Lainnya Ytdl | Perdagangan Besar Berbagai Macam Barang Di Grosir/Perkulakan Swalayan | Perdagangan Besar Berbagai Macam Barang Selain Di 
 Grosir/Perkulakan Swalayan | Perdagangan Eceran Berbagai Macam Barang Yang Utamanya 
 Makanan, Minuman, Atau Tembakau Dengan Sistem Swalayan | Perdagangan Eceran Berbagai Macam Barang Yang Utamanya 
 Makanan, Minuman, Atau Tembakau Selain Dengan Sistem 
 Swalayan | Perdagangan Eceran Berbagai Macam Barang Yang Utamanya 
 Bukan Makanan, Minuman, Atau Tembakau Dengan Sistem 
 Swalayan | Perdagangan Eceran Berbagai Macam Barang Yang Utamanya 
 Bukan Makanan, Minuman, Atau Tembakau Selain Dengan Sistem 
 Swalayan | Perdagangan Eceran Padi Dan Palawija | Perdagangan Eceran Bahan Bakar Di Sarana Pengisian Bahan 
 Bakar | Perdagangan Eceran Bahan Bakar Selain Di Sarana Pengisian 
 Bahan Bakar | Perdagangan Eceran Minyak Pelumas | Perdagangan Eceran Bahan Dan Material Konstruksi | Perdagangan Eceran Kaca Lembaran | Perdagangan Eceran Perkakas Dan Peralatan Pertukangan | Perdagangan Eceran Peralatan Keselamatan Dan Gawat Darurat | Perdagangan Eceran Cat, Pernis Dan Lakeri | Perdagangan Eceran Bahan-Bahan Energi Terbarukan | Perdagangan Eceran Barang Antik | Perdagangan Eceran Hewan Ternak Dan Bibit Hewan | Perdagangan Eceran Pakan Ternak/Unggas/Ikan Dan Hewan Kesayangan | Perdagangan Eceran Bunga Potong/Florist | Perdagangan Eceran Pupuk Dan Pemberantas Hama | Perdagangan Eceran Perlengkapan Dan Media Tanaman Hias | Perdagangan Eceran Bahan Kimia, Aromatik/Penyegar (Minyak Asiri), Dan Bahan Bakar Selain Bahan Bakar Untuk Kendaraan Bermotor Lainnya | Perdagangan Eceran Cendera Mata, Kerajinan, Dan Barang Barang Keagamaan | Angkutan Perkotaan | Angkutan Perdesaan | Angkutan Bermotor Untuk Barang Umum | Angkutan Bermotor Untuk Barang Khusus | Angkutan Tidak Bermotor Untuk Barang | Angkutan Kereta Api Lainnya | Angkutan Pariwisata | Angkutan Taksi | Angkutan Khusus | Angkutan Sewa | Angkutan Ojek Motor | Angkutan Tidak Bermotor Untuk Penumpang | Transportasi Darat Lainnya Untuk Penumpang Ytdl | Transportasi Melalui Saluran Pipa | Aktivitas Penyiaran Radio Analog | Aktivitas Telekomunikasi Dengan Satelit | Aktivitas Jasa Akses Internet (Internet Service Provider | Aktivitas Jasa Sistem Komunikasi Data | Aktivitias Jasa Televisi Protokol Internet (Iptv) | Aktivitas Jasa Gerbang Akses Internet (Network Access Point) | Aktivitas Jasa Teleponi Dasar | Aktivitas Penjualan Kembali Jasa Telekomunikasi | Aktivitas Penjualan Kembali Dan Jasa Intermediasi Untuk Telekomunikasi Lainnya | Aktivitas Jasa Panggilan Premium (Premium Call) | Aktivitas Jasa Konten Sms Premium | Aktivitas Jasa Internet Teleponi Untuk Keperluan Publik (Itkp) | Aktivitas Jasa Panggilan Terkelola (Calling Card) | Aktivitas Jasa Telekomunikasi Khusus Berbasis Satelit | Aktivitas Telekomunikasi Lainnya Ytdl | Pengembangan Video Gim, Perangkat Lunak Video Gim, Dan Perangkat Lunak Pendukungnya | Aktivitas Pengembangan Aplikasi Perdagangan Melalui Internet (E-Commerce) | Aktivitas Pengembangan Aplikasi Dan Produksi Konten Berbasis Media Imersif | Aktivitas Pengembangan Aplikasi Berbasis Teknologi 
 Blockchain | Aktivitas Penyediaan Dan Pengelolaan Identitas Digital | Aktivitas Pengembangan Komponen Dasar Kecerdasan Buatan | Aktivitas Pemrograman Komputer Lainnya Ytdl | Aktivitas Konsultansi Dan Manajemen Keamanan Siber | Aktivitas Penyediaan Dan Pengelolaan Identitas Digital | Aktivitas Penyediaan Sertifikat Elektronik Dan Jasa Terkait | Aktivitas Konsultansi Dan Perancangan Internet Of Things (Iot) | Pengelolaan Kawasan Industri | Pengelolaan Kawasan Ekonomi Khusus | Penyewaan Gudang Dan Fasilitas Penyimpanan Mandiri | Aktivitas Konsultansi Manajemen Dan Bisnis Industri | Aktivitas Perancangan Dan Konsultansi Teknis Pabrik | Aktivitas Enjinering Dan Konsultansi Teknis Terkait Lainnya | Jasa Sertifikasi Teknis | Jasa Inspeksi Teknis | Jasa Verifikasi Dan Validasi Teknis | Jasa Pengujian Teknis | Pengujian Dan Analisis Teknis Lainnya";Pertanian Tanaman Hias | Pembiakan Tanaman Lainnya | Industri Zat Pengatur Tumbuh | Industri Tinta | Perdagangan Besar Perhiasan Dan Jam | Perdagangan Besar Perangkat Lunak;Industri Minyak Pelumas | Industri Briket | Industri Gas Industri | Industri Kimia Dasar Organik Dari Sumber Daya Alam Hayati | Industri Pupuk Hara Mikro | Industri Pupuk Organik, Pupuk Hayati, Dan Media Tanam | Industri Biostimulan | Industri Damar Buatan (Resin Sintetis) Dan Bahan Baku Plastik | Industri Karet Buatan | Industri Cat | Industri Pernis | Industri Dempul | Industri Sediaan Pewarna Dan Pelapis Lainnya | Industri Bahan Dan Produk Pembersih | Industri Kosmetik Untuk Manusia, Cairan Lensa Kontak | Industri Kosmetik Untuk Hewan | Industri Bahan Peledak | Industri Tinta | Industri Korek Api | Industri Biofuel Cair | Industri Cairan Rokok Elektrik | Industri Barang Kimia Lainnya Ytdl | Industri Serat Filamen Dan Strip Buatan | Industri Serat Stapel Buatan | Industri Ban Luar Dan Ban Dalam | Industri Pembentukan Kembali Ban Dan Vulkanisasi Ban | Industri Karet Lembaran Dan Crepe Rubber | Reparasi Dan Pemeliharaan Kapal, Perahu, Dan Bangunan Terapung | Reparasi Dan Pemeliharaan Lokomotif Dan Gerbong Kereta | Reparasi Dan Pemeliharaan Pesawat Udara | Reparasi Dan Pemeliharaan Alat Angkutan Lainnya, Bukan Kendaraan Bermotor | Pembongkaran Mesin, Peralatan, Dan Sistem Industri | Pembangkitan Tenaga Listrik Dari Sumber Energi Tidak Terbarukan Yang Menghasilkan Emisi | Pembangkitan Tenaga Listrik Dari Sumber Energi Tidak Terbarukan Yang Tidak Menghasilkan Emisi | Aktivitas Penyimpanan Tenaga Listrik | Penyediaan Tenaga Listrik Dalam Satu Kesatuan Usaha | Pengoperasian Instalasi Penyediaan Tenaga Listrik | Produksi Gas Alam Dan Buatan | Distribusi Gas Alam Dan Buatan Melalui Jaringan | Perdagangan Besar Alat Transportasi Udara, Suku Cadang Dan Perlengkapannya | Perdagangan Eceran Bahan Baku Farmasi Dan Alat Kesehatan Lainnya | Perdagangan Eceran Bahan Konstruksi Dan Saniter Bekas | Perdagangan Eceran Tanaman Dan Bibit Tanaman Selain Tanaman Kehutanan | Perdagangan Eceran Tanaman Dan Bibit Tanaman Kehutanan | Perdagangan Eceran Minyak Tanah | Perdagangan Eceran Gas Tabung Lpg | Perdagangan Eceran Aromatik/Penyegar (Minyak Asiri) | Perdagangan Eceran Lukisan | Pengelolaan Pusat Perbelanjaan;"Industri Produk Tanur Kokas | Industri Bahan Bakar Dari Pemurnian Dan Pengilangan Minyak Bumi | Industri Produk Dari Bahan Limbah Minyak Pelumas | Industri Minyak Pelumas Dasar (Bahan Baku Pelumas) | Industri Produk Dari Pencampuran Hasil Kilang Minyak Bumi Dengan Biofuel | Industri Produk Lainnya Dari Hasil Kilang Minyak Bumi | Industri Asam, Basa, Dan Garam Anorganik | Industri Kimia Dasar Zat Warna Dan Pigmen | Industri Kimia Dasar Dari Minyak Bumi, Gas Alam, Dan Batu Bara | Industri Kimia Dasar Anorganik Lainnya | Industri Senyawa Nitrogen; Pupuk Nitrogen, Fosfat, Dan Kalium | Industri Pupuk Hara Makro Primer Lainnya | Industri Bahan Baku Pemberantas Hama (Bahan Aktif) | Industri Pemberantas Hama (Formulasi) | Industri Bahan Peledak | Industri Korek Api | Industri Biofuel Cair | Industri Cairan Rokok Elektrik | Industri Barang Kimia Lainnya Ytdl | Reparasi Dan Pemeliharaan Lokomotif Dan Gerbong Kereta | Reparasi Dan Pemeliharaan Pesawat Udara | Pembangkitan Tenaga Listrik Dari Sumber Energi Tidak Terbarukan Yang Menghasilkan Emisi | Pengoperasian Instalasi Penyediaan Tenaga Listrik | Produksi Gas Alam Dan Buatan | Perdagangan Besar Mineral Radioaktif | Aktivitas Jasa Intermediasi Untuk Penyewaan Dan Sewa Guna Usaha Barang Berwujud Dan Aset Tak Berwujud Nonfinansial Lainnya | Aktivitas Penempatan Awak Kapal | Aktivitas Penyediaan Informasi Lowongan Kerja | Aktivitas Penempatan Tenaga Kerja Lainnya | Aktivitas Penyediaan Tenaga Kerja Sementara Dan Penyediaan Sumber Daya Manusia Lainnya";"Pertanian Tanaman Hias | Pembiakan Tanaman Lainnya | Industri Bahan Peledak | Industri Korek Api | Industri Biofuel Cair | Industri Cairan Rokok Elektrik | Industri Barang Kimia Lainnya Ytdl | Konstruksi Konvensional Gedung Penginapan | Konstruksi Konvensional Gedung Hiburan Dan Olahraga | Konstruksi Konvensional Gedung Lainnya | Perdagangan Besar Zat Radioaktif Dan Pembangkit Radiasi 
 Pengion";Perdagangan Besar Bahan Dan Barang Kimia;-;-;"Pembudidayaan Ikan Hias Air Tawar Yang Tidak Dilindungi | Pembudidayaan Tumbuhan Air Tawar Yang Tidak Dilindungi | Pengembangbiakan Biota Air Tawar Yang Dilindungi | Pembudidayaan Ikan Bersirip (Selain Ikan Hias) Dan Biota Air Payau Lainnya Yang Tidak Dilindungi | Pembudidayaan Ikan Hias Air Payau Yang Tidak Dilindungi | Pembudidayaan Tumbuhan Air Payau Yang Tidak Dilindungi | Pengembangbiakan Biota Air Payau Yang Dilindungi | Jasa Penunjang Kegiatan Penangkapan Dan Pembudidayaan Ikan | Kegiatan Rumah Potong Babi | Pengolahan Dan Pengawetan Ikan Dengan Pengalengan | Pengolahan Dan Pengawetan Ikan Dengan Metode Lainnya | Pengolahan Dan Pengawetan Biota Air Lainnya Dengan 
 Penggaraman Atau Pengeringan | Pengolahan Dan Pengawetan Biota Air Lainnya Dengan 
 Pengasapan Atau Pemanggangan | Pengolahan Dan Pengawetan Biota Air Lainnya Dengan 
 Pembekuan | Pengolahan Dan Pengawetan Biota Air Lainnya Dengan 
 Pemindangan | Pengolahan Dan Pengawetan Biota Air Lainnya Dengan 
 Fermentasi | Pengolahan Dan Pengawetan Biota Air Lainnya Dengan 
 Pelumatan | Pengolahan Dan Pengawetan Biota Air Lainnya Dengan 
 Pengalengan | Pengolahan Dan Pengawetan Rumput Laut | Pengolahan Dan Pengawetan Biota Air Lainnya Dengan Metode 
 Lainnya | Pengasinan Buah-Buahan Dan Sayuran | Pelumatan Buah-Buahan Dan Sayuran | Pengeringan Buah-Buahan Dan Sayuran | Pembekuan Buah-Buahan Dan Sayuran | Pengalengan Buah-Buahan Dan Sayuran | Pengolahan Sari Buah-Buahan Dan Sayuran | Pembuatan Tempe Kedelai | Pembuatan Tahu Kedelai | Pengolahan Dan Pengawetan Lainnya Untuk Buah-Buahan Dan Sayuran | Industri Minyak Mentah Dan Lemak Nabati Bukan Kelapa Dan Kelapa Sawit | Industri Margarin | Industri Minyak Mentah Dan Lemak Dari Hewan Selain Ikan | Industri Minyak Ikan | Industri Minyak Goreng Dan Minyak Makan Bukan Minyak Kelapa Dan Minyak Kelapa Sawit | Industri Minyak Mentah Dan Lemak Nabati Dan Hewani Bukan Kelapa Dan Kelapa Sawit Lainnya | Industri Kopra | Industri Minyak Mentah Kelapa | Industri Minyak Goreng Kelapa | Industri Minyak Mentah Kelapa Sawit (Crude Palm Oil) | Industri Minyak Mentah Inti Kelapa Sawit (Crude Palm Kernel Oil) | Industri Pemisahan/Fraksinasi Minyak Mentah Kelapa Sawit Dan Minyak Mentah Inti Kelapa Sawit | Industri Pemurnian Minyak Mentah Kelapa Sawit Dan Minyak Mentah Inti Kelapa Sawit | Industri Pemisahan/Fraksinasi Minyak Murni Kelapa Sawit | Industri Pemisahan/Fraksinasi Minyak Murni Inti Kelapa Sawit | Industri Minyak Goreng Kelapa Sawit | Industri Susu Segar Dan Krim | Industri Susu Bubuk Dan Susu Kental | Industri Es Krim | Industri Es Yang Dapat Dimakan Dan Es Pencuci Mulut | Industri Produk Susu Lainnya | Industri Produk Gilingan Gandum (Selain Tepung Terigu) Dan Serelia Selain Beras Dan Jagung | Industri Produk Gilingan Aneka Kacang | Industri Produk Gilingan Aneka Umbi, Tanaman Rimpang, Dan Sayuran | Industri Tepung Campuran Dan Adonan Tepung | Industri Makanan Sereal | Industri Tepung Terigu | Industri Pati Ubi Kayu | Industri Berbagai Macam Pati Palem | Industri Glukosa Dan Sejenisnya | Industri Pati Dan Produk Pati Lainnya | Industri Penggilingan Padi Dan Penyosohan Beras | Industri Pemipilan Jagung | Industri Tepung Beras Dan Tepung Jagung | Industri Pati Beras Dan Jagung | Industri Pemanis Dari Beras Dan Jagung | Industri Minyak Dari Beras Dan Jagung | Industri Produk Bakeri | Industri Gula Pasir | Industri Gula Merah | Industri Sirop | Industri Gula Lainnya | Industri Pengolahan Kakao; Industri Cokelat Dan Kembang Gula | Industri Pengolahan Kakao | Industri Cokelat Dan Kembang Gula Dari Cokelat | Industri Manisan Buah-Buahan Dan Sayuran Kering | Industri Kembang Gula Lainnya | Industri Makaroni, Mi, Couscous, Dan Produk Sejenisnya | Industri Makanan Dan Masakan Olahan | Pengolahan Kopi | Pengolahan Te | Industri Kecap | Industri Garam Konsumsi Beryodium | Industri Garam Industri Aneka Pangan | Industri Bumbu Masakan Lainnya | Industri Makanan Bayi Dan Makanan Khusus | Industri Kue Basah | Industri Produk Makanan Dari Kelapa | Industri Kerupuk, Keripik, Peyek, Dan Sejenisnya | Industri Sari Nabati Dan Krimer Nabati | Industri Dodol | Industri Infusi Herbal/Herb Infusion | Industri Bahan Makanan Dari Rumput Laut | Industri Produk Makanan Lainnya Ytdl | Industri Ransum Pakan Hewan | Industri Konsentrat Pakan Hewan | Industri Penyulingan, Pemurnian, Dan Pencampuran Minuman Beralkohol | Industri Minuman Beralkohol Hasil Fermentasi Anggur Dan Hasil Pertanian Lainnya | Industri Minuman Beralkohol Hasil Fermentasi Malt | Industri Malt | Industri Air Kemasan | Industri Air Minum Isi Ulang | Industri Minuman Ringan | Industri Minuman Lainnya | Industri Sigaret Kretek Tangan | Industri Sigaret Kretek Mesin | Industri Rokok Putih | Industri Pengeringan Dan Pengolahan Tembakau | Industri Bumbu Rokok | Industri Produk Tembakau Lainnya | Persiapan Serat Tekstil | Pemintalan Benang Selain Benang Jahit | Pemintalan Benang Jahit | Pertenunan Tekstil Dengan Mesin | Pertenunan Tekstil Bukan Dengan Mesin | Penyempurnaan Benang | Penyempurnaan Basah Kain | Industri Kain Batik | Penyempurnaan Tekstil Lainnya | Industri Kain Rajutan | Industri Kain Crocheted | Industri Bulu Tiruan Rajutan | Industri Barang Tekstil Untuk Keperluan Rumah Tangga | Industri Barang Tekstil Dengan Bahan Pengisi | Industri Karung Goni | Industri Karung Selain Karung Goni | Industri Barang Tekstil Bukan Pakaian Jadi Lainnya | Industri Karpet Dan Permadani | Industri Tali | Industri Barang Dari Tali | Industri Kain Narrow | Industri Kain Yang Dilapisi Dan Sejenisnya | Industri Kain Nirtenun/Nonwoven | Industri Kain Ban | Industri Kapuk | Industri Kain Tule, Kain Jaring, Dan Kain Bordir | Industri Tekstil Lainnya Ytdl | Industri Pakaian Jadi (Konfeksi) Dari Tekstil | Industri Pakaian Jadi (Konfeksi) Dari Kulit Dan Tiruan Kulit | Industri Penjahitan Dan Pembuatan (Bukan Konfeksi) Pakaian Sesuai Pesanan/Kustomisasi | Industri Perlengkapan Pakaian Dari Tekstil | Industri Perlengkapan Pakaian Dari Kulit Dan Tiruan Kulit | Industri Barang Dari Kulit Berbulu | Industri Pakaian Jadi Dan Perlengkapannya Dari Rajutan Dan Crocheted | Industri Hosiery Rajutan Dan Crocheted | Industri Wadah Dari Kayu | Industri Barang Anyaman Dari Rotan Dan Bambu | Industri Barang Anyaman Dari Tanaman Selain Rotan Dan Bambu | Industri Kerajinan Ukiran Dari Kayu Bukan Furnitur | Industri Alat Dapur Dan Alat Makan Dari Kayu, Rotan, Dan Bambu | Industri Kayu Bakar Dan Pelet Dari Kayu Dan Biomassa Lainnya | Industri Barang Lainnya Dari Kayu; Industri Barang Dari Gabus, Jerami, Rotan, Bambu, Dan Sejenisnya Ytdl | Industri Bubur Kertas (Pulp) | Industri Kertas Budaya | Industri Kertas Berharga | Industri Kertas Khusus | Industri Kertas Lainnya | Industri Kertas Dan Papan Kertas Bergelombang | Industri Kemasan Dan Kotak Dari Kertas Dan Karton | Industri Kertas Tisu | Industri Barang Dari Kertas Dan Papan Kertas Lainnya Ytdl | Pencetakan Umum | Pencetakan Khusus | Pencetakan Tiga Dimensi (3d) | Kegiatan Jasa Penunjang Pencetakan | Reproduksi Media Rekaman Suara Dan Perangkat Lunak | Reproduksi Media Rekaman Film Dan Video | Industri Briket | Industri Pupuk Organik, Pupuk Hayati, Dan Media Tanam | Industri Biostimulan | Industri Bahan Peledak | Industri Korek Api | Industri Biofuel Cair | Industri Cairan Rokok Elektrik | Industri Barang Kimia Lainnya Ytdl | Industri Besi Dan Baja Dasar | Industri Generator Uap Bukan Ketel Pemanas | Industri Senjata Dan Amunisi | Industri Sel Surya, Panel Surya, Dan Inverter Fotovoltaik | Industri Tabung Elektron Dan Konektor Elektronik | Industri Komponen Dan Papan Elektronik Lainnya Ytdl | Industri Komputer Dan Perakitan Komputer | Industri Perlengkapan Komputer | Industri Peralatan Telepon Dan Faksimili | Industri Peralatan Komunikasi Tanpa Kabel (Wireless) | Industri Kartu Cerdas (Smart Card) | Industri Peralatan Komunikasi Lainnya | Industri Televisi, Monitor Televisi, Dan Displai | Industri Peralatan Perekam, Penerima, Dan Pengganda Audio Dan Video, Bukan Televisi | Industri Peralatan Audio Dan Video Elektronik Lainnya | Industri Alat Ukur Dan Alat Uji Manual | Industri Alat Ukur Dan Alat Uji Elektrik | Industri Alat Ukur Dan Alat Uji Elektronik | Industri Alat Ukur, Alat Uji, Dan Peralatan Navigasi Dan Kontrol Lainnya | Industri Alat Ukur Waktu | Industri Peralatan Iradiasi, Perlengkapan, Dan Sejenisnya | Industri Peralatan Elektromedik Dan Elektroterapi | Industri Peralatan Fotografi | Industri Peralatan Sinematografi | Industri Lensa Bukan Kacamata | Industri Peralatan Fotografi Dan Instrumen Optik Bukan Kacamata Lainnya | Industri Media Magnetik Dan Media Optik | Industri Motor Listrik | Industri Generator Pembangkit Listrik | Industri Pengubah Tegangan/Transformator Dan Pengubah Arus/Rectifier | Industri Peralatan Pengontrol Dan Pendistribusian Listrik | Industri Batu Baterai | Industri Akumulator Listrik | Industri Baterai Kendaraan Listrik | Industri Kabel Serat Optik | Industri Kabel Dan Kawat Listrik Dan Elektronik Lainnya | Industri Perlengkapan Kabel | Industri Bola Lampu Pijar, Lampu Sorot, Dan Lampu Ultraviolet | Industri Lampu Gas Dan Discharge | Industri Peralatan Penerangan Untuk Kendaraan | Industri Lampu Led | Industri Peralatan Penerangan Lainnya | Industri Peralatan Listrik Rumah Tangga | Industri Peralatan Elektrotermal Rumah Tangga | Industri Peralatan Rumah Tangga Bukan Listrik | Industri Peralatan Listrik Lainnya | Industri Mesin Uap, Turbin, Dan Kincir | Industri Motor Pembakaran Dalam | Industri Komponen Dan Suku Cadang Mesin Dan Turbin | Industri Peralatan Tenaga Zat Cair Dan Gas | Industri Pompa Lainnya, Kompresor, Keran, Dan Klep/Katup | Industri Bearing, Roda Gigi, Dan Elemen Penggerak Mesin | Industri Oven, Perapian Dan Tungku Pembakar Sejenis Yang Tidak Menggunakan Arus Listrik | Industri Oven, Perapian Dan Tungku Pembakar Sejenis Yang Menggunakan Arus Listrik | Industri Alat Pengangkat Dan Pemindah | Industri Mesin Kantor Dan Akuntansi Manual | Industri Mesin Kantor Dan Akuntansi Elektrik | Pengoperasian Fasilitas Atau Stasiun Pengisian Daya Untuk Kendaraan Dan Peralatan Listrik | Aktivitas Broker Dan Agen Penjualan Tenaga Listrik | Penampungan Dan Penyediaan Air Baku | Konstruksi Konvensional Gedung Perkantoran | Konstruksi Jalan Pada Permukaan Tanah | Konstruksi Bangunan Sipil Jembatan, Jalan Layang, Fly Over, Dan Underpass | Konstruksi Terowongan | Konstruksi Jaringan Irigasi Dan Drainase | Konstruksi Bangunan Sipil Sistem Pengolahan Limbah | Konstruksi Bangunan Sipil Elektrikal | Konstruksi Bangunan Sipil Telekomunikasi Untuk Prasarana Transportasi | Konstruksi Sentral Telekomunikasi | Konstruksi Bangunan Prasarana Sumber Daya Air | Konstruksi Bangunan Sipil Prasarana Perairan Dan Sejenis Lainnya | Pembongkaran | Penyiapan Lahan | Pemasangan Jaringan Listrik | Pemasangan Jaringan Telekomunikasi | Pemasangan Sistem Elektronika | Pemasangan Sistem Persinyalan Dan Telekomunikasi Kereta Api | Pemasangan Perlengkapan Jalan Berbasis Listrik | Pemasangan Perlengkapan Mekanikal Bangunan | Pemasangan Kaca, Pintu, Kusen, Jendela, Dan Sejenisnya | Pengerjaan Lantai, Dinding, Dan Plafon | Pengecatan | Penyelesaian Konstruksi Bangunan Lainnya | Jasa Intermediasi Konstruksi Khusus | Pemasangan Dan Rekayasa Struktur Bangunan | Pemasangan Perancah (Steger) | Pemasangan Rangka Dan Atap/Roof Covering | Pemasangan Kerangka Baja | Penyewaan Alat Konstruksi Dengan Operator | Perdagangan Besar Gula, Cokelat, Dan Kembang Gula | Perdagangan Besar Produk Bakeri | Perdagangan Besar Minuman Nonalkohol Bukan Susu | Perdagangan Besar Makanan Dan Minuman Lainnya | Perdagangan Besar Pakaian | Perdagangan Besar Perlengkapan Jahit | Perdagangan Besar Alat Fotografi Dan Barang Optik | Perdagangan Besar Barang Percetakan Dan Penerbitan Dalam Berbagai Bentuk | Perdagangan Besar Peralatan Dan Perlengkapan Olahraga | Perdagangan Besar Alat Musik | Perdagangan Besar Tas, Dompet, Koper, Ransel, Dan Sejenisnya | Perdagangan Besar Komputer Dan Perlengkapan Komputer | Perdagangan Besar Suku Cadang Elektronik | Perdagangan Besar Disket, Flash Drive, Pita Audio Dan Video, Serta Cd Dan Dvd Kosong | Perdagangan Besar Suku Cadang Sepeda Motor Dan Aksesorinya | Perdagangan Besar Bahan Konstruksi Dari Porselen | Perdagangan Eceran Perlengkapan Pakaian | Perdagangan Eceran Tas, Dompet, Koper, Ransel, Dan Sejenisnya | Perdagangan Eceran Sediaan Farmasi Untuk Manusia Di Apotek | Perdagangan Eceran Sediaan Farmasi Untuk Manusia Selain Di Apotek | Perdagangan Eceran Obat Bahan Alam Untuk Manusia | Perdagangan Eceran Kosmetik Untuk Manusia | Perdagangan Eceran Alat Kesehatan Untuk Manusia | Perdagangan Eceran Obat Farmasi Untuk Hewan | Perdagangan Eceran Obat Tradisional Untuk Hewan | Perdagangan Eceran Kosmetik Untuk Hewan | Perdagangan Eceran Alat Fotografi Dan Perlengkapannya | Perdagangan Eceran Alat Optik Dan Perlengkapannya | Perdagangan Eceran Kacamata | Perdagangan Eceran Jam | Perdagangan Eceran Barang Perhiasan | Perdagangan Eceran Perlengkapan Rumah Tangga Bekas | Perdagangan Eceran Pakaian, Alas Kaki, Dan Perlengkapan Pakaian Bekas | Perdagangan Eceran Barang Perlengkapan Pribadi Bekas | Perdagangan Eceran Barang Listrik Dan Elektronik Bekas | Perdagangan Eceran Barang Bekas Lainnya | Perdagangan Eceran Hewan Kesayangan (Pet Animals) | Perdagangan Eceran Ikan Dan Biota Air Hidup Lainnya | Perdagangan Eceran Bahan Kimia | Perdagangan Eceran Berbagai Macam Mesin Dan Perlengkapannya | Angkutan Laut Luar Negeri Untuk Barang Umum | Angkutan Laut Luar Negeri Untuk Barang Khusus | Angkutan Laut Luar Negeri Pelayaran Rakyat Untuk Barang | Angkutan Penyeberangan Umum Antarprovinsi Untuk Penumpang | Angkutan Penyeberangan Umum Antarkabupaten/Kota Untuk Penumpang | Angkutan Penyeberangan Umum Dalam Kabupaten/Kota Untuk Penumpang | Angkutan Penyeberangan Perintis Antarprovinsi Untuk Penumpang | Angkutan Penyeberangan Perintis Antarkabupaten/Kota Untuk Penumpang | Transportasi Pesisir Lainnya Untuk Penumpang | Angkutan Penyeberangan Umum Antarprovinsi Untuk Barang | Angkutan Penyeberangan Umum Antarkabupaten/Kota Untuk Barang | Angkutan Penyeberangan Umum Dalam Kabupaten/Kota Untuk Barang | Angkutan Penyeberangan Perintis Antarprovinsi Untuk Barang | Angkutan Penyeberangan Perintis Antarkabupaten/Kota Untuk Barang | Transportasi Pesisir Lainnya Untuk Barang | Angkutan Sungai Dan Danau Liner (Trayek Tetap Dan Teratur) Untuk Penumpang | Angkutan Sungai Dan Danau Tramper (Trayek Tidak Tetap Dan Tidak Teratur) Untuk Penumpang | Angkutan Sungai Dan Danau Untuk Wisata | Angkutan Sungai Dan Danau Untuk Barang Umum | Angkutan Sungai Dan Danau Untuk Barang Berbahaya | Angkutan Udara Niaga Berjadwal Untuk Penumpang | Angkutan Udara Niaga Tidak Berjadwal Untuk Penumpang | Transportasi Antariksa Untuk Penumpang | Angkutan Udara Niaga Berjadwal Khusus Kargo | Angkutan Udara Niaga Tidak Berjadwal Khusus Kargo | Transportasi Antariksa Untuk Barang | Pengelola Gudang Sistem Resi Gudang | Aktivitas Gudang Dingin | Aktivitas Gudang Berikat | Penyimpanan Minyak Dan Gas Bumi | Aktivitas Penyimpanan Barang Berbahaya Dan Beracun (B3) | Fasilitas Penyimpanan Sumber Radiasi Pengion | Penyimpanan Mineral Ikutan Radioaktif | Pergudangan Dan Penyimpanan Lainnya | Aktivitas Terminal Darat | Aktivitas Penyelenggaraan Prasarana Perkeretaapian | Aktivitas Jalan Tol | Aktivitas Perparkiran Di Badan Jalan (On Street Parking) | Aktivitas Perparkiran Di Luar Badan Jalan (Off Street Parking) | Aktivitas Jasa Terkait Transportasi Darat Lainnya | Aktivitas Pelayanan Kepelabuhanan Laut | Aktivitas Agen Asuransi | Aktivitas Pialang Asuransi | Aktivitas Agen Penjaminan | Aktivitas Penunjang Lainnya Untuk Asuransi, Penjaminan, Dan Dana Pensiun | Aktivitas Penunjang Lainnya Untuk Asuransi, Penjamian, Dan Dana Pensiun Ytdl | Manajemen Investasi Di Perdagangan Berjangka Komoditas | Pengelolaan Gedung Perkantoran | Aktivitas Jasa Intermediasi Real Estat | Jasa Penaksir Real Estat | Aktivitas Real Estat Atas Dasar Balas Jasa (Fee) Atau Kontrak Lainnya Ytdl | Aktivitas Pengacara | Aktivitas Konsultan Hukum | Aktivitas Konsultan Kekayaan Intelektual | Aktivitas Notaris Dan Pejabat Pembuat Akta Tanah | Aktivitas Akuntansi, Pembukuan, Dan Pemeriksa | Aktivitas Konsultansi Pajak | Aktivitas Konsultansi Manajemen Dan Bisnis Pariwisata | Aktivitas Konsultansi Manajemen Dan Bisnis Perdagangan | Aktivitas Konsultasi Manajemen Dan Bisnis Lainnya | Aktivitas Arsitektural | Aktivitas Desain Alat Transportasi Dan Permesinan | Aktivitas Desain Peralatan Rumah Tangga Dan Furnitur | Aktivitas Desain Tekstil, Mode/Fesyen, Dan Garmen | Aktivitas Desain Industri Strategis Dan Pertahanan | Aktivitas Desain Alat Komunikasi Dan Elektronika | Aktivitas Desain Peralatan Olahraga Dan Permainan | Aktivitas Desain Produk Kesehatan, Kosmetik, Dan Perlengkapan Laboratorium | Aktivitas Desain Pengemasan | Aktivitas Desain Industri Lainnya | Aktivitas Desain Interior | Aktivitas Desain Grafis/Komunikasi Visual | Aktivitas Desain Khusus Film, Video, Program Televisi, Animasi Dan Komik | Aktivitas Desain Konten Gim | Aktivitas Desain Khusus Lainya Ytdl | Aktivitas Fotografi Udara | Aktivitas Fotografi Lainnya | Aktivitas Penerjemah Atau Interpreter | Aktivitas Broker Dan Layanan Pemasaran Paten | Jasa Meteorologi Dan Prakiraan Cuaca | Semua Aktivitas Profesional, Ilmiah Dan Teknis Ytdl Lainnya | Aktivitas Personel Kesehatan Hewan Mandiri | Aktivitas Pengelolaan Sarana Kesehatan Hewan | Aktivitas Pengelolaan Kesehatan Hewan Lainnya | Penyewaan Dan Sewa Guna Usaha Kendaraan Bermotor | Penyewaan Dan Sewa Guna Usaha Alat Rekreasi Dan Olahraga | Penyewaan Peralatan Dan Perlengkapan Acara | Penyewaan Alat Musik | Penyewaan Barang Hasil Pencetakan Dan Penerbitan | Penyewaan Bunga Dan Tanaman Hias | Penyewaan Barang Pribadi Dan Barang Rumah Tangga Lainnya Ytdl | Penyewaan Dan Sewa Guna Usaha Alat Transportasi Darat Bukan Kendaraan Bermotor | Penyewaan Dan Sewa Guna Usaha Alat Transportasi Air | Penyewaan Dan Sewa Guna Usaha Alat Transportasi Udara | Penyewaan Dan Sewa Guna Usaha Mesin Dan Peralatan Industri | Penyewaan Dan Sewa Guna Usaha Mesin Dan Peralatan Konstruksi Dan Teknik Sipil | Penyewaan Dan Sewa Guna Usaha Mesin Dan Peralatan Kantor | Penyewaan Dan Sewa Guna Mesin Dan Peralatan Pertambangan Dan Penggalian | Penyewaan Dan Sewa Guna Usaha Mesin Dan Peralatan Komunikasi Dan Multimedia | Penyewaan Dan Sewa Guna Usaha Mesin Dan Peralatan Radiasi | Penyewaan Dan Sewa Guna Usaha Mesin, Peralatan, Dan Barang Berwujud Lainnya Ytdl | Aktivitas Penempatan Awak Kapal | Aktivitas Penyediaan Informasi Lowongan Kerja | Aktivitas Penempatan Tenaga Kerja Lainnya | Aktivitas Penyediaan Tenaga Kerja Sementara Dan Penyediaan Sumber Daya Manusia Lainnya";"Industri Penggilingan Padi Dan Penyosohan Beras | Industri Pemipilan Jagung | Industri Sirop | Industri Manisan Buah-Buahan Dan Sayuran Kering | Industri Makaroni, Mi, Couscous, Dan Produk Sejenisnya | Industri Air Minum Isi Ulang | Industri Minuman Lainnya | Industri Pengeringan Dan Pengolahan Tembakau | Persiapan Serat Tekstil | Pemintalan Benang Selain Benang Jahit | Pertenunan Tekstil Dengan Mesin | Pertenunan Tekstil Bukan Dengan Mesin | Penyempurnaan Benang | Penyempurnaan Basah Kain | Penyempurnaan Tekstil Lainnya | Industri Kain Rajutan | Industri Kain Crocheted | Industri Bulu Tiruan Rajutan | Industri Barang Tekstil Untuk Keperluan Rumah Tangga | Industri Produk Tanur Kokas | Industri Bahan Bakar Dari Pemurnian Dan Pengilangan Minyak Bumi | Industri Minyak Pelumas | Industri Produk Dari Bahan Limbah Minyak Pelumas | Industri Minyak Pelumas Dasar (Bahan Baku Pelumas) | Industri Produk Dari Pencampuran Hasil Kilang Minyak Bumi Dengan Biofuel | Industri Produk Lainnya Dari Hasil Kilang Minyak Bumi | Industri Asam, Basa, Dan Garam Anorganik | Industri Gas Industri | Industri Kimia Dasar Zat Warna Dan Pigmen | Industri Kimia Dasar Organik Dari Sumber Daya Alam Hayati | Industri Kimia Dasar Dari Minyak Bumi, Gas Alam, Dan Batu Bara | Industri Kimia Dasar Anorganik Lainnya | Industri Senyawa Nitrogen; Pupuk Nitrogen, Fosfat, Dan Kalium | Industri Pupuk Hara Makro Primer Lainnya | Industri Pupuk Hara Mikro | Industri Damar Buatan (Resin Sintetis) Dan Bahan Baku Plastik | Industri Karet Buatan | Industri Bahan Baku Pemberantas Hama (Bahan Aktif) | Industri Pemberantas Hama (Formulasi) | Industri Zat Pengatur Tumbuh | Industri Bahan Peledak | Industri Korek Api | Industri Biofuel Cair | Industri Cairan Rokok Elektrik | Industri Barang Kimia Lainnya Ytdl | Industri Generator Uap Bukan Ketel Pemanas | Industri Senjata Dan Amunisi | Pembangkitan Tenaga Listrik Dari Sumber Energi Tidak Terbarukan Yang Menghasilkan Emisi | Produksi Gas Alam Dan Buatan | Pengumpulan Limbah Radioaktif | Pengolahan Dan Pembuangan Limbah Atau Sampah Berbahaya Selain Limbah Radioaktif | Aktivitas Penangkapan Karbon | Konstruksi Bangunan Sipil Prasarana Perairan Dan Sejenis Lainnya | Perdagangan Besar Minuman Beralkohol | Perdagangan Besar Peralatan Masak, Peralatan Dapur, Dan Elektronik Rumah Tangga | Perdagangan Besar Berbagai Barang Dan Perlengkapan Rumah Tangga Lainnya Ytdl | Perdagangan Besar Alat Transportasi Laut, Suku Cadang, Dan Perlengkapannya | Perdagangan Besar Mesin, Peralatan, Dan Perlengkapan Lainnya Ytdl | Perdagangan Besar Kaca Lembaran | Perdagangan Eceran Minuman Tidak Beralkohol | Perdagangan Eceran Rokok Dan Tembakau | Perdagangan Eceran Beras | Perdagangan Eceran Roti, Kue Kering, Serta Kue Basah Dan Sejenisnya | Perdagangan Eceran Kopi, Gula Pasir, Gula Merah, Dan Sejenisnya | Perdagangan Eceran Tahu, Tempe, Tauco, Dan Oncom | Perdagangan Eceran Daging Olahan | Perdagangan Eceran Ikan Olahan | Perdagangan Eceran Makanan Lainnya | Perdagangan Eceran Komputer Dan Perlengkapannya | Perdagangan Eceran Peralatan Dan Produk Gim Video Serta 
 Sejenisnya | Perdagangan Eceran Perangkat Lunak (Software) | Perdagangan Eceran Telepon Beserta Aksesorisnya | Perdagangan Eceran Mesin Dan Peralatan Kantor | Perdagangan Eceran Peralatan Audio Dan Video | Perdagangan Eceran Tekstil | Perdagangan Eceran Perlengkapan Rumah Tangga Dari Tekstil | Perdagangan Eceran Perlengkapan Jahit Menjahit | Perdagangan Eceran Karpet, Permadani, Serta Penutup Dinding Dan Lantai | Perdagangan Eceran Furnitur | Perdagangan Eceran Peralatan Listrik Rumah Tangga, Peralatan Penerangan, Dan Perlengkapannya | Perdagangan Eceran Barang Pecah Belah; Perlengkapan Dapur Dan Makan | Perdagangan Eceran Alat Musik | Perdagangan Eceran Peralatan Dan Perlengkapan Rumah Tangga Lainnya Ytdl | Perdagangan Eceran Alat Tulis Menulis Dan Gambar | Perdagangan Eceran Hasil Pencetakan Dan Penerbitan | Perdagangan Eceran Kertas, Kertas Karton, Dan Barang Dari Kertas/Karton | Perdagangan Eceran Peralatan Dan Perlengkapan Olahraga | Perdagangan Eceran Alat Permainan Dan Mainan | Perdagangan Eceran Khusus Barang Kesenian Dan Rekreasi 
 Ytdl | Perdagangan Eceran Pakaian | Perdagangan Eceran Sepatu, Sandal, Dan Alas Kaki Lainnya | Aktivitas Pialang Reasuransi | Aktivitas Broker Penjaminan | Aktivitas Broker Penjaminan Ulang | Aktivitas Advisori Aktuaria | Manajemen Investasi Konvensional Di Pasar Keuangan | Manajemen Investasi Syariah Di Pasar Keuangan | Aktivitas Manajemen Dana Lainnya | Penyewaan Tempat Penyelenggaraan Aktivitas Pertemuan, Perjalanan Insentif, Konvensi, Dan Pameran, Serta Acara Khusus | Aktivitas Real Estat (Bangunan Dan Lahan) Nonhunian Lainnya Milik Sendiri Atau Sewa | Aktivitas Kantor Pusat | Penyewaan Dan Sewa Guna Usaha Mesin Dan Alat Pertanian";Industri Cat | Industri Pernis | Industri Dempul | Industri Sediaan Pewarna Dan Pelapis Lainnya | Industri Bahan Dan Produk Pembersih | Industri Kosmetik Untuk Manusia, Cairan Lensa Kontak | Industri Kosmetik Untuk Hewan | Industri Perekat Gigi | Industri Parfum Sesuai Pesanan | Industri Perekat/Lem | Industri Bahan Peledak | Industri Tinta | Industri Korek Api | Industri Biofuel Cair | Industri Cairan Rokok Elektrik | Industri Barang Kimia Lainnya Ytdl | Industri Serat Filamen Dan Strip Buatan | Industri Serat Stapel Buatan | Industri Bahan Baku Farmasi Untuk Manusia | Industri Produk Farmasi Untuk Manusia | Industri Produk Farmasi Untuk Hewan | Industri Bahan Baku Farmasi Untuk Hewan | Industri Alat Diagnosis Medis, Perban, Kasa, Dan Penunjang Kesehatan Lainnya | Industri Ban Luar Dan Ban Dalam | Industri Pembentukan Kembali Ban Dan Vulkanisasi Ban | Industri Karet Lembaran Dan Crepe Rubber | Industri Barang Lainnya Dari Plastik | Industri Kaca Lembaran | Industri Kaca Pengaman | Industri Kaca Lainnya | Industri Perlengkapan Dan Peralatan Rumah Tangga Dari Kaca | Industri Peralatan Laboratorium Dan Kesehatan Dari Kaca | Industri Produk Lainnya Dari Kaca | Industri Bata, Mortar, Semen, Dan Sejenisnya Yang Tahan Api | Industri Produk Refraktori (Tahan Api) Lainnya | Industri Batu Bata Dari Tanah Liat Atau Keramik | Industri Genteng Dari Tanah Liat Atau Keramik | Industri Bahan Bangunan Lainnya Dari Tanah Liat Atau Keramik | Industri Perlengkapan Rumah Tangga Dari Porselen | Industri Perlengkapan Rumah Tangga Dari Tanah Liat Atau Keramik | Industri Alat Laboratorium Dan Alat Listrik Atau Teknik Dari Porselen | Industri Peralatan Sanitasi Dari Porselen | Industri Peralatan Sanitasi Dari Tanah Liat Atau Keramik | Industri Produk Bukan Bahan Bangunan Lainnya Dari Tanah Liat Atau Keramik Dan Porselen | Industri Semen | Industri Kapur | Industri Gips | Industri Barang Dari Semen | Industri Barang Dari Kapur | Industri Barang Dari Gips | Industri Barang Dari Asbes | Industri Besi Dan Baja Dasar;-;-;-;"Pertanian Jagung | Pertanian Serealia Selain Padi Dan Jagung | Pertanian Kedelai | Pertanian Kacang Tanah | Pertanian Kacang Hijau | Pertanian Aneka Kacang Selain Kedelai, Kacang Tanah, Dan Kacang Hijau | Pertanian Biji-Bijian Penghasil Minyak Makan | Pertanian Biji-Bijian Penghasil Minyak Selain Minyak Makan | Pertanian Padi Hibrida | Pertanian Padi Inbrida | Pertanian Sayuran Daun | Pertanian Buah Semusim | Pertanian Sayuran Buah | Pertanian Sayuran Umbi | Pertanian Ubi Kayu | Pertanian Jamur | Pertanian Bit Gula Dan Tanaman Pemanis Selain Tebu | Pertanian Cabai | Pertanian Umbi Lainnya | Pertanian Tebu | Pertanian Tembakau | Pertanian Tanaman Berserat | Pertanian Tanaman Pakan Ternak | Pembenihan Tanaman Pakan Ternak Dan Pembenihan Bit (Bukan Bit Gula) | Pertanian Tanaman Bunga | Pertanian Pembenihan Tanaman Bunga | Pertanian Tanaman Semusim Lainnya Ytdl | Pertanian Buah Anggur | Pertanian Buah-Buahan Tropis Dan Subtropis | Pertanian Buah Jeruk | Pertanian Buah Apel Dan Buah Batu (Pome And Stone Fruits) | Pertanian Buah Beri | Pertanian Sayuran Tahunan | Pertanian Buah Semak Lainnya | Pertanian Kelapa | Pertanian Kelapa Sawit | Pertanian Buah Oleagin Lainnya | Pertanian Kopi | Pertanian Tanaman Teh | Pertanian Kakao | Pertanian Tanaman Untuk Bahan Minuman Lainnya | Pertanian Lada | Pertanian Cengkih | Pertanian Pala | Pertanian Tanaman Aromatik/Penyegar | Pertanian Tanaman Obat Rimpang | Pertanian Tanaman Obat Nonrimpang | Pertanian Tanaman Narkotika Dan Tanaman Obat Terlarang | Pertanian Tanaman Rempah-Rempah Dan Aromatik/Penyegar Lainnya | Pertanian Pohon Karet Dan Tanaman Penghasil Getah Lainnya | Pertanian Tanaman Tahunan Lainnya Ytdl | Penangkaran Tumbuhan Liar | Budi Daya Dan Pembibitan Sapi Potong | Budi Daya Dan Pembibitan Sapi Perah | Budi Daya Dan Pembibitan Kerbau Potong | Budi Daya Dan Pembibitan Kerbau Perah | Peternakan Kuda Dan Sejenisnya | Peternakan Unta Dan Sejenisnya | Budi Daya Dan Pembibitan Domba Potong | Budi Daya Dan Pembibitan Kambing Potong | Budi Daya Dan Pembibitan Kambing Perah | Budi Daya Dan Pembibitan Domba Perah | Produksi Bulu Domba Mentah/Raw Wool | Peternakan Babi | Budi Daya Ayam Ras Pedaging | Budi Daya Ayam Ras Petelur | Pembibitan Ayam Lokal Dan Persilangannya | Budi Daya Ayam Lokal Dan Persilangannya | Budi Daya Dan Pembibitan Itik Dan Bebek | Budi Daya Dan Pembibitan Burung Puyuh | Budi Daya Dan Pembibitan Burung Merpati | Pembibitan Ayam Ras | Budi Daya Dan Pembibitan Unggas Lainnya | Budi Daya Dan Pembibitan Burung Unta | Budi Daya Dan Pembibitan Ulat Sutra | Budi Daya Dan Pembibitan Lebah | Budi Daya Dan Pembibitan Rusa | Budi Daya Dan Pembibitan Kelinci | Budi Daya Dan Pembibitan Cacing | Budi Daya Dan Pembibitan Burung Walet | Penangkaran Satwa Liar | Budi Daya Dan Pembibitan Hewan Lainnya | Jasa Pengolahan Lahan | Jasa Pemupukan | Jasa Pemanenan | Jasa Penyemprotan Dan Penyerbukan Melalui Udara | Jasa Pengendalian Organisme Pengganggu Tumbuhan (Opt) | Jasa Penanaman Benih | Jasa Penunjang Pertanian Lainnya | Jasa Perkawinan Ternak | Jasa Penetasan Telur | Jasa Penunjang Peternakan Lainnya | Jasa Pascapanen | Pemilihan Benih Tanaman Untuk Pembiakan | Perburuan, Penangkapan, Dan Kegiatan Jasa Terkait | Pengelolaan Hutan | Pemanfaatan Kayu Hutan | Pembenihan Tanaman Kehutanan | Pemanenan Kayu | Pemungutan Kayu | Pemungutan Hasil Hutan Bukan Kayu | Jasa Lingkungan Hutan | Jasa Penggunaan Kawasan Kehutanan | Jasa Penunjang Kehutanan Lainnya | Penangkapan Ikan Dan Biota Air Lainnya Di Laut | Penangkapan Ikan Dan Biota Air Lainnya Di Perairan Air Tawar | Pembudidayaan Ikan Bersirip (Selain Ikan Hias) Dan Biota Air Laut Lainnya Yang Tidak Dilindungi | Pembudidayaan Ikan Hias Air Laut Yang Tidak Dilindungi | Pembudidayaan Tumbuhan Air Laut Yang Tidak Dilindungi | Pengembangbiakan Ikan Dan Biota Air Laut Yang Dilindungi | Pembudidayaan Ikan Bersirip (Selain Ikan Hias) Dan Biota Air Tawar Lainnya Yang Tidak Dilindungi | Pertambangan Batu Bara | Benefisiasi Atau Peningkatan Kualitas Batu Bara | Pertambangan Lignit | Pertambangan Minyak Bumi | Pertambangan Gas Alam | Pengusahaan Tenaga Panas Bumi | Pertambangan Pasir Besi | Pertambangan Bijih Besi | Pertambangan Bijih Uranium Dan Torium | Pertambangan Emas Dan Perak | Pertambangan Bijih Logam Mulia Lainnya | Pertambangan Bijih Timah | Pertambangan Bijih Timah Hitam | Pertambangan Bijih Bauksit | Pertambangan Bijih Tembaga | Pertambangan Bijih Nikel | Pertambangan Bijih Mangan | Pertambangan Bahan Galian Lainnya Yang Tidak Mengandung Bijih Besi Ytdl | Penggalian Batu Hias Dan Batu Bangunan | Penggalian Batu Kapur/Gamping | Penggalian Kerikil/Sirtu | Penggalian Pasir | Penggalian Tanah Dan Tanah Liat | Penggalian Gips | Penggalian Tras | Penggalian Batu Apung | Penggalian Batu, Pasir, Dan Tanah Liat Lainnya | Pertambangan Belerang | Pertambangan Fosfat | Pertambangan Nitrat | Pertambangan Yodium | Pertambangan Potash (Kalium Karbonat) | Pertambangan Mineral, Bahan Kimia, Dan Bahan Pupuk Lainnya | Ekstraksi Tanah Gambut | Ekstraksi Garam | Pertambangan Batu Mulia | Penggalian Feldspar Dan Kalsit | Pertambangan Aspal Alam | Penggalian Asbes | Penggalian Kuarsa/Pasir Kuarsa | Pertambangan Bijih Logam Tanah Jarang | Pertambangan Dan Penggalian Lainnya Ytdl | Aktivitas Penunjang Pertambangan Minyak Bumi Dan Gas Alam | AKTIVITAS PENUNJANG PERTAMBANGAN DAN PENGGALIAN LAINNYA | Industri Kimia Dasar Radioaktif | Industri Bahan Bakar Nuklir | Industri Mesin Kantor Dan Akuntansi Elektronik | Industri Peralatan Kantor | Industri Perkakas Tangan Yang Digerakkan Tenaga | Industri Mesin Untuk Pembungkus, Pembotolan, Dan Pengalengan | Industri Mesin Timbangan | Industri Mesin Pendingin | Industri Mesin Untuk Keperluan Umum Lainnya Ytdl | Industri Mesin Pertanian Dan Kehutanan | Industri Mesin Dan Perkakas Mesin Untuk Pengerjaan Logam Dan Bahan Lainnya | Industri Mesin Metalurgi | Industri Mesin Penambangan, Penggalian Dan Konstruksi | Industri Mesin Pengolahan Makanan, Minuman Dan Tembakau | Industri Mesin Jahit, Mesin Cuci, Dan Mesin Pengering Untuk Keperluan Niaga | Industri Mesin Tekstil | Industri Mesin Penyiapan Dan Pembuatan Produk Kulit | Industri Mesin Percetakan | Industri Mesin Pabrik Kertas | Industri Mesin Keperluan Khusus Lainnya Ytdl | Industri Kendaraan Bermotor Roda Empat Atau Lebih | Industri Karoseri Kendaraan Bermotor Roda Empat Atau Lebih; Industri Trailer Dan Semitrailer | Industri Suku Cadang Dan Aksesori Kendaraan Bermotor Roda Empat Atau Lebih | Pengolahan Dan Pembuangan Limbah Radioaktif | Konstruksi Konvensional Gedung Perbelanjaan | Konstruksi Jalan Rel | Konstruksi Bangunan Sipil Pengolahan Air Bersih | Konstruksi Pengeboran/Penggalian Air Tanah | Konstruksi Proyek Utilitas Lainnya | Konstruksi Bangunan Pelabuhan Bukan Perikanan | Konstruksi Bangunan Pelabuhan Perikanan | Konstruksi Reservoir Pembangkit Listrik Tenaga Air | Konstruksi Bangunan Sipil Pelindung Pantai | Konstruksi Bangunan Sipil Minyak Dan Gas Bumi | Konstruksi Bangunan Sipil Pertambangan | Konstruksi Bangunan Sipil Panas Bumi | Konstruksi Bangunan Sipil Fasilitas Olahraga | Konstruksi Bangunan Sipil Fasilitas Pengolahan | Konstruksi Bangunan Sipil Fasilitas Militer Dan Bandar Antariksa | Konstruksi Bangunan Sipil Fasilitas Sumber Radiasi Pengion | Konstruksi Bangunan Sipil Reaktor Nuklir | Konstruksi Bangunan Sipil Lainnya Ytdl | Pemasangan Sistem Navigasi Laut, Sungai, Dan Udara | Pemasangan Sistem Pemanas Dan Geotermal | Pemasangan Jaringan Penyaluran Gas | Pemasangan Konstruksi Lainnya Ytdl | Konstruksi Khusus Lainnya Ytdl | Perdagangan Besar Atas Dasar Balas Jasa (Fee) Atau Kontrak | Perdagangan Besar Padi Dan Palawija | Perdagangan Besar Buah Yang Mengandung Minyak | Perdagangan Besar Bunga Dan Tanaman Hias | Perdagangan Besar Tembakau Rajangan | Perdagangan Besar Binatang Hidup | Perdagangan Besar Ikan Dan Biota Air Hidup Lainnya | Perdagangan Besar Hasil Kehutanan Dan Perburuan | Perdagangan Besar Kulit | Perdagangan Besar Hasil Pertanian Dan Hewan Hidup Lainnya | Perdagangan Besar Beras | Perdagangan Besar Buah-Buahan | Perdagangan Besar Sayuran | Perdagangan Besar Kopi, Teh, Dan Kakao | Perdagangan Besar Minyak Dan Lemak Nabati | Perdagangan Besar Bahan Makanan Dan Minuman Hasil Pertanian Lainnya | Perdagangan Besar Daging Sapi Dan Daging Sapi Olahan | Perdagangan Besar Daging Ayam Dan Daging Ayam Olahan | Perdagangan Besar Alas Kaki | Perdagangan Besar Barang Jadi Tekstil | Perdagangan Besar Furnitur, Karpet, Perlengkapan Pencahayaan Untuk Rumah Tangga, Perkantoran, Dan Pertokoan | Perdagangan Besar Sediaan Farmasi Untuk Manusia | Perdagangan Besar Sediaan Farmasi Untuk Hewan | Perdagangan Besar Alat Tulis Dan Gambar | Perdagangan Besar Alat Permainan Dan Mainan | Perdagangan Besar Peralatan Telekomunikasi | Perdagangan Besar Mesin, Peralatan Dan Perlengkapan Pertanian | Perdagangan Besar Alat Transportasi Darat (Bukan Mobil, Sepeda Motor, Dan Sejenisnya), Suku Cadang, Dan Perlengkapannya | Perdagangan Besar Mobil Baru | Perdagangan Besar Mobil Bekas | Perdagangan Besar Suku Cadang Dan Aksesori Mobil | Perdagangan Besar Sepeda Motor Baru | Perdagangan Besar Sepeda Motor Bekas | Perdagangan Besar Bahan Bakar Padat, Cair, Dan Gas Beserta Produk Terkait | Perdagangan Besar Bahan Konstruksi Dari Logam | Perdagangan Besar Bahan Konstruksi Dari Tanah Liat, Kapur, Semen, Atau Kaca | Perdagangan Besar Semen, Kapur, Pasir, Dan Batu | Perdagangan Besar Bahan Konstruksi Dari Kayu | Perdagangan Besar Cat | Perdagangan Eceran Buah-Buahan | Perdagangan Eceran Sayuran | Perdagangan Eceran Hasil Peternakan | Perdagangan Eceran Hasil Perikanan | Perdagangan Eceran Hasil Kehutanan Dan Perburuan | Perdagangan Eceran Hasil Pertanian Lainnya | Perdagangan Eceran Minuman Beralkohol | Perdagangan Eceran Alat Transportasi Darat Tidak Bermotor Dan Perlengkapannya | Perdagangan Eceran Alat Transportasi Air Dan Perlengkapannya | Perdagangan Eceran Alat-Alat Pertanian | Perdagangan Eceran Perlengkapan Pengendara Kendaraan Bermotor | Perdagangan Eceran Pembungkus Dari Plastik | Perdagangan Eceran Barang Baru Lainnya Ytdl | Perdagangan Eceran Mobil Baru | Perdagangan Eceran Mobil Bekas | Perdagangan Eceran Suku Cadang Dan Aksesori Mobil | Perdagangan Eceran Sepeda Motor Baru | Perdagangan Eceran Sepeda Motor Bekas | Perdagangan Eceran Suku Cadang Sepeda Motor Dan Aksesorinya | Platform Digital Intermediasi Perdagangan Eceran | Jasa Intermediasi Perdagangan Eceran Lainnya | Angkutan Kereta Wisata Antarkota | Transportasi Kereta Api Antarkota Lainnya Untuk Penumpang | Transportasi Kereta Api Untuk Barang | Angkutan Kereta Wisata Dalam Kota | Angkutan Kereta Api Perkotaan | Angkutan Laut Dalam Negeri Liner Dan Tramper Untuk Penumpang | Angkutan Laut Dalam Negeri Perintis Untuk Penumpang | Angkutan Laut Dalam Negeri Untuk Wisata | Angkutan Laut Luar Negeri Liner Dan Tramper Untuk Penumpang | Angkutan Laut Luar Negeri Untuk Wisata | Angkutan Laut Dalam Negeri Untuk Barang Umum | Angkutan Laut Dalam Negeri Untuk Barang Khusus | Angkutan Laut Dalam Negeri Perintis Untuk Barang | Angkutan Laut Dalam Negeri Pelayaran Rakyat Untuk Barang | Aktivitas Pelayanan Kepelabuhanan Sungai Dan Danau | Aktivitas Pelayanan Kepelabuhanan Penyeberangan | Aktivitas Pelabuhan Perikanan | Aktivitas Pengelolaan Kapal | Aktivitas Penyelamatan Kapal Dan Muatannya | Angkutan Perairan Pelabuhan | Aktivitas Jasa Terkait Transportasi Perairan Lainnya | Aktivitas Kebandarudaraan | Jasa Pelayanan Navigasi Penerbangan | Pelayanan Penumpang, Bagasi, Kargo, Pos, Dan Teknis 
 Penanganan Udara Di Darat | Aktivitas Pemeriksaan Dan Pengendalian Keamanan Muatan 
 Penerbangan | Aktivitas Jasa Terkait Angkutan Udara Lainnya | Penanganan Kargo (Bongkar Muat Barang) | Angkutan Multimoda | Aktivitas Tally Mandiri | Aktivitas Penunjang Angkutan Lainnya Ytdl | Jasa Pengurusan Transportasi (Jpt) | Jasa Keagenan Kapal/Agen Perkapalan | Aktivitas Perwakilan Operasional Transportasi Udara Khusus Kargo | Jasa Intermediasi Transportasi Lainnya Untuk Barang | Agen Penjualan Tiket Transportasi | Agen Pengurus Persetujuan Terbang | Aktivitas Perwakilan Operasional Transportasi Udara Untuk Penumpang | Jasa Intermediasi Transportasi Lainnya Untuk Penumpang | Aktivitas Pos | Aktivitas Kurir | Aktivitas Jasa Portal Intermediasi Pos Dan Kurir | Jasa Intermediasi Pos Dan Kurir Lainnya | Aktivitas Hotel Bintang Lima | Aktivitas Hotel Bintang Empat | Aktivitas Hotel Bintang Tiga | Aktivitas Hotel Bintang Dua | Aktivitas Hotel Bintang Satu | Aktivitas Hotel Nonbintang | Aktivitas Rumah Tinggal Sewa (Homestay) | Aktivitas Hostel Remaja (Youth Hostel) | Aktivitas Vila | Aktivitas Apartemen Hotel | Aktivitas Penyediaan Akomodasi Jangka Pendek Lainnya | Aktivitas Penyediaan Bumi Perkemahan, Persinggahan Karavan, Dan Taman Karavan | Aktivitas Jasa Intermediasi Akomodasi | Aktivitas Jasa Manajemen Akomodasi | Penyediaan Akomodasi Lainnya Ytdl | Aktivitas Penyediaan Makanan Di Bangunan Tetap | Aktivitas Penyediaan Makanan Di Bangunan Tidak Tetap | Aktivitas Jasa Boga Untuk Acara Tertentu (Event Catering) | Aktivitas Penyediaan Jasa Boga Lainnya | Aktivitas Bar | Aktivitas Kelab Malam Atau Diskotek Yang Utamanya Menyediakan Minuman | Aktivitas Rumah Minum/Kafe | Aktivitas Kedai Minuman | Aktivitas Rumah/Kedai Obat Bahan Alam | Aktivitas Penyediaan Minuman Keliling/Tempat Tidak Tetap | Aktivitas Jasa Intermediasi Penyediaan Makanan Dan Minuman | Penerbitan Buku | Penerbitan Surat Kabar | Penerbitan Jurnal Dan Terbitan Berkala | Aktivitas Penerbitan Lainnya | Penerbitan Perangkat Lunak Video Gim Dalam Jaringan (Game Online) | Penerbitan Perangkat Lunak Video Gim Lainnya | Penerbitan Perangkat Lunak (Software) Lainnya | Aktivitas Produksi Film, Video, Dan Program Televisi Oleh Pemerintah | Aktivitas Produksi Film, Video, Dan Program Televisi Oleh Swasta | Aktivitas Pascaproduksi Film, Video, Dan Program Televisi Oleh Pemerintah | Aktivitas Pascaproduksi Film, Video, Dan Program Televisi Oleh Swasta | Aktivitas Distribusi Film, Video, Dan Program Televisi Oleh Pemerintah | Aktivitas Distribusi Film, Video. Dan Program Televisi Oleh Swasta | Aktivitas Pemutaran Film | Aktivitas Perekaman Suara | Aktivitas Penerbitan Musik Dan Buku Musik | Aktivitas Penyiaran Radio Digital | Aktivitas Distribusi Dan Streaming Audio Atas Permintaan | Aktivitas Penyiaran Dan Pemrograman Televisi Analog | Aktivitas Pemrograman Dan Penyiaran Televisi Digital | Aktivitas Distribusi Dan Streaming Video Atas Permintaan | Aktivitas Kantor Berita Oleh Pemerintah | Aktivitas Kantor Berita Oleh Swasta | Aktivitas Situs Jejaring Sosial Dan Distribusi Konten Lainnya | Aktivitas Telekomunikasi Dengan Kabel | Aktivitas Telekomunikasi Dengan Nirkabel | Aktivitas Konsultansi Komputer Dan Manajemen Fasilitas Komputer Lainnya | Aktivitas Jasa Teknologi Informasi Dan Komputer Lainnya | Aktivitas Pengolahan Data | Aktivitas Penyediaan Infrastruktur Komputasi, Hosting, Dan Aktivitas Terkait | Aktivitas Jasa Portal Pencarian Web Dan Informasi Lainnya | Aktivitas Bank Sentral | Perbankan Umum Konvensional | Perbankan Umum Syariah | Perbankan Konvensional Lainnya | Perbankan Syariah Lainnya | Aktivitas Pemberian Kredit Oleh Koperasi Konvensional | Aktivitas Pemberian Kredit Oleh Koperasi Syariah | Perantara Moneter Lainnya Ytdlpembiayaan Mikro Konvensional Nonperbankan | Pembiayaan Mikro Syariah Nonperbankan | Perantara Moneter Lainnya Ytdl | Aktivitas Dana Pasar Uang | Aktivitas Pembiayaan Conduit | Aktivitas Dana Pasar Uang | Aktivitas Dana Investasi Bukan Pasar Uang | Aktivitas Trust, Warisan, Dan Keagenan | Aktivitas Sewa Guna Usaha Finansial | Aktivitas Pembiayaan Perdagangan Internasional | Aktivitas Anjak Piutang | Aktivitas Sekuritisasi | Pembiayaan Infrastruktur Konvensional | Pembiayaan Infrastruktur Syariah | Aktivitas Gadai Konvensional | Aktivitas Gadai Syariah | Pengelolaan Tabungan Perumahan Rakyat | Aktivitas Pemberian Kredit Lainnya Ytdl | Aktivitas Modal Ventura Konvensional | Aktivitas Modal Ventura Syariah | Aktivitas Counterparty Untuk Kliring Dan Setelmen Transaksi | Perdagangan Di Pasar Keuangan Atas Nama Sendiri | Perdagangan Unit Karbon Atas Nama Sendiri | Aktivitas Perbankan Bulion Konvensional | Aktivitas Perbankan Bulion Syariah | Aktivitas Jasa Keuangan Lainnya Ytdl, Bukan Asuransi Dan Dana Pensiun | Asuransi Jiwa Konvensional | Asuransi Jiwa Syariah | Asuransi Umum Konvensional | Asuransi Umum Syariah | Aktivitas Penjaminan Simpanan Dan Asuransi | Penjaminan Konvensional | Penjaminan Syariah | Reasuransi Konvensional | Reasuransi Syariah | Penjaminan Ulang Konvensional | Penjaminan Ulang Syariah | Aktivitas Dana Pensiun Pemberi Kerja Konvensional | Aktivitas Dana Pensiun Pemberi Kerja Syariah | Aktivitas Dana Pensiun Lembaga Keuangan Konvensional | Aktivitas Dana Pensiun Lembaga Keuangan Syariah | Penyelenggaraan Sistem Perdagangan Efek | Bursa Berjangka | Penyelenggaraan Bursa Aset Keuangan Digital | Penyelenggaraan Perdagangan Kontrak Derivatif Di Pasar Alternatif | Penyelenggaraan Sarana Transaksi Di Pasar Uang Dan Pasar Valuta Asing | Aktivitas Pengawasan Jasa Keuangan Selain Asuransi Dan Dana Pensiun | Aktivitas Regulator Mandiri | Administrasi Pasar Keuangan, Pasar Berjangka Komoditas, Dan Pasar Sejenisnya Ytdl | Kepialangan Efek Selain Unit Karbon | Kepialangan Perdagangan Komoditas Berjangka | Kepialangan Aset Keuangan Digital | Kepialangan Pasar Uang Dan Pasar Valuta Asing | Aktivitas Penukaran Valuta Asing (Money Changer) | Penawaran Efek Melalui Layanan Urun Dana Berbasis Teknologi Informasi (Securities Crowdfunding) | Kepialangan Unit Karbon | Kepialangan Efek Dan Kontrak Komoditas Lainnya | Kliring Dan Setelmen Transaksi Di Pasar Keuangan | Aktivitas Penyimpanan Aset Keuangan Dan Kontrak Komoditas Berjangka | Aktivitas Administrasi Kepemilikan Efek | Penyediaan Jasa Pembayaran | Penyelenggaraan Infrastruktur Sistem Pembayaran | Penyelenggaraan Penunjang Sistem Pembayaran | Aktivitas Jasa Pengolahan Uang Rupiah | Penyelenggaraan Transaksi Keuangan Dan Pengelolaan Uang Rupiah Lainnya Selain Pasar Keuangan | Aktivitas Advisori Investasi | Aktivitas Advisori Perdagangan Berjangka Komoditas | Aktivitas Advisori Syariah Pasar Modal | Aktivitas Advisori Pasar Keuangan Lainnya | Jasa Intermediasi Pinjam Meminjam Uang Berbasis Teknologi Informasi Konvensional | Jasa Intermediasi Pinjam Meminjam Uang Berbasis Teknologi Informasi Syariah | Aktivitas Pendanaan Untuk Transaksi Efek | Penitipan Dan Pengelolaan Berdasarkan Perjanjian Trust | Pemeringkatan Efek | Penilaian Harga Efek | Penyelenggaraan Dana Perlindungan Pemodal | Penjaminan Emisi Efek (Underwriter) | Aktivitas Pendukung Di Pasar Uang Dan Pasar Valuta Asing | Pemeringkatan Usaha Mikro, Kecil, Menengah, Dan Koperasi | Aktivitas Penunjang Jasa Keuangan Lainnya Ytdl, Kecuali 
 Asuransi Dan Dana Pensiun | Aktivitas Penilai Risiko Asuransi | Aktivitas Penilai Kerugian Asuransi | Aktivitas Pengawasan Jasa Keuangan Asuransi Dan Dana
 Pensiun | Aktivitas Pengembangan Bangunan Dan Lahan Hunian | Aktivitas Penyewaan Bangunan Dan Lahan Hunian Milik Sendiri Atau Sewa | Pengelolaan Kawasan Pariwisata | Pengelolaan Real Estat Hunian Atas Dasar Balas Jasa (Fee) Atau Kontrak | Penelitian Dan Pengembangan Ilmu Alam | Penelitian Dan Pengembangan Enjinering Dan Teknologi | Penelitian Dan Pengembangan Ilmu Kedokteran Dan Kesehatan | Penelitian Dan Pengembangan Bioteknologi | Penelitian Dan Pengembangan Ilmu Pertanian Dan Kedokteran Hewan | Penelitian Dan Pengembangan Ketenaganukliran | Penelitian Dan Pengembangan Eksperimental Ilmu Alam Dan Enjinering Lainnya | Penelitian Dan Pengembangan Ilmu Pengetahuan Sosial | Penelitian Dan Pengembangan Humaniora | Aktivitas Periklanan | Penelitian Pasar | Jajak Pendapat Opini Publik | Aktivitas Kehumasan | Sewa Guna Usaha Kekayaan Intelektual Dan Produk Sejenis, Bukan Karya Berhak Cipta | Aktivitas Jasa Intermediasi Untuk Penyewaan Dan Sewa Guna Usaha Mobil | Aktivitas Penempatan Tenaga Kerja Untuk Usaha Di Dalam Negeri | Aktivitas Penempatan Tenaga Kerja Luar Negeri | Aktivitas Penempatan Tenaga Kerja Untuk Rumah Tangga Sebagai Pemberi Kerja Di Dalam Negeri | Aktivitas Agen Perjalanan | Aktivitas Biro Perjalanan Wisata | Aktivitas Biro Perjalanan Ibadah Umrah Dan Haji Khusus | Aktivitas Biro Perjalanan Lainnya | Jasa Informasi Pariwisata | Jasa Informasi Daya Tarik Wisata | Jasa Pramuwisata | Aktivitas Terkait Perjalanan Lainnya Ytdl | Aktivitas Investigasi Dan Keamanan Swasta | Aktivitas Keamanan Ytdl | Aktivitas Penyediaan Gabungan Jasa Penunjang Fasilitas | Aktivitas Kebersihan Umum Bangunan | Aktivitas Kebersihan Lainnya | Aktivitas Jasa Lanskap | Aktivitas Administrasi Kantor Dan Penunjang Kantor | Aktivitas Pusat Panggilan (Call Center) | Penyelenggaraan Konvensi Dan Pameran Bisnis | Jasa Intermediasi Untuk Aktivitas Penunjang Usaha Ytdl 
 Selain Intermediasi Finansial | Aktivitas Agen Penagihan | Aktivitas Biro Kredit | Aktivitas Pengepakan Bahan Dan Produk Hasil Pertanian, Perkebunan, Kehutanan, Dan Perikanan | Aktivitas Pengepakan Bahan Dan Produk Makanan Dan Minuman Olahan | Aktivitas Pengepakan Tekstil Dan Produk Tekstil | Aktivitas Pengepakan Bahan Dan Produk Kimia | Aktivitas Pengepakan Bahan Dan Produk Farmasi | Aktivitas Pengepakan Lainnya | Aktivitas Jasa Penunjang Usaha Lainnya Ytdl | Lembaga Legislatif | Penyelenggaraan Pemerintahan Negara Dan Kesekretariatan Negara | Lembaga Eksekutif Keuangan, Perpajakan, Dan Bea Cukai | Lembaga Eksekutif Perencanaan | Lembaga Pemerintah Nonkementerian Dengan Tugas Khusus | Kegiatan Administrasi Pemerintahan Lainnya | Administrasi Pelayanan Pemerintah Bidang Pendidikan | Administrasi Pelayanan Pemerintah Bidang Kesehatan | Administrasi Pelayanan Pemerintah Bidang Perumahan | Administrasi Pelayanan Pemerintah Bidang Kesejahteraan 
 Sosial | Administrasi Pelayanan Pemerintah Bidang Keagamaan | Administrasi Pelayanan Pemerintah Bidang 
 Kebudayaan/Kesenian/Rekreasi/Olahraga | Administrasi Pelayanan Pemerintah Bidang Sosial Lainnya 
 Bukan Kesehatan, Pendidikan, Keagamaan, Dan Kebudayaan | Administrasi Pelayanan Pemerintah Bidang Lingkungan Hidup | Kegiatan Lembaga Pemerintahan Bidang Pertanian | Kegiatan Lembaga Pemerintahan Bidang Pertambangan Dan Penggalian, Listrik, Air, Dan Gas | Kegiatan Lembaga Pemerintahan Bidang Perindustrian | Kegiatan Lembaga Pemerintahan Bidang Komunikasi Dan Informatika | Kegiatan Lembaga Pemerintahan Bidang Konstruksi | Kegiatan Lembaga Pemerintahan Bidang Perdagangan Dan Pariwisata | Kegiatan Lembaga Pemerintahan Bidang Perhubungan | Kegiatan Lembaga Pemerintahan Bidang Ketenagakerjaan | Kegiatan Lembaga Pemerintahan Untuk Menciptakan Efisiensi Produksi Dan Bisnis Lainnya | Hubungan Luar Negeri | Lembaga Pertahanan Dan Angkatan Bersenjata | Angkatan Darat | Angkatan Udara | Angkatan Laut | Kepolisian | Pertahanan Sipil | Aktivitas Lembaga Peradilan | Kegiatan Lembaga Pemerintahan Bidang Penanggulangan Bencana Dan Pemadam Kebakaran | Aktivitas Jaminan Sosial Wajib | Pendidikan Taman Kanak-Kanak Umum Pemerintah | Pendidikan Taman Kanak-Kanak Umum Swasta | Pendidikan Prasekolah Keagamaan Islam | Pendidikan Prasekolah Keagamaan Protestan, Katolik, Hindu, Buddha, Atau Konghucu | Pendidikan Dasar Umum Pemerintah | Pendidikan Dasar Umum Swasta | Pendidikan Dasar Keagamaan Islam | Pendidikan Dasar Keagamaan Protestan, Katolik, Hindu, Buddha, Atau Konghucu | Pendidikan Menengah Pertama Umum Pemerintah | Pendidikan Menengah Pertama Umum Swasta | Pendidikan Menengah Pertama Keagamaan Islam | Pendidikan Menengah Pertama Keagamaan Protestan, Katolik, Hindu, Buddha, Atau Konghucu | Pendidikan Menengah Atas Umum Pemerintah | Pendidikan Menengah Atas Umum Swasta | Pendidikan Menengah Atas Keagamaan Islam | Pendidikan Menengah Atas Keagamaan Protestan, Katolik, Hindu, Buddha, Atau Konghucu | Pendidikan Menengah Kejuruan Umum Pemerintah | Pendidikan Menengah Kejuruan Umum Swasta | Pendidikan Menengah Kejuruan Keagamaan Islam | Pendidikan Menengah Kejuruan Keagamaan Protestan, Katolik, Hindu, Buddha, Atau Konghucu | Pendidikan Pascamenengah Nontersier | Pendidikan Tinggi Umum Pemerintah | Pendidikan Tinggi Umum Swasta | Pendidikan Tinggi Keagamaan Pemerintah | Pendidikan Tinggi Keagamaan Swasta | Pendidikan Olahraga Dan Rekreasi | Pendidikan Kebudayaan | Kegiatan Sekolah Mengemudi | Pendidikan Pesantren Lainnya | Pendidikan Keagamaan Islam Nonformal | Pendidikan Keagamaan Lainnya Ytdl | Pendidikan Lainnya Pemerintah | Pelatihan Kerja Pemerintah | Pelatihan Kerja Teknik Swasta | Pelatihan Kerja Teknologi Informasi Dan Komunikasi Swasta | Pelatihan Kerja Industri Kreatif Swasta | Pelatihan Kerja Pariwisata Dan Perhotelan Swasta | Pelatihan Kerja Bisnis Dan Manajemen Swasta | Pelatihan Kerja Pekerjaan Domestik Swasta | Pelatihan Kerja Pertanian Dan Perikanan Swasta | Pendidikan Dan Pelatihan Personel Penerbangan | Pelatihan Kerja Swasta Lainnya | Pelatihan Kerja Teknik Perusahaan | Pelatihan Kerja Teknologi Informasi Dan Komunikasi Perusahaan | Pelatihan Kerja Industri Kreatif Perusahaan | Pelatihan Kerja Pariwisata Dan Perhotelan Perusahaan | Pelatihan Kerja Bisnis Dan Manajemen Perusahaan | Pelatihan Kerja Pekerjaan Domestik Perusahaan | Pelatihan Kerja Pertanian Dan Perikanan Perusahaan | Pelatihan Kerja Perusahaan Lainnya | Pendidikan Manajemen Dan Perbankan | Pendidikan Komputer (Teknologi Informasi Dan Komunikasi) Swasta | Pendidikan Bahasa Swasta | Pendidikan Kesehatan Swasta | Pendidikan Bimbingan Belajar Dan Konseling Swasta | Pendidikan Teknik Swasta | Pendidikan Kerajinan Dan Industri | Pendidikan Lainnya Swasta | Jasa Perantara Kursus Dan Tutor | Aktivitas Sertifikasi Profesi Hasil Pendidikan Dan Pelatihan Sendiri | Aktivitas Sertifikasi Profesi Hasil Pendidikan Dan Pelatihan Mitra | Aktivitas Sertifikasi Profesi Oleh Asosiasi | Aktivitas Sertifikasi Profesi Independen | Kegiatan Penunjang Pendidikan Lainnya"
PARIWISATA;Pariwisata;"Industri Furnitur Dari Rotan Dan Bambu | Industri Permata | Industri Perhiasan Dari Logam Mulia | Industri Perhiasan Dari Mutiara | Industri Perhiasan Imitasi Dan Barang Sejenis | Industri Kacamata | Industri Kerajinan Ytdl | Pemasangan Perlengkapan Meteorologi, Klimatologi, Dan Geofisika | Pembangkitan Tenaga Listrik Dari Sumber Energi Terbarukan | Aktivitas Penyaluran Tenaga Listrik | Pengoperasian Fasilitas Atau Stasiun Pengisian Daya Untuk Kendaraan Dan Peralatan Listrik | Aktivitas Penunjang Penyediaan Air | Konstruksi Konvensional Gedung Hunian | Konstruksi Konvensional Gedung Perkantoran | Konstruksi Konvensional Gedung Kesehatan | Konstruksi Konvensional Gedung Pendidikan | Konstruksi Konvensional Gedung Penginapan | Pemasangan Saluran Air (Plumbing) | Perdagangan Eceran Berbagai Macam Barang Yang Utamanya 
 Makanan, Minuman, Atau Tembakau Dengan Sistem Swalayan | Perdagangan Eceran Berbagai Macam Barang Yang Utamanya 
 Makanan, Minuman, Atau Tembakau Selain Dengan Sistem 
 Swalayan | Perdagangan Eceran Berbagai Macam Barang Yang Utamanya 
 Bukan Makanan, Minuman, Atau Tembakau Dengan Sistem 
 Swalayan | Perdagangan Eceran Berbagai Macam Barang Yang Utamanya 
 Bukan Makanan, Minuman, Atau Tembakau Selain Dengan Sistem 
 Swalayan | Perdagangan Eceran Minuman Tidak Beralkohol | Perdagangan Eceran Rokok Dan Tembakau | Perdagangan Eceran Beras | Perdagangan Eceran Roti, Kue Kering, Serta Kue Basah Dan Sejenisnya | Perdagangan Eceran Kopi, Gula Pasir, Gula Merah, Dan Sejenisnya | Perdagangan Eceran Tahu, Tempe, Tauco, Dan Oncom | Perdagangan Eceran Daging Olahan | Perdagangan Eceran Ikan Olahan | Perdagangan Eceran Makanan Lainnya | Perdagangan Eceran Tekstil | Perdagangan Eceran Perlengkapan Rumah Tangga Dari Tekstil | Perdagangan Eceran Alat Tulis Menulis Dan Gambar | Perdagangan Eceran Hasil Pencetakan Dan Penerbitan | Perdagangan Eceran Kertas, Kertas Karton, Dan Barang Dari Kertas/Karton | Perdagangan Eceran Peralatan Dan Perlengkapan Olahraga | Perdagangan Eceran Alat Permainan Dan Mainan | Perdagangan Eceran Khusus Barang Kesenian Dan Rekreasi 
 Ytdl | Perdagangan Eceran Pakaian | Perdagangan Eceran Sepatu, Sandal, Dan Alas Kaki Lainnya | Perdagangan Eceran Bahan Baku Farmasi Dan Alat Kesehatan Lainnya | Perdagangan Eceran Gas Tabung Lpg | Perdagangan Eceran Aromatik/Penyegar (Minyak Asiri) | Aktivitas Pos | Aktivitas Kurir | Aktivitas Jasa Portal Intermediasi Pos Dan Kurir | Jasa Intermediasi Pos Dan Kurir Lainnya | Aktivitas Hotel Bintang Lima | Aktivitas Hotel Bintang Empat | Aktivitas Hotel Bintang Tiga | Aktivitas Hotel Bintang Dua | Aktivitas Hotel Bintang Satu | Aktivitas Hotel Nonbintang | Aktivitas Rumah Tinggal Sewa (Homestay) | Aktivitas Hostel Remaja (Youth Hostel) | Aktivitas Vila | Aktivitas Apartemen Hotel | Aktivitas Penyediaan Akomodasi Jangka Pendek Lainnya | Aktivitas Penyediaan Bumi Perkemahan, Persinggahan Karavan, Dan Taman Karavan | Aktivitas Jasa Intermediasi Akomodasi | Aktivitas Jasa Manajemen Akomodasi | Penyediaan Akomodasi Lainnya Ytdl | Aktivitas Penyiaran Radio Analog | Aktivitas Telekomunikasi Dengan Satelit | Pengelolaan Kawasan Pariwisata | Penyewaan Tempat Penyelenggaraan Aktivitas Pertemuan, Perjalanan Insentif, Konvensi, Dan Pameran, Serta Acara Khusus | Penelitian Dan Pengembangan Ilmu Pengetahuan Sosial | Penelitian Dan Pengembangan Humaniora | Aktivitas Periklanan | Penelitian Pasar | Jajak Pendapat Opini Publik | Aktivitas Kehumasan | Aktivitas Desain Peralatan Rumah Tangga Dan Furnitur | Aktivitas Desain Tekstil, Mode/Fesyen, Dan Garmen | Aktivitas Desain Peralatan Olahraga Dan Permainan | Aktivitas Desain Pengemasan | Aktivitas Desain Interior | Penyewaan Dan Sewa Guna Usaha Mesin Dan Peralatan Komunikasi Dan Multimedia";Perdagangan Besar Alat Musik | Perdagangan Besar Perangkat Lunak;Industri Sepeda Dan Kursi Roda Termasuk Becak | Industri Perlengkapan Sepeda Dan Kursi Roda Termasuk Becak | Industri Furnitur Dari Kayu | Industri Furnitur Dari Bahan Lainnya Ytdl | Industri Barang Berharga Dari Logam Mulia Bukan Perhiasan | Industri Barang Berharga Lainnya Dari Logam Mulia | Industri Alat Musik Tradisional | Industri Alat Musik Nontradisional | Industri Peralatan Dan Perlengkapan Olahraga | Industri Alat Permainan | Industri Mainan Termasuk Drone Rekreasi | Industri Alat Tulis Dan Gambar Termasuk Perlengkapannya | Reparasi Dan Pemeliharaan Peralatan Fotografi Dan Optik | Aktivitas Broker Dan Agen Penjualan Gas Alam | Produksi Kompos Sampah Organik | Pemulihan Material Lainnya | Konstruksi Konvensional Gedung Perbelanjaan | Perdagangan Besar Perlengkapan Jahit | Perdagangan Besar Barang Percetakan Dan Penerbitan Dalam Berbagai Bentuk | Perdagangan Besar Peralatan Masak, Peralatan Dapur, Dan Elektronik Rumah Tangga | Perdagangan Besar Berbagai Barang Dan Perlengkapan Rumah Tangga Lainnya Ytdl | Perdagangan Besar Komputer Dan Perlengkapan Komputer | Perdagangan Besar Suku Cadang Elektronik | Perdagangan Besar Disket, Flash Drive, Pita Audio Dan Video, Serta Cd Dan Dvd Kosong | Perdagangan Besar Bahan Konstruksi Dari Porselen | Perdagangan Eceran Bahan Dan Material Konstruksi | Perdagangan Eceran Kaca Lembaran | Perdagangan Eceran Perkakas Dan Peralatan Pertukangan | Perdagangan Eceran Peralatan Keselamatan Dan Gawat Darurat | Perdagangan Eceran Cat, Pernis Dan Lakeri | Perdagangan Eceran Bahan-Bahan Energi Terbarukan | Angkutan Laut Luar Negeri Untuk Barang Umum | Angkutan Laut Luar Negeri Untuk Barang Khusus | Angkutan Laut Luar Negeri Pelayaran Rakyat Untuk Barang | Angkutan Penyeberangan Umum Antarprovinsi Untuk Penumpang | Angkutan Penyeberangan Umum Antarkabupaten/Kota Untuk Penumpang | Angkutan Penyeberangan Umum Dalam Kabupaten/Kota Untuk Penumpang | Angkutan Penyeberangan Perintis Antarprovinsi Untuk Penumpang | Angkutan Penyeberangan Perintis Antarkabupaten/Kota Untuk Penumpang | Transportasi Pesisir Lainnya Untuk Penumpang | Angkutan Penyeberangan Umum Antarprovinsi Untuk Barang | Angkutan Penyeberangan Umum Antarkabupaten/Kota Untuk Barang | Angkutan Penyeberangan Umum Dalam Kabupaten/Kota Untuk Barang | Angkutan Penyeberangan Perintis Antarprovinsi Untuk Barang | Angkutan Penyeberangan Perintis Antarkabupaten/Kota Untuk Barang | Transportasi Pesisir Lainnya Untuk Barang | Angkutan Sungai Dan Danau Liner (Trayek Tetap Dan Teratur) Untuk Penumpang | Angkutan Sungai Dan Danau Tramper (Trayek Tidak Tetap Dan Tidak Teratur) Untuk Penumpang | Angkutan Sungai Dan Danau Untuk Wisata | Angkutan Sungai Dan Danau Untuk Barang Umum | Angkutan Sungai Dan Danau Untuk Barang Berbahaya | Angkutan Udara Niaga Berjadwal Untuk Penumpang | Angkutan Udara Niaga Tidak Berjadwal Untuk Penumpang | Transportasi Antariksa Untuk Penumpang | Angkutan Udara Niaga Berjadwal Khusus Kargo | Angkutan Udara Niaga Tidak Berjadwal Khusus Kargo | Transportasi Antariksa Untuk Barang | Pengelola Gudang Sistem Resi Gudang | Aktivitas Gudang Dingin | Aktivitas Gudang Berikat | Penyimpanan Minyak Dan Gas Bumi | Aktivitas Penyimpanan Barang Berbahaya Dan Beracun (B3) | Fasilitas Penyimpanan Sumber Radiasi Pengion | Penyimpanan Mineral Ikutan Radioaktif | Pergudangan Dan Penyimpanan Lainnya | Aktivitas Terminal Darat | Aktivitas Penyelenggaraan Prasarana Perkeretaapian | Aktivitas Jalan Tol | Aktivitas Perparkiran Di Badan Jalan (On Street Parking) | Aktivitas Perparkiran Di Luar Badan Jalan (Off Street Parking) | Aktivitas Jasa Terkait Transportasi Darat Lainnya | Aktivitas Pelayanan Kepelabuhanan Laut | Aktivitas Penyediaan Makanan Di Bangunan Tidak Tetap | Aktivitas Penyediaan Minuman Keliling/Tempat Tidak Tetap | Aktivitas Jasa Intermediasi Penyediaan Makanan Dan Minuman | Penyewaan Gudang Dan Fasilitas Penyimpanan Mandiri;Perdagangan Besar Daging Dan Daging Olahan Lainnya | Perdagangan Besar Hasil Perikanan Dan Olahan Terkait | Perdagangan Besar Bahan Makanan Dan Minuman Hasil Peternakan Dan Perikanan Lainnya | Perdagangan Besar Rokok Dan Tembakau | Perdagangan Besar Mesin Kantor Dan Industri, Suku Cadang, Dan Perlengkapannya | Perdagangan Besar Mesin, Peralatan, Dan Perlengkapan Lainnya Ytdl | Perdagangan Besar Suku Cadang Sepeda Motor Dan Aksesorinya | Perdagangan Besar Kaca Lembaran | Aktivitas Penyediaan Makanan Di Bangunan Tidak Tetap | Aktivitas Penyediaan Minuman Keliling/Tempat Tidak Tetap | Aktivitas Jasa Intermediasi Penyediaan Makanan Dan Minuman;Pertanian Jagung | Pertanian Serealia Selain Padi Dan Jagung | Pertanian Kedelai | Pertanian Kacang Tanah | Pertanian Kacang Hijau | Pertanian Aneka Kacang Selain Kedelai, Kacang Tanah, Dan Kacang Hijau | Pertanian Biji-Bijian Penghasil Minyak Makan | Pertanian Biji-Bijian Penghasil Minyak Selain Minyak Makan | Pertanian Padi Hibrida | Pertanian Padi Inbrida | Pertanian Sayuran Daun | Pertanian Buah Semusim | Pertanian Sayuran Buah | Pertanian Sayuran Umbi | Pertanian Ubi Kayu | Pertanian Jamur | Pertanian Bit Gula Dan Tanaman Pemanis Selain Tebu | Pertanian Cabai | Pertanian Umbi Lainnya | Pertanian Tebu | Pertanian Tembakau | Pertanian Tanaman Berserat | Pembenihan Tanaman Pakan Ternak Dan Pembenihan Bit (Bukan Bit Gula) | Pertanian Tanaman Bunga | Pertanian Pembenihan Tanaman Bunga | Pertanian Tanaman Semusim Lainnya Ytdl | Pertanian Buah Anggur | Pertanian Buah-Buahan Tropis Dan Subtropis | Pertanian Buah Jeruk | Pertanian Buah Apel Dan Buah Batu (Pome And Stone Fruits) | Pertanian Buah Beri | Pertanian Sayuran Tahunan | Pertanian Buah Semak Lainnya | Pertanian Kelapa | Pertanian Kelapa Sawit | Pertanian Buah Oleagin Lainnya | Pertanian Kopi | Pertanian Tanaman Teh | Pertanian Kakao | Pertanian Tanaman Untuk Bahan Minuman Lainnya | Pertanian Lada | Pertanian Cengkih | Pertanian Pala | Pertanian Tanaman Aromatik/Penyegar | Konstruksi Konvensional Gedung Lainnya;-;-;-;"Reparasi Dan Pemeliharaan Peralatan Listrik Lainnya | Reparasi Dan Pemeliharaan Alat Angkutan Lainnya, Bukan Kendaraan Bermotor | Reparasi Dan Pemeliharaan Peralatan Lainnya | Pemasangan Perlengkapan Meteorologi, Klimatologi, Dan Geofisika | Pembangkitan Tenaga Listrik Dari Sumber Energi Terbarukan | Pengoperasian Fasilitas Atau Stasiun Pengisian Daya Untuk Kendaraan Dan Peralatan Listrik | Pengoperasian Instalasi Pemanfaatan Tenaga Listrik | Aktivitas Penunjang Tenaga Listrik Lainnya | Pengadaan Uap/Air Panas Dan Udara Dingin | Produksi Es | Aktivitas Broker Dan Agen Penjualan Tenaga Listrik | Konstruksi Konvensional Gedung Perbelanjaan | Konstruksi Jalan Pada Permukaan Tanah | Konstruksi Bangunan Sipil Jembatan, Jalan Layang, Fly Over, Dan Underpass | Konstruksi Terowongan | Konstruksi Jaringan Irigasi Dan Drainase | Konstruksi Bangunan Sipil Elektrikal | Konstruksi Bangunan Sipil Telekomunikasi Untuk Prasarana Transportasi | Konstruksi Sentral Telekomunikasi | Konstruksi Pengeboran/Penggalian Air Tanah | Konstruksi Bangunan Prasarana Sumber Daya Air | Pembongkaran | Penyiapan Lahan | Pemasangan Jaringan Listrik | Pemasangan Jaringan Telekomunikasi | Pemasangan Sistem Elektronika | Pemasangan Sistem Persinyalan Dan Telekomunikasi Kereta Api | Pemasangan Perlengkapan Jalan Berbasis Listrik | Pemasangan Jaringan Penyaluran Gas | Pemasangan Perlengkapan Mekanikal Bangunan | Pemasangan Kaca, Pintu, Kusen, Jendela, Dan Sejenisnya | Pengerjaan Lantai, Dinding, Dan Plafon | Pengecatan | Penyelesaian Konstruksi Bangunan Lainnya | Jasa Intermediasi Konstruksi Khusus | Pemasangan Dan Rekayasa Struktur Bangunan | Pemasangan Perancah (Steger) | Pemasangan Rangka Dan Atap/Roof Covering | Pemasangan Kerangka Baja | Penyewaan Alat Konstruksi Dengan Operator | Perdagangan Besar Gula, Cokelat, Dan Kembang Gula | Perdagangan Besar Produk Bakeri | Perdagangan Besar Minuman Nonalkohol Bukan Susu | Perdagangan Besar Makanan Dan Minuman Lainnya | Perdagangan Besar Tekstil | Perdagangan Besar Pakaian | Perdagangan Besar Alat Fotografi Dan Barang Optik | Perdagangan Besar Peralatan Dan Perlengkapan Olahraga | Perdagangan Besar Perhiasan Dan Jam | Perdagangan Besar Tas, Dompet, Koper, Ransel, Dan Sejenisnya | Perdagangan Eceran Padi Dan Palawija | Perdagangan Eceran Komputer Dan Perlengkapannya | Perdagangan Eceran Peralatan Dan Produk Gim Video Serta 
 Sejenisnya | Perdagangan Eceran Perangkat Lunak (Software) | Perdagangan Eceran Telepon Beserta Aksesorisnya | Perdagangan Eceran Mesin Dan Peralatan Kantor | Perdagangan Eceran Peralatan Audio Dan Video | Perdagangan Eceran Perlengkapan Jahit Menjahit | Perdagangan Eceran Karpet, Permadani, Serta Penutup Dinding Dan Lantai | Perdagangan Eceran Furnitur | Perdagangan Eceran Peralatan Listrik Rumah Tangga, Peralatan Penerangan, Dan Perlengkapannya | Perdagangan Eceran Barang Pecah Belah; Perlengkapan Dapur Dan Makan | Perdagangan Eceran Alat Musik | Perdagangan Eceran Peralatan Dan Perlengkapan Rumah Tangga Lainnya Ytdl | Angkutan Perkotaan | Angkutan Perdesaan | Angkutan Bermotor Untuk Barang Umum | Angkutan Bermotor Untuk Barang Khusus | Angkutan Tidak Bermotor Untuk Barang | Angkutan Kereta Api Lainnya | Angkutan Pariwisata | Angkutan Taksi | Angkutan Khusus | Angkutan Sewa | Angkutan Ojek Motor | Angkutan Tidak Bermotor Untuk Penumpang | Transportasi Darat Lainnya Untuk Penumpang Ytdl | Transportasi Melalui Saluran Pipa | Angkutan Laut Dalam Negeri Liner Dan Tramper Untuk Penumpang | Angkutan Laut Dalam Negeri Perintis Untuk Penumpang | Angkutan Laut Dalam Negeri Untuk Wisata | Angkutan Laut Luar Negeri Liner Dan Tramper Untuk Penumpang | Angkutan Laut Luar Negeri Untuk Wisata | Angkutan Laut Dalam Negeri Untuk Barang Umum | Angkutan Laut Dalam Negeri Untuk Barang Khusus | Angkutan Laut Dalam Negeri Perintis Untuk Barang | Angkutan Laut Dalam Negeri Pelayaran Rakyat Untuk Barang | Aktivitas Penyediaan Makanan Di Bangunan Tidak Tetap | Aktivitas Penyediaan Minuman Keliling/Tempat Tidak Tetap | Aktivitas Agen Asuransi | Aktivitas Penunjang Lainnya Untuk Asuransi, Penjaminan, Dan Dana Pensiun | Aktivitas Penunjang Lainnya Untuk Asuransi, Penjamian, Dan Dana Pensiun Ytdl | Aktivitas Pengembangan Bangunan Dan Lahan Hunian | Aktivitas Penyewaan Bangunan Dan Lahan Hunian Milik Sendiri Atau Sewa | Pengelolaan Pusat Perbelanjaan | Pengujian Dan Analisis Teknis Lainnya | Penelitian Dan Pengembangan Ilmu Alam | Penelitian Dan Pengembangan Enjinering Dan Teknologi | Penelitian Dan Pengembangan Ilmu Pertanian Dan Kedokteran Hewan | Penelitian Dan Pengembangan Eksperimental Ilmu Alam Dan Enjinering Lainnya | Penelitian Dan Pengembangan Ilmu Pengetahuan Sosial | Penelitian Dan Pengembangan Humaniora | Aktivitas Desain Alat Transportasi Dan Permesinan | Aktivitas Desain Peralatan Rumah Tangga Dan Furnitur | Aktivitas Desain Alat Komunikasi Dan Elektronika | Aktivitas Desain Produk Kesehatan, Kosmetik, Dan Perlengkapan Laboratorium | Aktivitas Desain Industri Lainnya | Penyewaan Dan Sewa Guna Usaha Mesin Dan Peralatan Komunikasi Dan Multimedia | Aktivitas Jasa Intermediasi Untuk Penyewaan Dan Sewa Guna Usaha Barang Berwujud Dan Aset Tak Berwujud Nonfinansial Lainnya | Aktivitas Penempatan Awak Kapal | Aktivitas Penyediaan Informasi Lowongan Kerja | Aktivitas Penempatan Tenaga Kerja Lainnya | Aktivitas Penyediaan Tenaga Kerja Sementara Dan Penyediaan Sumber Daya Manusia Lainnya | Aktivitas Agen Perjalanan | Aktivitas Biro Perjalanan Wisata | Aktivitas Biro Perjalanan Ibadah Umrah Dan Haji Khusus | Aktivitas Biro Perjalanan Lainnya | Jasa Informasi Pariwisata | Jasa Informasi Daya Tarik Wisata | Jasa Pramuwisata";"Industri Kapal Dan Perahu Untuk Tujuan Wisata Atau Rekreasi Dan Olahraga | Aktivitas Broker Dan Agen Penjualan Gas Alam | Pengolahan Dan Penyediaan Air Minum | Penampungan Dan Penyediaan Air Baku | Aktivitas Penunjang Penyediaan Air | Aktivitas Penangkapan Karbon | Konstruksi Konvensional Gedung Kesehatan | Konstruksi Konvensional Gedung Pendidikan | Perdagangan Besar Telur Dan Hasil Olahan Telur | Perdagangan Besar Susu Dan Produk Susu | Perdagangan Besar Minyak Dan Lemak Hewani | Perdagangan Besar Minuman Beralkohol | Perdagangan Besar Bahan Konstruksi Dari Kayu | Perdagangan Besar Berbagai Macam Material Bangunan | Perdagangan Eceran Bahan Bakar Di Sarana Pengisian Bahan 
 Bakar | Perdagangan Eceran Bahan Bakar Selain Di Sarana Pengisian 
 Bahan Bakar | Perdagangan Eceran Minyak Pelumas | Perdagangan Eceran Perlengkapan Rumah Tangga Bekas | Perdagangan Eceran Pakaian, Alas Kaki, Dan Perlengkapan Pakaian Bekas | Perdagangan Eceran Barang Perlengkapan Pribadi Bekas | Perdagangan Eceran Barang Listrik Dan Elektronik Bekas | Perdagangan Eceran Bahan Konstruksi Dan Saniter Bekas | Perdagangan Eceran Ikan Dan Biota Air Hidup Lainnya | Perdagangan Eceran Tanaman Dan Bibit Tanaman Selain Tanaman Kehutanan | Perdagangan Eceran Tanaman Dan Bibit Tanaman Kehutanan | Perdagangan Eceran Minyak Tanah | Perdagangan Eceran Lukisan | Aktivitas Jasa Intermediasi Penyediaan Makanan Dan Minuman | Aktivitas Pialang Asuransi | Aktivitas Agen Penjaminan | Manajemen Investasi Konvensional Di Pasar Keuangan | Manajemen Investasi Syariah Di Pasar Keuangan | Aktivitas Manajemen Dana Lainnya | Pengelolaan Kawasan Ekonomi Khusus | Pengelolaan Gedung Perkantoran";-;-;Industri Kapal Dan Perahu Untuk Tujuan Wisata Atau Rekreasi Dan Olahraga | Industri Sepeda Dan Kursi Roda Termasuk Becak | Industri Perlengkapan Sepeda Dan Kursi Roda Termasuk Becak | Industri Furnitur Dari Kayu | Industri Furnitur Dari Rotan Dan Bambu | Industri Furnitur Dari Bahan Lainnya Ytdl | Industri Permata | Industri Perhiasan Dari Logam Mulia | Industri Barang Berharga Dari Logam Mulia Bukan Perhiasan | Industri Perhiasan Dari Mutiara | Industri Barang Berharga Lainnya Dari Logam Mulia | Industri Perhiasan Imitasi Dan Barang Sejenis | Industri Alat Musik Tradisional | Industri Alat Musik Nontradisional | Industri Peralatan Dan Perlengkapan Olahraga | Industri Alat Permainan | Industri Mainan Termasuk Drone Rekreasi | Industri Kacamata | Industri Alat Tulis Dan Gambar Termasuk Perlengkapannya | Industri Kerajinan Ytdl | Reparasi Dan Pemeliharaan Peralatan Fotografi Dan Optik;Pengolahan Dan Penyediaan Air Minum | Penampungan Dan Penyediaan Air Baku | Produksi Kompos Sampah Organik | Pemulihan Material Lainnya | Aktivitas Penangkapan Karbon;"nan | Pertanian Tanaman Pakan Ternak | Pertanian Tanaman Obat Rimpang | Pertanian Tanaman Obat Nonrimpang | Pertanian Tanaman Narkotika Dan Tanaman Obat Terlarang | Pertanian Tanaman Rempah-Rempah Dan Aromatik/Penyegar Lainnya | Pertanian Pohon Karet Dan Tanaman Penghasil Getah Lainnya | Pertanian Tanaman Tahunan Lainnya Ytdl | Pertanian Tanaman Hias | Penangkaran Tumbuhan Liar | Pembiakan Tanaman Lainnya | Budi Daya Dan Pembibitan Sapi Potong | Budi Daya Dan Pembibitan Sapi Perah | Budi Daya Dan Pembibitan Kerbau Potong | Budi Daya Dan Pembibitan Kerbau Perah | Peternakan Kuda Dan Sejenisnya | Peternakan Unta Dan Sejenisnya | Budi Daya Dan Pembibitan Domba Potong | Budi Daya Dan Pembibitan Kambing Potong | Budi Daya Dan Pembibitan Kambing Perah | Budi Daya Dan Pembibitan Domba Perah | Produksi Bulu Domba Mentah/Raw Wool | Peternakan Babi | Budi Daya Ayam Ras Pedaging | Budi Daya Ayam Ras Petelur | Pembibitan Ayam Lokal Dan Persilangannya | Budi Daya Ayam Lokal Dan Persilangannya | Budi Daya Dan Pembibitan Itik Dan Bebek | Budi Daya Dan Pembibitan Burung Puyuh | Budi Daya Dan Pembibitan Burung Merpati | Pembibitan Ayam Ras | Budi Daya Dan Pembibitan Unggas Lainnya | Budi Daya Dan Pembibitan Burung Unta | Budi Daya Dan Pembibitan Ulat Sutra | Budi Daya Dan Pembibitan Lebah | Budi Daya Dan Pembibitan Rusa | Budi Daya Dan Pembibitan Kelinci | Budi Daya Dan Pembibitan Cacing | Budi Daya Dan Pembibitan Burung Walet | Penangkaran Satwa Liar | Budi Daya Dan Pembibitan Hewan Lainnya | Jasa Pengolahan Lahan | Jasa Pemupukan | Jasa Pemanenan | Jasa Penyemprotan Dan Penyerbukan Melalui Udara | Jasa Pengendalian Organisme Pengganggu Tumbuhan (Opt) | Jasa Penanaman Benih | Jasa Penunjang Pertanian Lainnya | Jasa Perkawinan Ternak | Jasa Penetasan Telur | Jasa Penunjang Peternakan Lainnya | Jasa Pascapanen | Pemilihan Benih Tanaman Untuk Pembiakan | Perburuan, Penangkapan, Dan Kegiatan Jasa Terkait | Pengelolaan Hutan | Pemanfaatan Kayu Hutan | Pembenihan Tanaman Kehutanan | Pemanenan Kayu | Pemungutan Kayu | Pemungutan Hasil Hutan Bukan Kayu | Jasa Lingkungan Hutan | Jasa Penggunaan Kawasan Kehutanan | Jasa Penunjang Kehutanan Lainnya | Penangkapan Ikan Dan Biota Air Lainnya Di Laut | Penangkapan Ikan Dan Biota Air Lainnya Di Perairan Air Tawar | Pembudidayaan Ikan Bersirip (Selain Ikan Hias) Dan Biota Air Laut Lainnya Yang Tidak Dilindungi | Pembudidayaan Ikan Hias Air Laut Yang Tidak Dilindungi | Pembudidayaan Tumbuhan Air Laut Yang Tidak Dilindungi | Pengembangbiakan Ikan Dan Biota Air Laut Yang Dilindungi | Pembudidayaan Ikan Bersirip (Selain Ikan Hias) Dan Biota Air Tawar Lainnya Yang Tidak Dilindungi | Pembudidayaan Ikan Hias Air Tawar Yang Tidak Dilindungi | Pembudidayaan Tumbuhan Air Tawar Yang Tidak Dilindungi | Pengembangbiakan Biota Air Tawar Yang Dilindungi | Pembudidayaan Ikan Bersirip (Selain Ikan Hias) Dan Biota Air Payau Lainnya Yang Tidak Dilindungi | Pembudidayaan Ikan Hias Air Payau Yang Tidak Dilindungi | Pembudidayaan Tumbuhan Air Payau Yang Tidak Dilindungi | Pengembangbiakan Biota Air Payau Yang Dilindungi | Jasa Penunjang Kegiatan Penangkapan Dan Pembudidayaan Ikan | Pertambangan Batu Bara | Benefisiasi Atau Peningkatan Kualitas Batu Bara | Pertambangan Lignit | Pertambangan Minyak Bumi | Pertambangan Gas Alam | Pengusahaan Tenaga Panas Bumi | Pertambangan Pasir Besi | Pertambangan Bijih Besi | Pertambangan Bijih Uranium Dan Torium | Pertambangan Emas Dan Perak | Pertambangan Bijih Logam Mulia Lainnya | Pertambangan Bijih Timah | Pertambangan Bijih Timah Hitam | Pertambangan Bijih Bauksit | Pertambangan Bijih Tembaga | Pertambangan Bijih Nikel | Pertambangan Bijih Mangan | Pertambangan Bahan Galian Lainnya Yang Tidak Mengandung Bijih Besi Ytdl | Penggalian Batu Hias Dan Batu Bangunan | Penggalian Batu Kapur/Gamping | Penggalian Kerikil/Sirtu | Penggalian Pasir | Penggalian Tanah Dan Tanah Liat | Penggalian Gips | Penggalian Tras | Penggalian Batu Apung | Penggalian Batu, Pasir, Dan Tanah Liat Lainnya | Pertambangan Belerang | Pertambangan Fosfat | Pertambangan Nitrat | Pertambangan Yodium | Pertambangan Potash (Kalium Karbonat) | Pertambangan Mineral, Bahan Kimia, Dan Bahan Pupuk Lainnya | Ekstraksi Tanah Gambut | Ekstraksi Garam | Pertambangan Batu Mulia | Penggalian Feldspar Dan Kalsit | Pertambangan Aspal Alam | Penggalian Asbes | Penggalian Kuarsa/Pasir Kuarsa | Pertambangan Bijih Logam Tanah Jarang | Pertambangan Dan Penggalian Lainnya Ytdl | Aktivitas Penunjang Pertambangan Minyak Bumi Dan Gas Alam | AKTIVITAS PENUNJANG PERTAMBANGAN DAN PENGGALIAN LAINNYA | Kegiatan Rumah Potong Hewan Ruminansia | Kegiatan Rumah Potong Babi | Kegiatan Rumah Potong Unggas | Kegiatan Rumah Potong Hewan Lainnya | Pengolahan Dan Pengawetan Daging Dan Produk Daging | Pengolahan Dan Pengawetan Ikan Dengan Penggaraman Atau 
 Pengeringan | Pengolahan Dan Pengawetan Ikan Dengan Pengasapan Atau 
 Pemanggangan | Pengolahan Dan Pengawetan Ikan Dengan Pembekuan | Pengolahan Dan Pengawetan Ikan Dengan Pemindangan | Pengolahan Dan Pengawetan Ikan Dengan Fermentasi | Pengolahan Dan Pengawetan Ikan Dengan Pelumatan | Pengolahan Dan Pengawetan Ikan Dengan Pengalengan | Pengolahan Dan Pengawetan Ikan Menjadi Produk Olahan | Pengolahan Dan Pengawetan Ikan Dengan Metode Lainnya | Pengolahan Dan Pengawetan Biota Air Lainnya Dengan 
 Penggaraman Atau Pengeringan | Pengolahan Dan Pengawetan Biota Air Lainnya Dengan 
 Pengasapan Atau Pemanggangan | Pengolahan Dan Pengawetan Biota Air Lainnya Dengan 
 Pembekuan | Pengolahan Dan Pengawetan Biota Air Lainnya Dengan 
 Pemindangan | Pengolahan Dan Pengawetan Biota Air Lainnya Dengan 
 Fermentasi | Pengolahan Dan Pengawetan Biota Air Lainnya Dengan 
 Pelumatan | Pengolahan Dan Pengawetan Biota Air Lainnya Dengan 
 Pengalengan | Pengolahan Dan Pengawetan Rumput Laut | Pengolahan Dan Pengawetan Biota Air Lainnya Dengan Metode 
 Lainnya | Pengasinan Buah-Buahan Dan Sayuran | Pelumatan Buah-Buahan Dan Sayuran | Pengeringan Buah-Buahan Dan Sayuran | Pembekuan Buah-Buahan Dan Sayuran | Pengalengan Buah-Buahan Dan Sayuran | Pengolahan Sari Buah-Buahan Dan Sayuran | Pembuatan Tempe Kedelai | Pembuatan Tahu Kedelai | Pengolahan Dan Pengawetan Lainnya Untuk Buah-Buahan Dan Sayuran | Industri Minyak Mentah Dan Lemak Nabati Bukan Kelapa Dan Kelapa Sawit | Industri Margarin | Industri Minyak Mentah Dan Lemak Dari Hewan Selain Ikan | Industri Minyak Ikan | Industri Minyak Goreng Dan Minyak Makan Bukan Minyak Kelapa Dan Minyak Kelapa Sawit | Industri Minyak Mentah Dan Lemak Nabati Dan Hewani Bukan Kelapa Dan Kelapa Sawit Lainnya | Industri Kopra | Industri Minyak Mentah Kelapa | Industri Minyak Goreng Kelapa | Industri Minyak Mentah Kelapa Sawit (Crude Palm Oil) | Industri Minyak Mentah Inti Kelapa Sawit (Crude Palm Kernel Oil) | Industri Pemisahan/Fraksinasi Minyak Mentah Kelapa Sawit Dan Minyak Mentah Inti Kelapa Sawit | Industri Pemurnian Minyak Mentah Kelapa Sawit Dan Minyak Mentah Inti Kelapa Sawit | Industri Pemisahan/Fraksinasi Minyak Murni Kelapa Sawit | Industri Pemisahan/Fraksinasi Minyak Murni Inti Kelapa Sawit | Industri Minyak Goreng Kelapa Sawit | Industri Susu Segar Dan Krim | Industri Susu Bubuk Dan Susu Kental | Industri Es Krim | Industri Es Yang Dapat Dimakan Dan Es Pencuci Mulut | Industri Produk Susu Lainnya | Industri Produk Gilingan Gandum (Selain Tepung Terigu) Dan Serelia Selain Beras Dan Jagung | Industri Produk Gilingan Aneka Kacang | Industri Produk Gilingan Aneka Umbi, Tanaman Rimpang, Dan Sayuran | Industri Tepung Campuran Dan Adonan Tepung | Industri Makanan Sereal | Industri Tepung Terigu | Industri Pati Ubi Kayu | Industri Berbagai Macam Pati Palem | Industri Glukosa Dan Sejenisnya | Industri Pati Dan Produk Pati Lainnya | Industri Penggilingan Padi Dan Penyosohan Beras | Industri Pemipilan Jagung | Industri Tepung Beras Dan Tepung Jagung | Industri Pati Beras Dan Jagung | Industri Pemanis Dari Beras Dan Jagung | Industri Minyak Dari Beras Dan Jagung | Industri Produk Bakeri | Industri Gula Pasir | Industri Gula Merah | Industri Sirop | Industri Gula Lainnya | Industri Pengolahan Kakao; Industri Cokelat Dan Kembang Gula | Industri Pengolahan Kakao | Industri Cokelat Dan Kembang Gula Dari Cokelat | Industri Manisan Buah-Buahan Dan Sayuran Kering | Industri Kembang Gula Lainnya | Industri Makaroni, Mi, Couscous, Dan Produk Sejenisnya | Industri Makanan Dan Masakan Olahan | Pengolahan Kopi | Pengolahan Te | Industri Kecap | Industri Garam Konsumsi Beryodium | Industri Garam Industri Aneka Pangan | Industri Bumbu Masakan Lainnya | Industri Makanan Bayi Dan Makanan Khusus | Industri Kue Basah | Industri Produk Makanan Dari Kelapa | Industri Kerupuk, Keripik, Peyek, Dan Sejenisnya | Industri Sari Nabati Dan Krimer Nabati | Industri Dodol | Industri Infusi Herbal/Herb Infusion | Industri Bahan Makanan Dari Rumput Laut | Industri Produk Makanan Lainnya Ytdl | Industri Ransum Pakan Hewan | Industri Konsentrat Pakan Hewan | Industri Penyulingan, Pemurnian, Dan Pencampuran Minuman Beralkohol | Industri Minuman Beralkohol Hasil Fermentasi Anggur Dan Hasil Pertanian Lainnya | Industri Minuman Beralkohol Hasil Fermentasi Malt | Industri Malt | Industri Air Kemasan | Industri Air Minum Isi Ulang | Industri Minuman Ringan | Industri Minuman Lainnya | Industri Sigaret Kretek Tangan | Industri Sigaret Kretek Mesin | Industri Rokok Putih | Industri Pengeringan Dan Pengolahan Tembakau | Industri Bumbu Rokok | Industri Produk Tembakau Lainnya | Persiapan Serat Tekstil | Pemintalan Benang Selain Benang Jahit | Pemintalan Benang Jahit | Pertenunan Tekstil Dengan Mesin | Pertenunan Tekstil Bukan Dengan Mesin | Penyempurnaan Benang | Penyempurnaan Basah Kain | Industri Kain Batik | Penyempurnaan Tekstil Lainnya | Industri Kain Rajutan | Industri Kain Crocheted | Industri Bulu Tiruan Rajutan | Industri Barang Tekstil Untuk Keperluan Rumah Tangga | Industri Barang Tekstil Dengan Bahan Pengisi | Industri Karung Goni | Industri Karung Selain Karung Goni | Industri Barang Tekstil Bukan Pakaian Jadi Lainnya | Industri Karpet Dan Permadani | Industri Tali | Industri Barang Dari Tali | Industri Kain Narrow | Industri Kain Yang Dilapisi Dan Sejenisnya | Industri Kain Nirtenun/Nonwoven | Industri Kain Ban | Industri Kapuk | Industri Kain Tule, Kain Jaring, Dan Kain Bordir | Industri Tekstil Lainnya Ytdl | Industri Pakaian Jadi (Konfeksi) Dari Tekstil | Industri Pakaian Jadi (Konfeksi) Dari Kulit Dan Tiruan Kulit | Industri Penjahitan Dan Pembuatan (Bukan Konfeksi) Pakaian Sesuai Pesanan/Kustomisasi | Industri Perlengkapan Pakaian Dari Tekstil | Industri Perlengkapan Pakaian Dari Kulit Dan Tiruan Kulit | Industri Barang Dari Kulit Berbulu | Industri Pakaian Jadi Dan Perlengkapannya Dari Rajutan Dan Crocheted | Industri Hosiery Rajutan Dan Crocheted | Penyamakan Kulit | Pewarnaan Kulit Berbulu | Industri Kulit Komposisi | Industri Koper, Tas Tangan, Dan Sejenisnya | Industri Pelana, Alat Pengekang/Harness, Dan Barang Lainnya Untuk Hewan | Industri Barang Lainnya Dari Kulit Dan Kulit Komposisi | Industri Alas Kaki Untuk Keperluan Sehari-Hari | Industri Sepatu Olahraga | Industri Sepatu Teknik Lapangan/Keperluan Industri | Industri Alas Kaki Lainnya | Penggergajian Dan Penghalusan Kayu | Pengawetan Kayu | Pengawetan Rotan, Bambu, Dan Sejenisnya | Pengolahan Rotan | Industri Partikel Kayu Dan Sejenisnya | Industri Kayu Lapis | Industri Venir | Industri Kayu Laminasi | Industri Panel Kayu Lainnya | Industri Barang Bangunan Dari Kayu | Industri Bangunan Prafabrikasi Dari Kayu Dan Sejenisnya | Industri Wadah Dari Kayu | Industri Barang Anyaman Dari Rotan Dan Bambu | Industri Barang Anyaman Dari Tanaman Selain Rotan Dan Bambu | Industri Kerajinan Ukiran Dari Kayu Bukan Furnitur | Industri Alat Dapur Dan Alat Makan Dari Kayu, Rotan, Dan Bambu | Industri Kayu Bakar Dan Pelet Dari Kayu Dan Biomassa Lainnya | Industri Barang Lainnya Dari Kayu; Industri Barang Dari Gabus, Jerami, Rotan, Bambu, Dan Sejenisnya Ytdl | Industri Bubur Kertas (Pulp) | Industri Kertas Budaya | Industri Kertas Berharga | Industri Kertas Khusus | Industri Kertas Lainnya | Industri Kertas Dan Papan Kertas Bergelombang | Industri Kemasan Dan Kotak Dari Kertas Dan Karton | Industri Kertas Tisu | Industri Barang Dari Kertas Dan Papan Kertas Lainnya Ytdl | Pencetakan Umum | Pencetakan Khusus | Pencetakan Tiga Dimensi (3d) | Kegiatan Jasa Penunjang Pencetakan | Reproduksi Media Rekaman Suara Dan Perangkat Lunak | Reproduksi Media Rekaman Film Dan Video | Industri Produk Tanur Kokas | Industri Bahan Bakar Dari Pemurnian Dan Pengilangan Minyak Bumi | Industri Minyak Pelumas | Industri Produk Dari Bahan Limbah Minyak Pelumas | Industri Minyak Pelumas Dasar (Bahan Baku Pelumas) | Industri Briket | Industri Produk Dari Pencampuran Hasil Kilang Minyak Bumi Dengan Biofuel | Industri Produk Lainnya Dari Hasil Kilang Minyak Bumi | Industri Asam, Basa, Dan Garam Anorganik | Industri Gas Industri | Industri Kimia Dasar Zat Warna Dan Pigmen | Industri Kimia Dasar Radioaktif | Industri Kimia Dasar Organik Dari Sumber Daya Alam Hayati | Industri Kimia Dasar Dari Minyak Bumi, Gas Alam, Dan Batu Bara | Industri Kimia Dasar Anorganik Lainnya | Industri Senyawa Nitrogen; Pupuk Nitrogen, Fosfat, Dan Kalium | Industri Pupuk Hara Makro Primer Lainnya | Industri Pupuk Hara Mikro | Industri Pupuk Organik, Pupuk Hayati, Dan Media Tanam | Industri Biostimulan | Industri Damar Buatan (Resin Sintetis) Dan Bahan Baku Plastik | Industri Karet Buatan | Industri Bahan Baku Pemberantas Hama (Bahan Aktif) | Industri Pemberantas Hama (Formulasi) | Industri Zat Pengatur Tumbuh | Industri Cat | Industri Pernis | Industri Dempul | Industri Sediaan Pewarna Dan Pelapis Lainnya | Industri Bahan Dan Produk Pembersih | Industri Kosmetik Untuk Manusia, Cairan Lensa Kontak | Industri Kosmetik Untuk Hewan | Industri Perekat Gigi | Industri Parfum Sesuai Pesanan | Industri Perekat/Lem | Industri Bahan Peledak | Industri Tinta | Industri Minyak Asiri Hulu | Industri Korek Api | Industri Minyak Asiri Rantai Tengah | Industri Biofuel Cair | Industri Cairan Rokok Elektrik | Industri Barang Kimia Lainnya Ytdl | Industri Serat Filamen Dan Strip Buatan | Industri Serat Stapel Buatan | Industri Bahan Baku Farmasi Untuk Manusia | Industri Produk Farmasi Untuk Manusia | Industri Produk Farmasi Untuk Hewan | Industri Bahan Baku Farmasi Untuk Hewan | Industri Alat Diagnosis Medis, Perban, Kasa, Dan Penunjang Kesehatan Lainnya | Industri Bahan Baku Obat Bahan Alam Untuk Manusia | Industri Produk Obat Bahan Alam Untuk Manusia | Industri Produk Obat Bahan Alam Untuk Hewan | Industri Bahan Baku Obat Bahan Alam Untuk Hewan | Industri Ban Luar Dan Ban Dalam | Industri Pembentukan Kembali Ban Dan Vulkanisasi Ban | Industri Karet Asap | Industri Karet Lembaran Dan Crepe Rubber | Industri Karet Remah (Crumb Rubber) | Industri Karet Setengah Jadi Lainnya | Industri Barang Dari Karet Untuk Keperluan Rumah Tangga | Industri Barang Dari Karet Untuk Keperluan Industri | Industri Barang Dari Karet Untuk Keperluan Infrastruktur | Industri Barang Dari Karet Untuk Kesehatan | Industri Barang Lainnya Dari Karet Ytdl | Industri Barang Dari Plastik Untuk Bangunan | Industri Barang Dari Plastik Dan Bioplastik Untuk Pengemasan | Industri Pipa Plastik Dan Perlengkapannya | Industri Plastik Lembaran | Industri Perlengkapan Dan Peralatan Rumah Tangga Dari Plastik (Tidak Termasuk Furnitur) | Industri Barang Dan Peralatan Teknik/Industri Dari Plastik | Industri Barang Lainnya Dari Plastik | Industri Kaca Lembaran | Industri Kaca Pengaman | Industri Kaca Lainnya | Industri Perlengkapan Dan Peralatan Rumah Tangga Dari Kaca | Industri Peralatan Laboratorium Dan Kesehatan Dari Kaca | Industri Produk Lainnya Dari Kaca | Industri Bata, Mortar, Semen, Dan Sejenisnya Yang Tahan Api | Industri Produk Refraktori (Tahan Api) Lainnya | Industri Batu Bata Dari Tanah Liat Atau Keramik | Industri Genteng Dari Tanah Liat Atau Keramik | Industri Bahan Bangunan Lainnya Dari Tanah Liat Atau Keramik | Industri Perlengkapan Rumah Tangga Dari Porselen | Industri Perlengkapan Rumah Tangga Dari Tanah Liat Atau Keramik | Industri Alat Laboratorium Dan Alat Listrik Atau Teknik Dari Porselen | Industri Peralatan Sanitasi Dari Porselen | Industri Peralatan Sanitasi Dari Tanah Liat Atau Keramik | Industri Produk Bukan Bahan Bangunan Lainnya Dari Tanah Liat Atau Keramik Dan Porselen | Industri Semen | Industri Kapur | Industri Gips | Industri Barang Dari Semen | Industri Barang Dari Kapur | Industri Barang Dari Gips | Industri Barang Dari Asbes | Industri Mortar, Acian, Dan Beton Siap Pakai | Industri Barang Dari Batu Marmer | Industri Barang Dari Batu Granit | Industri Barang Dari Batu Lainnya | Industri Produk Abrasif | Industri Batuan Aspal Dan Barang Dari Aspal Atau Material Sejenis | Industri Produk Hasil Pemurnian Mineral Nonlogam | Industri Produk Mineral Nonlogam Lainnya Ytdl | Industri Besi Dan Baja Dasar | Penggilingan Baja | Industri Pipa Dan Sambungan Pipa Dari Besi Dan Baja | Industri Logam Dasar Mulia | Industri Logam Dasar Bukan Besi Lainnya | Penggilingan Logam Bukan Besi | Ekstrusi Logam Bukan Besi | Industri Pipa Dan Sambungan Pipa Dari Logam Bukan Besi Dan Baja | Industri Bahan Bakar Nuklir | Pengecoran Besi Dan Baja | Pengecoran Logam Bukan Besi Dan Baja | Industri Produk Logam Struktural Bukan Aluminium Untuk Konstruksi Ringan | Industri Produk Logam Struktural Aluminium Untuk Konstruksi Ringan | Industri Produk Logam Struktural Baja Untuk Konstruksi Berat | Industri Produk Logam Struktural Lainnya | Industri Tangki, Tandon Air, Dan Wadah Sejenisnya Dari Logam | Industri Generator Uap Bukan Ketel Pemanas | Industri Senjata Dan Amunisi | Penempaan, Pengepresan, Pencetakan, Dan Pembentukan Logam; Metalurgi Bubuk | Pengerjaan Dan Pelapisan Logam | Industri Perkakas Tangan | Industri Alat Potong | Industri Alat Makan Dari Logam | Industri Peralatan Umum | Industri Ember, Kaleng, Drum Dan Wadah Sejenisnya Dari Logam | Industri Barang Dari Kawat Logam Bukan Kabel | Industri Paku, Mur, Dan Baut Logam | Industri Brankas, Filling Kantor, Dan Sejenisnya | Industri Peralatan Dapur Dan Peralatan Meja Dari Logam | Industri Produk Rumah Tangga Dari Logam Bukan Peralatan Dapur Dan Peralatan Meja | Industri Profil Logam | Industri Lampu Dari Logam | Industri Produk Logam Lainnya Ytdl | Industri Sel Surya, Panel Surya, Dan Inverter Fotovoltaik | Industri Tabung Elektron Dan Konektor Elektronik | Industri Komponen Dan Papan Elektronik Lainnya Ytdl | Industri Komputer Dan Perakitan Komputer | Industri Perlengkapan Komputer | Industri Peralatan Telepon Dan Faksimili | Industri Peralatan Komunikasi Tanpa Kabel (Wireless) | Industri Kartu Cerdas (Smart Card) | Industri Peralatan Komunikasi Lainnya | Industri Televisi, Monitor Televisi, Dan Displai | Industri Peralatan Perekam, Penerima, Dan Pengganda Audio Dan Video, Bukan Televisi | Industri Peralatan Audio Dan Video Elektronik Lainnya | Industri Alat Ukur Dan Alat Uji Manual | Industri Alat Ukur Dan Alat Uji Elektrik | Industri Alat Ukur Dan Alat Uji Elektronik | Industri Alat Ukur, Alat Uji, Dan Peralatan Navigasi Dan Kontrol Lainnya | Industri Alat Ukur Waktu | Industri Peralatan Iradiasi, Perlengkapan, Dan Sejenisnya | Industri Peralatan Elektromedik Dan Elektroterapi | Industri Peralatan Fotografi | Industri Peralatan Sinematografi | Industri Lensa Bukan Kacamata | Industri Peralatan Fotografi Dan Instrumen Optik Bukan Kacamata Lainnya | Industri Media Magnetik Dan Media Optik | Industri Motor Listrik | Industri Generator Pembangkit Listrik | Industri Pengubah Tegangan/Transformator Dan Pengubah Arus/Rectifier | Industri Peralatan Pengontrol Dan Pendistribusian Listrik | Industri Batu Baterai | Industri Akumulator Listrik | Industri Baterai Kendaraan Listrik | Industri Kabel Serat Optik | Industri Kabel Dan Kawat Listrik Dan Elektronik Lainnya | Industri Perlengkapan Kabel | Industri Bola Lampu Pijar, Lampu Sorot, Dan Lampu Ultraviolet | Industri Lampu Gas Dan Discharge | Industri Peralatan Penerangan Untuk Kendaraan | Industri Lampu Led | Industri Peralatan Penerangan Lainnya | Industri Peralatan Listrik Rumah Tangga | Industri Peralatan Elektrotermal Rumah Tangga | Industri Peralatan Rumah Tangga Bukan Listrik | Industri Peralatan Listrik Lainnya | Industri Mesin Uap, Turbin, Dan Kincir | Industri Motor Pembakaran Dalam | Industri Komponen Dan Suku Cadang Mesin Dan Turbin | Industri Peralatan Tenaga Zat Cair Dan Gas | Industri Pompa Lainnya, Kompresor, Keran, Dan Klep/Katup | Industri Bearing, Roda Gigi, Dan Elemen Penggerak Mesin | Industri Oven, Perapian Dan Tungku Pembakar Sejenis Yang Tidak Menggunakan Arus Listrik | Industri Oven, Perapian Dan Tungku Pembakar Sejenis Yang Menggunakan Arus Listrik | Industri Alat Pengangkat Dan Pemindah | Industri Mesin Kantor Dan Akuntansi Manual | Industri Mesin Kantor Dan Akuntansi Elektrik | Industri Mesin Kantor Dan Akuntansi Elektronik | Industri Peralatan Kantor | Industri Perkakas Tangan Yang Digerakkan Tenaga | Industri Mesin Untuk Pembungkus, Pembotolan, Dan Pengalengan | Industri Mesin Timbangan | Industri Mesin Pendingin | Industri Mesin Untuk Keperluan Umum Lainnya Ytdl | Industri Mesin Pertanian Dan Kehutanan | Industri Mesin Dan Perkakas Mesin Untuk Pengerjaan Logam Dan Bahan Lainnya | Industri Mesin Metalurgi | Industri Mesin Penambangan, Penggalian Dan Konstruksi | Industri Mesin Pengolahan Makanan, Minuman Dan Tembakau | Industri Mesin Jahit, Mesin Cuci, Dan Mesin Pengering Untuk Keperluan Niaga | Industri Mesin Tekstil | Industri Mesin Penyiapan Dan Pembuatan Produk Kulit | Industri Mesin Percetakan | Industri Mesin Pabrik Kertas | Industri Mesin Keperluan Khusus Lainnya Ytdl | Industri Kendaraan Bermotor Roda Empat Atau Lebih | Industri Karoseri Kendaraan Bermotor Roda Empat Atau Lebih; Industri Trailer Dan Semitrailer | Industri Suku Cadang Dan Aksesori Kendaraan Bermotor Roda Empat Atau Lebih | Industri Kendaraan Air Dan Bawah Air Berawak | Industri Bangunan Lepas Pantai Dan Bangunan Terapung | Industri Kendaraan Air Dan Bawah Air Tanpa Awak | Industri Lokomotif Dan Gerbong Kereta | Industri Pesawat Udara Berawak Dan Mesin Terkait | Industri Pesawat Udara Tanpa Awak Dan Mesin Terkait | Industri Wahana Antariksa Dan Mesin Terkait | Industri Kendaraan Tempur Militer | Industri Sepeda Motor Roda Dua Dan Tiga | Industri Komponen Dan Perlengkapan Sepeda Motor Roda Dua Dan Tiga | Industri Alat Angkutan Lainnya Ytdl | Industri Furnitur Dari Plastik | Industri Furnitur Dari Logam | Industri Peralatan Kedokteran Dan Kedokteran Gigi Serta Perlengkapannya | Industri Furnitur Untuk Operasi, Perawatan Kedokteran, Dan Kedokteran Gigi | Industri Peralatan Kedokteran Dan Kedokteran Gigi, Serta Perlengkapan Ortopedi Dan Prostetik | Industri Peralatan Kedokteran Dan Kedokteran Gigi, Serta Perlengkapan Lainnya | Industri Pita Mesin Tulis Atau Gambar | Reparasi Dan Pemeliharaan Produk Logam Struktural, Tangki, Tandon Air, Dan Generator Uap | Reparasi Dan Pemeliharaan Produk Senjata Dan Amunisi | Reparasi Dan Pemeliharaan Produk Logam Pabrikasi Lainnya | Reparasi Dan Pemeliharaan Mesin Untuk Keperluan Umum | Reparasi Dan Pemeliharaan Mesin Untuk Keperluan Khusus | Reparasi Dan Pemeliharaan Alat Ukur, Alat Uji, Serta Peralatan Navigasi Dan Pengontrol | Reparasi Dan Pemeliharaan Peralatan Iradiasi, Elektromedik, Dan Elektroterapi | Reparasi Dan Pemeliharaan Motor Listrik, Generator, Dan Transformator | Reparasi Dan Pemeliharaan Baterai Dan Akumulator Listrik | Reparasi Dan Pemeliharaan Kapal, Perahu, Dan Bangunan Terapung | Reparasi Dan Pemeliharaan Lokomotif Dan Gerbong Kereta | Reparasi Dan Pemeliharaan Pesawat Udara | Instalasi/Pemasangan Dan Perangkaian/Integrasi Mesin, Peralatan, Dan Sistem Industri | Pembongkaran Mesin, Peralatan, Dan Sistem Industri | Pembangkitan Tenaga Listrik Dari Sumber Energi Tidak Terbarukan Yang Menghasilkan Emisi | Pembangkitan Tenaga Listrik Dari Sumber Energi Tidak Terbarukan Yang Tidak Menghasilkan Emisi | Aktivitas Penyimpanan Tenaga Listrik | Penyediaan Tenaga Listrik Dalam Satu Kesatuan Usaha | Pengoperasian Instalasi Penyediaan Tenaga Listrik | Produksi Gas Alam Dan Buatan | Distribusi Gas Alam Dan Buatan Melalui Jaringan | Pengumpulan Air Limbah | Pengolahan Dan Pembuangan Air Limbah | Pengumpulan Limbah Atau Sampah Tidak Berbahaya | Pengumpulan Limbah Berbahaya Selain Limbah Radiokatif | Pengumpulan Limbah Radioaktif | Pengolahan Sampah Tidak Berbahaya Untuk Menghasilkan Energi | Pengolahan Dan Pembuangan Limbah Atau Sampah Tidak Berbahaya Lainnya | Pengolahan Dan Pembuangan Limbah Atau Sampah Berbahaya Selain Limbah Radioaktif | Pengolahan Dan Pembuangan Limbah Radioaktif | Pemulihan Material Barang Logam | Pemulihan Material Barang Plastik | Aktivitas Penyimpanan Karbon | Aktivitas Remediasi Dan Pengelolaan Limbah Atau Sampah Lainnya | Konstruksi Konvensional Gedung Industri | Konstruksi Konvensional Gedung Hiburan Dan Olahraga | Konstruksi Prapabrikasi Bangunan Gedung | Konstruksi Jalan Rel | Konstruksi Bangunan Sipil Pengolahan Air Bersih | Konstruksi Bangunan Sipil Sistem Pengolahan Limbah | Konstruksi Proyek Utilitas Lainnya | Konstruksi Bangunan Pelabuhan Bukan Perikanan | Konstruksi Bangunan Pelabuhan Perikanan | Konstruksi Reservoir Pembangkit Listrik Tenaga Air | Konstruksi Bangunan Sipil Pelindung Pantai | Konstruksi Bangunan Sipil Prasarana Perairan Dan Sejenis Lainnya | Konstruksi Bangunan Sipil Minyak Dan Gas Bumi | Konstruksi Bangunan Sipil Pertambangan | Konstruksi Bangunan Sipil Panas Bumi | Konstruksi Bangunan Sipil Fasilitas Olahraga | Konstruksi Bangunan Sipil Fasilitas Pengolahan | Konstruksi Bangunan Sipil Fasilitas Militer Dan Bandar Antariksa | Konstruksi Bangunan Sipil Fasilitas Sumber Radiasi Pengion | Konstruksi Bangunan Sipil Reaktor Nuklir | Konstruksi Bangunan Sipil Lainnya Ytdl | Pemasangan Sistem Navigasi Laut, Sungai, Dan Udara | Pemasangan Sistem Pemanas Dan Geotermal | Pemasangan Pendingin Dan Ventilasi Udara | Pemasangan Konstruksi Lainnya Ytdl | Konstruksi Khusus Lainnya Ytdl | Perdagangan Besar Atas Dasar Balas Jasa (Fee) Atau Kontrak | Perdagangan Besar Padi Dan Palawija | Perdagangan Besar Buah Yang Mengandung Minyak | Perdagangan Besar Bunga Dan Tanaman Hias | Perdagangan Besar Tembakau Rajangan | Perdagangan Besar Binatang Hidup | Perdagangan Besar Ikan Dan Biota Air Hidup Lainnya | Perdagangan Besar Hasil Kehutanan Dan Perburuan | Perdagangan Besar Kulit | Perdagangan Besar Hasil Pertanian Dan Hewan Hidup Lainnya | Perdagangan Besar Beras | Perdagangan Besar Buah-Buahan | Perdagangan Besar Sayuran | Perdagangan Besar Kopi, Teh, Dan Kakao | Perdagangan Besar Minyak Dan Lemak Nabati | Perdagangan Besar Bahan Makanan Dan Minuman Hasil Pertanian Lainnya | Perdagangan Besar Daging Sapi Dan Daging Sapi Olahan | Perdagangan Besar Daging Ayam Dan Daging Ayam Olahan | Perdagangan Besar Alas Kaki | Perdagangan Besar Barang Jadi Tekstil | Perdagangan Besar Furnitur, Karpet, Perlengkapan Pencahayaan Untuk Rumah Tangga, Perkantoran, Dan Pertokoan | Perdagangan Besar Sediaan Farmasi Untuk Manusia | Perdagangan Besar Sediaan Farmasi Untuk Hewan | Perdagangan Besar Alat Tulis Dan Gambar | Perdagangan Besar Alat Permainan Dan Mainan | Perdagangan Besar Peralatan Telekomunikasi | Perdagangan Besar Mesin, Peralatan Dan Perlengkapan Pertanian | Perdagangan Besar Alat Transportasi Laut, Suku Cadang, Dan Perlengkapannya | Perdagangan Besar Alat Transportasi Darat (Bukan Mobil, Sepeda Motor, Dan Sejenisnya), Suku Cadang, Dan Perlengkapannya | Perdagangan Besar Alat Transportasi Udara, Suku Cadang Dan Perlengkapannya | Perdagangan Besar Mobil Baru | Perdagangan Besar Mobil Bekas | Perdagangan Besar Suku Cadang Dan Aksesori Mobil | Perdagangan Besar Sepeda Motor Baru | Perdagangan Besar Sepeda Motor Bekas | Perdagangan Besar Bahan Bakar Padat, Cair, Dan Gas Beserta Produk Terkait | Perdagangan Besar Bijih Dan Konsentrat Logam | Perdagangan Besar Produk Logam Setengah Jadi | Perdagangan Besar Bahan Konstruksi Dari Logam | Perdagangan Besar Bahan Konstruksi Dari Tanah Liat, Kapur, Semen, Atau Kaca | Perdagangan Besar Semen, Kapur, Pasir, Dan Batu | Perdagangan Besar Cat | Perdagangan Besar Bahan Konstruksi, Perkakas, Perlengkapan Perpipaan, Dan Peralatan Pemanas Lainnya | Perdagangan Besar Mineral Bukan Logam | Perdagangan Besar Mineral Radioaktif | Perdagangan Besar Zat Radioaktif Dan Pembangkit Radiasi 
 Pengion | Perdagangan Besar Bahan Dan Barang Kimia | Perdagangan Besar Pupuk Dan Produk Agrokimia | Perdagangan Besar Bahan Berbahaya (B2) | Perdagangan Besar Alat Kesehatan Dan Laboratorium Untuk 
 Manusia | Perdagangan Besar Alat Kesehatan Untuk Hewan | Perdagangan Besar Karet Dan Plastik Dalam Bentuk Dasar | Perdagangan Besar Kertas Dan Karton | Perdagangan Besar Barang Dari Kertas Dan Karton | Perdagangan Besar Barang Bekas Dan Skrap | Perdagangan Besar Produk Lainnya Ytdl | Perdagangan Besar Berbagai Macam Barang Di Grosir/Perkulakan Swalayan | Perdagangan Besar Berbagai Macam Barang Selain Di 
 Grosir/Perkulakan Swalayan | Perdagangan Eceran Buah-Buahan | Perdagangan Eceran Sayuran | Perdagangan Eceran Hasil Peternakan | Perdagangan Eceran Hasil Perikanan | Perdagangan Eceran Hasil Kehutanan Dan Perburuan | Perdagangan Eceran Hasil Pertanian Lainnya | Perdagangan Eceran Minuman Beralkohol | Perdagangan Eceran Perlengkapan Pakaian | Perdagangan Eceran Tas, Dompet, Koper, Ransel, Dan Sejenisnya | Perdagangan Eceran Sediaan Farmasi Untuk Manusia Di Apotek | Perdagangan Eceran Sediaan Farmasi Untuk Manusia Selain Di Apotek | Perdagangan Eceran Obat Bahan Alam Untuk Manusia | Perdagangan Eceran Kosmetik Untuk Manusia | Perdagangan Eceran Alat Kesehatan Untuk Manusia | Perdagangan Eceran Obat Farmasi Untuk Hewan | Perdagangan Eceran Obat Tradisional Untuk Hewan | Perdagangan Eceran Kosmetik Untuk Hewan | Perdagangan Eceran Alat Fotografi Dan Perlengkapannya | Perdagangan Eceran Alat Optik Dan Perlengkapannya | Perdagangan Eceran Kacamata | Perdagangan Eceran Jam | Perdagangan Eceran Barang Perhiasan | Perdagangan Eceran Barang Antik | Perdagangan Eceran Barang Bekas Lainnya | Perdagangan Eceran Hewan Kesayangan (Pet Animals) | Perdagangan Eceran Hewan Ternak Dan Bibit Hewan | Perdagangan Eceran Pakan Ternak/Unggas/Ikan Dan Hewan Kesayangan | Perdagangan Eceran Bunga Potong/Florist | Perdagangan Eceran Pupuk Dan Pemberantas Hama | Perdagangan Eceran Perlengkapan Dan Media Tanaman Hias | Perdagangan Eceran Bahan Kimia | Perdagangan Eceran Bahan Kimia, Aromatik/Penyegar (Minyak Asiri), Dan Bahan Bakar Selain Bahan Bakar Untuk Kendaraan Bermotor Lainnya | Perdagangan Eceran Cendera Mata, Kerajinan, Dan Barang Barang Keagamaan | Perdagangan Eceran Berbagai Macam Mesin Dan Perlengkapannya | Perdagangan Eceran Alat Transportasi Darat Tidak Bermotor Dan Perlengkapannya | Perdagangan Eceran Alat Transportasi Air Dan Perlengkapannya | Perdagangan Eceran Alat-Alat Pertanian | Perdagangan Eceran Perlengkapan Pengendara Kendaraan Bermotor | Perdagangan Eceran Pembungkus Dari Plastik | Perdagangan Eceran Barang Baru Lainnya Ytdl | Perdagangan Eceran Mobil Baru | Perdagangan Eceran Mobil Bekas | Perdagangan Eceran Suku Cadang Dan Aksesori Mobil | Perdagangan Eceran Sepeda Motor Baru | Perdagangan Eceran Sepeda Motor Bekas | Perdagangan Eceran Suku Cadang Sepeda Motor Dan Aksesorinya | Platform Digital Intermediasi Perdagangan Eceran | Jasa Intermediasi Perdagangan Eceran Lainnya | Angkutan Kereta Wisata Antarkota | Transportasi Kereta Api Antarkota Lainnya Untuk Penumpang | Transportasi Kereta Api Untuk Barang | Angkutan Kereta Wisata Dalam Kota | Angkutan Kereta Api Perkotaan | Aktivitas Pelayanan Kepelabuhanan Sungai Dan Danau | Aktivitas Pelayanan Kepelabuhanan Penyeberangan | Aktivitas Pelabuhan Perikanan | Aktivitas Pengelolaan Kapal | Aktivitas Penyelamatan Kapal Dan Muatannya | Angkutan Perairan Pelabuhan | Aktivitas Jasa Terkait Transportasi Perairan Lainnya | Aktivitas Kebandarudaraan | Jasa Pelayanan Navigasi Penerbangan | Pelayanan Penumpang, Bagasi, Kargo, Pos, Dan Teknis 
 Penanganan Udara Di Darat | Aktivitas Pemeriksaan Dan Pengendalian Keamanan Muatan 
 Penerbangan | Aktivitas Jasa Terkait Angkutan Udara Lainnya | Penanganan Kargo (Bongkar Muat Barang) | Angkutan Multimoda | Aktivitas Tally Mandiri | Aktivitas Penunjang Angkutan Lainnya Ytdl | Jasa Pengurusan Transportasi (Jpt) | Jasa Keagenan Kapal/Agen Perkapalan | Aktivitas Perwakilan Operasional Transportasi Udara Khusus Kargo | Jasa Intermediasi Transportasi Lainnya Untuk Barang | Agen Penjualan Tiket Transportasi | Agen Pengurus Persetujuan Terbang | Aktivitas Perwakilan Operasional Transportasi Udara Untuk Penumpang | Jasa Intermediasi Transportasi Lainnya Untuk Penumpang | Aktivitas Penyediaan Makanan Di Bangunan Tetap | Aktivitas Jasa Boga Untuk Acara Tertentu (Event Caterin"
PERIKANAN;Perikanan Budidaya;nan | Industri Permata | Industri Perhiasan Dari Mutiara | Reparasi Dan Pemeliharaan Kapal, Perahu, Dan Bangunan Terapung | Pemasangan Perlengkapan Meteorologi, Klimatologi, Dan Geofisika | Aktivitas Penyaluran Tenaga Listrik | Produksi Es | Pengolahan Dan Penyediaan Air Minum | Penampungan Dan Penyediaan Air Baku | Aktivitas Penunjang Penyediaan Air | Produksi Kompos Sampah Organik | Perdagangan Besar Hasil Perikanan Dan Olahan Terkait | Perdagangan Besar Bahan Makanan Dan Minuman Hasil Peternakan Dan Perikanan Lainnya | Perdagangan Besar Alat Transportasi Laut, Suku Cadang, Dan Perlengkapannya | Perdagangan Eceran Perlengkapan Pakaian | Perdagangan Eceran Tas, Dompet, Koper, Ransel, Dan Sejenisnya | Perdagangan Eceran Sediaan Farmasi Untuk Manusia Di Apotek | Perdagangan Eceran Sediaan Farmasi Untuk Manusia Selain Di Apotek | Perdagangan Eceran Obat Bahan Alam Untuk Manusia | Perdagangan Eceran Kosmetik Untuk Manusia | Perdagangan Eceran Alat Kesehatan Untuk Manusia | Perdagangan Eceran Alat Fotografi Dan Perlengkapannya | Perdagangan Eceran Alat Optik Dan Perlengkapannya | Perdagangan Eceran Kacamata | Perdagangan Eceran Jam | Perdagangan Eceran Barang Perhiasan | Perdagangan Eceran Perlengkapan Rumah Tangga Bekas | Perdagangan Eceran Pakaian, Alas Kaki, Dan Perlengkapan Pakaian Bekas | Perdagangan Eceran Barang Perlengkapan Pribadi Bekas | Perdagangan Eceran Barang Listrik Dan Elektronik Bekas | Perdagangan Eceran Barang Antik | Perdagangan Eceran Hewan Ternak Dan Bibit Hewan | Perdagangan Eceran Pakan Ternak/Unggas/Ikan Dan Hewan Kesayangan | Perdagangan Eceran Bunga Potong/Florist | Perdagangan Eceran Pupuk Dan Pemberantas Hama | Perdagangan Eceran Bahan Kimia | Perdagangan Eceran Bahan Kimia, Aromatik/Penyegar (Minyak Asiri), Dan Bahan Bakar Selain Bahan Bakar Untuk Kendaraan Bermotor Lainnya | Perdagangan Eceran Cendera Mata, Kerajinan, Dan Barang Barang Keagamaan | Perdagangan Eceran Berbagai Macam Mesin Dan Perlengkapannya | Angkutan Laut Dalam Negeri Liner Dan Tramper Untuk Penumpang | Angkutan Laut Dalam Negeri Perintis Untuk Penumpang | Angkutan Laut Dalam Negeri Untuk Wisata | Angkutan Laut Luar Negeri Liner Dan Tramper Untuk Penumpang | Angkutan Laut Luar Negeri Untuk Wisata | Angkutan Laut Dalam Negeri Untuk Barang Umum | Angkutan Laut Dalam Negeri Untuk Barang Khusus | Angkutan Laut Dalam Negeri Perintis Untuk Barang | Angkutan Laut Dalam Negeri Pelayaran Rakyat Untuk Barang | Aktivitas Pos | Aktivitas Kurir | Aktivitas Jasa Portal Intermediasi Pos Dan Kurir | Jasa Intermediasi Pos Dan Kurir Lainnya | Aktivitas Penyiaran Radio Analog;Pertanian Biji-Bijian Penghasil Minyak Selain Minyak Makan | Pertanian Padi Hibrida;Industri Kapal Dan Perahu Untuk Tujuan Wisata Atau Rekreasi Dan Olahraga | Industri Sepeda Dan Kursi Roda Termasuk Becak | Industri Perlengkapan Sepeda Dan Kursi Roda Termasuk Becak | Industri Furnitur Dari Kayu | Industri Furnitur Dari Rotan Dan Bambu | Industri Furnitur Dari Bahan Lainnya Ytdl | Industri Perhiasan Imitasi Dan Barang Sejenis | Industri Alat Musik Tradisional | Industri Peralatan Dan Perlengkapan Olahraga | Industri Kacamata | Industri Alat Tulis Dan Gambar Termasuk Perlengkapannya | Industri Kerajinan Ytdl | Aktivitas Broker Dan Agen Penjualan Gas Alam | Pemulihan Material Lainnya | Aktivitas Penangkapan Karbon | Konstruksi Konvensional Gedung Hunian | Konstruksi Konvensional Gedung Perkantoran | Konstruksi Konvensional Gedung Kesehatan | Konstruksi Konvensional Gedung Pendidikan | Perdagangan Besar Komputer Dan Perlengkapan Komputer | Perdagangan Besar Perangkat Lunak | Perdagangan Besar Suku Cadang Elektronik | Perdagangan Besar Mesin Kantor Dan Industri, Suku Cadang, Dan Perlengkapannya | Perdagangan Besar Mesin, Peralatan, Dan Perlengkapan Lainnya Ytdl | Angkutan Laut Luar Negeri Untuk Barang Umum | Angkutan Laut Luar Negeri Untuk Barang Khusus | Angkutan Laut Luar Negeri Pelayaran Rakyat Untuk Barang | Angkutan Penyeberangan Umum Antarprovinsi Untuk Penumpang | Angkutan Penyeberangan Umum Antarkabupaten/Kota Untuk Penumpang | Angkutan Penyeberangan Umum Dalam Kabupaten/Kota Untuk Penumpang | Angkutan Penyeberangan Perintis Antarprovinsi Untuk Penumpang | Angkutan Penyeberangan Perintis Antarkabupaten/Kota Untuk Penumpang | Transportasi Pesisir Lainnya Untuk Penumpang | Angkutan Penyeberangan Umum Antarprovinsi Untuk Barang | Angkutan Penyeberangan Umum Antarkabupaten/Kota Untuk Barang | Angkutan Penyeberangan Umum Dalam Kabupaten/Kota Untuk Barang | Angkutan Penyeberangan Perintis Antarprovinsi Untuk Barang | Angkutan Penyeberangan Perintis Antarkabupaten/Kota Untuk Barang | Transportasi Pesisir Lainnya Untuk Barang | Angkutan Sungai Dan Danau Liner (Trayek Tetap Dan Teratur) Untuk Penumpang | Angkutan Sungai Dan Danau Tramper (Trayek Tidak Tetap Dan Tidak Teratur) Untuk Penumpang | Angkutan Sungai Dan Danau Untuk Wisata | Angkutan Sungai Dan Danau Untuk Barang Umum | Angkutan Sungai Dan Danau Untuk Barang Berbahaya | Angkutan Udara Niaga Berjadwal Untuk Penumpang | Angkutan Udara Niaga Tidak Berjadwal Untuk Penumpang | Transportasi Antariksa Untuk Penumpang | Angkutan Udara Niaga Berjadwal Khusus Kargo | Angkutan Udara Niaga Tidak Berjadwal Khusus Kargo | Transportasi Antariksa Untuk Barang | Pengelola Gudang Sistem Resi Gudang | Aktivitas Gudang Dingin | Aktivitas Gudang Berikat | Penyimpanan Minyak Dan Gas Bumi | Aktivitas Penyimpanan Barang Berbahaya Dan Beracun (B3) | Fasilitas Penyimpanan Sumber Radiasi Pengion | Penyimpanan Mineral Ikutan Radioaktif | Pergudangan Dan Penyimpanan Lainnya | Aktivitas Terminal Darat | Aktivitas Penyelenggaraan Prasarana Perkeretaapian | Aktivitas Jalan Tol | Aktivitas Perparkiran Di Badan Jalan (On Street Parking) | Aktivitas Perparkiran Di Luar Badan Jalan (Off Street Parking) | Aktivitas Jasa Terkait Transportasi Darat Lainnya | Aktivitas Pelayanan Kepelabuhanan Laut;Perdagangan Besar Barang Percetakan Dan Penerbitan Dalam Berbagai Bentuk | Perdagangan Besar Peralatan Masak, Peralatan Dapur, Dan Elektronik Rumah Tangga | Perdagangan Besar Peralatan Dan Perlengkapan Olahraga | Perdagangan Besar Alat Musik | Perdagangan Besar Tas, Dompet, Koper, Ransel, Dan Sejenisnya | Perdagangan Besar Berbagai Barang Dan Perlengkapan Rumah Tangga Lainnya Ytdl | Perdagangan Besar Disket, Flash Drive, Pita Audio Dan Video, Serta Cd Dan Dvd Kosong | Perdagangan Besar Suku Cadang Sepeda Motor Dan Aksesorinya | Perdagangan Besar Kaca Lembaran | Perdagangan Besar Bahan Konstruksi Dari Porselen | Aktivitas Penempatan Awak Kapal;-;-;-;-;"Penangkapan Ikan Dan Biota Air Lainnya Di Laut | Penangkapan Ikan Dan Biota Air Lainnya Di Perairan Air Tawar | Pembudidayaan Ikan Bersirip (Selain Ikan Hias) Dan Biota Air Laut Lainnya Yang Tidak Dilindungi | Pembudidayaan Ikan Hias Air Laut Yang Tidak Dilindungi | Pembudidayaan Tumbuhan Air Laut Yang Tidak Dilindungi | Pengembangbiakan Ikan Dan Biota Air Laut Yang Dilindungi | Pembudidayaan Ikan Bersirip (Selain Ikan Hias) Dan Biota Air Tawar Lainnya Yang Tidak Dilindungi | Pembudidayaan Ikan Hias Air Tawar Yang Tidak Dilindungi | Pembudidayaan Tumbuhan Air Tawar Yang Tidak Dilindungi | Pengembangbiakan Biota Air Tawar Yang Dilindungi | Pembudidayaan Ikan Bersirip (Selain Ikan Hias) Dan Biota Air Payau Lainnya Yang Tidak Dilindungi | Pembudidayaan Ikan Hias Air Payau Yang Tidak Dilindungi | Pembudidayaan Tumbuhan Air Payau Yang Tidak Dilindungi | Pengembangbiakan Biota Air Payau Yang Dilindungi | Jasa Penunjang Kegiatan Penangkapan Dan Pembudidayaan Ikan | Pengolahan Dan Pengawetan Ikan Dengan Pemindangan | Pengolahan Dan Pengawetan Ikan Dengan Fermentasi | Pengolahan Dan Pengawetan Ikan Dengan Pelumatan | Pengolahan Dan Pengawetan Ikan Dengan Pengalengan | Pengolahan Dan Pengawetan Ikan Menjadi Produk Olahan | Pengolahan Dan Pengawetan Ikan Dengan Metode Lainnya | Pengolahan Dan Pengawetan Biota Air Lainnya Dengan 
 Penggaraman Atau Pengeringan | Pengolahan Dan Pengawetan Biota Air Lainnya Dengan 
 Pengasapan Atau Pemanggangan | Pengolahan Dan Pengawetan Biota Air Lainnya Dengan 
 Pembekuan | Pengolahan Dan Pengawetan Biota Air Lainnya Dengan 
 Pemindangan | Pengolahan Dan Pengawetan Biota Air Lainnya Dengan 
 Fermentasi | Pengolahan Dan Pengawetan Biota Air Lainnya Dengan 
 Pelumatan | Pengolahan Dan Pengawetan Biota Air Lainnya Dengan 
 Pengalengan | Pengolahan Dan Pengawetan Biota Air Lainnya Dengan Metode 
 Lainnya | Reparasi Dan Pemeliharaan Kapal, Perahu, Dan Bangunan Terapung | Reparasi Dan Pemeliharaan Alat Angkutan Lainnya, Bukan Kendaraan Bermotor | Pemasangan Perlengkapan Meteorologi, Klimatologi, Dan Geofisika | Pembangkitan Tenaga Listrik Dari Sumber Energi Terbarukan | Pengadaan Uap/Air Panas Dan Udara Dingin | Konstruksi Bangunan Sipil Jembatan, Jalan Layang, Fly Over, Dan Underpass | Konstruksi Jalan Rel | Konstruksi Terowongan | Konstruksi Jaringan Irigasi Dan Drainase | Konstruksi Bangunan Sipil Pengolahan Air Bersih | Konstruksi Bangunan Sipil Elektrikal | Konstruksi Bangunan Sipil Telekomunikasi Untuk Prasarana Transportasi | Konstruksi Sentral Telekomunikasi | Konstruksi Pengeboran/Penggalian Air Tanah | Konstruksi Bangunan Prasarana Sumber Daya Air | Pembongkaran | Pemasangan Jaringan Listrik | Pemasangan Jaringan Telekomunikasi | Pemasangan Sistem Elektronika | Pemasangan Sistem Persinyalan Dan Telekomunikasi Kereta Api | Pemasangan Perlengkapan Jalan Berbasis Listrik | Pemasangan Saluran Air (Plumbing) | Pemasangan Jaringan Penyaluran Gas | Jasa Intermediasi Konstruksi Khusus | Perdagangan Eceran Padi Dan Palawija | Perdagangan Eceran Perlengkapan Dan Media Tanaman Hias | Aktivitas Penempatan Awak Kapal";Industri Kapal Dan Perahu Untuk Tujuan Wisata Atau Rekreasi Dan Olahraga | Aktivitas Broker Dan Agen Penjualan Gas Alam | Pengolahan Dan Penyediaan Air Minum | Penampungan Dan Penyediaan Air Baku | Aktivitas Penunjang Penyediaan Air | Konstruksi Konvensional Gedung Kesehatan | Konstruksi Konvensional Gedung Pendidikan | Konstruksi Bangunan Sipil Fasilitas Pengolahan | Perdagangan Besar Daging Dan Daging Olahan Lainnya | Perdagangan Besar Telur Dan Hasil Olahan Telur | Perdagangan Besar Berbagai Macam Material Bangunan | Perdagangan Eceran Obat Farmasi Untuk Hewan | Perdagangan Eceran Obat Tradisional Untuk Hewan | Perdagangan Eceran Kosmetik Untuk Hewan | Perdagangan Eceran Bahan Baku Farmasi Dan Alat Kesehatan Lainnya | Perdagangan Eceran Bahan Konstruksi Dan Saniter Bekas | Perdagangan Eceran Barang Bekas Lainnya | Perdagangan Eceran Hewan Kesayangan (Pet Animals) | Perdagangan Eceran Ikan Dan Biota Air Hidup Lainnya | Perdagangan Eceran Tanaman Dan Bibit Tanaman Selain Tanaman Kehutanan | Perdagangan Eceran Tanaman Dan Bibit Tanaman Kehutanan | Perdagangan Eceran Minyak Tanah | Perdagangan Eceran Gas Tabung Lpg | Perdagangan Eceran Aromatik/Penyegar (Minyak Asiri) | Perdagangan Eceran Lukisan;Perdagangan Besar Bahan Konstruksi Dari Kayu;-;-;Industri Furnitur Dari Kayu | Produksi Kompos Sampah Organik | Pemulihan Material Lainnya | Aktivitas Penangkapan Karbon;"Pertanian Jagung | Pertanian Serealia Selain Padi Dan Jagung | Pertanian Kedelai | Pertanian Kacang Tanah | Pertanian Kacang Hijau | Pertanian Aneka Kacang Selain Kedelai, Kacang Tanah, Dan Kacang Hijau | Pertanian Biji-Bijian Penghasil Minyak Makan | Pertanian Padi Inbrida | Pertanian Sayuran Daun | Pertanian Buah Semusim | Pertanian Sayuran Buah | Pertanian Sayuran Umbi | Pertanian Ubi Kayu | Pertanian Jamur | Pertanian Bit Gula Dan Tanaman Pemanis Selain Tebu | Pertanian Cabai | Pertanian Umbi Lainnya | Pertanian Tebu | Pertanian Tembakau | Pertanian Tanaman Berserat | Pertanian Tanaman Pakan Ternak | Pembenihan Tanaman Pakan Ternak Dan Pembenihan Bit (Bukan Bit Gula) | Pertanian Tanaman Bunga | Pertanian Pembenihan Tanaman Bunga | Pertanian Tanaman Semusim Lainnya Ytdl | Pertanian Buah Anggur | Pertanian Buah-Buahan Tropis Dan Subtropis | Pertanian Buah Jeruk | Pertanian Buah Apel Dan Buah Batu (Pome And Stone Fruits) | Pertanian Buah Beri | Pertanian Sayuran Tahunan | Pertanian Buah Semak Lainnya | Pertanian Kelapa | Pertanian Kelapa Sawit | Pertanian Buah Oleagin Lainnya | Pertanian Kopi | Pertanian Tanaman Teh | Pertanian Kakao | Pertanian Tanaman Untuk Bahan Minuman Lainnya | Pertanian Lada | Pertanian Cengkih | Pertanian Pala | Pertanian Tanaman Aromatik/Penyegar | Pertanian Tanaman Obat Rimpang | Pertanian Tanaman Obat Nonrimpang | Pertanian Tanaman Narkotika Dan Tanaman Obat Terlarang | Pertanian Tanaman Rempah-Rempah Dan Aromatik/Penyegar Lainnya | Pertanian Pohon Karet Dan Tanaman Penghasil Getah Lainnya | Pertanian Tanaman Tahunan Lainnya Ytdl | Pertanian Tanaman Hias | Penangkaran Tumbuhan Liar | Pembiakan Tanaman Lainnya | Budi Daya Dan Pembibitan Sapi Potong | Budi Daya Dan Pembibitan Sapi Perah | Budi Daya Dan Pembibitan Kerbau Potong | Budi Daya Dan Pembibitan Kerbau Perah | Peternakan Kuda Dan Sejenisnya | Peternakan Unta Dan Sejenisnya | Budi Daya Dan Pembibitan Domba Potong | Budi Daya Dan Pembibitan Kambing Potong | Budi Daya Dan Pembibitan Kambing Perah | Budi Daya Dan Pembibitan Domba Perah | Produksi Bulu Domba Mentah/Raw Wool | Peternakan Babi | Budi Daya Ayam Ras Pedaging | Budi Daya Ayam Ras Petelur | Pembibitan Ayam Lokal Dan Persilangannya | Budi Daya Ayam Lokal Dan Persilangannya | Budi Daya Dan Pembibitan Itik Dan Bebek | Budi Daya Dan Pembibitan Burung Puyuh | Budi Daya Dan Pembibitan Burung Merpati | Pembibitan Ayam Ras | Budi Daya Dan Pembibitan Unggas Lainnya | Budi Daya Dan Pembibitan Burung Unta | Budi Daya Dan Pembibitan Ulat Sutra | Budi Daya Dan Pembibitan Lebah | Budi Daya Dan Pembibitan Rusa | Budi Daya Dan Pembibitan Kelinci | Budi Daya Dan Pembibitan Cacing | Budi Daya Dan Pembibitan Burung Walet | Penangkaran Satwa Liar | Budi Daya Dan Pembibitan Hewan Lainnya | Jasa Pengolahan Lahan | Jasa Pemupukan | Jasa Pemanenan | Jasa Penyemprotan Dan Penyerbukan Melalui Udara | Jasa Pengendalian Organisme Pengganggu Tumbuhan (Opt) | Jasa Penanaman Benih | Jasa Penunjang Pertanian Lainnya | Jasa Perkawinan Ternak | Jasa Penetasan Telur | Jasa Penunjang Peternakan Lainnya | Jasa Pascapanen | Pemilihan Benih Tanaman Untuk Pembiakan | Perburuan, Penangkapan, Dan Kegiatan Jasa Terkait | Pengelolaan Hutan | Pemanfaatan Kayu Hutan | Pembenihan Tanaman Kehutanan | Pemanenan Kayu | Pemungutan Kayu | Pemungutan Hasil Hutan Bukan Kayu | Jasa Lingkungan Hutan | Jasa Penggunaan Kawasan Kehutanan | Jasa Penunjang Kehutanan Lainnya | Pertambangan Batu Bara | Benefisiasi Atau Peningkatan Kualitas Batu Bara | Pertambangan Lignit | Pertambangan Minyak Bumi | Pertambangan Gas Alam | Pengusahaan Tenaga Panas Bumi | Pertambangan Pasir Besi | Pertambangan Bijih Besi | Pertambangan Bijih Uranium Dan Torium | Pertambangan Emas Dan Perak | Pertambangan Bijih Logam Mulia Lainnya | Pertambangan Bijih Timah | Pertambangan Bijih Timah Hitam | Pertambangan Bijih Bauksit | Pertambangan Bijih Tembaga | Pertambangan Bijih Nikel | Pertambangan Bijih Mangan | Pertambangan Bahan Galian Lainnya Yang Tidak Mengandung Bijih Besi Ytdl | Penggalian Batu Hias Dan Batu Bangunan | Penggalian Batu Kapur/Gamping | Penggalian Kerikil/Sirtu | Penggalian Pasir | Penggalian Tanah Dan Tanah Liat | Penggalian Gips | Penggalian Tras | Penggalian Batu Apung | Penggalian Batu, Pasir, Dan Tanah Liat Lainnya | Pertambangan Belerang | Pertambangan Fosfat | Pertambangan Nitrat | Pertambangan Yodium | Pertambangan Potash (Kalium Karbonat) | Pertambangan Mineral, Bahan Kimia, Dan Bahan Pupuk Lainnya | Ekstraksi Tanah Gambut | Ekstraksi Garam | Pertambangan Batu Mulia | Penggalian Feldspar Dan Kalsit | Pertambangan Aspal Alam | Penggalian Asbes | Penggalian Kuarsa/Pasir Kuarsa | Pertambangan Bijih Logam Tanah Jarang | Pertambangan Dan Penggalian Lainnya Ytdl | Aktivitas Penunjang Pertambangan Minyak Bumi Dan Gas Alam | AKTIVITAS PENUNJANG PERTAMBANGAN DAN PENGGALIAN LAINNYA | Kegiatan Rumah Potong Hewan Ruminansia | Kegiatan Rumah Potong Babi | Kegiatan Rumah Potong Unggas | Kegiatan Rumah Potong Hewan Lainnya | Pengolahan Dan Pengawetan Daging Dan Produk Daging | Pengolahan Dan Pengawetan Ikan Dengan Penggaraman Atau 
 Pengeringan | Pengolahan Dan Pengawetan Ikan Dengan Pengasapan Atau 
 Pemanggangan | Pengolahan Dan Pengawetan Ikan Dengan Pembekuan | Pengolahan Dan Pengawetan Rumput Laut | Pengasinan Buah-Buahan Dan Sayuran | Pelumatan Buah-Buahan Dan Sayuran | Pengeringan Buah-Buahan Dan Sayuran | Pembekuan Buah-Buahan Dan Sayuran | Pengalengan Buah-Buahan Dan Sayuran | Pengolahan Sari Buah-Buahan Dan Sayuran | Pembuatan Tempe Kedelai | Pembuatan Tahu Kedelai | Pengolahan Dan Pengawetan Lainnya Untuk Buah-Buahan Dan Sayuran | Industri Minyak Mentah Dan Lemak Nabati Bukan Kelapa Dan Kelapa Sawit | Industri Margarin | Industri Minyak Mentah Dan Lemak Dari Hewan Selain Ikan | Industri Minyak Ikan | Industri Minyak Goreng Dan Minyak Makan Bukan Minyak Kelapa Dan Minyak Kelapa Sawit | Industri Minyak Mentah Dan Lemak Nabati Dan Hewani Bukan Kelapa Dan Kelapa Sawit Lainnya | Industri Kopra | Industri Minyak Mentah Kelapa | Industri Minyak Goreng Kelapa | Industri Minyak Mentah Kelapa Sawit (Crude Palm Oil) | Industri Minyak Mentah Inti Kelapa Sawit (Crude Palm Kernel Oil) | Industri Pemisahan/Fraksinasi Minyak Mentah Kelapa Sawit Dan Minyak Mentah Inti Kelapa Sawit | Industri Pemurnian Minyak Mentah Kelapa Sawit Dan Minyak Mentah Inti Kelapa Sawit | Industri Pemisahan/Fraksinasi Minyak Murni Kelapa Sawit | Industri Pemisahan/Fraksinasi Minyak Murni Inti Kelapa Sawit | Industri Minyak Goreng Kelapa Sawit | Industri Susu Segar Dan Krim | Industri Susu Bubuk Dan Susu Kental | Industri Es Krim | Industri Es Yang Dapat Dimakan Dan Es Pencuci Mulut | Industri Produk Susu Lainnya | Industri Produk Gilingan Gandum (Selain Tepung Terigu) Dan Serelia Selain Beras Dan Jagung | Industri Produk Gilingan Aneka Kacang | Industri Produk Gilingan Aneka Umbi, Tanaman Rimpang, Dan Sayuran | Industri Tepung Campuran Dan Adonan Tepung | Industri Makanan Sereal | Industri Tepung Terigu | Industri Pati Ubi Kayu | Industri Berbagai Macam Pati Palem | Industri Glukosa Dan Sejenisnya | Industri Pati Dan Produk Pati Lainnya | Industri Penggilingan Padi Dan Penyosohan Beras | Industri Pemipilan Jagung | Industri Tepung Beras Dan Tepung Jagung | Industri Pati Beras Dan Jagung | Industri Pemanis Dari Beras Dan Jagung | Industri Minyak Dari Beras Dan Jagung | Industri Produk Bakeri | Industri Gula Pasir | Industri Gula Merah | Industri Sirop | Industri Gula Lainnya | Industri Pengolahan Kakao; Industri Cokelat Dan Kembang Gula | Industri Pengolahan Kakao | Industri Cokelat Dan Kembang Gula Dari Cokelat | Industri Manisan Buah-Buahan Dan Sayuran Kering | Industri Kembang Gula Lainnya | Industri Makaroni, Mi, Couscous, Dan Produk Sejenisnya | Industri Makanan Dan Masakan Olahan | Pengolahan Kopi | Pengolahan Te | Industri Kecap | Industri Garam Konsumsi Beryodium | Industri Garam Industri Aneka Pangan | Industri Bumbu Masakan Lainnya | Industri Makanan Bayi Dan Makanan Khusus | Industri Kue Basah | Industri Produk Makanan Dari Kelapa | Industri Kerupuk, Keripik, Peyek, Dan Sejenisnya | Industri Sari Nabati Dan Krimer Nabati | Industri Dodol | Industri Infusi Herbal/Herb Infusion | Industri Bahan Makanan Dari Rumput Laut | Industri Produk Makanan Lainnya Ytdl | Industri Ransum Pakan Hewan | Industri Konsentrat Pakan Hewan | Industri Penyulingan, Pemurnian, Dan Pencampuran Minuman Beralkohol | Industri Minuman Beralkohol Hasil Fermentasi Anggur Dan Hasil Pertanian Lainnya | Industri Minuman Beralkohol Hasil Fermentasi Malt | Industri Malt | Industri Air Kemasan | Industri Air Minum Isi Ulang | Industri Minuman Ringan | Industri Minuman Lainnya | Industri Sigaret Kretek Tangan | Industri Sigaret Kretek Mesin | Industri Rokok Putih | Industri Pengeringan Dan Pengolahan Tembakau | Industri Bumbu Rokok | Industri Produk Tembakau Lainnya | Persiapan Serat Tekstil | Pemintalan Benang Selain Benang Jahit | Pemintalan Benang Jahit | Pertenunan Tekstil Dengan Mesin | Pertenunan Tekstil Bukan Dengan Mesin | Penyempurnaan Benang | Penyempurnaan Basah Kain | Industri Kain Batik | Penyempurnaan Tekstil Lainnya | Industri Kain Rajutan | Industri Kain Crocheted | Industri Bulu Tiruan Rajutan | Industri Barang Tekstil Untuk Keperluan Rumah Tangga | Industri Barang Tekstil Dengan Bahan Pengisi | Industri Karung Goni | Industri Karung Selain Karung Goni | Industri Barang Tekstil Bukan Pakaian Jadi Lainnya | Industri Karpet Dan Permadani | Industri Tali | Industri Barang Dari Tali | Industri Kain Narrow | Industri Kain Yang Dilapisi Dan Sejenisnya | Industri Kain Nirtenun/Nonwoven | Industri Kain Ban | Industri Kapuk | Industri Kain Tule, Kain Jaring, Dan Kain Bordir | Industri Tekstil Lainnya Ytdl | Industri Pakaian Jadi (Konfeksi) Dari Tekstil | Industri Pakaian Jadi (Konfeksi) Dari Kulit Dan Tiruan Kulit | Industri Penjahitan Dan Pembuatan (Bukan Konfeksi) Pakaian Sesuai Pesanan/Kustomisasi | Industri Perlengkapan Pakaian Dari Tekstil | Industri Perlengkapan Pakaian Dari Kulit Dan Tiruan Kulit | Industri Barang Dari Kulit Berbulu | Industri Pakaian Jadi Dan Perlengkapannya Dari Rajutan Dan Crocheted | Industri Hosiery Rajutan Dan Crocheted | Penyamakan Kulit | Pewarnaan Kulit Berbulu | Industri Kulit Komposisi | Industri Koper, Tas Tangan, Dan Sejenisnya | Industri Pelana, Alat Pengekang/Harness, Dan Barang Lainnya Untuk Hewan | Industri Barang Lainnya Dari Kulit Dan Kulit Komposisi | Industri Alas Kaki Untuk Keperluan Sehari-Hari | Industri Sepatu Olahraga | Industri Sepatu Teknik Lapangan/Keperluan Industri | Industri Alas Kaki Lainnya | Penggergajian Dan Penghalusan Kayu | Pengawetan Kayu | Pengawetan Rotan, Bambu, Dan Sejenisnya | Pengolahan Rotan | Industri Partikel Kayu Dan Sejenisnya | Industri Kayu Lapis | Industri Venir | Industri Kayu Laminasi | Industri Panel Kayu Lainnya | Industri Barang Bangunan Dari Kayu | Industri Bangunan Prafabrikasi Dari Kayu Dan Sejenisnya | Industri Wadah Dari Kayu | Industri Barang Anyaman Dari Rotan Dan Bambu | Industri Barang Anyaman Dari Tanaman Selain Rotan Dan Bambu | Industri Kerajinan Ukiran Dari Kayu Bukan Furnitur | Industri Alat Dapur Dan Alat Makan Dari Kayu, Rotan, Dan Bambu | Industri Kayu Bakar Dan Pelet Dari Kayu Dan Biomassa Lainnya | Industri Barang Lainnya Dari Kayu; Industri Barang Dari Gabus, Jerami, Rotan, Bambu, Dan Sejenisnya Ytdl | Industri Bubur Kertas (Pulp) | Industri Kertas Budaya | Industri Kertas Berharga | Industri Kertas Khusus | Industri Kertas Lainnya | Industri Kertas Dan Papan Kertas Bergelombang | Industri Kemasan Dan Kotak Dari Kertas Dan Karton | Industri Kertas Tisu | Industri Barang Dari Kertas Dan Papan Kertas Lainnya Ytdl | Pencetakan Umum | Pencetakan Khusus | Pencetakan Tiga Dimensi (3d) | Kegiatan Jasa Penunjang Pencetakan | Reproduksi Media Rekaman Suara Dan Perangkat Lunak | Reproduksi Media Rekaman Film Dan Video | Industri Produk Tanur Kokas | Industri Bahan Bakar Dari Pemurnian Dan Pengilangan Minyak Bumi | Industri Minyak Pelumas | Industri Produk Dari Bahan Limbah Minyak Pelumas | Industri Minyak Pelumas Dasar (Bahan Baku Pelumas) | Industri Briket | Industri Produk Dari Pencampuran Hasil Kilang Minyak Bumi Dengan Biofuel | Industri Produk Lainnya Dari Hasil Kilang Minyak Bumi | Industri Asam, Basa, Dan Garam Anorganik | Industri Gas Industri | Industri Kimia Dasar Zat Warna Dan Pigmen | Industri Kimia Dasar Radioaktif | Industri Kimia Dasar Organik Dari Sumber Daya Alam Hayati | Industri Kimia Dasar Dari Minyak Bumi, Gas Alam, Dan Batu Bara | Industri Kimia Dasar Anorganik Lainnya | Industri Senyawa Nitrogen; Pupuk Nitrogen, Fosfat, Dan Kalium | Industri Pupuk Hara Makro Primer Lainnya | Industri Pupuk Hara Mikro | Industri Pupuk Organik, Pupuk Hayati, Dan Media Tanam | Industri Biostimulan | Industri Damar Buatan (Resin Sintetis) Dan Bahan Baku Plastik | Industri Karet Buatan | Industri Bahan Baku Pemberantas Hama (Bahan Aktif) | Industri Pemberantas Hama (Formulasi) | Industri Zat Pengatur Tumbuh | Industri Cat | Industri Pernis | Industri Dempul | Industri Sediaan Pewarna Dan Pelapis Lainnya | Industri Bahan Dan Produk Pembersih | Industri Kosmetik Untuk Manusia, Cairan Lensa Kontak | Industri Kosmetik Untuk Hewan | Industri Perekat Gigi | Industri Parfum Sesuai Pesanan | Industri Perekat/Lem | Industri Bahan Peledak | Industri Tinta | Industri Minyak Asiri Hulu | Industri Korek Api | Industri Minyak Asiri Rantai Tengah | Industri Biofuel Cair | Industri Cairan Rokok Elektrik | Industri Barang Kimia Lainnya Ytdl | Industri Serat Filamen Dan Strip Buatan | Industri Serat Stapel Buatan | Industri Bahan Baku Farmasi Untuk Manusia | Industri Produk Farmasi Untuk Manusia | Industri Produk Farmasi Untuk Hewan | Industri Bahan Baku Farmasi Untuk Hewan | Industri Alat Diagnosis Medis, Perban, Kasa, Dan Penunjang Kesehatan Lainnya | Industri Bahan Baku Obat Bahan Alam Untuk Manusia | Industri Produk Obat Bahan Alam Untuk Manusia | Industri Produk Obat Bahan Alam Untuk Hewan | Industri Bahan Baku Obat Bahan Alam Untuk Hewan | Industri Ban Luar Dan Ban Dalam | Industri Pembentukan Kembali Ban Dan Vulkanisasi Ban | Industri Karet Asap | Industri Karet Lembaran Dan Crepe Rubber | Industri Karet Remah (Crumb Rubber) | Industri Karet Setengah Jadi Lainnya | Industri Barang Dari Karet Untuk Keperluan Rumah Tangga | Industri Barang Dari Karet Untuk Keperluan Industri | Industri Barang Dari Karet Untuk Keperluan Infrastruktur | Industri Barang Dari Karet Untuk Kesehatan | Industri Barang Lainnya Dari Karet Ytdl | Industri Barang Dari Plastik Untuk Bangunan | Industri Barang Dari Plastik Dan Bioplastik Untuk Pengemasan | Industri Pipa Plastik Dan Perlengkapannya | Industri Plastik Lembaran | Industri Perlengkapan Dan Peralatan Rumah Tangga Dari Plastik (Tidak Termasuk Furnitur) | Industri Barang Dan Peralatan Teknik/Industri Dari Plastik | Industri Barang Lainnya Dari Plastik | Industri Kaca Lembaran | Industri Kaca Pengaman | Industri Kaca Lainnya | Industri Perlengkapan Dan Peralatan Rumah Tangga Dari Kaca | Industri Peralatan Laboratorium Dan Kesehatan Dari Kaca | Industri Produk Lainnya Dari Kaca | Industri Bata, Mortar, Semen, Dan Sejenisnya Yang Tahan Api | Industri Produk Refraktori (Tahan Api) Lainnya | Industri Batu Bata Dari Tanah Liat Atau Keramik | Industri Genteng Dari Tanah Liat Atau Keramik | Industri Bahan Bangunan Lainnya Dari Tanah Liat Atau Keramik | Industri Perlengkapan Rumah Tangga Dari Porselen | Industri Perlengkapan Rumah Tangga Dari Tanah Liat Atau Keramik | Industri Alat Laboratorium Dan Alat Listrik Atau Teknik Dari Porselen | Industri Peralatan Sanitasi Dari Porselen | Industri Peralatan Sanitasi Dari Tanah Liat Atau Keramik | Industri Produk Bukan Bahan Bangunan Lainnya Dari Tanah Liat Atau Keramik Dan Porselen | Industri Semen | Industri Kapur | Industri Gips | Industri Barang Dari Semen | Industri Barang Dari Kapur | Industri Barang Dari Gips | Industri Barang Dari Asbes | Industri Mortar, Acian, Dan Beton Siap Pakai | Industri Barang Dari Batu Marmer | Industri Barang Dari Batu Granit | Industri Barang Dari Batu Lainnya | Industri Produk Abrasif | Industri Batuan Aspal Dan Barang Dari Aspal Atau Material Sejenis | Industri Produk Hasil Pemurnian Mineral Nonlogam | Industri Produk Mineral Nonlogam Lainnya Ytdl | Industri Besi Dan Baja Dasar | Penggilingan Baja | Industri Pipa Dan Sambungan Pipa Dari Besi Dan Baja | Industri Logam Dasar Mulia | Industri Logam Dasar Bukan Besi Lainnya | Penggilingan Logam Bukan Besi | Ekstrusi Logam Bukan Besi | Industri Pipa Dan Sambungan Pipa Dari Logam Bukan Besi Dan Baja | Industri Bahan Bakar Nuklir | Pengecoran Besi Dan Baja | Pengecoran Logam Bukan Besi Dan Baja | Industri Produk Logam Struktural Bukan Aluminium Untuk Konstruksi Ringan | Industri Produk Logam Struktural Aluminium Untuk Konstruksi Ringan | Industri Produk Logam Struktural Baja Untuk Konstruksi Berat | Industri Produk Logam Struktural Lainnya | Industri Tangki, Tandon Air, Dan Wadah Sejenisnya Dari Logam | Industri Generator Uap Bukan Ketel Pemanas | Industri Senjata Dan Amunisi | Penempaan, Pengepresan, Pencetakan, Dan Pembentukan Logam; Metalurgi Bubuk | Pengerjaan Dan Pelapisan Logam | Industri Perkakas Tangan | Industri Alat Potong | Industri Alat Makan Dari Logam | Industri Peralatan Umum | Industri Ember, Kaleng, Drum Dan Wadah Sejenisnya Dari Logam | Industri Barang Dari Kawat Logam Bukan Kabel | Industri Paku, Mur, Dan Baut Logam | Industri Brankas, Filling Kantor, Dan Sejenisnya | Industri Peralatan Dapur Dan Peralatan Meja Dari Logam | Industri Produk Rumah Tangga Dari Logam Bukan Peralatan Dapur Dan Peralatan Meja | Industri Profil Logam | Industri Lampu Dari Logam | Industri Produk Logam Lainnya Ytdl | Industri Sel Surya, Panel Surya, Dan Inverter Fotovoltaik | Industri Tabung Elektron Dan Konektor Elektronik | Industri Komponen Dan Papan Elektronik Lainnya Ytdl | Industri Komputer Dan Perakitan Komputer | Industri Perlengkapan Komputer | Industri Peralatan Telepon Dan Faksimili | Industri Peralatan Komunikasi Tanpa Kabel (Wireless) | Industri Kartu Cerdas (Smart Card) | Industri Peralatan Komunikasi Lainnya | Industri Televisi, Monitor Televisi, Dan Displai | Industri Peralatan Perekam, Penerima, Dan Pengganda Audio Dan Video, Bukan Televisi | Industri Peralatan Audio Dan Video Elektronik Lainnya | Industri Alat Ukur Dan Alat Uji Manual | Industri Alat Ukur Dan Alat Uji Elektrik | Industri Alat Ukur Dan Alat Uji Elektronik | Industri Alat Ukur, Alat Uji, Dan Peralatan Navigasi Dan Kontrol Lainnya | Industri Alat Ukur Waktu | Industri Peralatan Iradiasi, Perlengkapan, Dan Sejenisnya | Industri Peralatan Elektromedik Dan Elektroterapi | Industri Peralatan Fotografi | Industri Peralatan Sinematografi | Industri Lensa Bukan Kacamata | Industri Peralatan Fotografi Dan Instrumen Optik Bukan Kacamata Lainnya | Industri Media Magnetik Dan Media Optik | Industri Motor Listrik | Industri Generator Pembangkit Listrik | Industri Pengubah Tegangan/Transformator Dan Pengubah Arus/Rectifier | Industri Peralatan Pengontrol Dan Pendistribusian Listrik | Industri Batu Baterai | Industri Akumulator Listrik | Industri Baterai Kendaraan Listrik | Industri Kabel Serat Optik | Industri Kabel Dan Kawat Listrik Dan Elektronik Lainnya | Industri Perlengkapan Kabel | Industri Bola Lampu Pijar, Lampu Sorot, Dan Lampu Ultraviolet | Industri Lampu Gas Dan Discharge | Industri Peralatan Penerangan Untuk Kendaraan | Industri Lampu Led | Industri Peralatan Penerangan Lainnya | Industri Peralatan Listrik Rumah Tangga | Industri Peralatan Elektrotermal Rumah Tangga | Industri Peralatan Rumah Tangga Bukan Listrik | Industri Peralatan Listrik Lainnya | Industri Mesin Uap, Turbin, Dan Kincir | Industri Motor Pembakaran Dalam | Industri Komponen Dan Suku Cadang Mesin Dan Turbin | Industri Peralatan Tenaga Zat Cair Dan Gas | Industri Pompa Lainnya, Kompresor, Keran, Dan Klep/Katup | Industri Bearing, Roda Gigi, Dan Elemen Penggerak Mesin | Industri Oven, Perapian Dan Tungku Pembakar Sejenis Yang Tidak Menggunakan Arus Listrik | Industri Oven, Perapian Dan Tungku Pembakar Sejenis Yang Menggunakan Arus Listrik | Industri Alat Pengangkat Dan Pemindah | Industri Mesin Kantor Dan Akuntansi Manual | Industri Mesin Kantor Dan Akuntansi Elektrik | Industri Mesin Kantor Dan Akuntansi Elektronik | Industri Peralatan Kantor | Industri Perkakas Tangan Yang Digerakkan Tenaga | Industri Mesin Untuk Pembungkus, Pembotolan, Dan Pengalengan | Industri Mesin Timbangan | Industri Mesin Pendingin | Industri Mesin Untuk Keperluan Umum Lainnya Ytdl | Industri Mesin Pertanian Dan Kehutanan | Industri Mesin Dan Perkakas Mesin Untuk Pengerjaan Logam Dan Bahan Lainnya | Industri Mesin Metalurgi | Industri Mesin Penambangan, Penggalian Dan Konstruksi | Industri Mesin Pengolahan Makanan, Minuman Dan Tembakau | Industri Mesin Jahit, Mesin Cuci, Dan Mesin Pengering Untuk Keperluan Niaga | Industri Mesin Tekstil | Industri Mesin Penyiapan Dan Pembuatan Produk Kulit | Industri Mesin Percetakan | Industri Mesin Pabrik Kertas | Industri Mesin Keperluan Khusus Lainnya Ytdl | Industri Kendaraan Bermotor Roda Empat Atau Lebih | Industri Karoseri Kendaraan Bermotor Roda Empat Atau Lebih; Industri Trailer Dan Semitrailer | Industri Suku Cadang Dan Aksesori Kendaraan Bermotor Roda Empat Atau Lebih | Industri Kendaraan Air Dan Bawah Air Berawak | Industri Bangunan Lepas Pantai Dan Bangunan Terapung | Industri Kendaraan Air Dan Bawah Air Tanpa Awak | Industri Lokomotif Dan Gerbong Kereta | Industri Pesawat Udara Berawak Dan Mesin Terkait | Industri Pesawat Udara Tanpa Awak Dan Mesin Terkait | Industri Wahana Antariksa Dan Mesin Terkait | Industri Kendaraan Tempur Militer | Industri Sepeda Motor Roda Dua Dan Tiga | Industri Komponen Dan Perlengkapan Sepeda Motor Roda Dua Dan Tiga | Industri Alat Angkutan Lainnya Ytdl | Industri Furnitur Dari Plastik | Industri Furnitur Dari Logam | Industri Perhiasan Dari Logam Mulia | Industri Barang Berharga Dari Logam Mulia Bukan Perhiasan | Industri Barang Berharga Lainnya Dari Logam Mulia | Industri Alat Musik Nontradisional | Industri Alat Permainan | Industri Mainan Termasuk Drone Rekreasi | Industri Peralatan Kedokteran Dan Kedokteran Gigi Serta Perlengkapannya | Industri Furnitur Untuk Operasi, Perawatan Kedokteran, Dan Kedokteran Gigi | Industri Peralatan Kedokteran Dan Kedokteran Gigi, Serta Perlengkapan Ortopedi Dan Prostetik | Industri Peralatan Kedokteran Dan Kedokteran Gigi, Serta Perlengkapan Lainnya | Industri Pita Mesin Tulis Atau Gambar | Reparasi Dan Pemeliharaan Produk Logam Struktural, Tangki, Tandon Air, Dan Generator Uap | Reparasi Dan Pemeliharaan Produk Senjata Dan Amunisi | Reparasi Dan Pemeliharaan Produk Logam Pabrikasi Lainnya | Reparasi Dan Pemeliharaan Mesin Untuk Keperluan Umum | Reparasi Dan Pemeliharaan Mesin Untuk Keperluan Khusus | Reparasi Dan Pemeliharaan Alat Ukur, Alat Uji, Serta Peralatan Navigasi Dan Pengontrol | Reparasi Dan Pemeliharaan Peralatan Iradiasi, Elektromedik, Dan Elektroterapi | Reparasi Dan Pemeliharaan Peralatan Fotografi Dan Optik | Reparasi Dan Pemeliharaan Motor Listrik, Generator, Dan Transformator | Reparasi Dan Pemeliharaan Baterai Dan Akumulator Listrik | Reparasi Dan Pemeliharaan Peralatan Listrik Lainnya | Reparasi Dan Pemeliharaan Lokomotif Dan Gerbong Kereta | Reparasi Dan Pemeliharaan Pesawat Udara | Reparasi Dan Pemeliharaan Peralatan Lainnya | Instalasi/Pemasangan Dan Perangkaian/Integrasi Mesin, Peralatan, Dan Sistem Industri | Pembongkaran Mesin, Peralatan, Dan Sistem Industri | Pembangkitan Tenaga Listrik Dari Sumber Energi Tidak Terbarukan Yang Menghasilkan Emisi | Pembangkitan Tenaga Listrik Dari Sumber Energi Tidak Terbarukan Yang Tidak Menghasilkan Emisi | Aktivitas Penyimpanan Tenaga Listrik | Pengoperasian Fasilitas Atau Stasiun Pengisian Daya Untuk Kendaraan Dan Peralatan Listrik | Penyediaan Tenaga Listrik Dalam Satu Kesatuan Usaha | Pengoperasian Instalasi Penyediaan Tenaga Listrik | Pengoperasian Instalasi Pemanfaatan Tenaga Listrik | Aktivitas Penunjang Tenaga Listrik Lainnya | Produksi Gas Alam Dan Buatan | Distribusi Gas Alam Dan Buatan Melalui Jaringan | Aktivitas Broker Dan Agen Penjualan Tenaga Listrik | Pengumpulan Air Limbah | Pengolahan Dan Pembuangan Air Limbah | Pengumpulan Limbah Atau Sampah Tidak Berbahaya | Pengumpulan Limbah Berbahaya Selain Limbah Radiokatif | Pengumpulan Limbah Radioaktif | Pengolahan Sampah Tidak Berbahaya Untuk Menghasilkan Energi | Pengolahan Dan Pembuangan Limbah Atau Sampah Tidak Berbahaya Lainnya | Pengolahan Dan Pembuangan Limbah Atau Sampah Berbahaya Selain Limbah Radioaktif | Pengolahan Dan Pembuangan Limbah Radioaktif | Pemulihan Material Barang Logam | Pemulihan Material Barang Plastik | Aktivitas Penyimpanan Karbon | Aktivitas Remediasi Dan Pengelolaan Limbah Atau Sampah Lainnya | Konstruksi Konvensional Gedung Industri | Konstruksi Konvensional Gedung Perbelanjaan | Konstruksi Konvensional Gedung Penginapan | Konstruksi Konvensional Gedung Hiburan Dan Olahraga | Konstruksi Konvensional Gedung Lainnya | Konstruksi Prapabrikasi Bangunan Gedung | Konstruksi Jalan Pada Permukaan Tanah | Konstruksi Bangunan Sipil Sistem Pengolahan Limbah | Konstruksi Proyek Utilitas Lainnya | Konstruksi Bangunan Pelabuhan Bukan Perikanan | Konstruksi Bangunan Pelabuhan Perikanan | Konstruksi Reservoir Pembangkit Listrik Tenaga Air | Konstruksi Bangunan Sipil Pelindung Pantai | Konstruksi Bangunan Sipil Prasarana Perairan Dan Sejenis Lainnya | Konstruksi Bangunan Sipil Minyak Dan Gas Bumi | Konstruksi Bangunan Sipil Pertambangan | Konstruksi Bangunan Sipil Panas Bumi | Konstruksi Bangunan Sipil Fasilitas Olahraga | Konstruksi Bangunan Sipil Fasilitas Militer Dan Bandar Antariksa | Konstruksi Bangunan Sipil Fasilitas Sumber Radiasi Pengion | Konstruksi Bangunan Sipil Reaktor Nuklir | Konstruksi Bangunan Sipil Lainnya Ytdl | Penyiapan Lahan | Pemasangan Sistem Navigasi Laut, Sungai, Dan Udara | Pemasangan Sistem Pemanas Dan Geotermal | Pemasangan Pendingin Dan Ventilasi Udara | Pemasangan Perlengkapan Mekanikal Bangunan | Pemasangan Konstruksi Lainnya Ytdl | Pemasangan Kaca, Pintu, Kusen, Jendela, Dan Sejenisnya | Pengerjaan Lantai, Dinding, Dan Plafon | Pengecatan | Penyelesaian Konstruksi Bangunan Lainnya | Pemasangan Dan Rekayasa Struktur Bangunan | Pemasangan Perancah (Steger) | Pemasangan Rangka Dan Atap/Roof Covering | Pemasangan Kerangka Baja | Penyewaan Alat Konstruksi Dengan Operator | Konstruksi Khusus Lainnya Ytdl | Perdagangan Besar Atas Dasar Balas Jasa (Fee) Atau Kontrak | Perdagangan Besar Padi Dan Palawija | Perdagangan Besar Buah Yang Mengandung Minyak | Perdagangan Besar Bunga Dan Tanaman Hias | Perdagangan Besar Tembakau Rajangan | Perdagangan Besar Binatang Hidup | Perdagangan Besar Ikan Dan Biota Air Hidup Lainnya | Perdagangan Besar Hasil Kehutanan Dan Perburuan | Perdagangan Besar Kulit | Perdagangan Besar Hasil Pertanian Dan Hewan Hidup Lainnya | Perdagangan Besar Beras | Perdagangan Besar Buah-Buahan | Perdagangan Besar Sayuran | Perdagangan Besar Kopi, Teh, Dan Kakao | Perdagangan Besar Minyak Dan Lemak Nabati | Perdagangan Besar Bahan Makanan Dan Minuman Hasil Pertanian Lainnya | Perdagangan Besar Daging Sapi Dan Daging Sapi Olahan | Perdagangan Besar Daging Ayam Dan Daging Ayam Olahan | Perdagangan Besar Susu Dan Produk Susu | Perdagangan Besar Minyak Dan Lemak Hewani | Perdagangan Besar Gula, Cokelat, Dan Kembang Gula | Perdagangan Besar Produk Bakeri | Perdagangan Besar Minuman Beralkohol | Perdagangan Besar Minuman Nonalkohol Bukan Susu | Perdagangan Besar Rokok Dan Tembakau | Perdagangan Besar Makanan Dan Minuman Lainnya | Perdagangan Besar Tekstil | Perdagangan Besar Pakaian | Perdagangan Besar Alas Kaki | Perdagangan Besar Barang Jadi Tekstil | Perdagangan Besar Perlengkapan Jahit | Perdagangan Besar Furnitur, Karpet, Perlengkapan Pencahayaan Untuk Rumah Tangga, Perkantoran, Dan Pertokoan | Perdagangan Besar Alat Fotografi Dan Barang Optik | Perdagangan Besar Sediaan Farmasi Untuk Manusia | Perdagangan Besar Sediaan Farmasi Untuk Hewan | Perdagangan Besar Alat Tulis Dan Gambar | Perdagangan Besar Perhiasan Dan Jam | Perdagangan Besar Alat Permainan Dan Mainan | Perdagangan Besar Peralatan Telekomunikasi | Perdagangan Besar Mesin, Peralatan Dan Perlengkapan Pertanian | Perdagangan Besar Alat Transportasi Darat (Bukan Mobil, Sepeda Motor, Dan Sejenisnya), Suku Cadang, Dan Perlengkapannya | Perdagangan Besar Alat Transportasi Udara, Suku Cadang Dan Perlengkapannya | Perdagangan Besar Mobil Baru | Perdagangan Besar Mobil Bekas | Perdagangan Besar Suku Cadang Dan Aksesori Mobil | Perdagangan Besar Sepeda Motor Baru | Perdagangan Besar Sepeda Motor Bekas | Perdagangan Besar Bahan Bakar Padat, Cair, Dan Gas Beserta Produk Terkait | Perdagangan Besar Bijih Dan Konsentrat Logam | Perdagangan Besar Produk Logam Setengah Jadi | Perdagangan Besar Bahan Konstruksi Dari Logam | Perdagangan Besar Bahan Konstruksi Dari Tanah Liat, Kapur, Semen, Atau Kaca | Perdagangan Besar Semen, Kapur, Pasir, Dan Batu | Perdagangan Besar Cat | Perdagangan Besar Bahan Konstruksi, Perkakas, Perlengkapan Perpipaan, Dan Peralatan Pemanas Lainnya | Perdagangan Besar Mineral Bukan Logam | Perdagangan Besar Mineral Radioaktif | Perdagangan Besar Zat Radioaktif Dan Pembangkit Radiasi 
 Pengion | Perdagangan Besar Bahan Dan Barang Kimia | Perdagangan Besar Pupuk Dan Produk Agrokimia | Perdagangan Besar Bahan Berbahaya (B2) | Perdagangan Besar Alat Kesehatan Dan Laboratorium Untuk 
 Manusia | Perdagangan Besar Alat Kesehatan Untuk Hewan | Perdagangan Besar Karet Dan Plastik Dalam Bentuk Dasar | Perdagangan Besar Kertas Dan Karton | Perdagangan Besar Barang Dari Kertas Dan Karton | Perdagangan Besar Barang Bekas Dan Skrap | Perdagangan Besar Produk Lainnya Ytdl | Perdagangan Besar Berbagai Macam Barang Di Grosir/Perkulakan Swalayan | Perdagangan Besar Berbagai Macam Barang Selain Di 
 Grosir/Perkulakan Swalayan | Perdagangan Eceran Berbagai Macam Barang Yang Utamanya 
 Makanan, Minuman, Atau Tembakau Dengan Sistem Swalayan | Perdagangan Eceran Berbagai Macam Barang Yang Utamanya 
 Makanan, Minuman, Atau Tembakau Selain Dengan Sistem 
 Swalayan | Perdagangan Eceran Berbagai Macam Barang Yang Utamanya 
 Bukan Makanan, Minuman, Atau Tembakau Dengan Sistem 
 Swalayan | Perdagangan Eceran Berbagai Macam Barang Yang Utamanya 
 Bukan Makanan, Minuman, Atau Tembakau Selain Dengan Sistem 
 Swalayan | Perdagangan Eceran Buah-Buahan | Perdagangan Eceran Sayuran | Perdagangan Eceran Hasil Peternakan | Perdagangan Eceran Hasil Perikanan | Perdagangan Eceran Hasil Kehutanan Dan Perburuan | Perdagangan Eceran Hasil Pertanian Lainnya | Perdagangan Eceran Minuman Beralkohol | Perdagangan Eceran Minuman Tidak Beralkohol | Perdagangan Eceran Rokok Dan Tembakau | Perdagangan Eceran Beras | Perdagangan Eceran Roti, Kue Kering, Serta Kue Basah Dan Sejenisnya | Perdagangan Eceran Kopi, Gula Pasir, Gula Merah, Dan Sejenisnya | Perdagangan Eceran Tahu, Tempe, Tauco, Dan Oncom | Perdagangan Eceran Daging Olahan | Perdagangan Eceran Ikan Olahan | Perdagangan Eceran Makanan Lainnya | Perdagangan Eceran Bahan Bakar Di Sarana Pengisian Bahan 
 Bakar | Perdagangan Eceran Bahan Bakar Selain Di Sarana Pengisian 
 Bahan Bakar | Perdagangan Eceran Minyak Pelumas | Perdagangan Eceran Komputer Dan Perlengkapannya | Perdagangan Eceran Peralatan Dan Produk Gim Video Serta 
 Sejenisnya | Perdagangan Eceran Perangkat Lunak (Software) | Perdagangan Eceran Telepon Beserta Aksesorisnya | Perdagangan Eceran Mesin Dan Peralatan Kantor | Perdagangan Eceran Peralatan Audio Dan Video | Perdagangan Eceran Tekstil | Perdagangan Eceran Perlengkapan Rumah Tangga Dari Tekstil | Perdagangan Eceran Perlengkapan Jahit Menjahit | Perdagangan Eceran Bahan Dan Material Konstruksi | Perdagangan Eceran Kaca Lembaran | Perdagangan Eceran Perkakas Dan Peralatan Pertukangan | Perdagangan Eceran Peralatan Keselamatan Dan Gawat Darurat | Perdagangan Eceran Cat, Pernis Dan Lakeri | Perdagangan Eceran Bahan-Bahan Energi Terbarukan | Perdagangan Eceran Karpet, Permadani, Serta Penutup Dinding Dan Lantai | Perdagangan Eceran Furnitur | Perdagangan Eceran Peralatan Listrik Rumah Tangga, Peralatan Penerangan, Dan Perlengkapannya | Perdagangan Eceran Barang Pecah Belah; Perlengkapan Dapur Dan Makan | Perdagangan Eceran Alat Musik | Perdagangan Eceran Peralatan Dan Perlengkapan Rumah Tangga Lainnya Ytdl | Perdagangan Eceran Alat Tulis Menulis Dan Gambar | Perdagangan Eceran Hasil Pencetakan Dan Penerbitan | Perdagangan Eceran Kertas, Kertas Karton, Dan Barang Dari Kertas/Karton | Perdagangan Eceran Peralatan Dan Perlengkapan Olahraga | Perdagangan Eceran Alat Permainan Dan Mainan | Perdagangan Eceran Khusus Barang Kesenian Dan Rekreasi 
 Ytdl | Perdagangan Eceran Pakaian | Perdagangan Eceran Sepatu, Sandal, D"
PERDAGANGAN DAN JASA;Perdagangan dan Jasa Skala SWP;"Budi Daya Dan Pembibitan Burung Unta | Industri Koper, Tas Tangan, Dan Sejenisnya | Industri Pelana, Alat Pengekang/Harness, Dan Barang Lainnya Untuk Hewan | Industri Barang Lainnya Dari Kulit Dan Kulit Komposisi | Industri Alas Kaki Untuk Keperluan Sehari-Hari | Industri Sepatu Olahraga | Industri Sepatu Teknik Lapangan/Keperluan Industri | Industri Alas Kaki Lainnya | Penggergajian Dan Penghalusan Kayu | Pengawetan Kayu | Pengawetan Rotan, Bambu, Dan Sejenisnya | Pengolahan Rotan | Industri Partikel Kayu Dan Sejenisnya | Industri Kayu Lapis | Industri Venir | Industri Kayu Laminasi | Industri Panel Kayu Lainnya | Industri Barang Bangunan Dari Kayu | Industri Zat Pengatur Tumbuh | Industri Minyak Asiri Hulu | Industri Minyak Asiri Rantai Tengah | Aktivitas Penyaluran Tenaga Listrik | Pengadaan Uap/Air Panas Dan Udara Dingin | Aktivitas Broker Dan Agen Penjualan Tenaga Listrik | Aktivitas Broker Dan Agen Penjualan Gas Alam | Aktivitas Penunjang Penyediaan Air | Konstruksi Konvensional Gedung Perkantoran | Konstruksi Konvensional Gedung Perbelanjaan | Konstruksi Konvensional Gedung Kesehatan | Konstruksi Konvensional Gedung Pendidikan | Konstruksi Konvensional Gedung Penginapan | Konstruksi Konvensional Gedung Hiburan Dan Olahraga | Jasa Intermediasi Konstruksi Khusus | Perdagangan Besar Atas Dasar Balas Jasa (Fee) Atau Kontrak | Perdagangan Besar Padi Dan Palawija | Perdagangan Besar Buah Yang Mengandung Minyak | Perdagangan Besar Tembakau Rajangan | Perdagangan Besar Ikan Dan Biota Air Hidup Lainnya | Perdagangan Besar Kulit | Perdagangan Besar Hasil Pertanian Dan Hewan Hidup Lainnya | Perdagangan Besar Beras | Perdagangan Besar Buah-Buahan | Perdagangan Besar Sayuran | Perdagangan Besar Kopi, Teh, Dan Kakao | Perdagangan Besar Minyak Dan Lemak Nabati | Perdagangan Besar Bahan Makanan Dan Minuman Hasil Pertanian Lainnya | Perdagangan Besar Daging Sapi Dan Daging Sapi Olahan | Perdagangan Besar Daging Ayam Dan Daging Ayam Olahan | Perdagangan Besar Gula, Cokelat, Dan Kembang Gula | Perdagangan Besar Produk Bakeri | Perdagangan Besar Minuman Nonalkohol Bukan Susu | Perdagangan Besar Makanan Dan Minuman Lainnya | Perdagangan Besar Tekstil | Perdagangan Besar Pakaian | Perdagangan Besar Barang Jadi Tekstil | Perdagangan Besar Perlengkapan Jahit | Perdagangan Besar Alat Fotografi Dan Barang Optik | Perdagangan Besar Sediaan Farmasi Untuk Manusia | Perdagangan Besar Sediaan Farmasi Untuk Hewan | Perdagangan Besar Barang Percetakan Dan Penerbitan Dalam Berbagai Bentuk | Perdagangan Besar Peralatan Masak, Peralatan Dapur, Dan Elektronik Rumah Tangga | Perdagangan Besar Peralatan Dan Perlengkapan Olahraga | Perdagangan Besar Alat Musik | Perdagangan Besar Perhiasan Dan Jam | Perdagangan Besar Tas, Dompet, Koper, Ransel, Dan Sejenisnya | Perdagangan Besar Berbagai Barang Dan Perlengkapan Rumah Tangga Lainnya Ytdl | Perdagangan Besar Komputer Dan Perlengkapan Komputer | Perdagangan Besar Perangkat Lunak | Perdagangan Besar Suku Cadang Elektronik | Perdagangan Besar Disket, Flash Drive, Pita Audio Dan Video, Serta Cd Dan Dvd Kosong | Perdagangan Besar Mesin Kantor Dan Industri, Suku Cadang, Dan Perlengkapannya | Perdagangan Besar Alat Transportasi Laut, Suku Cadang, Dan Perlengkapannya | Perdagangan Besar Alat Transportasi Udara, Suku Cadang Dan Perlengkapannya | Perdagangan Besar Mesin, Peralatan, Dan Perlengkapan Lainnya Ytdl | Perdagangan Besar Mobil Baru | Perdagangan Besar Mobil Bekas | Perdagangan Besar Suku Cadang Dan Aksesori Mobil | Perdagangan Besar Sepeda Motor Baru | Perdagangan Besar Sepeda Motor Bekas | Perdagangan Besar Suku Cadang Sepeda Motor Dan Aksesorinya | Perdagangan Besar Bijih Dan Konsentrat Logam | Perdagangan Besar Produk Logam Setengah Jadi | Perdagangan Besar Kaca Lembaran | Perdagangan Besar Bahan Konstruksi Dari Porselen | Perdagangan Besar Bahan Konstruksi Dari Kayu | Perdagangan Besar Cat | Perdagangan Besar Berbagai Macam Material Bangunan | Perdagangan Besar Bahan Konstruksi, Perkakas, Perlengkapan Perpipaan, Dan Peralatan Pemanas Lainnya | Perdagangan Besar Mineral Bukan Logam | Perdagangan Besar Pupuk Dan Produk Agrokimia | Perdagangan Eceran Berbagai Macam Barang Yang Utamanya 
 Makanan, Minuman, Atau Tembakau Dengan Sistem Swalayan | Perdagangan Eceran Berbagai Macam Barang Yang Utamanya 
 Makanan, Minuman, Atau Tembakau Selain Dengan Sistem 
 Swalayan | Perdagangan Eceran Berbagai Macam Barang Yang Utamanya 
 Bukan Makanan, Minuman, Atau Tembakau Dengan Sistem 
 Swalayan | Perdagangan Eceran Berbagai Macam Barang Yang Utamanya 
 Bukan Makanan, Minuman, Atau Tembakau Selain Dengan Sistem 
 Swalayan | Perdagangan Eceran Padi Dan Palawija | Perdagangan Eceran Daging Olahan | Perdagangan Eceran Ikan Olahan | Perdagangan Eceran Tekstil | Perdagangan Eceran Perlengkapan Rumah Tangga Dari Tekstil | Perdagangan Eceran Perlengkapan Jahit Menjahit | Perdagangan Eceran Alat Transportasi Darat Tidak Bermotor Dan Perlengkapannya | Perdagangan Eceran Alat Transportasi Air Dan Perlengkapannya | Perdagangan Eceran Alat-Alat Pertanian | Perdagangan Eceran Perlengkapan Pengendara Kendaraan Bermotor | Perdagangan Eceran Pembungkus Dari Plastik | Perdagangan Eceran Barang Baru Lainnya Ytdl | Perdagangan Eceran Mobil Baru | Perdagangan Eceran Mobil Bekas | Perdagangan Eceran Suku Cadang Dan Aksesori Mobil | Perdagangan Eceran Sepeda Motor Baru | Perdagangan Eceran Sepeda Motor Bekas | Perdagangan Eceran Suku Cadang Sepeda Motor Dan Aksesorinya | Platform Digital Intermediasi Perdagangan Eceran | Jasa Intermediasi Perdagangan Eceran Lainnya | Angkutan Perkotaan | Angkutan Perdesaan | Angkutan Bermotor Untuk Barang Umum | Angkutan Taksi | Angkutan Khusus | Angkutan Sewa | Angkutan Ojek Motor | Angkutan Tidak Bermotor Untuk Penumpang | Transportasi Darat Lainnya Untuk Penumpang Ytdl | Aktivitas Pos | Aktivitas Kurir | Aktivitas Jasa Portal Intermediasi Pos Dan Kurir | Jasa Intermediasi Pos Dan Kurir Lainnya | Aktivitas Penyiaran Radio Analog | Aktivitas Telekomunikasi Dengan Satelit | Aktivitas Jasa Akses Internet (Internet Service Provider | Aktivitas Jasa Sistem Komunikasi Data | Aktivitias Jasa Televisi Protokol Internet (Iptv) | Aktivitas Jasa Gerbang Akses Internet (Network Access Point) | Aktivitas Jasa Teleponi Dasar | Aktivitas Penjualan Kembali Jasa Telekomunikasi | Aktivitas Penjualan Kembali Dan Jasa Intermediasi Untuk Telekomunikasi Lainnya | Aktivitas Jasa Panggilan Premium (Premium Call) | Aktivitas Jasa Konten Sms Premium | Aktivitas Jasa Internet Teleponi Untuk Keperluan Publik (Itkp) | Aktivitas Jasa Panggilan Terkelola (Calling Card) | Aktivitas Jasa Telekomunikasi Khusus Berbasis Satelit | Aktivitas Telekomunikasi Lainnya Ytdl | Pengembangan Video Gim, Perangkat Lunak Video Gim, Dan Perangkat Lunak Pendukungnya | Aktivitas Pengembangan Aplikasi Perdagangan Melalui Internet (E-Commerce) | Aktivitas Pengembangan Aplikasi Dan Produksi Konten Berbasis Media Imersif | Aktivitas Pengembangan Aplikasi Berbasis Teknologi 
 Blockchain | Aktivitas Penyediaan Dan Pengelolaan Identitas Digital | Aktivitas Pengembangan Komponen Dasar Kecerdasan Buatan | Aktivitas Pemrograman Komputer Lainnya Ytdl | Aktivitas Konsultansi Dan Manajemen Keamanan Siber | Aktivitas Penyediaan Dan Pengelolaan Identitas Digital | Aktivitas Penyediaan Sertifikat Elektronik Dan Jasa Terkait | Aktivitas Konsultansi Dan Perancangan Internet Of Things (Iot) | Aktivitas Konsultansi Komputer Dan Manajemen Fasilitas Komputer Lainnya | Aktivitas Jasa Teknologi Informasi Dan Komputer Lainnya | Aktivitas Penyediaan Infrastruktur Komputasi, Hosting, Dan Aktivitas Terkait | Aktivitas Jasa Portal Pencarian Web Dan Informasi Lainnya | Perbankan Umum Konvensional | Perbankan Umum Syariah | Perbankan Konvensional Lainnya | Perbankan Syariah Lainnya | Aktivitas Pemberian Kredit Oleh Koperasi Konvensional | Aktivitas Pemberian Kredit Oleh Koperasi Syariah | Perantara Moneter Lainnya Ytdlpembiayaan Mikro Konvensional Nonperbankan | Pembiayaan Mikro Syariah Nonperbankan | Perantara Moneter Lainnya Ytdl | Penyediaan Jasa Pembayaran | Aktivitas Jasa Pengolahan Uang Rupiah | Penyelenggaraan Transaksi Keuangan Dan Pengelolaan Uang Rupiah Lainnya Selain Pasar Keuangan | Aktivitas Advisori Investasi | Aktivitas Advisori Perdagangan Berjangka Komoditas | Aktivitas Advisori Syariah Pasar Modal | Aktivitas Advisori Pasar Keuangan Lainnya | Jasa Intermediasi Pinjam Meminjam Uang Berbasis Teknologi Informasi Konvensional | Jasa Intermediasi Pinjam Meminjam Uang Berbasis Teknologi Informasi Syariah | Aktivitas Pendanaan Untuk Transaksi Efek | Penitipan Dan Pengelolaan Berdasarkan Perjanjian Trust | Pemeringkatan Efek | Aktivitas Agen Asuransi | Aktivitas Penunjang Lainnya Untuk Asuransi, Penjaminan, Dan Dana Pensiun | Aktivitas Penunjang Lainnya Untuk Asuransi, Penjamian, Dan Dana Pensiun Ytdl | Aktivitas Pengembangan Bangunan Dan Lahan Hunian | Aktivitas Penyewaan Bangunan Dan Lahan Hunian Milik Sendiri Atau Sewa | Aktivitas Jasa Intermediasi Real Estat | Jasa Penaksir Real Estat | Aktivitas Real Estat Atas Dasar Balas Jasa (Fee) Atau Kontrak Lainnya Ytdl | Aktivitas Pengacara | Aktivitas Konsultan Hukum | Aktivitas Konsultan Kekayaan Intelektual | Aktivitas Notaris Dan Pejabat Pembuat Akta Tanah | Aktivitas Akuntansi, Pembukuan, Dan Pemeriksa | Aktivitas Konsultansi Pajak | Aktivitas Konsultansi Manajemen Dan Bisnis Pariwisata | Aktivitas Konsultansi Manajemen Dan Bisnis Industri | Aktivitas Konsultansi Manajemen Dan Bisnis Perdagangan | Aktivitas Konsultasi Manajemen Dan Bisnis Lainnya | Aktivitas Arsitektural | Aktivitas Desain Tekstil, Mode/Fesyen, Dan Garmen | Penyewaan Dan Sewa Guna Usaha Mesin Dan Peralatan Komunikasi Dan Multimedia | Aktivitas Jasa Intermediasi Untuk Penyewaan Dan Sewa Guna Usaha Barang Berwujud Dan Aset Tak Berwujud Nonfinansial Lainnya | Aktivitas Penempatan Awak Kapal | Aktivitas Penyediaan Informasi Lowongan Kerja | Aktivitas Penempatan Tenaga Kerja Lainnya | Aktivitas Penyediaan Tenaga Kerja Sementara Dan Penyediaan Sumber Daya Manusia Lainnya | Pendidikan Menengah Atas Keagamaan Protestan, Katolik, Hindu, Buddha, Atau Konghucu | Pendidikan Menengah Kejuruan Umum Swasta | Pendidikan Menengah Kejuruan Keagamaan Islam | Pendidikan Menengah Kejuruan Keagamaan Protestan, Katolik, Hindu, Buddha, Atau Konghucu | Pendidikan Olahraga Dan Rekreasi | Pendidikan Kebudayaan | Kegiatan Sekolah Mengemudi | Pendidikan Pesantren Lainnya | Pendidikan Keagamaan Islam Nonformal | Pendidikan Keagamaan Lainnya Ytdl | Pendidikan Lainnya Pemerintah | Pelatihan Kerja Pemerintah | Pelatihan Kerja Teknik Swasta | Pelatihan Kerja Teknologi Informasi Dan Komunikasi Swasta | Pelatihan Kerja Industri Kreatif Swasta | Pelatihan Kerja Pariwisata Dan Perhotelan Swasta | Pelatihan Kerja Bisnis Dan Manajemen Swasta | Pelatihan Kerja Pekerjaan Domestik Swasta";Industri Cat | Industri Pernis | Industri Dempul | Industri Sediaan Pewarna Dan Pelapis Lainnya | Industri Bahan Dan Produk Pembersih | Industri Kosmetik Untuk Manusia, Cairan Lensa Kontak | Industri Kosmetik Untuk Hewan | Industri Perekat Gigi | Industri Parfum Sesuai Pesanan | Industri Perekat/Lem | Industri Tinta | Pengumpulan Air Limbah | Pengumpulan Limbah Atau Sampah Tidak Berbahaya | Perdagangan Eceran Tanaman Dan Bibit Tanaman Kehutanan | Perdagangan Eceran Minyak Tanah;"Pengeringan Buah-Buahan Dan Sayuran | Pembekuan Buah-Buahan Dan Sayuran | Pengalengan Buah-Buahan Dan Sayuran | Pengolahan Sari Buah-Buahan Dan Sayuran | Pembuatan Tempe Kedelai | Pembuatan Tahu Kedelai | Pengolahan Dan Pengawetan Lainnya Untuk Buah-Buahan Dan Sayuran | Industri Barang Tekstil Dengan Bahan Pengisi | Industri Pakaian Jadi (Konfeksi) Dari Tekstil | Industri Pakaian Jadi (Konfeksi) Dari Kulit Dan Tiruan Kulit | Industri Penjahitan Dan Pembuatan (Bukan Konfeksi) Pakaian Sesuai Pesanan/Kustomisasi | Industri Perlengkapan Pakaian Dari Tekstil | Industri Perlengkapan Pakaian Dari Kulit Dan Tiruan Kulit | Industri Pakaian Jadi Dan Perlengkapannya Dari Rajutan Dan Crocheted | Industri Hosiery Rajutan Dan Crocheted | Industri Wadah Dari Kayu | Industri Barang Anyaman Dari Rotan Dan Bambu | Industri Barang Anyaman Dari Tanaman Selain Rotan Dan Bambu | Industri Kerajinan Ukiran Dari Kayu Bukan Furnitur | Industri Alat Dapur Dan Alat Makan Dari Kayu, Rotan, Dan Bambu | Industri Kayu Bakar Dan Pelet Dari Kayu Dan Biomassa Lainnya | Industri Barang Lainnya Dari Kayu; Industri Barang Dari Gabus, Jerami, Rotan, Bambu, Dan Sejenisnya Ytdl | Industri Barang Dari Kertas Dan Papan Kertas Lainnya Ytdl | Pencetakan Umum | Pencetakan Tiga Dimensi (3d) | Kegiatan Jasa Penunjang Pencetakan | Reproduksi Media Rekaman Suara Dan Perangkat Lunak | Reproduksi Media Rekaman Film Dan Video | Industri Minyak Pelumas | Industri Briket | Industri Kimia Dasar Organik Dari Sumber Daya Alam Hayati | Industri Cat | Industri Pernis | Industri Dempul | Industri Sediaan Pewarna Dan Pelapis Lainnya | Industri Bahan Dan Produk Pembersih | Industri Kosmetik Untuk Manusia, Cairan Lensa Kontak | Industri Kosmetik Untuk Hewan | Industri Perekat Gigi | Industri Parfum Sesuai Pesanan | Industri Perekat/Lem | Industri Tinta | Industri Alat Diagnosis Medis, Perban, Kasa, Dan Penunjang Kesehatan Lainnya | Industri Bahan Baku Obat Bahan Alam Untuk Manusia | Industri Produk Obat Bahan Alam Untuk Manusia | Industri Produk Obat Bahan Alam Untuk Hewan | Industri Bahan Baku Obat Bahan Alam Untuk Hewan | Industri Ban Luar Dan Ban Dalam | Industri Pembentukan Kembali Ban Dan Vulkanisasi Ban | Industri Karet Asap | Industri Karet Lembaran Dan Crepe Rubber | Industri Karet Remah (Crumb Rubber) | Industri Karet Setengah Jadi Lainnya | Industri Barang Dari Karet Untuk Keperluan Rumah Tangga | Industri Barang Dari Karet Untuk Keperluan Industri | Industri Barang Dari Karet Untuk Keperluan Infrastruktur | Industri Barang Dari Karet Untuk Kesehatan | Industri Barang Lainnya Dari Karet Ytdl | Industri Barang Dari Plastik Untuk Bangunan | Industri Barang Dari Plastik Dan Bioplastik Untuk Pengemasan | Industri Pipa Plastik Dan Perlengkapannya | Industri Plastik Lembaran | Industri Perlengkapan Dan Peralatan Rumah Tangga Dari Plastik (Tidak Termasuk Furnitur) | Industri Barang Dan Peralatan Teknik/Industri Dari Plastik | Industri Barang Lainnya Dari Plastik | Industri Peralatan Sanitasi Dari Tanah Liat Atau Keramik | Industri Produk Bukan Bahan Bangunan Lainnya Dari Tanah Liat Atau Keramik Dan Porselen | Industri Produk Logam Struktural Bukan Aluminium Untuk Konstruksi Ringan | Industri Produk Logam Struktural Aluminium Untuk Konstruksi Ringan | Perdagangan Eceran Sediaan Farmasi Untuk Manusia Di Apotek | Perdagangan Eceran Sediaan Farmasi Untuk Manusia Selain Di Apotek | Perdagangan Eceran Alat Kesehatan Untuk Manusia | Perdagangan Eceran Obat Farmasi Untuk Hewan | Perdagangan Eceran Obat Tradisional Untuk Hewan | Perdagangan Eceran Kosmetik Untuk Hewan | Perdagangan Eceran Bahan Baku Farmasi Dan Alat Kesehatan Lainnya | Perdagangan Eceran Barang Bekas Lainnya | Perdagangan Eceran Hewan Kesayangan (Pet Animals) | Perdagangan Eceran Ikan Dan Biota Air Hidup Lainnya | Perdagangan Eceran Tanaman Dan Bibit Tanaman Selain Tanaman Kehutanan | Perdagangan Eceran Gas Tabung Lpg | Perdagangan Eceran Aromatik/Penyegar (Minyak Asiri) | Perdagangan Eceran Lukisan | Angkutan Laut Luar Negeri Untuk Barang Umum | Angkutan Laut Luar Negeri Untuk Barang Khusus | Angkutan Laut Luar Negeri Pelayaran Rakyat Untuk Barang | Angkutan Penyeberangan Umum Antarprovinsi Untuk Penumpang | Angkutan Penyeberangan Umum Antarkabupaten/Kota Untuk Penumpang | Angkutan Penyeberangan Umum Dalam Kabupaten/Kota Untuk Penumpang | Angkutan Penyeberangan Perintis Antarprovinsi Untuk Penumpang | Angkutan Penyeberangan Perintis Antarkabupaten/Kota Untuk Penumpang | Transportasi Pesisir Lainnya Untuk Penumpang | Angkutan Penyeberangan Umum Antarprovinsi Untuk Barang | Angkutan Penyeberangan Umum Antarkabupaten/Kota Untuk Barang | Angkutan Penyeberangan Umum Dalam Kabupaten/Kota Untuk Barang | Angkutan Penyeberangan Perintis Antarprovinsi Untuk Barang | Angkutan Penyeberangan Perintis Antarkabupaten/Kota Untuk Barang | Transportasi Pesisir Lainnya Untuk Barang | Angkutan Sungai Dan Danau Liner (Trayek Tetap Dan Teratur) Untuk Penumpang | Angkutan Sungai Dan Danau Tramper (Trayek Tidak Tetap Dan Tidak Teratur) Untuk Penumpang | Angkutan Sungai Dan Danau Untuk Wisata | Angkutan Sungai Dan Danau Untuk Barang Umum | Angkutan Sungai Dan Danau Untuk Barang Berbahaya | Angkutan Udara Niaga Berjadwal Untuk Penumpang | Angkutan Udara Niaga Tidak Berjadwal Untuk Penumpang | Transportasi Antariksa Untuk Penumpang | Angkutan Udara Niaga Berjadwal Khusus Kargo | Angkutan Udara Niaga Tidak Berjadwal Khusus Kargo | Transportasi Antariksa Untuk Barang | Pengelola Gudang Sistem Resi Gudang | Aktivitas Gudang Dingin | Aktivitas Gudang Berikat | Penyimpanan Minyak Dan Gas Bumi | Aktivitas Penyimpanan Barang Berbahaya Dan Beracun (B3) | Fasilitas Penyimpanan Sumber Radiasi Pengion | Penyimpanan Mineral Ikutan Radioaktif | Pergudangan Dan Penyimpanan Lainnya | Aktivitas Terminal Darat | Aktivitas Penyelenggaraan Prasarana Perkeretaapian | Aktivitas Jalan Tol | Aktivitas Perparkiran Di Badan Jalan (On Street Parking) | Aktivitas Perparkiran Di Luar Badan Jalan (Off Street Parking) | Aktivitas Jasa Terkait Transportasi Darat Lainnya | Aktivitas Pelayanan Kepelabuhanan Laut | Penerbitan Buku | Penerbitan Surat Kabar | Penyewaan Gudang Dan Fasilitas Penyimpanan Mandiri | Aktivitas Real Estat (Bangunan Dan Lahan) Nonhunian Lainnya Milik Sendiri Atau Sewa | Aktivitas Desain Peralatan Rumah Tangga Dan Furnitur | Aktivitas Desain Tekstil, Mode/Fesyen, Dan Garmen | Aktivitas Desain Industri Strategis Dan Pertahanan | Aktivitas Desain Alat Komunikasi Dan Elektronika | Aktivitas Desain Peralatan Olahraga Dan Permainan | Aktivitas Desain Produk Kesehatan, Kosmetik, Dan Perlengkapan Laboratorium | Aktivitas Desain Pengemasan | Aktivitas Desain Industri Lainnya | Aktivitas Desain Interior | Aktivitas Desain Grafis/Komunikasi Visual | Aktivitas Desain Khusus Film, Video, Program Televisi, Animasi Dan Komik | Aktivitas Desain Konten Gim | Aktivitas Desain Khusus Lainya Ytdl | Aktivitas Fotografi Udara | Aktivitas Fotografi Lainnya | Aktivitas Penerjemah Atau Interpreter | Aktivitas Broker Dan Layanan Pemasaran Paten | Jasa Meteorologi Dan Prakiraan Cuaca | Semua Aktivitas Profesional, Ilmiah Dan Teknis Ytdl Lainnya | Aktivitas Personel Kesehatan Hewan Mandiri | Aktivitas Pengelolaan Sarana Kesehatan Hewan | Aktivitas Pengelolaan Kesehatan Hewan Lainnya | Penyewaan Dan Sewa Guna Usaha Kendaraan Bermotor | Penyewaan Dan Sewa Guna Usaha Alat Rekreasi Dan Olahraga | Penyewaan Peralatan Dan Perlengkapan Acara | Penyewaan Alat Musik | Penyewaan Barang Hasil Pencetakan Dan Penerbitan | Penyewaan Bunga Dan Tanaman Hias | Penyewaan Barang Pribadi Dan Barang Rumah Tangga Lainnya Ytdl | Penyewaan Dan Sewa Guna Usaha Alat Transportasi Darat Bukan Kendaraan Bermotor | Penyewaan Dan Sewa Guna Usaha Alat Transportasi Air | Penyewaan Dan Sewa Guna Usaha Alat Transportasi Udara | Penyewaan Dan Sewa Guna Usaha Mesin Dan Peralatan Industri | Pendidikan Taman Kanak-Kanak Umum Pemerintah | Pendidikan Taman Kanak-Kanak Umum Swasta | Pendidikan Prasekolah Keagamaan Islam | Pendidikan Prasekolah Keagamaan Protestan, Katolik, Hindu, Buddha, Atau Konghucu | Pendidikan Dasar Umum Pemerintah | Pendidikan Dasar Umum Swasta | Pendidikan Dasar Keagamaan Islam | Pendidikan Dasar Keagamaan Protestan, Katolik, Hindu, Buddha, Atau Konghucu | Pendidikan Menengah Pertama Umum Pemerintah | Pendidikan Menengah Pertama Umum Swasta | Pendidikan Menengah Pertama Keagamaan Islam | Pendidikan Menengah Pertama Keagamaan Protestan, Katolik, Hindu, Buddha, Atau Konghucu | Pendidikan Menengah Atas Umum Pemerintah | Pendidikan Menengah Atas Umum Swasta | Pendidikan Menengah Atas Keagamaan Islam | Pendidikan Menengah Kejuruan Umum Pemerintah | Pendidikan Pascamenengah Nontersier | Pendidikan Tinggi Umum Pemerintah | Pendidikan Tinggi Umum Swasta | Pendidikan Tinggi Keagamaan Pemerintah | Pendidikan Tinggi Keagamaan Swasta | Pendidikan Manajemen Dan Perbankan | Pendidikan Komputer (Teknologi Informasi Dan Komunikasi) Swasta | Pendidikan Bahasa Swasta | Pendidikan Kesehatan Swasta | Pendidikan Bimbingan Belajar Dan Konseling Swasta | Pendidikan Teknik Swasta | Pendidikan Kerajinan Dan Industri | Pendidikan Lainnya Swasta";"Pengeringan Buah-Buahan Dan Sayuran | Pembekuan Buah-Buahan Dan Sayuran | Pengalengan Buah-Buahan Dan Sayuran | Pengolahan Sari Buah-Buahan Dan Sayuran | Pembuatan Tempe Kedelai | Pembuatan Tahu Kedelai | Pengolahan Dan Pengawetan Lainnya Untuk Buah-Buahan Dan Sayuran | Industri Barang Tekstil Dengan Bahan Pengisi | Industri Pakaian Jadi (Konfeksi) Dari Tekstil | Industri Pakaian Jadi (Konfeksi) Dari Kulit Dan Tiruan Kulit | Industri Penjahitan Dan Pembuatan (Bukan Konfeksi) Pakaian Sesuai Pesanan/Kustomisasi | Industri Perlengkapan Pakaian Dari Tekstil | Industri Perlengkapan Pakaian Dari Kulit Dan Tiruan Kulit | Industri Pakaian Jadi Dan Perlengkapannya Dari Rajutan Dan Crocheted | Industri Hosiery Rajutan Dan Crocheted | Industri Wadah Dari Kayu | Industri Barang Anyaman Dari Rotan Dan Bambu | Industri Barang Anyaman Dari Tanaman Selain Rotan Dan Bambu | Industri Kerajinan Ukiran Dari Kayu Bukan Furnitur | Industri Alat Dapur Dan Alat Makan Dari Kayu, Rotan, Dan Bambu | Industri Kayu Bakar Dan Pelet Dari Kayu Dan Biomassa Lainnya | Industri Barang Lainnya Dari Kayu; Industri Barang Dari Gabus, Jerami, Rotan, Bambu, Dan Sejenisnya Ytdl | Industri Barang Dari Kertas Dan Papan Kertas Lainnya Ytdl | Pencetakan Umum | Pencetakan Tiga Dimensi (3d) | Kegiatan Jasa Penunjang Pencetakan | Reproduksi Media Rekaman Suara Dan Perangkat Lunak | Reproduksi Media Rekaman Film Dan Video | Industri Zat Pengatur Tumbuh | Industri Peralatan Sanitasi Dari Tanah Liat Atau Keramik | Industri Produk Bukan Bahan Bangunan Lainnya Dari Tanah Liat Atau Keramik Dan Porselen | Perdagangan Besar Daging Dan Daging Olahan Lainnya | Perdagangan Besar Hasil Perikanan Dan Olahan Terkait | Perdagangan Besar Bahan Makanan Dan Minuman Hasil Peternakan Dan Perikanan Lainnya | Penerbitan Buku | Penerbitan Surat Kabar | Aktivitas Desain Peralatan Rumah Tangga Dan Furnitur | Aktivitas Desain Tekstil, Mode/Fesyen, Dan Garmen | Aktivitas Desain Industri Strategis Dan Pertahanan | Aktivitas Desain Alat Komunikasi Dan Elektronika | Aktivitas Desain Peralatan Olahraga Dan Permainan | Aktivitas Desain Produk Kesehatan, Kosmetik, Dan Perlengkapan Laboratorium | Aktivitas Desain Pengemasan | Aktivitas Desain Industri Lainnya | Aktivitas Desain Interior | Aktivitas Desain Grafis/Komunikasi Visual | Aktivitas Desain Khusus Film, Video, Program Televisi, Animasi Dan Komik | Aktivitas Desain Konten Gim | Aktivitas Desain Khusus Lainya Ytdl | Aktivitas Fotografi Udara | Aktivitas Fotografi Lainnya | Aktivitas Penerjemah Atau Interpreter | Aktivitas Broker Dan Layanan Pemasaran Paten | Jasa Meteorologi Dan Prakiraan Cuaca | Semua Aktivitas Profesional, Ilmiah Dan Teknis Ytdl Lainnya | Aktivitas Personel Kesehatan Hewan Mandiri | Aktivitas Pengelolaan Sarana Kesehatan Hewan | Aktivitas Pengelolaan Kesehatan Hewan Lainnya | Penyewaan Dan Sewa Guna Usaha Kendaraan Bermotor | Penyewaan Dan Sewa Guna Usaha Alat Rekreasi Dan Olahraga | Penyewaan Peralatan Dan Perlengkapan Acara | Penyewaan Alat Musik | Penyewaan Barang Hasil Pencetakan Dan Penerbitan | Penyewaan Bunga Dan Tanaman Hias | Penyewaan Barang Pribadi Dan Barang Rumah Tangga Lainnya Ytdl | Penyewaan Dan Sewa Guna Usaha Alat Transportasi Darat Bukan Kendaraan Bermotor | Penyewaan Dan Sewa Guna Usaha Alat Transportasi Air | Penyewaan Dan Sewa Guna Usaha Alat Transportasi Udara | Penyewaan Dan Sewa Guna Usaha Mesin Dan Peralatan Industri | Pendidikan Taman Kanak-Kanak Umum Pemerintah | Pendidikan Taman Kanak-Kanak Umum Swasta | Pendidikan Prasekolah Keagamaan Islam | Pendidikan Prasekolah Keagamaan Protestan, Katolik, Hindu, Buddha, Atau Konghucu | Pendidikan Dasar Umum Pemerintah | Pendidikan Dasar Umum Swasta | Pendidikan Dasar Keagamaan Islam | Pendidikan Dasar Keagamaan Protestan, Katolik, Hindu, Buddha, Atau Konghucu | Pendidikan Menengah Pertama Umum Pemerintah | Pendidikan Menengah Pertama Umum Swasta | Pendidikan Menengah Pertama Keagamaan Islam | Pendidikan Menengah Pertama Keagamaan Protestan, Katolik, Hindu, Buddha, Atau Konghucu | Pendidikan Menengah Atas Umum Pemerintah | Pendidikan Menengah Atas Umum Swasta | Pendidikan Menengah Atas Keagamaan Islam | Pendidikan Manajemen Dan Perbankan | Pendidikan Komputer (Teknologi Informasi Dan Komunikasi) Swasta | Pendidikan Bahasa Swasta | Pendidikan Kesehatan Swasta | Pendidikan Bimbingan Belajar Dan Konseling Swasta | Pendidikan Teknik Swasta | Pendidikan Kerajinan Dan Industri | Pendidikan Lainnya Swasta";"Industri Cat | Industri Pernis | Industri Dempul | Industri Sediaan Pewarna Dan Pelapis Lainnya | Industri Bahan Dan Produk Pembersih | Industri Kosmetik Untuk Manusia, Cairan Lensa Kontak | Industri Kosmetik Untuk Hewan | Industri Perekat Gigi | Industri Parfum Sesuai Pesanan | Industri Perekat/Lem | Industri Tinta | Industri Ban Luar Dan Ban Dalam | Industri Pembentukan Kembali Ban Dan Vulkanisasi Ban | Industri Karet Asap | Industri Karet Lembaran Dan Crepe Rubber | Industri Karet Remah (Crumb Rubber) | Industri Karet Setengah Jadi Lainnya | Industri Barang Dari Karet Untuk Keperluan Rumah Tangga | Industri Barang Dari Karet Untuk Keperluan Industri | Industri Barang Dari Karet Untuk Keperluan Infrastruktur | Industri Barang Dari Karet Untuk Kesehatan | Industri Barang Lainnya Dari Karet Ytdl | Industri Barang Dari Plastik Untuk Bangunan | Industri Barang Dari Plastik Dan Bioplastik Untuk Pengemasan | Industri Pipa Plastik Dan Perlengkapannya | Industri Plastik Lembaran | Industri Perlengkapan Dan Peralatan Rumah Tangga Dari Plastik (Tidak Termasuk Furnitur) | Industri Barang Dan Peralatan Teknik/Industri Dari Plastik | Industri Barang Lainnya Dari Plastik | Konstruksi Konvensional Gedung Lainnya | Perdagangan Besar Alat Tulis Dan Gambar | Perdagangan Besar Alat Permainan Dan Mainan | Perdagangan Besar Peralatan Telekomunikasi | Perdagangan Besar Mesin, Peralatan Dan Perlengkapan Pertanian | Perdagangan Besar Alat Transportasi Darat (Bukan Mobil, Sepeda Motor, Dan Sejenisnya), Suku Cadang, Dan Perlengkapannya | Perdagangan Besar Bahan Bakar Padat, Cair, Dan Gas Beserta Produk Terkait | Perdagangan Besar Bahan Konstruksi Dari Logam | Perdagangan Besar Bahan Konstruksi Dari Tanah Liat, Kapur, Semen, Atau Kaca | Perdagangan Besar Semen, Kapur, Pasir, Dan Batu | Perdagangan Eceran Buah-Buahan | Perdagangan Eceran Sayuran | Perdagangan Eceran Hasil Peternakan | Perdagangan Eceran Hasil Perikanan | Perdagangan Eceran Hasil Kehutanan Dan Perburuan | Perdagangan Eceran Hasil Pertanian Lainnya | Perdagangan Eceran Minuman Beralkohol | Perdagangan Eceran Minuman Tidak Beralkohol | Perdagangan Eceran Beras | Perdagangan Eceran Roti, Kue Kering, Serta Kue Basah Dan Sejenisnya | Perdagangan Eceran Kopi, Gula Pasir, Gula Merah, Dan Sejenisnya | Perdagangan Eceran Makanan Lainnya | Perdagangan Eceran Bahan Bakar Di Sarana Pengisian Bahan 
 Bakar | Perdagangan Eceran Minyak Pelumas | Perdagangan Eceran Komputer Dan Perlengkapannya | Perdagangan Eceran Peralatan Dan Produk Gim Video Serta 
 Sejenisnya | Perdagangan Eceran Perangkat Lunak (Software) | Perdagangan Eceran Telepon Beserta Aksesorisnya | Perdagangan Eceran Peralatan Audio Dan Video | Perdagangan Eceran Bahan Dan Material Konstruksi | Perdagangan Eceran Kaca Lembaran | Perdagangan Eceran Perkakas Dan Peralatan Pertukangan | Perdagangan Eceran Peralatan Keselamatan Dan Gawat Darurat | Perdagangan Eceran Cat, Pernis Dan Lakeri | Perdagangan Eceran Bahan-Bahan Energi Terbarukan | Perdagangan Eceran Karpet, Permadani, Serta Penutup Dinding Dan Lantai | Perdagangan Eceran Furnitur | Perdagangan Eceran Peralatan Listrik Rumah Tangga, Peralatan Penerangan, Dan Perlengkapannya | Perdagangan Eceran Barang Pecah Belah; Perlengkapan Dapur Dan Makan | Perdagangan Eceran Peralatan Dan Perlengkapan Rumah Tangga Lainnya Ytdl | Perdagangan Eceran Alat Tulis Menulis Dan Gambar | Perdagangan Eceran Hasil Pencetakan Dan Penerbitan | Perdagangan Eceran Kertas, Kertas Karton, Dan Barang Dari Kertas/Karton | Perdagangan Eceran Alat Permainan Dan Mainan | Perdagangan Eceran Pakaian | Perdagangan Eceran Sepatu, Sandal, Dan Alas Kaki Lainnya";"Perdagangan Besar Alat Tulis Dan Gambar | Perdagangan Besar Alat Permainan Dan Mainan | Perdagangan Besar Peralatan Telekomunikasi | Perdagangan Besar Mesin, Peralatan Dan Perlengkapan Pertanian | Perdagangan Besar Alat Transportasi Darat (Bukan Mobil, Sepeda Motor, Dan Sejenisnya), Suku Cadang, Dan Perlengkapannya | Perdagangan Besar Bahan Bakar Padat, Cair, Dan Gas Beserta Produk Terkait | Perdagangan Besar Bahan Konstruksi Dari Logam | Perdagangan Besar Bahan Konstruksi Dari Tanah Liat, Kapur, Semen, Atau Kaca | Perdagangan Besar Semen, Kapur, Pasir, Dan Batu | Perdagangan Eceran Buah-Buahan | Perdagangan Eceran Sayuran | Perdagangan Eceran Hasil Peternakan | Perdagangan Eceran Hasil Perikanan | Perdagangan Eceran Hasil Kehutanan Dan Perburuan | Perdagangan Eceran Hasil Pertanian Lainnya | Perdagangan Eceran Minuman Beralkohol | Perdagangan Eceran Minuman Tidak Beralkohol | Perdagangan Eceran Beras | Perdagangan Eceran Roti, Kue Kering, Serta Kue Basah Dan Sejenisnya | Perdagangan Eceran Kopi, Gula Pasir, Gula Merah, Dan Sejenisnya | Perdagangan Eceran Makanan Lainnya | Perdagangan Eceran Bahan Bakar Di Sarana Pengisian Bahan 
 Bakar | Perdagangan Eceran Minyak Pelumas | Perdagangan Eceran Komputer Dan Perlengkapannya | Perdagangan Eceran Peralatan Dan Produk Gim Video Serta 
 Sejenisnya | Perdagangan Eceran Perangkat Lunak (Software) | Perdagangan Eceran Telepon Beserta Aksesorisnya | Perdagangan Eceran Peralatan Audio Dan Video | Perdagangan Eceran Bahan Dan Material Konstruksi | Perdagangan Eceran Kaca Lembaran | Perdagangan Eceran Perkakas Dan Peralatan Pertukangan | Perdagangan Eceran Peralatan Keselamatan Dan Gawat Darurat | Perdagangan Eceran Cat, Pernis Dan Lakeri | Perdagangan Eceran Bahan-Bahan Energi Terbarukan | Perdagangan Eceran Karpet, Permadani, Serta Penutup Dinding Dan Lantai | Perdagangan Eceran Furnitur | Perdagangan Eceran Peralatan Listrik Rumah Tangga, Peralatan Penerangan, Dan Perlengkapannya | Perdagangan Eceran Barang Pecah Belah; Perlengkapan Dapur Dan Makan | Perdagangan Eceran Peralatan Dan Perlengkapan Rumah Tangga Lainnya Ytdl | Perdagangan Eceran Alat Tulis Menulis Dan Gambar | Perdagangan Eceran Hasil Pencetakan Dan Penerbitan | Perdagangan Eceran Kertas, Kertas Karton, Dan Barang Dari Kertas/Karton | Perdagangan Eceran Alat Permainan Dan Mainan | Perdagangan Eceran Pakaian | Perdagangan Eceran Sepatu, Sandal, Dan Alas Kaki Lainnya";-;"Perdagangan Besar Alat Tulis Dan Gambar | Perdagangan Besar Alat Permainan Dan Mainan | Perdagangan Besar Peralatan Telekomunikasi | Perdagangan Besar Mesin, Peralatan Dan Perlengkapan Pertanian | Perdagangan Besar Alat Transportasi Darat (Bukan Mobil, Sepeda Motor, Dan Sejenisnya), Suku Cadang, Dan Perlengkapannya | Perdagangan Besar Bahan Bakar Padat, Cair, Dan Gas Beserta Produk Terkait | Perdagangan Besar Bahan Konstruksi Dari Logam | Perdagangan Besar Bahan Konstruksi Dari Tanah Liat, Kapur, Semen, Atau Kaca | Perdagangan Besar Semen, Kapur, Pasir, Dan Batu | Perdagangan Eceran Buah-Buahan | Perdagangan Eceran Sayuran | Perdagangan Eceran Hasil Peternakan | Perdagangan Eceran Hasil Perikanan | Perdagangan Eceran Hasil Kehutanan Dan Perburuan | Perdagangan Eceran Hasil Pertanian Lainnya | Perdagangan Eceran Minuman Beralkohol | Perdagangan Eceran Minuman Tidak Beralkohol | Perdagangan Eceran Beras | Perdagangan Eceran Roti, Kue Kering, Serta Kue Basah Dan Sejenisnya | Perdagangan Eceran Kopi, Gula Pasir, Gula Merah, Dan Sejenisnya | Perdagangan Eceran Makanan Lainnya | Perdagangan Eceran Bahan Bakar Di Sarana Pengisian Bahan 
 Bakar | Perdagangan Eceran Minyak Pelumas | Perdagangan Eceran Komputer Dan Perlengkapannya | Perdagangan Eceran Peralatan Dan Produk Gim Video Serta 
 Sejenisnya | Perdagangan Eceran Perangkat Lunak (Software) | Perdagangan Eceran Telepon Beserta Aksesorisnya | Perdagangan Eceran Peralatan Audio Dan Video | Perdagangan Eceran Bahan Dan Material Konstruksi | Perdagangan Eceran Kaca Lembaran | Perdagangan Eceran Perkakas Dan Peralatan Pertukangan | Perdagangan Eceran Peralatan Keselamatan Dan Gawat Darurat | Perdagangan Eceran Cat, Pernis Dan Lakeri | Perdagangan Eceran Bahan-Bahan Energi Terbarukan | Perdagangan Eceran Karpet, Permadani, Serta Penutup Dinding Dan Lantai | Perdagangan Eceran Furnitur | Perdagangan Eceran Peralatan Listrik Rumah Tangga, Peralatan Penerangan, Dan Perlengkapannya | Perdagangan Eceran Barang Pecah Belah; Perlengkapan Dapur Dan Makan | Perdagangan Eceran Peralatan Dan Perlengkapan Rumah Tangga Lainnya Ytdl | Perdagangan Eceran Alat Tulis Menulis Dan Gambar | Perdagangan Eceran Hasil Pencetakan Dan Penerbitan | Perdagangan Eceran Kertas, Kertas Karton, Dan Barang Dari Kertas/Karton | Perdagangan Eceran Alat Permainan Dan Mainan | Perdagangan Eceran Pakaian | Perdagangan Eceran Sepatu, Sandal, Dan Alas Kaki Lainnya";"Kegiatan Rumah Potong Unggas | Pengasinan Buah-Buahan Dan Sayuran | Pelumatan Buah-Buahan Dan Sayuran | Industri Barang Tekstil Dengan Bahan Pengisi | Industri Pakaian Jadi (Konfeksi) Dari Tekstil | Industri Pakaian Jadi (Konfeksi) Dari Kulit Dan Tiruan Kulit | Industri Penjahitan Dan Pembuatan (Bukan Konfeksi) Pakaian Sesuai Pesanan/Kustomisasi | Industri Perlengkapan Pakaian Dari Tekstil | Industri Perlengkapan Pakaian Dari Kulit Dan Tiruan Kulit | Industri Pakaian Jadi Dan Perlengkapannya Dari Rajutan Dan Crocheted | Industri Hosiery Rajutan Dan Crocheted | Penyamakan Kulit | Pewarnaan Kulit Berbulu | Industri Kulit Komposisi | Industri Wadah Dari Kayu | Industri Barang Anyaman Dari Rotan Dan Bambu | Industri Barang Anyaman Dari Tanaman Selain Rotan Dan Bambu | Industri Kerajinan Ukiran Dari Kayu Bukan Furnitur | Industri Alat Dapur Dan Alat Makan Dari Kayu, Rotan, Dan Bambu | Industri Kayu Bakar Dan Pelet Dari Kayu Dan Biomassa Lainnya | Industri Barang Lainnya Dari Kayu; Industri Barang Dari Gabus, Jerami, Rotan, Bambu, Dan Sejenisnya Ytdl | Industri Barang Dari Kertas Dan Papan Kertas Lainnya Ytdl | Pencetakan Umum | Pencetakan Tiga Dimensi (3d) | Kegiatan Jasa Penunjang Pencetakan | Reproduksi Media Rekaman Suara Dan Perangkat Lunak | Reproduksi Media Rekaman Film Dan Video | Industri Minyak Pelumas | Industri Briket | Industri Kimia Dasar Organik Dari Sumber Daya Alam Hayati | Industri Pupuk Hara Mikro | Industri Pupuk Organik, Pupuk Hayati, Dan Media Tanam | Industri Biostimulan | Industri Perhiasan Imitasi Dan Barang Sejenis | Industri Alat Musik Tradisional | Industri Alat Musik Nontradisional | Industri Peralatan Dan Perlengkapan Olahraga | Industri Alat Permainan | Industri Mainan Termasuk Drone Rekreasi | Industri Peralatan Kedokteran Dan Kedokteran Gigi Serta Perlengkapannya | Industri Furnitur Untuk Operasi, Perawatan Kedokteran, Dan Kedokteran Gigi | Industri Peralatan Kedokteran Dan Kedokteran Gigi, Serta Perlengkapan Ortopedi Dan Prostetik | Industri Kacamata | Industri Peralatan Kedokteran Dan Kedokteran Gigi, Serta Perlengkapan Lainnya | Industri Alat Tulis Dan Gambar Termasuk Perlengkapannya | Industri Pita Mesin Tulis Atau Gambar | Industri Kerajinan Ytdl | Reparasi Dan Pemeliharaan Produk Logam Struktural, Tangki, Tandon Air, Dan Generator Uap | Reparasi Dan Pemeliharaan Produk Logam Pabrikasi Lainnya | Reparasi Dan Pemeliharaan Mesin Untuk Keperluan Umum | Reparasi Dan Pemeliharaan Mesin Untuk Keperluan Khusus | Reparasi Dan Pemeliharaan Alat Ukur, Alat Uji, Serta Peralatan Navigasi Dan Pengontrol | Reparasi Dan Pemeliharaan Peralatan Iradiasi, Elektromedik, Dan Elektroterapi | Reparasi Dan Pemeliharaan Peralatan Fotografi Dan Optik | Reparasi Dan Pemeliharaan Motor Listrik, Generator, Dan Transformator | Reparasi Dan Pemeliharaan Baterai Dan Akumulator Listrik | Reparasi Dan Pemeliharaan Peralatan Listrik Lainnya | Reparasi Dan Pemeliharaan Peralatan Lainnya | Pengoperasian Instalasi Pemanfaatan Tenaga Listrik | Aktivitas Penunjang Tenaga Listrik Lainnya | Produksi Es | Konstruksi Jalan Pada Permukaan Tanah | Konstruksi Bangunan Sipil Jembatan, Jalan Layang, Fly Over, Dan Underpass | Konstruksi Jalan Rel | Konstruksi Terowongan | Konstruksi Jaringan Irigasi Dan Drainase | Konstruksi Bangunan Sipil Pengolahan Air Bersih | Konstruksi Bangunan Sipil Elektrikal | Konstruksi Bangunan Sipil Telekomunikasi Untuk Prasarana Transportasi | Konstruksi Sentral Telekomunikasi | Konstruksi Pengeboran/Penggalian Air Tanah | Konstruksi Bangunan Prasarana Sumber Daya Air | Konstruksi Bangunan Sipil Fasilitas Olahraga | Pembongkaran | Penyiapan Lahan | Pemasangan Jaringan Listrik | Pemasangan Jaringan Telekomunikasi | Pemasangan Sistem Elektronika | Pemasangan Sistem Persinyalan Dan Telekomunikasi Kereta Api | Pemasangan Perlengkapan Jalan Berbasis Listrik | Pemasangan Saluran Air (Plumbing) | Pemasangan Pendingin Dan Ventilasi Udara | Pemasangan Perlengkapan Mekanikal Bangunan | Pemasangan Kaca, Pintu, Kusen, Jendela, Dan Sejenisnya | Pengerjaan Lantai, Dinding, Dan Plafon | Pengecatan | Penyelesaian Konstruksi Bangunan Lainnya | Pemasangan Dan Rekayasa Struktur Bangunan | Pemasangan Perancah (Steger) | Pemasangan Rangka Dan Atap/Roof Covering | Pemasangan Kerangka Baja | Penyewaan Alat Konstruksi Dengan Operator | Perdagangan Besar Bunga Dan Tanaman Hias | Perdagangan Besar Binatang Hidup | Perdagangan Besar Minuman Beralkohol | Perdagangan Besar Rokok Dan Tembakau | Perdagangan Besar Alas Kaki | Perdagangan Besar Furnitur, Karpet, Perlengkapan Pencahayaan Untuk Rumah Tangga, Perkantoran, Dan Pertokoan | Perdagangan Besar Alat Kesehatan Dan Laboratorium Untuk 
 Manusia | Aktivitas Penyediaan Makanan Di Bangunan Tetap | Aktivitas Penyediaan Makanan Di Bangunan Tidak Tetap | Aktivitas Jasa Boga Untuk Acara Tertentu (Event Catering) | Aktivitas Penyediaan Jasa Boga Lainnya | Aktivitas Rumah Minum/Kafe | Aktivitas Kedai Minuman | Aktivitas Rumah/Kedai Obat Bahan Alam | Aktivitas Penyediaan Minuman Keliling/Tempat Tidak Tetap | Aktivitas Jasa Intermediasi Penyediaan Makanan Dan Minuman | Penerbitan Buku | Penerbitan Surat Kabar | Reasuransi Konvensional | Reasuransi Syariah | Penjaminan Ulang Konvensional | Penjaminan Ulang Syariah | Aktivitas Dana Pensiun Pemberi Kerja Konvensional | Aktivitas Dana Pensiun Pemberi Kerja Syariah | Aktivitas Dana Pensiun Lembaga Keuangan Konvensional | Aktivitas Dana Pensiun Lembaga Keuangan Syariah | Penyelenggaraan Penunjang Sistem Pembayaran | Aktivitas Jasa Pengolahan Uang Rupiah | Penyelenggaraan Transaksi Keuangan Dan Pengelolaan Uang Rupiah Lainnya Selain Pasar Keuangan | Aktivitas Advisori Investasi | Aktivitas Advisori Perdagangan Berjangka Komoditas | Aktivitas Advisori Syariah Pasar Modal | Aktivitas Advisori Pasar Keuangan Lainnya | Jasa Intermediasi Pinjam Meminjam Uang Berbasis Teknologi Informasi Konvensional | Jasa Intermediasi Pinjam Meminjam Uang Berbasis Teknologi Informasi Syariah | Aktivitas Pendanaan Untuk Transaksi Efek | Penitipan Dan Pengelolaan Berdasarkan Perjanjian Trust | Pemeringkatan Efek | Aktivitas Pialang Asuransi | Aktivitas Agen Penjaminan | Pengelolaan Gedung Perkantoran | Pengelolaan Real Estat Hunian Atas Dasar Balas Jasa (Fee) Atau Kontrak | Aktivitas Perancangan Dan Konsultansi Teknis Pabrik | Aktivitas Enjinering Dan Konsultansi Teknis Terkait Lainnya | Jasa Sertifikasi Teknis | Jasa Inspeksi Teknis | Jasa Verifikasi Dan Validasi Teknis | Jasa Pengujian Teknis | Pengujian Dan Analisis Teknis Lainnya | Penelitian Dan Pengembangan Ilmu Alam | Penelitian Dan Pengembangan Enjinering Dan Teknologi | Penelitian Dan Pengembangan Ilmu Kedokteran Dan Kesehatan | Penelitian Dan Pengembangan Bioteknologi | Penelitian Dan Pengembangan Ilmu Pertanian Dan Kedokteran Hewan | Penelitian Dan Pengembangan Ketenaganukliran | Penelitian Dan Pengembangan Eksperimental Ilmu Alam Dan Enjinering Lainnya | Penelitian Dan Pengembangan Ilmu Pengetahuan Sosial | Penelitian Dan Pengembangan Humaniora | Aktivitas Periklanan | Penelitian Pasar | Jajak Pendapat Opini Publik | Aktivitas Kehumasan | Aktivitas Desain Alat Transportasi Dan Permesinan | Aktivitas Desain Peralatan Rumah Tangga Dan Furnitur | Aktivitas Desain Tekstil, Mode/Fesyen, Dan Garmen | Aktivitas Desain Industri Strategis Dan Pertahanan | Aktivitas Desain Alat Komunikasi Dan Elektronika | Aktivitas Desain Peralatan Olahraga Dan Permainan | Aktivitas Desain Produk Kesehatan, Kosmetik, Dan Perlengkapan Laboratorium | Aktivitas Desain Pengemasan | Aktivitas Desain Industri Lainnya | Aktivitas Desain Interior | Aktivitas Desain Grafis/Komunikasi Visual | Aktivitas Desain Khusus Film, Video, Program Televisi, Animasi Dan Komik | Aktivitas Desain Konten Gim | Aktivitas Desain Khusus Lainya Ytdl | Aktivitas Fotografi Udara | Aktivitas Fotografi Lainnya | Aktivitas Penerjemah Atau Interpreter | Aktivitas Broker Dan Layanan Pemasaran Paten | Jasa Meteorologi Dan Prakiraan Cuaca | Semua Aktivitas Profesional, Ilmiah Dan Teknis Ytdl Lainnya | Aktivitas Personel Kesehatan Hewan Mandiri | Aktivitas Pengelolaan Sarana Kesehatan Hewan | Aktivitas Pengelolaan Kesehatan Hewan Lainnya | Penyewaan Dan Sewa Guna Usaha Kendaraan Bermotor | Penyewaan Dan Sewa Guna Usaha Alat Rekreasi Dan Olahraga | Penyewaan Peralatan Dan Perlengkapan Acara | Penyewaan Alat Musik | Penyewaan Barang Hasil Pencetakan Dan Penerbitan | Penyewaan Bunga Dan Tanaman Hias | Penyewaan Barang Pribadi Dan Barang Rumah Tangga Lainnya Ytdl | Penyewaan Dan Sewa Guna Usaha Alat Transportasi Darat Bukan Kendaraan Bermotor | Penyewaan Dan Sewa Guna Usaha Alat Transportasi Air | Penyewaan Dan Sewa Guna Usaha Alat Transportasi Udara | Penyewaan Dan Sewa Guna Usaha Mesin Dan Peralatan Industri | Penyewaan Dan Sewa Guna Usaha Mesin Dan Alat Pertanian | Penyewaan Dan Sewa Guna Usaha Mesin Dan Peralatan Konstruksi Dan Teknik Sipil | Penyewaan Dan Sewa Guna Usaha Mesin Dan Peralatan Kantor | Penyewaan Dan Sewa Guna Mesin Dan Peralatan Pertambangan Dan Penggalian | Penyewaan Dan Sewa Guna Usaha Mesin, Peralatan, Dan Barang Berwujud Lainnya Ytdl | Aktivitas Jasa Intermediasi Untuk Penyewaan Dan Sewa Guna Usaha Mobil | Aktivitas Penempatan Tenaga Kerja Untuk Usaha Di Dalam Negeri | Aktivitas Penempatan Tenaga Kerja Luar Negeri | Aktivitas Penempatan Tenaga Kerja Untuk Rumah Tangga Sebagai Pemberi Kerja Di Dalam Negeri | Aktivitas Agen Perjalanan | Aktivitas Biro Perjalanan Wisata | Aktivitas Biro Perjalanan Ibadah Umrah Dan Haji Khusus | Aktivitas Biro Perjalanan Lainnya | Jasa Informasi Pariwisata | Jasa Informasi Daya Tarik Wisata | Jasa Pramuwisata | Pendidikan Taman Kanak-Kanak Umum Pemerintah | Pendidikan Taman Kanak-Kanak Umum Swasta | Pendidikan Prasekolah Keagamaan Islam | Pendidikan Prasekolah Keagamaan Protestan, Katolik, Hindu, Buddha, Atau Konghucu | Pendidikan Dasar Umum Pemerintah | Pendidikan Dasar Umum Swasta | Pendidikan Dasar Keagamaan Islam | Pendidikan Dasar Keagamaan Protestan, Katolik, Hindu, Buddha, Atau Konghucu | Pendidikan Menengah Pertama Umum Pemerintah | Pendidikan Menengah Pertama Umum Swasta | Pendidikan Menengah Pertama Keagamaan Islam | Pendidikan Menengah Pertama Keagamaan Protestan, Katolik, Hindu, Buddha, Atau Konghucu | Pendidikan Menengah Atas Umum Pemerintah | Pendidikan Menengah Atas Umum Swasta | Pendidikan Menengah Atas Keagamaan Islam | Pelatihan Kerja Pertanian Dan Perikanan Swasta | Pendidikan Dan Pelatihan Personel Penerbangan | Pelatihan Kerja Swasta Lainnya | Pelatihan Kerja Teknik Perusahaan | Pelatihan Kerja Teknologi Informasi Dan Komunikasi Perusahaan | Pelatihan Kerja Industri Kreatif Perusahaan | Pelatihan Kerja Pariwisata Dan Perhotelan Perusahaan | Pelatihan Kerja Bisnis Dan Manajemen Perusahaan | Pelatihan Kerja Pekerjaan Domestik Perusahaan | Pelatihan Kerja Pertanian Dan Perikanan Perusahaan | Pelatihan Kerja Perusahaan Lainnya | Pendidikan Manajemen Dan Perbankan | Pendidikan Komputer (Teknologi Informasi Dan Komunikasi) Swasta | Pendidikan Bahasa Swasta | Pendidikan Kesehatan Swasta | Pendidikan Bimbingan Belajar Dan Konseling Swasta | Pendidikan Teknik Swasta | Pendidikan Kerajinan Dan Industri | Pendidikan Lainnya Swasta | Jasa Perantara Kursus Dan Tutor | Aktivitas Sertifikasi Profesi Hasil Pendidikan Dan Pelatihan Sendiri | Aktivitas Sertifikasi Profesi Hasil Pendidikan Dan Pelatihan Mitra | Aktivitas Sertifikasi Profesi Oleh Asosiasi | Aktivitas Sertifikasi Profesi Independen | Kegiatan Penunjang Pendidikan Lainnya";"Industri Zat Pengatur Tumbuh | Pengolahan Dan Penyediaan Air Minum | Konstruksi Bangunan Sipil Fasilitas Pengolahan | Perdagangan Besar Telur Dan Hasil Olahan Telur | Perdagangan Besar Susu Dan Produk Susu | Perdagangan Besar Minyak Dan Lemak Hewani | Perdagangan Besar Alat Kesehatan Untuk Hewan | Perdagangan Besar Karet Dan Plastik Dalam Bentuk Dasar | Perdagangan Besar Kertas Dan Karton | Perdagangan Besar Barang Dari Kertas Dan Karton | Perdagangan Besar Barang Bekas Dan Skrap | Perdagangan Besar Produk Lainnya Ytdl | Perdagangan Besar Berbagai Macam Barang Di Grosir/Perkulakan Swalayan | Perdagangan Besar Berbagai Macam Barang Selain Di 
 Grosir/Perkulakan Swalayan | Aktivitas Jasa Pengolahan Uang Rupiah | Aktivitas Advisori Perdagangan Berjangka Komoditas | Aktivitas Advisori Syariah Pasar Modal | Jasa Intermediasi Pinjam Meminjam Uang Berbasis Teknologi Informasi Konvensional | Jasa Intermediasi Pinjam Meminjam Uang Berbasis Teknologi Informasi Syariah | Aktivitas Pendanaan Untuk Transaksi Efek | Penitipan Dan Pengelolaan Berdasarkan Perjanjian Trust | Pemeringkatan Efek | Aktivitas Broker Penjaminan | Aktivitas Pengawasan Jasa Keuangan Asuransi Dan Dana
 Pensiun | Manajemen Investasi Konvensional Di Pasar Keuangan | Manajemen Investasi Syariah Di Pasar Keuangan | Aktivitas Manajemen Dana Lainnya | Pengelolaan Kawasan Pariwisata | Penyewaan Tempat Penyelenggaraan Aktivitas Pertemuan, Perjalanan Insentif, Konvensi, Dan Pameran, Serta Acara Khusus | Pengelolaan Pusat Perbelanjaan";Pengeringan Buah-Buahan Dan Sayuran | Pembekuan Buah-Buahan Dan Sayuran | Pengalengan Buah-Buahan Dan Sayuran | Pengolahan Sari Buah-Buahan Dan Sayuran | Pembuatan Tempe Kedelai | Pembuatan Tahu Kedelai | Pengolahan Dan Pengawetan Lainnya Untuk Buah-Buahan Dan Sayuran | Industri Cat | Industri Pernis | Industri Dempul | Industri Sediaan Pewarna Dan Pelapis Lainnya | Industri Bahan Dan Produk Pembersih | Industri Kosmetik Untuk Manusia, Cairan Lensa Kontak | Industri Kosmetik Untuk Hewan | Industri Perekat Gigi | Industri Parfum Sesuai Pesanan | Industri Perekat/Lem | Industri Tinta | Industri Minyak Asiri Hulu | Industri Minyak Asiri Rantai Tengah | Industri Serat Filamen Dan Strip Buatan | Industri Serat Stapel Buatan | Industri Bahan Baku Farmasi Untuk Manusia | Industri Produk Farmasi Untuk Manusia | Industri Produk Farmasi Untuk Hewan | Industri Bahan Baku Farmasi Untuk Hewan | Industri Alat Diagnosis Medis, Perban, Kasa, Dan Penunjang Kesehatan Lainnya | Industri Bahan Baku Obat Bahan Alam Untuk Manusia | Industri Produk Obat Bahan Alam Untuk Manusia | Industri Produk Obat Bahan Alam Untuk Hewan | Industri Bahan Baku Obat Bahan Alam Untuk Hewan | Industri Ban Luar Dan Ban Dalam | Industri Pembentukan Kembali Ban Dan Vulkanisasi Ban | Industri Karet Asap | Industri Karet Lembaran Dan Crepe Rubber | Industri Karet Remah (Crumb Rubber) | Industri Karet Setengah Jadi Lainnya | Industri Barang Dari Karet Untuk Keperluan Rumah Tangga | Industri Barang Dari Karet Untuk Keperluan Industri | Industri Barang Dari Karet Untuk Keperluan Infrastruktur | Industri Barang Dari Karet Untuk Kesehatan | Industri Barang Lainnya Dari Karet Ytdl | Industri Barang Dari Plastik Untuk Bangunan | Industri Barang Dari Plastik Dan Bioplastik Untuk Pengemasan | Industri Pipa Plastik Dan Perlengkapannya | Industri Plastik Lembaran | Industri Perlengkapan Dan Peralatan Rumah Tangga Dari Plastik (Tidak Termasuk Furnitur) | Industri Barang Dan Peralatan Teknik/Industri Dari Plastik | Industri Barang Lainnya Dari Plastik | Industri Produk Logam Struktural Bukan Aluminium Untuk Konstruksi Ringan | Industri Produk Logam Struktural Aluminium Untuk Konstruksi Ringan | Aktivitas Penukaran Valuta Asing (Money Changer);-;-;-;"nan | Pertanian Jagung | Pertanian Serealia Selain Padi Dan Jagung | Pertanian Kedelai | Pertanian Kacang Tanah | Pertanian Kacang Hijau | Pertanian Aneka Kacang Selain Kedelai, Kacang Tanah, Dan Kacang Hijau | Pertanian Biji-Bijian Penghasil Minyak Makan | Pertanian Biji-Bijian Penghasil Minyak Selain Minyak Makan | Pertanian Padi Hibrida | Pertanian Padi Inbrida | Pertanian Sayuran Daun | Pertanian Buah Semusim | Pertanian Sayuran Buah | Pertanian Sayuran Umbi | Pertanian Ubi Kayu | Pertanian Jamur | Pertanian Bit Gula Dan Tanaman Pemanis Selain Tebu | Pertanian Cabai | Pertanian Umbi Lainnya | Pertanian Tebu | Pertanian Tembakau | Pertanian Tanaman Berserat | Pertanian Tanaman Pakan Ternak | Pembenihan Tanaman Pakan Ternak Dan Pembenihan Bit (Bukan Bit Gula) | Pertanian Tanaman Bunga | Pertanian Pembenihan Tanaman Bunga | Pertanian Tanaman Semusim Lainnya Ytdl | Pertanian Buah Anggur | Pertanian Buah-Buahan Tropis Dan Subtropis | Pertanian Buah Jeruk | Pertanian Buah Apel Dan Buah Batu (Pome And Stone Fruits) | Pertanian Buah Beri | Pertanian Sayuran Tahunan | Pertanian Buah Semak Lainnya | Pertanian Kelapa | Pertanian Kelapa Sawit | Pertanian Buah Oleagin Lainnya | Pertanian Kopi | Pertanian Tanaman Teh | Pertanian Kakao | Pertanian Tanaman Untuk Bahan Minuman Lainnya | Pertanian Lada | Pertanian Cengkih | Pertanian Pala | Pertanian Tanaman Aromatik/Penyegar | Pertanian Tanaman Obat Rimpang | Pertanian Tanaman Obat Nonrimpang | Pertanian Tanaman Narkotika Dan Tanaman Obat Terlarang | Pertanian Tanaman Rempah-Rempah Dan Aromatik/Penyegar Lainnya | Pertanian Pohon Karet Dan Tanaman Penghasil Getah Lainnya | Pertanian Tanaman Tahunan Lainnya Ytdl | Pertanian Tanaman Hias | Penangkaran Tumbuhan Liar | Pembiakan Tanaman Lainnya | Budi Daya Dan Pembibitan Sapi Potong | Budi Daya Dan Pembibitan Sapi Perah | Budi Daya Dan Pembibitan Kerbau Potong | Budi Daya Dan Pembibitan Kerbau Perah | Peternakan Kuda Dan Sejenisnya | Peternakan Unta Dan Sejenisnya | Budi Daya Dan Pembibitan Domba Potong | Budi Daya Dan Pembibitan Kambing Potong | Budi Daya Dan Pembibitan Kambing Perah | Budi Daya Dan Pembibitan Domba Perah | Produksi Bulu Domba Mentah/Raw Wool | Peternakan Babi | Budi Daya Ayam Ras Pedaging | Budi Daya Ayam Ras Petelur | Pembibitan Ayam Lokal Dan Persilangannya | Budi Daya Ayam Lokal Dan Persilangannya | Budi Daya Dan Pembibitan Itik Dan Bebek | Budi Daya Dan Pembibitan Burung Puyuh | Budi Daya Dan Pembibitan Burung Merpati | Pembibitan Ayam Ras | Budi Daya Dan Pembibitan Unggas Lainnya | Budi Daya Dan Pembibitan Ulat Sutra | Budi Daya Dan Pembibitan Lebah | Budi Daya Dan Pembibitan Rusa | Budi Daya Dan Pembibitan Kelinci | Budi Daya Dan Pembibitan Cacing | Budi Daya Dan Pembibitan Burung Walet | Penangkaran Satwa Liar | Budi Daya Dan Pembibitan Hewan Lainnya | Jasa Pengolahan Lahan | Jasa Pemupukan | Jasa Pemanenan | Jasa Penyemprotan Dan Penyerbukan Melalui Udara | Jasa Pengendalian Organisme Pengganggu Tumbuhan (Opt) | Jasa Penanaman Benih | Jasa Penunjang Pertanian Lainnya | Jasa Perkawinan Ternak | Jasa Penetasan Telur | Jasa Penunjang Peternakan Lainnya | Jasa Pascapanen | Pemilihan Benih Tanaman Untuk Pembiakan | Perburuan, Penangkapan, Dan Kegiatan Jasa Terkait | Pengelolaan Hutan | Pemanfaatan Kayu Hutan | Pembenihan Tanaman Kehutanan | Pemanenan Kayu | Pemungutan Kayu | Pemungutan Hasil Hutan Bukan Kayu | Jasa Lingkungan Hutan | Jasa Penggunaan Kawasan Kehutanan | Jasa Penunjang Kehutanan Lainnya | Penangkapan Ikan Dan Biota Air Lainnya Di Laut | Penangkapan Ikan Dan Biota Air Lainnya Di Perairan Air Tawar | Pembudidayaan Ikan Bersirip (Selain Ikan Hias) Dan Biota Air Laut Lainnya Yang Tidak Dilindungi | Pembudidayaan Ikan Hias Air Laut Yang Tidak Dilindungi | Pembudidayaan Tumbuhan Air Laut Yang Tidak Dilindungi | Pengembangbiakan Ikan Dan Biota Air Laut Yang Dilindungi | Pembudidayaan Ikan Bersirip (Selain Ikan Hias) Dan Biota Air Tawar Lainnya Yang Tidak Dilindungi | Pembudidayaan Ikan Hias Air Tawar Yang Tidak Dilindungi | Pembudidayaan Tumbuhan Air Tawar Yang Tidak Dilindungi | Pengembangbiakan Biota Air Tawar Yang Dilindungi | Pembudidayaan Ikan Bersirip (Selain Ikan Hias) Dan Biota Air Payau Lainnya Yang Tidak Dilindungi | Pembudidayaan Ikan Hias Air Payau Yang Tidak Dilindungi | Pembudidayaan Tumbuhan Air Payau Yang Tidak Dilindungi | Pengembangbiakan Biota Air Payau Yang Dilindungi | Jasa Penunjang Kegiatan Penangkapan Dan Pembudidayaan Ikan | Pertambangan Batu Bara | Benefisiasi Atau Peningkatan Kualitas Batu Bara | Pertambangan Lignit | Pertambangan Minyak Bumi | Pertambangan Gas Alam | Pengusahaan Tenaga Panas Bumi | Pertambangan Pasir Besi | Pertambangan Bijih Besi | Pertambangan Bijih Uranium Dan Torium | Pertambangan Emas Dan Perak | Pertambangan Bijih Logam Mulia Lainnya | Pertambangan Bijih Timah | Pertambangan Bijih Timah Hitam | Pertambangan Bijih Bauksit | Pertambangan Bijih Tembaga | Pertambangan Bijih Nikel | Pertambangan Bijih Mangan | Pertambangan Bahan Galian Lainnya Yang Tidak Mengandung Bijih Besi Ytdl | Penggalian Batu Hias Dan Batu Bangunan | Penggalian Batu Kapur/Gamping | Penggalian Kerikil/Sirtu | Penggalian Pasir | Penggalian Tanah Dan Tanah Liat | Penggalian Gips | Penggalian Tras | Penggalian Batu Apung | Penggalian Batu, Pasir, Dan Tanah Liat Lainnya | Pertambangan Belerang | Pertambangan Fosfat | Pertambangan Nitrat | Pertambangan Yodium | Pertambangan Potash (Kalium Karbonat) | Pertambangan Mineral, Bahan Kimia, Dan Bahan Pupuk Lainnya | Ekstraksi Tanah Gambut | Ekstraksi Garam | Pertambangan Batu Mulia | Penggalian Feldspar Dan Kalsit | Pertambangan Aspal Alam | Penggalian Asbes | Penggalian Kuarsa/Pasir Kuarsa | Pertambangan Bijih Logam Tanah Jarang | Pertambangan Dan Penggalian Lainnya Ytdl | Aktivitas Penunjang Pertambangan Minyak Bumi Dan Gas Alam | AKTIVITAS PENUNJANG PERTAMBANGAN DAN PENGGALIAN LAINNYA | Kegiatan Rumah Potong Hewan Ruminansia | Kegiatan Rumah Potong Babi | Kegiatan Rumah Potong Hewan Lainnya | Pengolahan Dan Pengawetan Daging Dan Produk Daging | Pengolahan Dan Pengawetan Ikan Dengan Penggaraman Atau 
 Pengeringan | Pengolahan Dan Pengawetan Ikan Dengan Pengasapan Atau 
 Pemanggangan | Pengolahan Dan Pengawetan Ikan Dengan Pembekuan | Pengolahan Dan Pengawetan Ikan Dengan Pemindangan | Pengolahan Dan Pengawetan Ikan Dengan Fermentasi | Pengolahan Dan Pengawetan Ikan Dengan Pelumatan | Pengolahan Dan Pengawetan Ikan Dengan Pengalengan | Pengolahan Dan Pengawetan Ikan Menjadi Produk Olahan | Pengolahan Dan Pengawetan Ikan Dengan Metode Lainnya | Pengolahan Dan Pengawetan Biota Air Lainnya Dengan 
 Penggaraman Atau Pengeringan | Pengolahan Dan Pengawetan Biota Air Lainnya Dengan 
 Pengasapan Atau Pemanggangan | Pengolahan Dan Pengawetan Biota Air Lainnya Dengan 
 Pembekuan | Pengolahan Dan Pengawetan Biota Air Lainnya Dengan 
 Pemindangan | Pengolahan Dan Pengawetan Biota Air Lainnya Dengan 
 Fermentasi | Pengolahan Dan Pengawetan Biota Air Lainnya Dengan 
 Pelumatan | Pengolahan Dan Pengawetan Biota Air Lainnya Dengan 
 Pengalengan | Pengolahan Dan Pengawetan Rumput Laut | Pengolahan Dan Pengawetan Biota Air Lainnya Dengan Metode 
 Lainnya | Industri Minyak Mentah Dan Lemak Nabati Bukan Kelapa Dan Kelapa Sawit | Industri Margarin | Industri Minyak Mentah Dan Lemak Dari Hewan Selain Ikan | Industri Minyak Ikan | Industri Minyak Goreng Dan Minyak Makan Bukan Minyak Kelapa Dan Minyak Kelapa Sawit | Industri Minyak Mentah Dan Lemak Nabati Dan Hewani Bukan Kelapa Dan Kelapa Sawit Lainnya | Industri Kopra | Industri Minyak Mentah Kelapa | Industri Minyak Goreng Kelapa | Industri Minyak Mentah Kelapa Sawit (Crude Palm Oil) | Industri Minyak Mentah Inti Kelapa Sawit (Crude Palm Kernel Oil) | Industri Pemisahan/Fraksinasi Minyak Mentah Kelapa Sawit Dan Minyak Mentah Inti Kelapa Sawit | Industri Pemurnian Minyak Mentah Kelapa Sawit Dan Minyak Mentah Inti Kelapa Sawit | Industri Pemisahan/Fraksinasi Minyak Murni Kelapa Sawit | Industri Pemisahan/Fraksinasi Minyak Murni Inti Kelapa Sawit | Industri Minyak Goreng Kelapa Sawit | Industri Susu Segar Dan Krim | Industri Susu Bubuk Dan Susu Kental | Industri Es Krim | Industri Es Yang Dapat Dimakan Dan Es Pencuci Mulut | Industri Produk Susu Lainnya | Industri Produk Gilingan Gandum (Selain Tepung Terigu) Dan Serelia Selain Beras Dan Jagung | Industri Produk Gilingan Aneka Kacang | Industri Produk Gilingan Aneka Umbi, Tanaman Rimpang, Dan Sayuran | Industri Tepung Campuran Dan Adonan Tepung | Industri Makanan Sereal | Industri Tepung Terigu | Industri Pati Ubi Kayu | Industri Berbagai Macam Pati Palem | Industri Glukosa Dan Sejenisnya | Industri Pati Dan Produk Pati Lainnya | Industri Penggilingan Padi Dan Penyosohan Beras | Industri Pemipilan Jagung | Industri Tepung Beras Dan Tepung Jagung | Industri Pati Beras Dan Jagung | Industri Pemanis Dari Beras Dan Jagung | Industri Minyak Dari Beras Dan Jagung | Industri Produk Bakeri | Industri Gula Pasir | Industri Gula Merah | Industri Sirop | Industri Gula Lainnya | Industri Pengolahan Kakao; Industri Cokelat Dan Kembang Gula | Industri Pengolahan Kakao | Industri Cokelat Dan Kembang Gula Dari Cokelat | Industri Manisan Buah-Buahan Dan Sayuran Kering | Industri Kembang Gula Lainnya | Industri Makaroni, Mi, Couscous, Dan Produk Sejenisnya | Industri Makanan Dan Masakan Olahan | Pengolahan Kopi | Pengolahan Te | Industri Kecap | Industri Garam Konsumsi Beryodium | Industri Garam Industri Aneka Pangan | Industri Bumbu Masakan Lainnya | Industri Makanan Bayi Dan Makanan Khusus | Industri Kue Basah | Industri Produk Makanan Dari Kelapa | Industri Kerupuk, Keripik, Peyek, Dan Sejenisnya | Industri Sari Nabati Dan Krimer Nabati | Industri Dodol | Industri Infusi Herbal/Herb Infusion | Industri Bahan Makanan Dari Rumput Laut | Industri Produk Makanan Lainnya Ytdl | Industri Ransum Pakan Hewan | Industri Konsentrat Pakan Hewan | Industri Penyulingan, Pemurnian, Dan Pencampuran Minuman Beralkohol | Industri Minuman Beralkohol Hasil Fermentasi Anggur Dan Hasil Pertanian Lainnya | Industri Minuman Beralkohol Hasil Fermentasi Malt | Industri Malt | Industri Air Kemasan | Industri Air Minum Isi Ulang | Industri Minuman Ringan | Industri Minuman Lainnya | Industri Sigaret Kretek Tangan | Industri Sigaret Kretek Mesin | Industri Rokok Putih | Industri Pengeringan Dan Pengolahan Tembakau | Industri Bumbu Rokok | Industri Produk Tembakau Lainnya | Persiapan Serat Tekstil | Pemintalan Benang Selain Benang Jahit | Pemintalan Benang Jahit | Pertenunan Tekstil Dengan Mesin | Pertenunan Tekstil Bukan Dengan Mesin | Penyempurnaan Benang | Penyempurnaan Basah Kain | Industri Kain Batik | Penyempurnaan Tekstil Lainnya | Industri Kain Rajutan | Industri Kain Crocheted | Industri Bulu Tiruan Rajutan | Industri Barang Tekstil Untuk Keperluan Rumah Tangga | Industri Karung Goni | Industri Karung Selain Karung Goni | Industri Barang Tekstil Bukan Pakaian Jadi Lainnya | Industri Karpet Dan Permadani | Industri Tali | Industri Barang Dari Tali | Industri Kain Narrow | Industri Kain Yang Dilapisi Dan Sejenisnya | Industri Kain Nirtenun/Nonwoven | Industri Kain Ban | Industri Kapuk | Industri Kain Tule, Kain Jaring, Dan Kain Bordir | Industri Tekstil Lainnya Ytdl | Industri Barang Dari Kulit Berbulu | Industri Bangunan Prafabrikasi Dari Kayu Dan Sejenisnya | Industri Bubur Kertas (Pulp) | Industri Kertas Budaya | Industri Kertas Berharga | Industri Kertas Khusus | Industri Kertas Lainnya | Industri Kertas Dan Papan Kertas Bergelombang | Industri Kemasan Dan Kotak Dari Kertas Dan Karton | Industri Kertas Tisu | Pencetakan Khusus | Industri Produk Tanur Kokas | Industri Bahan Bakar Dari Pemurnian Dan Pengilangan Minyak Bumi | Industri Produk Dari Bahan Limbah Minyak Pelumas | Industri Minyak Pelumas Dasar (Bahan Baku Pelumas) | Industri Produk Dari Pencampuran Hasil Kilang Minyak Bumi Dengan Biofuel | Industri Produk Lainnya Dari Hasil Kilang Minyak Bumi | Industri Asam, Basa, Dan Garam Anorganik | Industri Gas Industri | Industri Kimia Dasar Zat Warna Dan Pigmen | Industri Kimia Dasar Radioaktif | Industri Kimia Dasar Dari Minyak Bumi, Gas Alam, Dan Batu Bara | Industri Kimia Dasar Anorganik Lainnya | Industri Senyawa Nitrogen; Pupuk Nitrogen, Fosfat, Dan Kalium | Industri Pupuk Hara Makro Primer Lainnya | Industri Damar Buatan (Resin Sintetis) Dan Bahan Baku Plastik | Industri Karet Buatan | Industri Bahan Baku Pemberantas Hama (Bahan Aktif) | Industri Pemberantas Hama (Formulasi) | Industri Bahan Peledak | Industri Korek Api | Industri Biofuel Cair | Industri Cairan Rokok Elektrik | Industri Barang Kimia Lainnya Ytdl | Industri Kaca Lembaran | Industri Kaca Pengaman | Industri Kaca Lainnya | Industri Perlengkapan Dan Peralatan Rumah Tangga Dari Kaca | Industri Peralatan Laboratorium Dan Kesehatan Dari Kaca | Industri Produk Lainnya Dari Kaca | Industri Bata, Mortar, Semen, Dan Sejenisnya Yang Tahan Api | Industri Produk Refraktori (Tahan Api) Lainnya | Industri Batu Bata Dari Tanah Liat Atau Keramik | Industri Genteng Dari Tanah Liat Atau Keramik | Industri Bahan Bangunan Lainnya Dari Tanah Liat Atau Keramik | Industri Perlengkapan Rumah Tangga Dari Porselen | Industri Perlengkapan Rumah Tangga Dari Tanah Liat Atau Keramik | Industri Alat Laboratorium Dan Alat Listrik Atau Teknik Dari Porselen | Industri Peralatan Sanitasi Dari Porselen | Industri Semen | Industri Kapur | Industri Gips | Industri Barang Dari Semen | Industri Barang Dari Kapur | Industri Barang Dari Gips | Industri Barang Dari Asbes | Industri Mortar, Acian, Dan Beton Siap Pakai | Industri Barang Dari Batu Marmer | Industri Barang Dari Batu Granit | Industri Barang Dari Batu Lainnya | Industri Produk Abrasif | Industri Batuan Aspal Dan Barang Dari Aspal Atau Material Sejenis | Industri Produk Hasil Pemurnian Mineral Nonlogam | Industri Produk Mineral Nonlogam Lainnya Ytdl | Industri Besi Dan Baja Dasar | Penggilingan Baja | Industri Pipa Dan Sambungan Pipa Dari Besi Dan Baja | Industri Logam Dasar Mulia | Industri Logam Dasar Bukan Besi Lainnya | Penggilingan Logam Bukan Besi | Ekstrusi Logam Bukan Besi | Industri Pipa Dan Sambungan Pipa Dari Logam Bukan Besi Dan Baja | Industri Bahan Bakar Nuklir | Pengecoran Besi Dan Baja | Pengecoran Logam Bukan Besi Dan Baja | Industri Produk Logam Struktural Baja Untuk Konstruksi Berat | Industri Produk Logam Struktural Lainnya | Industri Tangki, Tandon Air, Dan Wadah Sejenisnya Dari Logam | Industri Generator Uap Bukan Ketel Pemanas | Industri Senjata Dan Amunisi | Penempaan, Pengepresan, Pencetakan, Dan Pembentukan Logam; Metalurgi Bubuk | Pengerjaan Dan Pelapisan Logam | Industri Perkakas Tangan | Industri Alat Potong | Industri Alat Makan Dari Logam | Industri Peralatan Umum | Industri Ember, Kaleng, Drum Dan Wadah Sejenisnya Dari Logam | Industri Barang Dari Kawat Logam Bukan Kabel | Industri Paku, Mur, Dan Baut Logam | Industri Brankas, Filling Kantor, Dan Sejenisnya | Industri Peralatan Dapur Dan Peralatan Meja Dari Logam | Industri Produk Rumah Tangga Dari Logam Bukan Peralatan Dapur Dan Peralatan Meja | Industri Profil Logam | Industri Lampu Dari Logam | Industri Produk Logam Lainnya Ytdl | Industri Sel Surya, Panel Surya, Dan Inverter Fotovoltaik | Industri Tabung Elektron Dan Konektor Elektronik | Industri Komponen Dan Papan Elektronik Lainnya Ytdl | Industri Komputer Dan Perakitan Komputer | Industri Perlengkapan Komputer | Industri Peralatan Telepon Dan Faksimili | Industri Peralatan Komunikasi Tanpa Kabel (Wireless) | Industri Kartu Cerdas (Smart Card) | Industri Peralatan Komunikasi Lainnya | Industri Televisi, Monitor Televisi, Dan Displai | Industri Peralatan Perekam, Penerima, Dan Pengganda Audio Dan Video, Bukan Televisi | Industri Peralatan Audio Dan Video Elektronik Lainnya | Industri Alat Ukur Dan Alat Uji Manual | Industri Alat Ukur Dan Alat Uji Elektrik | Industri Alat Ukur Dan Alat Uji Elektronik | Industri Alat Ukur, Alat Uji, Dan Peralatan Navigasi Dan Kontrol Lainnya | Industri Alat Ukur Waktu | Industri Peralatan Iradiasi, Perlengkapan, Dan Sejenisnya | Industri Peralatan Elektromedik Dan Elektroterapi | Industri Peralatan Fotografi | Industri Peralatan Sinematografi | Industri Lensa Bukan Kacamata | Industri Peralatan Fotografi Dan Instrumen Optik Bukan Kacamata Lainnya | Industri Media Magnetik Dan Media Optik | Industri Motor Listrik | Industri Generator Pembangkit Listrik | Industri Pengubah Tegangan/Transformator Dan Pengubah Arus/Rectifier | Industri Peralatan Pengontrol Dan Pendistribusian Listrik | Industri Batu Baterai | Industri Akumulator Listrik | Industri Baterai Kendaraan Listrik | Industri Kabel Serat Optik | Industri Kabel Dan Kawat Listrik Dan Elektronik Lainnya | Industri Perlengkapan Kabel | Industri Bola Lampu Pijar, Lampu Sorot, Dan Lampu Ultraviolet | Industri Lampu Gas Dan Discharge | Industri Peralatan Penerangan Untuk Kendaraan | Industri Lampu Led | Industri Peralatan Penerangan Lainnya | Industri Peralatan Listrik Rumah Tangga | Industri Peralatan Elektrotermal Rumah Tangga | Industri Peralatan Rumah Tangga Bukan Listrik | Industri Peralatan Listrik Lainnya | Industri Mesin Uap, Turbin, Dan Kincir | Industri Motor Pembakaran Dalam | Industri Komponen Dan Suku Cadang Mesin Dan Turbin | Industri Peralatan Tenaga Zat Cair Dan Gas | Industri Pompa Lainnya, Kompresor, Keran, Dan Klep/Katup | Industri Bearing, Roda Gigi, Dan Elemen Penggerak Mesin | Industri Oven, Perapian Dan Tungku Pembakar Sejenis Yang Tidak Menggunakan Arus Listrik | Industri Oven, Perapian Dan Tungku Pembakar Sejenis Yang Menggunakan Arus Listrik | Industri Alat Pengangkat Dan Pemindah | Industri Mesin Kantor Dan Akuntansi Manual | Industri Mesin Kantor Dan Akuntansi Elektrik | Industri Mesin Kantor Dan Akuntansi Elektronik | Industri Peralatan Kantor | Industri Perkakas Tangan Yang Digerakkan Tenaga | Industri Mesin Untuk Pembungkus, Pembotolan, Dan Pengalengan | Industri Mesin Timbangan | Industri Mesin Pendingin | Industri Mesin Untuk Keperluan Umum Lainnya Ytdl | Industri Mesin Pertanian Dan Kehutanan | Industri Mesin Dan Perkakas Mesin Untuk Pengerjaan Logam Dan Bahan Lainnya | Industri Mesin Metalurgi | Industri Mesin Penambangan, Penggalian Dan Konstruksi | Industri Mesin Pengolahan Makanan, Minuman Dan Tembakau | Industri Mesin Jahit, Mesin Cuci, Dan Mesin Pengering Untuk Keperluan Niaga | Industri Mesin Tekstil | Industri Mesin Penyiapan Dan Pembuatan Produk Kulit | Industri Mesin Percetakan | Industri Mesin Pabrik Kertas | Industri Mesin Keperluan Khusus Lainnya Ytdl | Industri Kendaraan Bermotor Roda Empat Atau Lebih | Industri Karoseri Kendaraan Bermotor Roda Empat Atau Lebih; Industri Trailer Dan Semitrailer | Industri Suku Cadang Dan Aksesori Kendaraan Bermotor Roda Empat Atau Lebih | Industri Kendaraan Air Dan Bawah Air Berawak | Industri Bangunan Lepas Pantai Dan Bangunan Terapung | Industri Kendaraan Air Dan Bawah Air Tanpa Awak | Industri Kapal Dan Perahu Untuk Tujuan Wisata Atau Rekreasi Dan Olahraga | Industri Lokomotif Dan Gerbong Kereta | Industri Pesawat Udara Berawak Dan Mesin Terkait | Industri Pesawat Udara Tanpa Awak Dan Mesin Terkait | Industri Wahana Antariksa Dan Mesin Terkait | Industri Kendaraan Tempur Militer | Industri Sepeda Motor Roda Dua Dan Tiga | Industri Komponen Dan Perlengkapan Sepeda Motor Roda Dua Dan Tiga | Industri Sepeda Dan Kursi Roda Termasuk Becak | Industri Perlengkapan Sepeda Dan Kursi Roda Termasuk Becak | Industri Alat Angkutan Lainnya Ytdl | Industri Furnitur Dari Kayu | Industri Furnitur Dari Rotan Dan Bambu | Industri Furnitur Dari Plastik | Industri Furnitur Dari Logam | Industri Furnitur Dari Bahan Lainnya Ytdl | Industri Permata | Industri Perhiasan Dari Logam Mulia | Industri Barang Berharga Dari Logam Mulia Bukan Perhiasan | Industri Perhiasan Dari Mutiara | Industri Barang Berharga Lainnya Dari Logam Mulia | Reparasi Dan Pemeliharaan Produk Senjata Dan Amunisi | Reparasi Dan Pemeliharaan Kapal, Perahu, Dan Bangunan Terapung | Reparasi Dan Pemeliharaan Lokomotif Dan Gerbong Kereta | Reparasi Dan Pemeliharaan Pesawat Udara | Reparasi Dan Pemeliharaan Alat Angkutan Lainnya, Bukan Kendaraan Bermotor | Instalasi/Pemasangan Dan Perangkaian/Integrasi Mesin, Peralatan, Dan Sistem Industri | Pembongkaran Mesin, Peralatan, Dan Sistem Industri | Pemasangan Perlengkapan Meteorologi, Klimatologi, Dan Geofisika | Pembangkitan Tenaga Listrik Dari Sumber Energi Tidak Terbarukan Yang Menghasilkan Emisi | Pembangkitan Tenaga Listrik Dari Sumber Energi Tidak Terbarukan Yang Tidak Menghasilkan Emisi | Pembangkitan Tenaga Listrik Dari Sumber Energi Terbarukan | Aktivitas Penyimpanan Tenaga Listrik | Pengoperasian Fasilitas Atau Stasiun Pengisian Daya Untuk Kendaraan Dan Peralatan Listrik | Penyediaan Tenaga Listrik Dalam Satu Kesatuan Usaha | Pengoperasian Instalasi Penyediaan Tenaga Listrik | Produksi Gas Alam Dan Buatan | Distribusi Gas Alam Dan Buatan Melalui Jaringan | Penampungan Dan Penyediaan Air Baku | Pengolahan Dan Pembuangan Air Limbah | Pengumpulan Limbah Berbahaya Selain Limbah Radiokatif | Pengumpulan Limbah Radioaktif | Pengolahan Sampah Tidak Berbahaya Untuk Menghasilkan Energi | Produksi Kompos Sampah Organik | Pengolahan Dan Pembuangan Limbah Atau Sampah Tidak Berbahaya Lainnya | Pengolahan Dan Pembuangan Limbah Atau Sampah Berbahaya Selain Limbah Radioaktif | Pengolahan Dan Pembuangan Limbah Radioaktif | Pemulihan Material Barang Logam | Pemulihan Material Barang Plastik | Pemulihan Material Lainnya | Aktivitas Penangkapan Karbon | Aktivitas Penyimpanan Karbon | Aktivitas Remediasi Dan Pengelolaan Limbah Atau Sampah Lainnya | Konstruksi Konvensional Gedung Hunian | Konstruksi Konvensional Gedung Industri | Konstruksi Prapabrikasi Bangunan Gedung | Konstruksi Bangunan Sipil Sistem Pengolahan Limbah | Konstruksi Proyek Utilitas Lainnya | Konstruksi Bangunan Pelabuhan Bukan Perikanan | Konstruksi Bangunan Pelabuhan Perikanan | Konstruksi Reservoir Pembangkit Listrik Tenaga Air | Konstruksi Bangunan Sipil Pelindung Pantai | Konstruksi Bangunan Sipil Prasarana Perairan Dan Sejenis Lainnya | Konstruksi Bangunan Sipil Minyak Dan Gas Bumi | Konstruksi Bangunan Sipil Pertambangan | Konstruksi Bangunan Sipil Panas Bumi | Konstruksi Bangunan Sipil Fasilitas Militer Dan Bandar Antariksa | Konstruksi Bangunan Sipil Fasilitas Sumber Radiasi Pengion | Konstruksi Bangunan Sipil Reaktor Nuklir | Konstruksi Bangunan Sipil Lainnya Ytdl | Pemasangan Sistem Navigasi Laut, Sungai, Dan Udara | Pemasangan Sistem Pemanas Dan Geotermal | Pemasangan Jaringan Penyaluran Gas | Pemasangan Konstruksi Lainnya Ytdl | Konstruksi Khusus Lainnya Ytdl | Perdagangan Besar Hasil Kehutanan Dan Perburuan | Perdagangan Besar Mineral Radioaktif | Perdagangan Besar Zat Radioaktif Dan Pembangkit Radiasi 
 Pengion | Perdagangan Besar Bahan Dan Barang Kimia | Perdagangan Besar Bahan Berbahaya (B2) | Perdagangan Eceran Rokok Dan Tembakau | Perdagangan Eceran Tahu, Tempe, Tauco, Dan Oncom | Perdagangan Eceran Bahan Bakar Selain Di Sarana Pengisian 
 Bahan Bakar | Perdagangan Eceran Mesin Dan Peralatan Kantor | Perdagangan Eceran Alat Musik | Perdagangan Eceran Peralatan Dan Perlengkapan Olahraga | Perdagangan Eceran Khusus Barang Kesenian Dan Rekreasi 
 Ytdl | Perdagangan Eceran Perlengkapan Pakaian | Perdagangan Eceran Tas, Dompet, Koper, Ransel, Dan Sejenisnya | Perdagangan Eceran Obat Bahan Alam Untuk Manusia | Perdagangan Eceran Kosmetik Untuk Manusia | Perdagangan Eceran Alat Fotografi Dan Perlengkapannya | Perdagangan Eceran Alat Optik Dan Perlengkapannya | Perdagangan Eceran Kacamata | Perdagangan Eceran Jam | Perdagangan Eceran Barang Perhiasan | Perdagangan Eceran Perlengkapan Rumah Tangga Bekas | Perdagangan Eceran Pakaian, Alas Kaki, Dan Perlengkapan Pakaian Bekas | Perdagangan Eceran Barang Perlengkapan Pribadi Bekas | Perdagangan Eceran Barang Listrik Dan Elektronik Bekas | Perdagangan Eceran Bahan Konstruksi Dan Saniter Bekas | Perdagangan Eceran Barang Antik | Perdagangan Eceran Hewan Ternak Dan Bibit Hewan | Perdagangan Eceran Pakan Ternak/Unggas/Ikan Dan Hewan Kesayangan | Perdagangan Eceran Bunga Potong/Florist | Perdagangan Eceran Pupuk Dan Pemberantas Hama | Perdagangan Eceran Perlengkapan Dan Media Tanaman Hias | Perdagangan Eceran Bahan Kimia | Perdagangan Eceran Bahan Kimia, Aromatik/Penyegar (Minyak Asiri), Dan Bahan Bakar Selain Bahan Bakar Untuk Kendaraan Bermotor Lainnya | Perdagangan Eceran Cendera Mata, Kerajinan, Dan Barang Barang Keagamaan | Perdagangan Eceran Berbagai Macam Mesin Dan Perlengkapannya | Angkutan Kereta Wisata Antarkota | Transportasi Kereta Api Antarkota Lainnya Untuk Penumpang | Transportasi Kereta Api Untuk Barang | Angkutan Kereta Wisata Dalam Kota | Angkutan Kereta Api Perkotaan | Angkutan Bermotor Untuk Barang Khusus | Angkutan Tidak Bermotor Untuk Barang | Angkutan Kereta Api Lainnya | Angkutan Pariwisata | Transportasi Melalui Saluran Pipa | Angkutan Laut Dalam Negeri Liner Dan Tramper Untuk Penumpang | Angkutan Laut Dalam Negeri Perintis Untuk Penumpang | Angkutan Laut Dalam Negeri Untuk Wisata | Angkutan Laut Luar Negeri Liner Dan Tramper Untuk Penumpang | Angkutan Laut Luar Negeri Untuk Wisata | Angkutan Laut Dalam Negeri Untuk Barang Umum | Angkutan Laut Dalam Negeri Untuk Barang Khusus | Angkutan Laut Dalam Negeri Perintis Untuk Barang | Angkutan Laut Dalam Negeri Pelayaran Rakyat Untuk Barang | Aktivitas Pelayanan Kepelabuhanan Sungai Dan Danau | Aktivitas Pelayanan Kepelabuhanan Penyeberangan | Aktivitas Pelabuhan Perikanan | Aktivitas Pengelolaan Kapal | Aktivitas Penyelamatan Kapal Dan Muatannya | Angkutan Perairan Pelabuhan | Aktivitas Jasa Terkait Transportasi Perairan Lainnya | Aktivitas Kebandarudaraan | Jasa Pelayanan Navigasi Penerbangan | Pelayanan Penumpang, Bagasi, Kargo, Pos, Dan Teknis 
 Penanganan Udara Di Darat | Aktivitas Pemeriksaan Dan Pengendalian Keamanan Muatan 
 Penerbangan | Aktivitas Jasa Terkait Angkutan Udara Lainnya | Penanganan Kargo (Bongkar Muat Barang) | Angkutan Multimoda | Aktivitas Tally Mandiri | Aktivitas Penunjang Angkutan Lainnya Ytdl | Jasa Pengurusan Transportasi (Jpt) | Jasa Keagenan Kapal/Agen Perkapalan | Aktivitas Perwakilan Operasional Transportasi Udara Khusus Kargo | Jasa Intermediasi Transportasi Lainnya Untuk Barang | Agen Penjualan Tiket Transportasi | Agen Pengurus Persetujuan Terbang | Aktivitas Perwakilan Operasional Transportasi Udara Untuk Penumpang | Jasa Intermediasi Transportasi Lainnya Untuk Penumpang | Aktivitas Hotel Bintang Lima | Aktivitas Hotel Bintang Empat | Aktivitas Hotel Bintang Tiga | Aktivitas Hotel Bintang Dua | Aktivitas Hotel Bintang Satu | Aktivitas Hotel Nonbintang | Aktivitas Rumah Tinggal Sewa (Homestay) | Aktivitas Hostel Remaja (Youth Hostel) | Aktivitas Vila | Aktivitas Apartemen Hotel | Aktivitas Penyediaan Akomodasi Jangka Pendek Lainnya | Aktivitas Penyediaan Bumi Perkemahan, Persinggahan Karavan, Dan Taman Karavan | Aktivitas Jasa Intermediasi Akomodasi | Aktivitas Jasa Manajemen Akomodasi | Penyediaan Akomodasi Lainnya Ytdl | Aktivitas Bar | Aktivitas Kelab Malam Atau Diskotek Yang Utamanya Menyediakan Minuman | Penerbitan Jurnal Dan Terbitan Berkala | Aktivitas Penerbitan Lainnya | Penerbitan Perangkat Lunak Video Gim Dalam Jaringan (Game Online) | Penerbitan Perangkat Lunak Video Gim Lainnya | Penerbitan Perangkat Lunak (Software) Lainnya | Aktivitas Produksi Film, Video, Dan Program Televisi Oleh Pemerintah | Aktivitas Produksi Film, Video, Dan Program Televisi Oleh Swasta | Aktivitas Pascaproduksi Film, Video, Dan Program Televisi Oleh Pemerintah | Aktivitas Pascaproduksi Film, Video, Dan Program Televisi Oleh Swasta | Aktivitas Distribusi Film, Video, Dan Program Televisi Oleh Pemerintah | Aktivitas Distribusi Film, Video. Dan Program Televisi Oleh Swasta | Aktivitas Pemutaran Film | Aktivitas Perekaman Suara | Aktivitas Penerbitan Musik Dan Buku Musik | Aktivitas Penyiaran Radio Digital | Aktivitas Distribusi Dan Streaming Audio Atas Permintaan | Aktivitas Penyiaran Dan Pemrograman Televisi Analog | Aktivitas Pemrograman Dan Penyiaran Televisi Digital | Aktivitas Distribusi Dan Streaming Video Atas Permintaan | Aktivitas Kantor Berita Oleh Pemerintah | Aktivitas Kantor Berita Oleh Swasta | Aktivitas Situs Jejaring Sosial Dan Distribusi Konten Lainnya | Aktivitas Telekomunikasi Dengan Kabel | Aktivitas Telekomunikasi Dengan Nirkabel | Aktivitas Pengolahan Data | Aktivitas Bank Sentral | Aktivitas Dana Pasar Uang | Aktivitas Pembiayaan Conduit | Aktivitas Dana Pasar Uang | Aktivitas Dana Investasi Bukan Pasar Uang | Aktivitas Trust, Warisan, Dan Keagenan | Aktivitas Sewa Guna Usaha Finansial | Aktivitas Pembiayaan Perdagangan Internasional | Aktivitas Anjak Piutang | Aktivitas Sekuritisasi | Pembiayaan Infrastruktur Konvensional | Pembiayaan Infrastruktur Syariah | Aktivitas Gadai Konvensional | Aktivitas Gadai Syariah | Pengelolaan Tabungan Perumahan Rakyat | Aktivitas Pemberian Kredit Lainnya Ytdl | Aktivitas Modal Ventura Konvensional | Aktivitas Modal Ventura Syariah | Aktivitas Counterparty Untuk Kliring Dan Setelmen Transaksi | Perdagangan Di Pasar Keuangan Atas Nama Sendiri | Perdagangan Unit Karbon Atas Nama Sendiri | Aktivitas Perbankan Bulion Konvensional | Aktivitas Perbankan Bulion Syariah | Aktivitas Jasa Keuangan Lainnya Ytdl, Bukan Asuransi Dan Dana Pensiun | Asuransi Jiwa Konvensional | Asuransi Jiwa Syariah | Asuransi Umum Konvensional | Asuransi Umum Syariah | Aktivitas Penjaminan Simpanan Dan Asuransi | Penjaminan Konvensional | Penjaminan Syariah | Penyelenggaraan Sistem Perdagangan Efek | Bursa Berjangka | Penyelenggaraan Bursa Aset Keuangan Digital | Penyelenggaraan Perdagangan Kontrak Derivatif Di Pasar Alternatif | Penyelenggaraan Sarana Transaksi Di Pasar Uang Dan Pasar Valuta Asing | Aktivitas Pengawasan Jasa Keuangan Selain Asuransi Dan Dana Pensiun | Aktivitas Regulator Mandiri | Administrasi Pasar Keuangan, Pasar Berjangka Komoditas, Dan Pasar Sejenisnya Ytdl | Kepialangan Efek Selain Unit Karbon | Kepialangan Perdagangan Komoditas Berjangka | Kepialangan Aset Keuangan Digital | Kepialangan Pasar Uang Dan Pasar Valuta Asing | Penawaran Efek Melalui Layanan Urun Dana Berbasis Teknologi Informasi (Securities Crowdfunding) | Kepialangan Unit Karbon | Kepialangan Efek Dan Kontrak Komoditas Lainnya | Kliring Dan Setelmen Transaksi Di Pasar Keuangan | Aktivitas Penyimpanan Aset Keuangan Dan Kontrak Komoditas Berjangka | Aktivitas Administrasi Kepemilikan Efek | Penyelenggaraan Infrastruktur Sistem Pembayaran | Penilaian Harga Efek | Penyelenggaraan Dana Perlindungan Pemodal | Penjaminan Emisi Efek (Underwriter) | Aktivitas Pendukung Di Pasar Uang Dan Pasar Valuta Asing | Pemeringkatan Usaha Mikro, Kecil, Menengah, Dan Koperasi | Aktivitas Penunjang Jasa Keuangan Lainnya Ytdl, Kecuali 
 Asuransi Dan Dana Pensiun | Aktivitas Penilai Risiko Asuransi | Aktivitas Penilai Kerugian Asuransi | Aktivitas Pialang Reasuransi | Aktivitas Broker Penjaminan Ulang | Aktivitas Advisori Aktuaria | Manajemen Investasi Di Perdagangan Berjangka Komoditas | Pengelolaan Kawasan Industri | Pengelolaan Kawasan Ekonomi Khusus | Aktivitas Kantor Pusat | Penyewaan Dan Sewa Guna Usaha Mesin Dan Peralatan Radiasi | Sewa Guna Usaha Kekayaan Intelektual Dan Produk Sejenis, Bukan Karya Berhak Cipta | Aktivitas Terkait Perjalanan Lainnya Ytdl | Aktivitas Investigasi Dan Keamanan Swasta | Aktivitas Keamanan Ytdl | Aktivitas Penyediaan Gabungan Jasa Penunjang Fasilitas | Aktivitas Kebersihan Umum Bangunan | Aktivitas Kebersihan Lainnya | Aktivitas Jasa Lanskap | Aktivitas Administrasi Kantor Dan Penunjang Kantor | Aktivitas Pusat Panggilan (Call Center) | Penyelenggaraan Konvensi Dan Pameran Bisnis | Jasa Intermediasi Untuk Aktivitas Penunjang Usaha Ytdl 
 Selain Intermediasi Finansial | Aktivitas Agen Penagihan | Aktivitas Biro Kredit | Aktivitas Pengepakan Bahan Dan Produk Hasil Pertanian, Perkebunan, Kehutanan, Dan Perikanan | Aktivitas Pengepakan Bahan Dan Produk Makanan Dan Minuman Olahan | Aktivitas Pengepakan Tekstil Dan Produk Tekstil | Aktivitas Pengepakan Bahan Dan Produk Kimia | Aktivitas Pengepakan Bahan Dan Produk Farmasi | Aktivitas Pengepakan Lainnya | Aktivitas Jasa Penunjang Usaha Lainnya Ytdl | Lembaga Legislatif | Penyelenggaraan Pemerintahan Negara Dan Kesekretariatan Negara | Lembaga Eksekutif Keuangan, Perpajakan, Dan Bea Cukai | Lembaga Eksekutif Perencanaan | Lembaga Pemerintah Nonkementerian Dengan Tugas Khusus | Kegiatan Administrasi Pemerintahan Lainnya | Administrasi Pelayanan Pemerintah Bidang Pendidikan | Administrasi Pelayanan Pemerintah Bidang Kesehatan | Administrasi Pelayanan Pemerintah Bidang Perumahan | Administrasi Pelayanan Pemerintah Bidang Kesejahteraan 
 Sosial | Administrasi Pelayanan Pemerintah Bidang Keagamaan | Administrasi Pelayanan Pemerintah Bidang 
 Kebudayaan/Kesenian/Rekreasi/Olahraga | Admini"
PERKANTORAN;Perkantoran;"Industri Zat Pengatur Tumbuh | Industri Minyak Asiri Hulu | Industri Minyak Asiri Rantai Tengah | Pembangkitan Tenaga Listrik Dari Sumber Energi Terbarukan | Aktivitas Penyaluran Tenaga Listrik | Pengadaan Uap/Air Panas Dan Udara Dingin | Aktivitas Broker Dan Agen Penjualan Gas Alam | Aktivitas Penunjang Penyediaan Air | Konstruksi Konvensional Gedung Perkantoran | Konstruksi Konvensional Gedung Kesehatan | Konstruksi Konvensional Gedung Pendidikan | Jasa Intermediasi Konstruksi Khusus | Perdagangan Besar Komputer Dan Perlengkapan Komputer | Perdagangan Besar Perangkat Lunak | Perdagangan Eceran Berbagai Macam Barang Yang Utamanya 
 Makanan, Minuman, Atau Tembakau Dengan Sistem Swalayan | Perdagangan Eceran Berbagai Macam Barang Yang Utamanya 
 Makanan, Minuman, Atau Tembakau Selain Dengan Sistem 
 Swalayan | Perdagangan Eceran Berbagai Macam Barang Yang Utamanya 
 Bukan Makanan, Minuman, Atau Tembakau Dengan Sistem 
 Swalayan | Perdagangan Eceran Berbagai Macam Barang Yang Utamanya 
 Bukan Makanan, Minuman, Atau Tembakau Selain Dengan Sistem 
 Swalayan | Perdagangan Eceran Padi Dan Palawija | Perdagangan Eceran Barang Bekas Lainnya | Perdagangan Eceran Hewan Kesayangan (Pet Animals) | Perdagangan Eceran Hewan Ternak Dan Bibit Hewan | Perdagangan Eceran Ikan Dan Biota Air Hidup Lainnya | Perdagangan Eceran Pakan Ternak/Unggas/Ikan Dan Hewan Kesayangan | Perdagangan Eceran Bunga Potong/Florist | Perdagangan Eceran Tanaman Dan Bibit Tanaman Selain Tanaman Kehutanan | Perdagangan Eceran Pupuk Dan Pemberantas Hama | Perdagangan Eceran Perlengkapan Dan Media Tanaman Hias | Perdagangan Eceran Alat Transportasi Darat Tidak Bermotor Dan Perlengkapannya | Perdagangan Eceran Alat Transportasi Air Dan Perlengkapannya | Perdagangan Eceran Alat-Alat Pertanian | Perdagangan Eceran Perlengkapan Pengendara Kendaraan Bermotor | Perdagangan Eceran Pembungkus Dari Plastik | Perdagangan Eceran Barang Baru Lainnya Ytdl | Perdagangan Eceran Mobil Baru | Perdagangan Eceran Mobil Bekas | Perdagangan Eceran Suku Cadang Dan Aksesori Mobil | Perdagangan Eceran Sepeda Motor Baru | Perdagangan Eceran Sepeda Motor Bekas | Perdagangan Eceran Suku Cadang Sepeda Motor Dan Aksesorinya | Platform Digital Intermediasi Perdagangan Eceran | Jasa Intermediasi Perdagangan Eceran Lainnya | Aktivitas Pos | Aktivitas Kurir | Aktivitas Jasa Portal Intermediasi Pos Dan Kurir | Jasa Intermediasi Pos Dan Kurir Lainnya | Aktivitas Telekomunikasi Dengan Satelit | Aktivitas Jasa Akses Internet (Internet Service Provider | Aktivitas Jasa Sistem Komunikasi Data | Aktivitias Jasa Televisi Protokol Internet (Iptv) | Aktivitas Jasa Gerbang Akses Internet (Network Access Point) | Aktivitas Jasa Teleponi Dasar | Aktivitas Penjualan Kembali Jasa Telekomunikasi | Aktivitas Penjualan Kembali Dan Jasa Intermediasi Untuk Telekomunikasi Lainnya | Aktivitas Jasa Panggilan Premium (Premium Call) | Aktivitas Jasa Konten Sms Premium | Aktivitas Jasa Internet Teleponi Untuk Keperluan Publik (Itkp) | Aktivitas Jasa Panggilan Terkelola (Calling Card) | Aktivitas Jasa Telekomunikasi Khusus Berbasis Satelit | Aktivitas Telekomunikasi Lainnya Ytdl | Pengembangan Video Gim, Perangkat Lunak Video Gim, Dan Perangkat Lunak Pendukungnya | Aktivitas Pengembangan Aplikasi Perdagangan Melalui Internet (E-Commerce) | Aktivitas Pengembangan Aplikasi Dan Produksi Konten Berbasis Media Imersif | Aktivitas Pengembangan Aplikasi Berbasis Teknologi 
 Blockchain | Aktivitas Penyediaan Dan Pengelolaan Identitas Digital | Aktivitas Pengembangan Komponen Dasar Kecerdasan Buatan | Aktivitas Pemrograman Komputer Lainnya Ytdl | Aktivitas Konsultansi Dan Manajemen Keamanan Siber | Aktivitas Penyediaan Dan Pengelolaan Identitas Digital | Aktivitas Penyediaan Sertifikat Elektronik Dan Jasa Terkait | Aktivitas Konsultansi Dan Perancangan Internet Of Things (Iot) | Aktivitas Pengolahan Data | Aktivitas Agen Asuransi | Aktivitas Pialang Asuransi | Aktivitas Pialang Reasuransi | Aktivitas Agen Penjaminan | Aktivitas Broker Penjaminan | Aktivitas Broker Penjaminan Ulang | Aktivitas Penunjang Lainnya Untuk Asuransi, Penjaminan, Dan Dana Pensiun | Aktivitas Advisori Aktuaria | Aktivitas Pengawasan Jasa Keuangan Asuransi Dan Dana
 Pensiun | Aktivitas Penunjang Lainnya Untuk Asuransi, Penjamian, Dan Dana Pensiun Ytdl | Manajemen Investasi Konvensional Di Pasar Keuangan | Manajemen Investasi Syariah Di Pasar Keuangan | Manajemen Investasi Di Perdagangan Berjangka Komoditas | Aktivitas Manajemen Dana Lainnya | Pengelolaan Gedung Perkantoran | Aktivitas Real Estat (Bangunan Dan Lahan) Nonhunian Lainnya Milik Sendiri Atau Sewa | Aktivitas Pengacara | Aktivitas Konsultan Hukum | Aktivitas Konsultan Kekayaan Intelektual | Aktivitas Notaris Dan Pejabat Pembuat Akta Tanah | Aktivitas Akuntansi, Pembukuan, Dan Pemeriksa | Aktivitas Konsultansi Pajak | Aktivitas Kantor Pusat | Aktivitas Arsitektural | Aktivitas Perancangan Dan Konsultansi Teknis Pabrik | Aktivitas Enjinering Dan Konsultansi Teknis Terkait Lainnya | Jasa Sertifikasi Teknis | Jasa Inspeksi Teknis | Jasa Verifikasi Dan Validasi Teknis | Jasa Pengujian Teknis | Penyewaan Dan Sewa Guna Usaha Mesin Dan Peralatan Komunikasi Dan Multimedia | Aktivitas Jasa Intermediasi Untuk Penyewaan Dan Sewa Guna Usaha Barang Berwujud Dan Aset Tak Berwujud Nonfinansial Lainnya | Aktivitas Penempatan Awak Kapal | Aktivitas Penyediaan Informasi Lowongan Kerja | Aktivitas Penempatan Tenaga Kerja Lainnya | Aktivitas Penyediaan Tenaga Kerja Sementara Dan Penyediaan Sumber Daya Manusia Lainnya | Pendidikan Menengah Kejuruan Keagamaan Protestan, Katolik, Hindu, Buddha, Atau Konghucu | Pendidikan Kebudayaan | Pendidikan Keagamaan Islam Nonformal | Pendidikan Keagamaan Lainnya Ytdl | Pendidikan Lainnya Pemerintah | Pelatihan Kerja Pemerintah | Pelatihan Kerja Teknik Swasta | Pelatihan Kerja Teknologi Informasi Dan Komunikasi Swasta | Pelatihan Kerja Industri Kreatif Swasta | Pelatihan Kerja Pariwisata Dan Perhotelan Swasta | Pelatihan Kerja Bisnis Dan Manajemen Swasta | Pelatihan Kerja Pekerjaan Domestik Swasta";Industri Cat | Industri Pernis | Industri Dempul | Industri Sediaan Pewarna Dan Pelapis Lainnya | Industri Bahan Dan Produk Pembersih | Industri Kosmetik Untuk Manusia, Cairan Lensa Kontak | Industri Kosmetik Untuk Hewan | Industri Perekat Gigi | Industri Parfum Sesuai Pesanan | Industri Perekat/Lem | Industri Tinta | Industri Serat Filamen Dan Strip Buatan | Industri Serat Stapel Buatan | Pengumpulan Air Limbah | Pengumpulan Limbah Atau Sampah Tidak Berbahaya | Aktivitas Hotel Bintang Lima | Aktivitas Hotel Bintang Empat | Aktivitas Hotel Bintang Tiga | Aktivitas Hotel Bintang Dua | Aktivitas Hotel Bintang Satu | Aktivitas Hotel Nonbintang | Aktivitas Rumah Tinggal Sewa (Homestay) | Aktivitas Hostel Remaja (Youth Hostel) | Aktivitas Vila | Aktivitas Apartemen Hotel | Aktivitas Penyediaan Akomodasi Jangka Pendek Lainnya | Aktivitas Penyediaan Bumi Perkemahan, Persinggahan Karavan, Dan Taman Karavan | Aktivitas Jasa Intermediasi Akomodasi | Aktivitas Jasa Manajemen Akomodasi | Penyediaan Akomodasi Lainnya Ytdl;Industri Cat | Industri Pernis | Industri Dempul | Industri Sediaan Pewarna Dan Pelapis Lainnya | Industri Bahan Dan Produk Pembersih | Industri Kosmetik Untuk Manusia, Cairan Lensa Kontak | Industri Kosmetik Untuk Hewan | Industri Perekat Gigi | Industri Parfum Sesuai Pesanan | Industri Perekat/Lem | Industri Tinta | Industri Serat Filamen Dan Strip Buatan | Industri Serat Stapel Buatan | Industri Alat Diagnosis Medis, Perban, Kasa, Dan Penunjang Kesehatan Lainnya | Industri Bahan Baku Obat Bahan Alam Untuk Manusia | Industri Produk Obat Bahan Alam Untuk Manusia | Industri Produk Obat Bahan Alam Untuk Hewan | Industri Bahan Baku Obat Bahan Alam Untuk Hewan | Industri Produk Logam Struktural Bukan Aluminium Untuk Konstruksi Ringan | Industri Produk Logam Struktural Aluminium Untuk Konstruksi Ringan | Perdagangan Besar Peralatan Masak, Peralatan Dapur, Dan Elektronik Rumah Tangga | Perdagangan Besar Peralatan Dan Perlengkapan Olahraga | Perdagangan Besar Alat Musik | Perdagangan Besar Tas, Dompet, Koper, Ransel, Dan Sejenisnya | Perdagangan Besar Berbagai Barang Dan Perlengkapan Rumah Tangga Lainnya Ytdl | Perdagangan Besar Suku Cadang Dan Aksesori Mobil | Penerbitan Buku | Penerbitan Surat Kabar | Penyewaan Gudang Dan Fasilitas Penyimpanan Mandiri;Industri Zat Pengatur Tumbuh | Perdagangan Besar Perhiasan Dan Jam | Perdagangan Besar Suku Cadang Sepeda Motor Dan Aksesorinya | Perdagangan Besar Kaca Lembaran | Perdagangan Besar Bahan Konstruksi Dari Porselen | Perdagangan Besar Bahan Konstruksi Dari Kayu | Perdagangan Besar Berbagai Macam Material Bangunan | Aktivitas Hotel Bintang Lima | Aktivitas Hotel Bintang Empat | Aktivitas Hotel Bintang Tiga | Aktivitas Hotel Bintang Dua | Aktivitas Hotel Bintang Satu | Aktivitas Hotel Nonbintang | Aktivitas Rumah Tinggal Sewa (Homestay) | Aktivitas Hostel Remaja (Youth Hostel) | Aktivitas Vila | Aktivitas Apartemen Hotel | Aktivitas Penyediaan Akomodasi Jangka Pendek Lainnya | Aktivitas Penyediaan Bumi Perkemahan, Persinggahan Karavan, Dan Taman Karavan | Aktivitas Jasa Intermediasi Akomodasi | Aktivitas Jasa Manajemen Akomodasi | Penyediaan Akomodasi Lainnya Ytdl | Penerbitan Buku | Penerbitan Surat Kabar;Industri Cat | Industri Pernis | Industri Dempul | Industri Sediaan Pewarna Dan Pelapis Lainnya | Industri Bahan Dan Produk Pembersih | Industri Kosmetik Untuk Manusia, Cairan Lensa Kontak | Industri Kosmetik Untuk Hewan | Industri Perekat Gigi | Industri Parfum Sesuai Pesanan | Industri Perekat/Lem | Industri Tinta | Industri Serat Filamen Dan Strip Buatan | Industri Serat Stapel Buatan | Konstruksi Konvensional Gedung Penginapan | Konstruksi Konvensional Gedung Hiburan Dan Olahraga;-;-;Perdagangan Besar Suku Cadang Dan Aksesori Mobil;"Industri Minyak Pelumas | Industri Briket | Industri Kimia Dasar Organik Dari Sumber Daya Alam Hayati | Industri Perhiasan Imitasi Dan Barang Sejenis | Industri Alat Musik Tradisional | Industri Alat Musik Nontradisional | Industri Peralatan Dan Perlengkapan Olahraga | Industri Alat Permainan | Industri Mainan Termasuk Drone Rekreasi | Industri Peralatan Kedokteran Dan Kedokteran Gigi Serta Perlengkapannya | Industri Furnitur Untuk Operasi, Perawatan Kedokteran, Dan Kedokteran Gigi | Industri Peralatan Kedokteran Dan Kedokteran Gigi, Serta Perlengkapan Ortopedi Dan Prostetik | Industri Kacamata | Industri Peralatan Kedokteran Dan Kedokteran Gigi, Serta Perlengkapan Lainnya | Industri Alat Tulis Dan Gambar Termasuk Perlengkapannya | Industri Pita Mesin Tulis Atau Gambar | Industri Kerajinan Ytdl | Reparasi Dan Pemeliharaan Produk Logam Struktural, Tangki, Tandon Air, Dan Generator Uap | Reparasi Dan Pemeliharaan Produk Logam Pabrikasi Lainnya | Reparasi Dan Pemeliharaan Mesin Untuk Keperluan Umum | Reparasi Dan Pemeliharaan Mesin Untuk Keperluan Khusus | Reparasi Dan Pemeliharaan Alat Ukur, Alat Uji, Serta Peralatan Navigasi Dan Pengontrol | Reparasi Dan Pemeliharaan Peralatan Iradiasi, Elektromedik, Dan Elektroterapi | Reparasi Dan Pemeliharaan Peralatan Fotografi Dan Optik | Reparasi Dan Pemeliharaan Motor Listrik, Generator, Dan Transformator | Reparasi Dan Pemeliharaan Baterai Dan Akumulator Listrik | Pengolahan Dan Penyediaan Air Minum | Konstruksi Konvensional Gedung Perbelanjaan | Konstruksi Jalan Pada Permukaan Tanah | Konstruksi Bangunan Sipil Jembatan, Jalan Layang, Fly Over, Dan Underpass | Konstruksi Jalan Rel | Konstruksi Terowongan | Konstruksi Jaringan Irigasi Dan Drainase | Konstruksi Bangunan Sipil Pengolahan Air Bersih | Konstruksi Bangunan Sipil Elektrikal | Konstruksi Bangunan Sipil Telekomunikasi Untuk Prasarana Transportasi | Konstruksi Sentral Telekomunikasi | Konstruksi Pengeboran/Penggalian Air Tanah | Konstruksi Bangunan Prasarana Sumber Daya Air | Konstruksi Bangunan Sipil Fasilitas Olahraga | Pembongkaran | Penyiapan Lahan | Pemasangan Jaringan Listrik | Pemasangan Jaringan Telekomunikasi | Pemasangan Sistem Elektronika | Pemasangan Sistem Persinyalan Dan Telekomunikasi Kereta Api | Pemasangan Perlengkapan Jalan Berbasis Listrik | Pemasangan Saluran Air (Plumbing) | Pemasangan Pendingin Dan Ventilasi Udara | Pemasangan Perlengkapan Mekanikal Bangunan | Pemasangan Kaca, Pintu, Kusen, Jendela, Dan Sejenisnya | Pengerjaan Lantai, Dinding, Dan Plafon | Pengecatan | Penyelesaian Konstruksi Bangunan Lainnya | Pemasangan Dan Rekayasa Struktur Bangunan | Pemasangan Perancah (Steger) | Pemasangan Rangka Dan Atap/Roof Covering | Pemasangan Kerangka Baja | Penyewaan Alat Konstruksi Dengan Operator | Perdagangan Besar Barang Percetakan Dan Penerbitan Dalam Berbagai Bentuk | Perdagangan Besar Suku Cadang Elektronik | Perdagangan Besar Disket, Flash Drive, Pita Audio Dan Video, Serta Cd Dan Dvd Kosong | Perdagangan Besar Mesin Kantor Dan Industri, Suku Cadang, Dan Perlengkapannya | Perdagangan Besar Mesin, Peralatan, Dan Perlengkapan Lainnya Ytdl | Perdagangan Besar Alat Kesehatan Dan Laboratorium Untuk 
 Manusia | Perdagangan Eceran Obat Bahan Alam Untuk Manusia | Perdagangan Eceran Obat Farmasi Untuk Hewan | Perdagangan Eceran Obat Tradisional Untuk Hewan | Perdagangan Eceran Kosmetik Untuk Hewan | Perdagangan Eceran Bahan Kimia | Perdagangan Eceran Bahan Kimia, Aromatik/Penyegar (Minyak Asiri), Dan Bahan Bakar Selain Bahan Bakar Untuk Kendaraan Bermotor Lainnya | Perdagangan Eceran Cendera Mata, Kerajinan, Dan Barang Barang Keagamaan | Angkutan Perkotaan | Angkutan Perdesaan | Angkutan Tidak Bermotor Untuk Barang | Angkutan Kereta Api Lainnya | Angkutan Pariwisata | Angkutan Taksi | Angkutan Khusus | Angkutan Sewa | Angkutan Ojek Motor | Angkutan Tidak Bermotor Untuk Penumpang | Transportasi Darat Lainnya Untuk Penumpang Ytdl | Transportasi Melalui Saluran Pipa | Penerbitan Buku | Penerbitan Surat Kabar | Aktivitas Pengembangan Bangunan Dan Lahan Hunian | Aktivitas Penyewaan Bangunan Dan Lahan Hunian Milik Sendiri Atau Sewa | Penyewaan Tempat Penyelenggaraan Aktivitas Pertemuan, Perjalanan Insentif, Konvensi, Dan Pameran, Serta Acara Khusus | Pengelolaan Pusat Perbelanjaan | Aktivitas Jasa Intermediasi Real Estat | Jasa Penaksir Real Estat | Pengelolaan Real Estat Hunian Atas Dasar Balas Jasa (Fee) Atau Kontrak | Aktivitas Real Estat Atas Dasar Balas Jasa (Fee) Atau Kontrak Lainnya Ytdl | Aktivitas Konsultansi Manajemen Dan Bisnis Pariwisata | Aktivitas Konsultansi Manajemen Dan Bisnis Industri | Aktivitas Konsultansi Manajemen Dan Bisnis Perdagangan | Aktivitas Konsultasi Manajemen Dan Bisnis Lainnya | Aktivitas Agen Perjalanan | Aktivitas Biro Perjalanan Wisata | Aktivitas Biro Perjalanan Ibadah Umrah Dan Haji Khusus | Aktivitas Biro Perjalanan Lainnya | Jasa Informasi Pariwisata | Jasa Informasi Daya Tarik Wisata | Jasa Pramuwisata | Aktivitas Terkait Perjalanan Lainnya Ytdl | Aktivitas Investigasi Dan Keamanan Swasta | Aktivitas Keamanan Ytdl | Aktivitas Penyediaan Gabungan Jasa Penunjang Fasilitas | Aktivitas Kebersihan Umum Bangunan | Aktivitas Kebersihan Lainnya | Aktivitas Jasa Lanskap | Aktivitas Administrasi Kantor Dan Penunjang Kantor | Aktivitas Pusat Panggilan (Call Center) | Penyelenggaraan Konvensi Dan Pameran Bisnis | Jasa Intermediasi Untuk Aktivitas Penunjang Usaha Ytdl 
 Selain Intermediasi Finansial | Aktivitas Agen Penagihan | Aktivitas Biro Kredit | Aktivitas Pengepakan Bahan Dan Produk Hasil Pertanian, Perkebunan, Kehutanan, Dan Perikanan | Aktivitas Pengepakan Bahan Dan Produk Makanan Dan Minuman Olahan | Aktivitas Pengepakan Tekstil Dan Produk Tekstil | Aktivitas Pengepakan Bahan Dan Produk Kimia | Aktivitas Pengepakan Bahan Dan Produk Farmasi | Aktivitas Pengepakan Lainnya | Aktivitas Jasa Penunjang Usaha Lainnya Ytdl | Lembaga Legislatif | Penyelenggaraan Pemerintahan Negara Dan Kesekretariatan Negara | Lembaga Eksekutif Keuangan, Perpajakan, Dan Bea Cukai | Lembaga Eksekutif Perencanaan | Lembaga Pemerintah Nonkementerian Dengan Tugas Khusus | Kegiatan Administrasi Pemerintahan Lainnya | Administrasi Pelayanan Pemerintah Bidang Pendidikan | Administrasi Pelayanan Pemerintah Bidang Kesehatan | Administrasi Pelayanan Pemerintah Bidang Perumahan | Administrasi Pelayanan Pemerintah Bidang Kesejahteraan 
 Sosial | Administrasi Pelayanan Pemerintah Bidang Keagamaan | Administrasi Pelayanan Pemerintah Bidang 
 Kebudayaan/Kesenian/Rekreasi/Olahraga | Administrasi Pelayanan Pemerintah Bidang Sosial Lainnya 
 Bukan Kesehatan, Pendidikan, Keagamaan, Dan Kebudayaan | Administrasi Pelayanan Pemerintah Bidang Lingkungan Hidup | Kegiatan Lembaga Pemerintahan Bidang Pertanian | Kegiatan Lembaga Pemerintahan Bidang Pertambangan Dan Penggalian, Listrik, Air, Dan Gas | Kegiatan Lembaga Pemerintahan Bidang Perindustrian | Kegiatan Lembaga Pemerintahan Bidang Komunikasi Dan Informatika | Kegiatan Lembaga Pemerintahan Bidang Konstruksi | Kegiatan Lembaga Pemerintahan Bidang Perdagangan Dan Pariwisata | Kegiatan Lembaga Pemerintahan Bidang Perhubungan | Kegiatan Lembaga Pemerintahan Bidang Ketenagakerjaan | Kegiatan Lembaga Pemerintahan Untuk Menciptakan Efisiensi Produksi Dan Bisnis Lainnya | Hubungan Luar Negeri | Pertahanan Sipil | Aktivitas Lembaga Peradilan | Kegiatan Lembaga Pemerintahan Bidang Penanggulangan Bencana Dan Pemadam Kebakaran | Aktivitas Jaminan Sosial Wajib | Pendidikan Menengah Atas Keagamaan Protestan, Katolik, Hindu, Buddha, Atau Konghucu | Pendidikan Menengah Kejuruan Umum Pemerintah | Pendidikan Menengah Kejuruan Umum Swasta | Pendidikan Pascamenengah Nontersier | Pendidikan Tinggi Umum Pemerintah | Pendidikan Tinggi Umum Swasta | Pendidikan Tinggi Keagamaan Pemerintah | Pendidikan Tinggi Keagamaan Swasta | Pendidikan Olahraga Dan Rekreasi | Kegiatan Sekolah Mengemudi";"Industri Zat Pengatur Tumbuh | Penampungan Dan Penyediaan Air Baku | Konstruksi Bangunan Sipil Fasilitas Pengolahan | Perdagangan Besar Alat Kesehatan Untuk Hewan | Perdagangan Besar Karet Dan Plastik Dalam Bentuk Dasar | Perdagangan Besar Kertas Dan Karton | Perdagangan Besar Barang Dari Kertas Dan Karton | Perdagangan Besar Barang Bekas Dan Skrap | Perdagangan Besar Produk Lainnya Ytdl | Perdagangan Besar Berbagai Macam Barang Di Grosir/Perkulakan Swalayan | Perdagangan Besar Berbagai Macam Barang Selain Di 
 Grosir/Perkulakan Swalayan | Perdagangan Eceran Bahan Baku Farmasi Dan Alat Kesehatan Lainnya | Perdagangan Eceran Gas Tabung Lpg | Perdagangan Eceran Aromatik/Penyegar (Minyak Asiri) | Angkutan Kereta Wisata Antarkota | Transportasi Kereta Api Antarkota Lainnya Untuk Penumpang | Transportasi Kereta Api Untuk Barang | Angkutan Kereta Wisata Dalam Kota | Angkutan Kereta Api Perkotaan | Aktivitas Hotel Bintang Lima | Aktivitas Hotel Bintang Empat | Aktivitas Hotel Bintang Tiga | Aktivitas Hotel Bintang Dua | Aktivitas Hotel Bintang Satu | Aktivitas Hotel Nonbintang | Aktivitas Rumah Tinggal Sewa (Homestay) | Aktivitas Hostel Remaja (Youth Hostel) | Aktivitas Vila | Aktivitas Apartemen Hotel | Aktivitas Penyediaan Akomodasi Jangka Pendek Lainnya | Aktivitas Penyediaan Bumi Perkemahan, Persinggahan Karavan, Dan Taman Karavan | Aktivitas Jasa Intermediasi Akomodasi | Aktivitas Jasa Manajemen Akomodasi | Penyediaan Akomodasi Lainnya Ytdl | Pengelolaan Kawasan Pariwisata | Pengelolaan Kawasan Ekonomi Khusus";Industri Cat | Industri Pernis | Industri Dempul | Industri Sediaan Pewarna Dan Pelapis Lainnya | Industri Bahan Dan Produk Pembersih | Industri Kosmetik Untuk Manusia, Cairan Lensa Kontak | Industri Kosmetik Untuk Hewan | Industri Perekat Gigi | Industri Parfum Sesuai Pesanan | Industri Perekat/Lem | Industri Tinta | Industri Minyak Asiri Hulu | Industri Minyak Asiri Rantai Tengah | Industri Serat Filamen Dan Strip Buatan | Industri Serat Stapel Buatan | Industri Bahan Baku Farmasi Untuk Manusia | Industri Produk Farmasi Untuk Manusia | Industri Bahan Baku Farmasi Untuk Hewan | Industri Alat Diagnosis Medis, Perban, Kasa, Dan Penunjang Kesehatan Lainnya | Industri Bahan Baku Obat Bahan Alam Untuk Manusia | Industri Produk Obat Bahan Alam Untuk Manusia | Industri Produk Obat Bahan Alam Untuk Hewan | Industri Bahan Baku Obat Bahan Alam Untuk Hewan | Industri Produk Logam Struktural Bukan Aluminium Untuk Konstruksi Ringan | Industri Produk Logam Struktural Aluminium Untuk Konstruksi Ringan | Aktivitas Hotel Bintang Lima | Aktivitas Hotel Bintang Empat | Aktivitas Hotel Bintang Tiga | Aktivitas Hotel Bintang Dua | Aktivitas Hotel Bintang Satu | Aktivitas Hotel Nonbintang | Aktivitas Rumah Tinggal Sewa (Homestay) | Aktivitas Hostel Remaja (Youth Hostel) | Aktivitas Vila | Aktivitas Apartemen Hotel | Aktivitas Penyediaan Akomodasi Jangka Pendek Lainnya | Aktivitas Penyediaan Bumi Perkemahan, Persinggahan Karavan, Dan Taman Karavan | Aktivitas Jasa Intermediasi Akomodasi | Aktivitas Jasa Manajemen Akomodasi | Penyediaan Akomodasi Lainnya Ytdl;-;-;-;"nan | Pertanian Jagung | Pertanian Serealia Selain Padi Dan Jagung | Pertanian Kedelai | Pertanian Kacang Tanah | Pertanian Kacang Hijau | Pertanian Aneka Kacang Selain Kedelai, Kacang Tanah, Dan Kacang Hijau | Pertanian Biji-Bijian Penghasil Minyak Makan | Pertanian Biji-Bijian Penghasil Minyak Selain Minyak Makan | Pertanian Padi Hibrida | Pertanian Padi Inbrida | Pertanian Sayuran Daun | Pertanian Buah Semusim | Pertanian Sayuran Buah | Pertanian Sayuran Umbi | Pertanian Ubi Kayu | Pertanian Jamur | Pertanian Bit Gula Dan Tanaman Pemanis Selain Tebu | Pertanian Cabai | Pertanian Umbi Lainnya | Pertanian Tebu | Pertanian Tembakau | Pertanian Tanaman Berserat | Pertanian Tanaman Pakan Ternak | Pembenihan Tanaman Pakan Ternak Dan Pembenihan Bit (Bukan Bit Gula) | Pertanian Tanaman Bunga | Pertanian Pembenihan Tanaman Bunga | Pertanian Tanaman Semusim Lainnya Ytdl | Pertanian Buah Anggur | Pertanian Buah-Buahan Tropis Dan Subtropis | Pertanian Buah Jeruk | Pertanian Buah Apel Dan Buah Batu (Pome And Stone Fruits) | Pertanian Buah Beri | Pertanian Sayuran Tahunan | Pertanian Buah Semak Lainnya | Pertanian Kelapa | Pertanian Kelapa Sawit | Pertanian Buah Oleagin Lainnya | Pertanian Kopi | Pertanian Tanaman Teh | Pertanian Kakao | Pertanian Tanaman Untuk Bahan Minuman Lainnya | Pertanian Lada | Pertanian Cengkih | Pertanian Pala | Pertanian Tanaman Aromatik/Penyegar | Pertanian Tanaman Obat Rimpang | Pertanian Tanaman Obat Nonrimpang | Pertanian Tanaman Narkotika Dan Tanaman Obat Terlarang | Pertanian Tanaman Rempah-Rempah Dan Aromatik/Penyegar Lainnya | Pertanian Pohon Karet Dan Tanaman Penghasil Getah Lainnya | Pertanian Tanaman Tahunan Lainnya Ytdl | Pertanian Tanaman Hias | Penangkaran Tumbuhan Liar | Pembiakan Tanaman Lainnya | Budi Daya Dan Pembibitan Sapi Potong | Budi Daya Dan Pembibitan Sapi Perah | Budi Daya Dan Pembibitan Kerbau Potong | Budi Daya Dan Pembibitan Kerbau Perah | Peternakan Kuda Dan Sejenisnya | Peternakan Unta Dan Sejenisnya | Budi Daya Dan Pembibitan Domba Potong | Budi Daya Dan Pembibitan Kambing Potong | Budi Daya Dan Pembibitan Kambing Perah | Budi Daya Dan Pembibitan Domba Perah | Produksi Bulu Domba Mentah/Raw Wool | Peternakan Babi | Budi Daya Ayam Ras Pedaging | Budi Daya Ayam Ras Petelur | Pembibitan Ayam Lokal Dan Persilangannya | Budi Daya Ayam Lokal Dan Persilangannya | Budi Daya Dan Pembibitan Itik Dan Bebek | Budi Daya Dan Pembibitan Burung Puyuh | Budi Daya Dan Pembibitan Burung Merpati | Pembibitan Ayam Ras | Budi Daya Dan Pembibitan Unggas Lainnya | Budi Daya Dan Pembibitan Burung Unta | Budi Daya Dan Pembibitan Ulat Sutra | Budi Daya Dan Pembibitan Lebah | Budi Daya Dan Pembibitan Rusa | Budi Daya Dan Pembibitan Kelinci | Budi Daya Dan Pembibitan Cacing | Budi Daya Dan Pembibitan Burung Walet | Penangkaran Satwa Liar | Budi Daya Dan Pembibitan Hewan Lainnya | Jasa Pengolahan Lahan | Jasa Pemupukan | Jasa Pemanenan | Jasa Penyemprotan Dan Penyerbukan Melalui Udara | Jasa Pengendalian Organisme Pengganggu Tumbuhan (Opt) | Jasa Penanaman Benih | Jasa Penunjang Pertanian Lainnya | Jasa Perkawinan Ternak | Jasa Penetasan Telur | Jasa Penunjang Peternakan Lainnya | Jasa Pascapanen | Pemilihan Benih Tanaman Untuk Pembiakan | Perburuan, Penangkapan, Dan Kegiatan Jasa Terkait | Pengelolaan Hutan | Pemanfaatan Kayu Hutan | Pembenihan Tanaman Kehutanan | Pemanenan Kayu | Pemungutan Kayu | Pemungutan Hasil Hutan Bukan Kayu | Jasa Lingkungan Hutan | Jasa Penggunaan Kawasan Kehutanan | Jasa Penunjang Kehutanan Lainnya | Penangkapan Ikan Dan Biota Air Lainnya Di Laut | Penangkapan Ikan Dan Biota Air Lainnya Di Perairan Air Tawar | Pembudidayaan Ikan Bersirip (Selain Ikan Hias) Dan Biota Air Laut Lainnya Yang Tidak Dilindungi | Pembudidayaan Ikan Hias Air Laut Yang Tidak Dilindungi | Pembudidayaan Tumbuhan Air Laut Yang Tidak Dilindungi | Pengembangbiakan Ikan Dan Biota Air Laut Yang Dilindungi | Pembudidayaan Ikan Bersirip (Selain Ikan Hias) Dan Biota Air Tawar Lainnya Yang Tidak Dilindungi | Pembudidayaan Ikan Hias Air Tawar Yang Tidak Dilindungi | Pembudidayaan Tumbuhan Air Tawar Yang Tidak Dilindungi | Pengembangbiakan Biota Air Tawar Yang Dilindungi | Pembudidayaan Ikan Bersirip (Selain Ikan Hias) Dan Biota Air Payau Lainnya Yang Tidak Dilindungi | Pembudidayaan Ikan Hias Air Payau Yang Tidak Dilindungi | Pembudidayaan Tumbuhan Air Payau Yang Tidak Dilindungi | Pengembangbiakan Biota Air Payau Yang Dilindungi | Jasa Penunjang Kegiatan Penangkapan Dan Pembudidayaan Ikan | Pertambangan Batu Bara | Benefisiasi Atau Peningkatan Kualitas Batu Bara | Pertambangan Lignit | Pertambangan Minyak Bumi | Pertambangan Gas Alam | Pengusahaan Tenaga Panas Bumi | Pertambangan Pasir Besi | Pertambangan Bijih Besi | Pertambangan Bijih Uranium Dan Torium | Pertambangan Emas Dan Perak | Pertambangan Bijih Logam Mulia Lainnya | Pertambangan Bijih Timah | Pertambangan Bijih Timah Hitam | Pertambangan Bijih Bauksit | Pertambangan Bijih Tembaga | Pertambangan Bijih Nikel | Pertambangan Bijih Mangan | Pertambangan Bahan Galian Lainnya Yang Tidak Mengandung Bijih Besi Ytdl | Penggalian Batu Hias Dan Batu Bangunan | Penggalian Batu Kapur/Gamping | Penggalian Kerikil/Sirtu | Penggalian Pasir | Penggalian Tanah Dan Tanah Liat | Penggalian Gips | Penggalian Tras | Penggalian Batu Apung | Penggalian Batu, Pasir, Dan Tanah Liat Lainnya | Pertambangan Belerang | Pertambangan Fosfat | Pertambangan Nitrat | Pertambangan Yodium | Pertambangan Potash (Kalium Karbonat) | Pertambangan Mineral, Bahan Kimia, Dan Bahan Pupuk Lainnya | Ekstraksi Tanah Gambut | Ekstraksi Garam | Pertambangan Batu Mulia | Penggalian Feldspar Dan Kalsit | Pertambangan Aspal Alam | Penggalian Asbes | Penggalian Kuarsa/Pasir Kuarsa | Pertambangan Bijih Logam Tanah Jarang | Pertambangan Dan Penggalian Lainnya Ytdl | Aktivitas Penunjang Pertambangan Minyak Bumi Dan Gas Alam | AKTIVITAS PENUNJANG PERTAMBANGAN DAN PENGGALIAN LAINNYA | Kegiatan Rumah Potong Hewan Ruminansia | Kegiatan Rumah Potong Babi | Kegiatan Rumah Potong Unggas | Kegiatan Rumah Potong Hewan Lainnya | Pengolahan Dan Pengawetan Daging Dan Produk Daging | Pengolahan Dan Pengawetan Ikan Dengan Penggaraman Atau 
 Pengeringan | Pengolahan Dan Pengawetan Ikan Dengan Pengasapan Atau 
 Pemanggangan | Pengolahan Dan Pengawetan Ikan Dengan Pembekuan | Pengolahan Dan Pengawetan Ikan Dengan Pemindangan | Pengolahan Dan Pengawetan Ikan Dengan Fermentasi | Pengolahan Dan Pengawetan Ikan Dengan Pelumatan | Pengolahan Dan Pengawetan Ikan Dengan Pengalengan | Pengolahan Dan Pengawetan Ikan Menjadi Produk Olahan | Pengolahan Dan Pengawetan Ikan Dengan Metode Lainnya | Pengolahan Dan Pengawetan Biota Air Lainnya Dengan 
 Penggaraman Atau Pengeringan | Pengolahan Dan Pengawetan Biota Air Lainnya Dengan 
 Pengasapan Atau Pemanggangan | Pengolahan Dan Pengawetan Biota Air Lainnya Dengan 
 Pembekuan | Pengolahan Dan Pengawetan Biota Air Lainnya Dengan 
 Pemindangan | Pengolahan Dan Pengawetan Biota Air Lainnya Dengan 
 Fermentasi | Pengolahan Dan Pengawetan Biota Air Lainnya Dengan 
 Pelumatan | Pengolahan Dan Pengawetan Biota Air Lainnya Dengan 
 Pengalengan | Pengolahan Dan Pengawetan Rumput Laut | Pengolahan Dan Pengawetan Biota Air Lainnya Dengan Metode 
 Lainnya | Pengasinan Buah-Buahan Dan Sayuran | Pelumatan Buah-Buahan Dan Sayuran | Pengeringan Buah-Buahan Dan Sayuran | Pembekuan Buah-Buahan Dan Sayuran | Pengalengan Buah-Buahan Dan Sayuran | Pengolahan Sari Buah-Buahan Dan Sayuran | Pembuatan Tempe Kedelai | Pembuatan Tahu Kedelai | Pengolahan Dan Pengawetan Lainnya Untuk Buah-Buahan Dan Sayuran | Industri Minyak Mentah Dan Lemak Nabati Bukan Kelapa Dan Kelapa Sawit | Industri Margarin | Industri Minyak Mentah Dan Lemak Dari Hewan Selain Ikan | Industri Minyak Ikan | Industri Minyak Goreng Dan Minyak Makan Bukan Minyak Kelapa Dan Minyak Kelapa Sawit | Industri Minyak Mentah Dan Lemak Nabati Dan Hewani Bukan Kelapa Dan Kelapa Sawit Lainnya | Industri Kopra | Industri Minyak Mentah Kelapa | Industri Minyak Goreng Kelapa | Industri Minyak Mentah Kelapa Sawit (Crude Palm Oil) | Industri Minyak Mentah Inti Kelapa Sawit (Crude Palm Kernel Oil) | Industri Pemisahan/Fraksinasi Minyak Mentah Kelapa Sawit Dan Minyak Mentah Inti Kelapa Sawit | Industri Pemurnian Minyak Mentah Kelapa Sawit Dan Minyak Mentah Inti Kelapa Sawit | Industri Pemisahan/Fraksinasi Minyak Murni Kelapa Sawit | Industri Pemisahan/Fraksinasi Minyak Murni Inti Kelapa Sawit | Industri Minyak Goreng Kelapa Sawit | Industri Susu Segar Dan Krim | Industri Susu Bubuk Dan Susu Kental | Industri Es Krim | Industri Es Yang Dapat Dimakan Dan Es Pencuci Mulut | Industri Produk Susu Lainnya | Industri Produk Gilingan Gandum (Selain Tepung Terigu) Dan Serelia Selain Beras Dan Jagung | Industri Produk Gilingan Aneka Kacang | Industri Produk Gilingan Aneka Umbi, Tanaman Rimpang, Dan Sayuran | Industri Tepung Campuran Dan Adonan Tepung | Industri Makanan Sereal | Industri Tepung Terigu | Industri Pati Ubi Kayu | Industri Berbagai Macam Pati Palem | Industri Glukosa Dan Sejenisnya | Industri Pati Dan Produk Pati Lainnya | Industri Penggilingan Padi Dan Penyosohan Beras | Industri Pemipilan Jagung | Industri Tepung Beras Dan Tepung Jagung | Industri Pati Beras Dan Jagung | Industri Pemanis Dari Beras Dan Jagung | Industri Minyak Dari Beras Dan Jagung | Industri Produk Bakeri | Industri Gula Pasir | Industri Gula Merah | Industri Sirop | Industri Gula Lainnya | Industri Pengolahan Kakao; Industri Cokelat Dan Kembang Gula | Industri Pengolahan Kakao | Industri Cokelat Dan Kembang Gula Dari Cokelat | Industri Manisan Buah-Buahan Dan Sayuran Kering | Industri Kembang Gula Lainnya | Industri Makaroni, Mi, Couscous, Dan Produk Sejenisnya | Industri Makanan Dan Masakan Olahan | Pengolahan Kopi | Pengolahan Te | Industri Kecap | Industri Garam Konsumsi Beryodium | Industri Garam Industri Aneka Pangan | Industri Bumbu Masakan Lainnya | Industri Makanan Bayi Dan Makanan Khusus | Industri Kue Basah | Industri Produk Makanan Dari Kelapa | Industri Kerupuk, Keripik, Peyek, Dan Sejenisnya | Industri Sari Nabati Dan Krimer Nabati | Industri Dodol | Industri Infusi Herbal/Herb Infusion | Industri Bahan Makanan Dari Rumput Laut | Industri Produk Makanan Lainnya Ytdl | Industri Ransum Pakan Hewan | Industri Konsentrat Pakan Hewan | Industri Penyulingan, Pemurnian, Dan Pencampuran Minuman Beralkohol | Industri Minuman Beralkohol Hasil Fermentasi Anggur Dan Hasil Pertanian Lainnya | Industri Minuman Beralkohol Hasil Fermentasi Malt | Industri Malt | Industri Air Kemasan | Industri Air Minum Isi Ulang | Industri Minuman Ringan | Industri Minuman Lainnya | Industri Sigaret Kretek Tangan | Industri Sigaret Kretek Mesin | Industri Rokok Putih | Industri Pengeringan Dan Pengolahan Tembakau | Industri Bumbu Rokok | Industri Produk Tembakau Lainnya | Persiapan Serat Tekstil | Pemintalan Benang Selain Benang Jahit | Pemintalan Benang Jahit | Pertenunan Tekstil Dengan Mesin | Pertenunan Tekstil Bukan Dengan Mesin | Penyempurnaan Benang | Penyempurnaan Basah Kain | Industri Kain Batik | Penyempurnaan Tekstil Lainnya | Industri Kain Rajutan | Industri Kain Crocheted | Industri Bulu Tiruan Rajutan | Industri Barang Tekstil Untuk Keperluan Rumah Tangga | Industri Barang Tekstil Dengan Bahan Pengisi | Industri Karung Goni | Industri Karung Selain Karung Goni | Industri Barang Tekstil Bukan Pakaian Jadi Lainnya | Industri Karpet Dan Permadani | Industri Tali | Industri Barang Dari Tali | Industri Kain Narrow | Industri Kain Yang Dilapisi Dan Sejenisnya | Industri Kain Nirtenun/Nonwoven | Industri Kain Ban | Industri Kapuk | Industri Kain Tule, Kain Jaring, Dan Kain Bordir | Industri Tekstil Lainnya Ytdl | Industri Pakaian Jadi (Konfeksi) Dari Tekstil | Industri Pakaian Jadi (Konfeksi) Dari Kulit Dan Tiruan Kulit | Industri Penjahitan Dan Pembuatan (Bukan Konfeksi) Pakaian Sesuai Pesanan/Kustomisasi | Industri Perlengkapan Pakaian Dari Tekstil | Industri Perlengkapan Pakaian Dari Kulit Dan Tiruan Kulit | Industri Barang Dari Kulit Berbulu | Industri Pakaian Jadi Dan Perlengkapannya Dari Rajutan Dan Crocheted | Industri Hosiery Rajutan Dan Crocheted | Penyamakan Kulit | Pewarnaan Kulit Berbulu | Industri Kulit Komposisi | Industri Koper, Tas Tangan, Dan Sejenisnya | Industri Pelana, Alat Pengekang/Harness, Dan Barang Lainnya Untuk Hewan | Industri Barang Lainnya Dari Kulit Dan Kulit Komposisi | Industri Alas Kaki Untuk Keperluan Sehari-Hari | Industri Sepatu Olahraga | Industri Sepatu Teknik Lapangan/Keperluan Industri | Industri Alas Kaki Lainnya | Penggergajian Dan Penghalusan Kayu | Pengawetan Kayu | Pengawetan Rotan, Bambu, Dan Sejenisnya | Pengolahan Rotan | Industri Partikel Kayu Dan Sejenisnya | Industri Kayu Lapis | Industri Venir | Industri Kayu Laminasi | Industri Panel Kayu Lainnya | Industri Barang Bangunan Dari Kayu | Industri Bangunan Prafabrikasi Dari Kayu Dan Sejenisnya | Industri Wadah Dari Kayu | Industri Barang Anyaman Dari Rotan Dan Bambu | Industri Barang Anyaman Dari Tanaman Selain Rotan Dan Bambu | Industri Kerajinan Ukiran Dari Kayu Bukan Furnitur | Industri Alat Dapur Dan Alat Makan Dari Kayu, Rotan, Dan Bambu | Industri Kayu Bakar Dan Pelet Dari Kayu Dan Biomassa Lainnya | Industri Barang Lainnya Dari Kayu; Industri Barang Dari Gabus, Jerami, Rotan, Bambu, Dan Sejenisnya Ytdl | Industri Bubur Kertas (Pulp) | Industri Kertas Budaya | Industri Kertas Berharga | Industri Kertas Khusus | Industri Kertas Lainnya | Industri Kertas Dan Papan Kertas Bergelombang | Industri Kemasan Dan Kotak Dari Kertas Dan Karton | Industri Kertas Tisu | Industri Barang Dari Kertas Dan Papan Kertas Lainnya Ytdl | Pencetakan Umum | Pencetakan Khusus | Pencetakan Tiga Dimensi (3d) | Kegiatan Jasa Penunjang Pencetakan | Reproduksi Media Rekaman Suara Dan Perangkat Lunak | Reproduksi Media Rekaman Film Dan Video | Industri Produk Tanur Kokas | Industri Bahan Bakar Dari Pemurnian Dan Pengilangan Minyak Bumi | Industri Produk Dari Bahan Limbah Minyak Pelumas | Industri Minyak Pelumas Dasar (Bahan Baku Pelumas) | Industri Produk Dari Pencampuran Hasil Kilang Minyak Bumi Dengan Biofuel | Industri Produk Lainnya Dari Hasil Kilang Minyak Bumi | Industri Asam, Basa, Dan Garam Anorganik | Industri Gas Industri | Industri Kimia Dasar Zat Warna Dan Pigmen | Industri Kimia Dasar Radioaktif | Industri Kimia Dasar Dari Minyak Bumi, Gas Alam, Dan Batu Bara | Industri Kimia Dasar Anorganik Lainnya | Industri Senyawa Nitrogen; Pupuk Nitrogen, Fosfat, Dan Kalium | Industri Pupuk Hara Makro Primer Lainnya | Industri Pupuk Hara Mikro | Industri Pupuk Organik, Pupuk Hayati, Dan Media Tanam | Industri Biostimulan | Industri Damar Buatan (Resin Sintetis) Dan Bahan Baku Plastik | Industri Karet Buatan | Industri Bahan Baku Pemberantas Hama (Bahan Aktif) | Industri Pemberantas Hama (Formulasi) | Industri Bahan Peledak | Industri Korek Api | Industri Biofuel Cair | Industri Cairan Rokok Elektrik | Industri Barang Kimia Lainnya Ytdl | Industri Produk Farmasi Untuk Hewan | Industri Ban Luar Dan Ban Dalam | Industri Pembentukan Kembali Ban Dan Vulkanisasi Ban | Industri Karet Asap | Industri Karet Lembaran Dan Crepe Rubber | Industri Karet Remah (Crumb Rubber) | Industri Karet Setengah Jadi Lainnya | Industri Barang Dari Karet Untuk Keperluan Rumah Tangga | Industri Barang Dari Karet Untuk Keperluan Industri | Industri Barang Dari Karet Untuk Keperluan Infrastruktur | Industri Barang Dari Karet Untuk Kesehatan | Industri Barang Lainnya Dari Karet Ytdl | Industri Barang Dari Plastik Untuk Bangunan | Industri Barang Dari Plastik Dan Bioplastik Untuk Pengemasan | Industri Pipa Plastik Dan Perlengkapannya | Industri Plastik Lembaran | Industri Perlengkapan Dan Peralatan Rumah Tangga Dari Plastik (Tidak Termasuk Furnitur) | Industri Barang Dan Peralatan Teknik/Industri Dari Plastik | Industri Barang Lainnya Dari Plastik | Industri Kaca Lembaran | Industri Kaca Pengaman | Industri Kaca Lainnya | Industri Perlengkapan Dan Peralatan Rumah Tangga Dari Kaca | Industri Peralatan Laboratorium Dan Kesehatan Dari Kaca | Industri Produk Lainnya Dari Kaca | Industri Bata, Mortar, Semen, Dan Sejenisnya Yang Tahan Api | Industri Produk Refraktori (Tahan Api) Lainnya | Industri Batu Bata Dari Tanah Liat Atau Keramik | Industri Genteng Dari Tanah Liat Atau Keramik | Industri Bahan Bangunan Lainnya Dari Tanah Liat Atau Keramik | Industri Perlengkapan Rumah Tangga Dari Porselen | Industri Perlengkapan Rumah Tangga Dari Tanah Liat Atau Keramik | Industri Alat Laboratorium Dan Alat Listrik Atau Teknik Dari Porselen | Industri Peralatan Sanitasi Dari Porselen | Industri Peralatan Sanitasi Dari Tanah Liat Atau Keramik | Industri Produk Bukan Bahan Bangunan Lainnya Dari Tanah Liat Atau Keramik Dan Porselen | Industri Semen | Industri Kapur | Industri Gips | Industri Barang Dari Semen | Industri Barang Dari Kapur | Industri Barang Dari Gips | Industri Barang Dari Asbes | Industri Mortar, Acian, Dan Beton Siap Pakai | Industri Barang Dari Batu Marmer | Industri Barang Dari Batu Granit | Industri Barang Dari Batu Lainnya | Industri Produk Abrasif | Industri Batuan Aspal Dan Barang Dari Aspal Atau Material Sejenis | Industri Produk Hasil Pemurnian Mineral Nonlogam | Industri Produk Mineral Nonlogam Lainnya Ytdl | Industri Besi Dan Baja Dasar | Penggilingan Baja | Industri Pipa Dan Sambungan Pipa Dari Besi Dan Baja | Industri Logam Dasar Mulia | Industri Logam Dasar Bukan Besi Lainnya | Penggilingan Logam Bukan Besi | Ekstrusi Logam Bukan Besi | Industri Pipa Dan Sambungan Pipa Dari Logam Bukan Besi Dan Baja | Industri Bahan Bakar Nuklir | Pengecoran Besi Dan Baja | Pengecoran Logam Bukan Besi Dan Baja | Industri Produk Logam Struktural Baja Untuk Konstruksi Berat | Industri Produk Logam Struktural Lainnya | Industri Tangki, Tandon Air, Dan Wadah Sejenisnya Dari Logam | Industri Generator Uap Bukan Ketel Pemanas | Industri Senjata Dan Amunisi | Penempaan, Pengepresan, Pencetakan, Dan Pembentukan Logam; Metalurgi Bubuk | Pengerjaan Dan Pelapisan Logam | Industri Perkakas Tangan | Industri Alat Potong | Industri Alat Makan Dari Logam | Industri Peralatan Umum | Industri Ember, Kaleng, Drum Dan Wadah Sejenisnya Dari Logam | Industri Barang Dari Kawat Logam Bukan Kabel | Industri Paku, Mur, Dan Baut Logam | Industri Brankas, Filling Kantor, Dan Sejenisnya | Industri Peralatan Dapur Dan Peralatan Meja Dari Logam | Industri Produk Rumah Tangga Dari Logam Bukan Peralatan Dapur Dan Peralatan Meja | Industri Profil Logam | Industri Lampu Dari Logam | Industri Produk Logam Lainnya Ytdl | Industri Sel Surya, Panel Surya, Dan Inverter Fotovoltaik | Industri Tabung Elektron Dan Konektor Elektronik | Industri Komponen Dan Papan Elektronik Lainnya Ytdl | Industri Komputer Dan Perakitan Komputer | Industri Perlengkapan Komputer | Industri Peralatan Telepon Dan Faksimili | Industri Peralatan Komunikasi Tanpa Kabel (Wireless) | Industri Kartu Cerdas (Smart Card) | Industri Peralatan Komunikasi Lainnya | Industri Televisi, Monitor Televisi, Dan Displai | Industri Peralatan Perekam, Penerima, Dan Pengganda Audio Dan Video, Bukan Televisi | Industri Peralatan Audio Dan Video Elektronik Lainnya | Industri Alat Ukur Dan Alat Uji Manual | Industri Alat Ukur Dan Alat Uji Elektrik | Industri Alat Ukur Dan Alat Uji Elektronik | Industri Alat Ukur, Alat Uji, Dan Peralatan Navigasi Dan Kontrol Lainnya | Industri Alat Ukur Waktu | Industri Peralatan Iradiasi, Perlengkapan, Dan Sejenisnya | Industri Peralatan Elektromedik Dan Elektroterapi | Industri Peralatan Fotografi | Industri Peralatan Sinematografi | Industri Lensa Bukan Kacamata | Industri Peralatan Fotografi Dan Instrumen Optik Bukan Kacamata Lainnya | Industri Media Magnetik Dan Media Optik | Industri Motor Listrik | Industri Generator Pembangkit Listrik | Industri Pengubah Tegangan/Transformator Dan Pengubah Arus/Rectifier | Industri Peralatan Pengontrol Dan Pendistribusian Listrik | Industri Batu Baterai | Industri Akumulator Listrik | Industri Baterai Kendaraan Listrik | Industri Kabel Serat Optik | Industri Kabel Dan Kawat Listrik Dan Elektronik Lainnya | Industri Perlengkapan Kabel | Industri Bola Lampu Pijar, Lampu Sorot, Dan Lampu Ultraviolet | Industri Lampu Gas Dan Discharge | Industri Peralatan Penerangan Untuk Kendaraan | Industri Lampu Led | Industri Peralatan Penerangan Lainnya | Industri Peralatan Listrik Rumah Tangga | Industri Peralatan Elektrotermal Rumah Tangga | Industri Peralatan Rumah Tangga Bukan Listrik | Industri Peralatan Listrik Lainnya | Industri Mesin Uap, Turbin, Dan Kincir | Industri Motor Pembakaran Dalam | Industri Komponen Dan Suku Cadang Mesin Dan Turbin | Industri Peralatan Tenaga Zat Cair Dan Gas | Industri Pompa Lainnya, Kompresor, Keran, Dan Klep/Katup | Industri Bearing, Roda Gigi, Dan Elemen Penggerak Mesin | Industri Oven, Perapian Dan Tungku Pembakar Sejenis Yang Tidak Menggunakan Arus Listrik | Industri Oven, Perapian Dan Tungku Pembakar Sejenis Yang Menggunakan Arus Listrik | Industri Alat Pengangkat Dan Pemindah | Industri Mesin Kantor Dan Akuntansi Manual | Industri Mesin Kantor Dan Akuntansi Elektrik | Industri Mesin Kantor Dan Akuntansi Elektronik | Industri Peralatan Kantor | Industri Perkakas Tangan Yang Digerakkan Tenaga | Industri Mesin Untuk Pembungkus, Pembotolan, Dan Pengalengan | Industri Mesin Timbangan | Industri Mesin Pendingin | Industri Mesin Untuk Keperluan Umum Lainnya Ytdl | Industri Mesin Pertanian Dan Kehutanan | Industri Mesin Dan Perkakas Mesin Untuk Pengerjaan Logam Dan Bahan Lainnya | Industri Mesin Metalurgi | Industri Mesin Penambangan, Penggalian Dan Konstruksi | Industri Mesin Pengolahan Makanan, Minuman Dan Tembakau | Industri Mesin Jahit, Mesin Cuci, Dan Mesin Pengering Untuk Keperluan Niaga | Industri Mesin Tekstil | Industri Mesin Penyiapan Dan Pembuatan Produk Kulit | Industri Mesin Percetakan | Industri Mesin Pabrik Kertas | Industri Mesin Keperluan Khusus Lainnya Ytdl | Industri Kendaraan Bermotor Roda Empat Atau Lebih | Industri Karoseri Kendaraan Bermotor Roda Empat Atau Lebih; Industri Trailer Dan Semitrailer | Industri Suku Cadang Dan Aksesori Kendaraan Bermotor Roda Empat Atau Lebih | Industri Kendaraan Air Dan Bawah Air Berawak | Industri Bangunan Lepas Pantai Dan Bangunan Terapung | Industri Kendaraan Air Dan Bawah Air Tanpa Awak | Industri Kapal Dan Perahu Untuk Tujuan Wisata Atau Rekreasi Dan Olahraga | Industri Lokomotif Dan Gerbong Kereta | Industri Pesawat Udara Berawak Dan Mesin Terkait | Industri Pesawat Udara Tanpa Awak Dan Mesin Terkait | Industri Wahana Antariksa Dan Mesin Terkait | Industri Kendaraan Tempur Militer | Industri Sepeda Motor Roda Dua Dan Tiga | Industri Komponen Dan Perlengkapan Sepeda Motor Roda Dua Dan Tiga | Industri Sepeda Dan Kursi Roda Termasuk Becak | Industri Perlengkapan Sepeda Dan Kursi Roda Termasuk Becak | Industri Alat Angkutan Lainnya Ytdl | Industri Furnitur Dari Kayu | Industri Furnitur Dari Rotan Dan Bambu | Industri Furnitur Dari Plastik | Industri Furnitur Dari Logam | Industri Furnitur Dari Bahan Lainnya Ytdl | Industri Permata | Industri Perhiasan Dari Logam Mulia | Industri Barang Berharga Dari Logam Mulia Bukan Perhiasan | Industri Perhiasan Dari Mutiara | Industri Barang Berharga Lainnya Dari Logam Mulia | Reparasi Dan Pemeliharaan Produk Senjata Dan Amunisi | Reparasi Dan Pemeliharaan Peralatan Listrik Lainnya | Reparasi Dan Pemeliharaan Kapal, Perahu, Dan Bangunan Terapung | Reparasi Dan Pemeliharaan Lokomotif Dan Gerbong Kereta | Reparasi Dan Pemeliharaan Pesawat Udara | Reparasi Dan Pemeliharaan Alat Angkutan Lainnya, Bukan Kendaraan Bermotor | Reparasi Dan Pemeliharaan Peralatan Lainnya | Instalasi/Pemasangan Dan Perangkaian/Integrasi Mesin, Peralatan, Dan Sistem Industri | Pembongkaran Mesin, Peralatan, Dan Sistem Industri | Pemasangan Perlengkapan Meteorologi, Klimatologi, Dan Geofisika | Pembangkitan Tenaga Listrik Dari Sumber Energi Tidak Terbarukan Yang Menghasilkan Emisi | Pembangkitan Tenaga Listrik Dari Sumber Energi Tidak Terbarukan Yang Tidak Menghasilkan Emisi | Aktivitas Penyimpanan Tenaga Listrik | Pengoperasian Fasilitas Atau Stasiun Pengisian Daya Untuk Kendaraan Dan Peralatan Listrik | Penyediaan Tenaga Listrik Dalam Satu Kesatuan Usaha | Pengoperasian Instalasi Penyediaan Tenaga Listrik | Pengoperasian Instalasi Pemanfaatan Tenaga Listrik | Aktivitas Penunjang Tenaga Listrik Lainnya | Produksi Gas Alam Dan Buatan | Distribusi Gas Alam Dan Buatan Melalui Jaringan | Produksi Es | Aktivitas Broker Dan Agen Penjualan Tenaga Listrik | Pengolahan Dan Pembuangan Air Limbah | Pengumpulan Limbah Berbahaya Selain Limbah Radiokatif | Pengumpulan Limbah Radioaktif | Pengolahan Sampah Tidak Berbahaya Untuk Menghasilkan Energi | Produksi Kompos Sampah Organik | Pengolahan Dan Pembuangan Limbah Atau Sampah Tidak Berbahaya Lainnya | Pengolahan Dan Pembuangan Limbah Atau Sampah Berbahaya Selain Limbah Radioaktif | Pengolahan Dan Pembuangan Limbah Radioaktif | Pemulihan Material Barang Logam | Pemulihan Material Barang Plastik | Pemulihan Material Lainnya | Aktivitas Penangkapan Karbon | Aktivitas Penyimpanan Karbon | Aktivitas Remediasi Dan Pengelolaan Limbah Atau Sampah Lainnya | Konstruksi Konvensional Gedung Hunian | Konstruksi Konvensional Gedung Industri | Konstruksi Konvensional Gedung Lainnya | Konstruksi Prapabrikasi Bangunan Gedung | Konstruksi Bangunan Sipil Sistem Pengolahan Limbah | Konstruksi Proyek Utilitas Lainnya | Konstruksi Bangunan Pelabuhan Bukan Perikanan | Konstruksi Bangunan Pelabuhan Perikanan | Konstruksi Reservoir Pembangkit Listrik Tenaga Air | Konstruksi Bangunan Sipil Pelindung Pantai | Konstruksi Bangunan Sipil Prasarana Perairan Dan Sejenis Lainnya | Konstruksi Bangunan Sipil Minyak Dan Gas Bumi | Konstruksi Bangunan Sipil Pertambangan | Konstruksi Bangunan Sipil Panas Bumi | Konstruksi Bangunan Sipil Fasilitas Militer Dan Bandar Antariksa | Konstruksi Bangunan Sipil Fasilitas Sumber Radiasi Pengion | Konstruksi Bangunan Sipil Reaktor Nuklir | Konstruksi Bangunan Sipil Lainnya Ytdl | Pemasangan Sistem Navigasi Laut, Sungai, Dan Udara | Pemasangan Sistem Pemanas Dan Geotermal | Pemasangan Jaringan Penyaluran Gas | Pemasangan Konstruksi Lainnya Ytdl | Konstruksi Khusus Lainnya Ytdl | Perdagangan Besar Atas Dasar Balas Jasa (Fee) Atau Kontrak | Perdagangan Besar Padi Dan Palawija | Perdagangan Besar Buah Yang Mengandung Minyak | Perdagangan Besar Bunga Dan Tanaman Hias | Perdagangan Besar Tembakau Rajangan | Perdagangan Besar Binatang Hidup | Perdagangan Besar Ikan Dan Biota Air Hidup Lainnya | Perdagangan Besar Hasil Kehutanan Dan Perburuan | Perdagangan Besar Kulit | Perdagangan Besar Hasil Pertanian Dan Hewan Hidup Lainnya | Perdagangan Besar Beras | Perdagangan Besar Buah-Buahan | Perdagangan Besar Sayuran | Perdagangan Besar Kopi, Teh, Dan Kakao | Perdagangan Besar Minyak Dan Lemak Nabati | Perdagangan Besar Bahan Makanan Dan Minuman Hasil Pertanian Lainnya | Perdagangan Besar Daging Sapi Dan Daging Sapi Olahan | Perdagangan Besar Daging Ayam Dan Daging Ayam Olahan | Perdagangan Besar Daging Dan Daging Olahan Lainnya | Perdagangan Besar Hasil Perikanan Dan Olahan Terkait | Perdagangan Besar Telur Dan Hasil Olahan Telur | Perdagangan Besar Susu Dan Produk Susu | Perdagangan Besar Minyak Dan Lemak Hewani | Perdagangan Besar Bahan Makanan Dan Minuman Hasil Peternakan Dan Perikanan Lainnya | Perdagangan Besar Gula, Cokelat, Dan Kembang Gula | Perdagangan Besar Produk Bakeri | Perdagangan Besar Minuman Beralkohol | Perdagangan Besar Minuman Nonalkohol Bukan Susu | Perdagangan Besar Rokok Dan Tembakau | Perdagangan Besar Makanan Dan Minuman Lainnya | Perdagangan Besar Tekstil | Perdagangan Besar Pakaian | Perdagangan Besar Alas Kaki | Perdagangan Besar Barang Jadi Tekstil | Perdagangan Besar Perlengkapan Jahit | Perdagangan Besar Furnitur, Karpet, Perlengkapan Pencahayaan Untuk Rumah Tangga, Perkantoran, Dan Pertokoan | Perdagangan Besar Alat Fotografi Dan Barang Optik | Perdagangan Besar Sediaan Farmasi Untuk Manusia | Perdagangan Besar Sediaan Farmasi Untuk Hewan | Perdagangan Besar Alat Tulis Dan Gambar | Perdagangan Besar Alat Permainan Dan Mainan | Perdagangan Besar Peralatan Telekomunikasi | Perdagangan Besar Mesin, Peralatan Dan Perlengkapan Pertanian | Perdagangan Besar Alat Transportasi Laut, Suku Cadang, Dan Perlengkapannya | Perdagangan Besar Alat Transportasi Darat (Bukan Mobil, Sepeda Motor, Dan Sejenisnya), Suku Cadang, Dan Perlengkapannya | Perdagangan Besar Alat Transportasi Udara, Suku Cadang Dan Perlengkapannya | Perdagangan Besar Mobil Baru | Perdagangan Besar Mobil Bekas | Perdagangan Besar Sepeda Motor Baru | Perdagangan Besar Sepeda Motor Bekas | Perdagangan Besar Bahan Bakar Padat, Cair, Dan Gas Beserta Produk Terkait | Perdagangan Besar Bijih Dan Konsentrat Logam | Perdagangan Besar Produk Logam Setengah Jadi | Perdagangan Besar Bahan Konstruksi Dari Logam | Perdagangan Besar Bahan Konstruksi Dari Tanah Liat, Kapur, Semen, Atau Kaca | Perdagangan Besar Semen, Kapur, Pasir, Dan Batu | Perdagangan Besar Cat | Perdagangan Besar Bahan Konstruksi, Perkakas, Perlengkapan Perpipaan, Dan Peralatan Pemanas Lainnya | Perdagangan Besar Mineral Bukan Logam | Perdagangan Besar Mineral Radioaktif | Perdagangan Besar Zat Radioaktif Dan Pembangkit Radiasi 
 Pengion | Perdagangan Besar Bahan Dan Barang Kimia | Perdagangan Besar Pupuk Dan Produk Agrokimia | Perdagangan Besar Bahan Berbahaya (B2) | Perdagangan Eceran Buah-Buahan | Perdagangan Eceran Sayuran | Perdagangan Eceran Hasil Peternakan | Perdagangan Eceran Hasil Perikanan | Perdagangan Eceran Hasil Kehutanan Dan Perburuan | Perdagangan Eceran Hasil Pertanian Lainnya | Perdagangan Eceran Minuman Beralkohol | Perdagangan Eceran Minuman Tidak Beralkohol | Perdagangan Eceran Rokok Dan Tembakau | Perdagangan Eceran Beras | Perdagangan Eceran Roti, Kue Kering, Serta Kue Basah Dan Sejenisnya | Perdagangan Eceran Kopi, Gula Pasir, Gula Merah, Dan Sejenisnya | Perdagangan Eceran Tahu, Tempe, Tauco, Dan Oncom | Perdagangan Eceran Daging Olahan | Perdagangan Eceran Ikan Olahan | Perdagangan Eceran Makanan Lainnya | Perdagangan Eceran Bahan Bakar Di Sarana Pengisian Bahan 
 Bakar | Perdagangan Eceran Bahan Bakar Selain Di Sarana Pengisian 
 Bahan Bakar | Perdagangan Eceran Minyak Pelumas | Perdagangan Eceran Komputer Dan Perlengkapannya | Perdagangan Eceran Peralatan Dan Produk Gim Video Serta 
 Sejenisnya | Perdagangan Eceran Perangkat Lunak (Software) | Perdagangan Eceran Telepon Beserta Aksesorisnya | Perdagangan Eceran Mesin Dan Peralatan Kantor | Perdagangan Eceran Peralatan Audio Dan Video | Perdagangan Eceran Tekstil | Perdagangan Eceran Perlengkapan Rumah Tangga Dari Tekstil | Perdagangan Eceran Perlengkapan Jahit Menjahit | Perdagangan Eceran Bahan Dan Material Konstruksi | Perdagangan Eceran Kaca Lembaran | Perdagangan Eceran Perkakas Dan Peralatan Pertukangan | Perdagangan Eceran Peralatan Keselamatan Dan Gawat Darurat | Perdagangan Eceran Cat, Pernis Dan Lakeri | Perdagangan Eceran Bahan-Bahan Energi Terbarukan | Perdagangan Eceran Karpet, Permadani, Serta Penutup Dinding Dan Lantai | Perdagangan Eceran Furnitur | Perdagangan Eceran Peralatan Listrik Rumah Tangga, Peralatan Penerangan, Dan Perlengkapannya | Perdagangan Eceran Barang Pecah Belah; Perlengkapan Dapur Dan Makan | Perdagangan Eceran Alat Musik | Perdagangan Eceran Peralatan Dan Perlengkapan Rumah Tangga Lainnya Ytdl | Perdagangan Eceran Alat Tulis Menulis Dan Gambar | Perdagangan Eceran Hasil Pencetakan Dan Penerbitan | Perdagangan Eceran Kertas, Kertas Karton, Dan Barang Dari Kertas/Karton | Perdagangan Eceran Peralatan Dan Perlengkapan Olahraga | Perdagangan Eceran Alat Permainan Dan Mainan | Perdagangan Eceran Khusus Barang Kesenian Dan Rekreasi 
 Ytdl | Perdagangan Eceran Pakaian | Perdagangan Eceran Sepatu, Sandal, Dan Alas Kaki Lainnya | Perdagangan Eceran Perlengkapan Pakaian | Perdagangan Eceran Tas, Dompet, Koper, Ransel, Dan Sejenisnya | Perdagangan Eceran Sediaan Farmasi Untuk Manusia Di Apotek | Perdagangan Eceran Sediaan Farmasi Untuk Manusia Selain Di Apotek | Perdagangan Eceran Kosmetik Untuk Manusia | Perdagangan Eceran Alat Kesehatan Untuk Manusia | Perdagangan Eceran Alat Fotografi Dan Perlengkapannya | Perdagangan Eceran Alat Optik Dan Perlengkapannya | Perdagangan Eceran Kacamata | Perdagangan Eceran Jam | Perdagangan Eceran Barang Perhiasan | Perdagangan Eceran Perlengkapan Rumah Tangga Bekas | Perdagangan Eceran Pakaian, Alas Kaki, Dan Perlengkapan Pakaian Bekas | Perdagangan Eceran Barang Perlengkapan Pribadi Bekas | Perdagangan Eceran Barang Listrik Dan Elektronik Bekas | Perdagangan Eceran Bahan Konstruksi Dan Saniter Bekas | Perdagangan Eceran Barang Antik | Perdagangan Eceran Tanaman Dan Bibit Tanaman Kehutanan | Perdagangan Eceran Minyak Tanah | Perdagangan Eceran Lukisan | Perdagangan Eceran Berbagai Macam Mesin Dan Perl"
PERTANIAN;Tanaman Pangan;Pertanian Jagung | Pertanian Serealia Selain Padi Dan Jagung | Pertanian Kedelai | Pertanian Kacang Tanah | Pertanian Kacang Hijau | Pertanian Aneka Kacang Selain Kedelai, Kacang Tanah, Dan Kacang Hijau | Pertanian Biji-Bijian Penghasil Minyak Makan | Pertanian Biji-Bijian Penghasil Minyak Selain Minyak Makan | Pertanian Padi Hibrida | Pertanian Padi Inbrida | Pertanian Sayuran Daun | Pertanian Buah Semusim | Pertanian Sayuran Buah | Pertanian Sayuran Umbi | Pertanian Ubi Kayu | Pertanian Jamur | Pertanian Bit Gula Dan Tanaman Pemanis Selain Tebu | Pertanian Cabai | Pertanian Umbi Lainnya | Pertanian Tebu | Pertanian Tembakau | Pertanian Tanaman Berserat | Pertanian Tanaman Pakan Ternak | Pembenihan Tanaman Pakan Ternak Dan Pembenihan Bit (Bukan Bit Gula) | Pertanian Tanaman Bunga | Pertanian Pembenihan Tanaman Bunga | Pertanian Tanaman Semusim Lainnya Ytdl | Pertanian Buah Anggur | Pertanian Buah-Buahan Tropis Dan Subtropis | Pertanian Buah Jeruk | Pertanian Buah Apel Dan Buah Batu (Pome And Stone Fruits) | Pertanian Buah Beri | Pertanian Sayuran Tahunan | Pertanian Buah Semak Lainnya | Pertanian Kelapa | Pertanian Kelapa Sawit | Pertanian Buah Oleagin Lainnya | Pertanian Kopi | Pertanian Tanaman Teh | Pertanian Kakao | Pertanian Tanaman Untuk Bahan Minuman Lainnya | Pertanian Lada | Pertanian Cengkih | Pertanian Pala | Pertanian Tanaman Aromatik/Penyegar | Pertanian Tanaman Obat Rimpang | Pertanian Tanaman Obat Nonrimpang | Pertanian Tanaman Hias | Jasa Pengolahan Lahan | Jasa Pemupukan | Jasa Pemanenan | Jasa Penyemprotan Dan Penyerbukan Melalui Udara | Jasa Pengendalian Organisme Pengganggu Tumbuhan (Opt) | Jasa Penanaman Benih | Pemilihan Benih Tanaman Untuk Pembiakan | Pemanenan Kayu | Perdagangan Eceran Padi Dan Palawija | Aktivitas Telekomunikasi Dengan Satelit | Pendidikan Kebudayaan;Pembangkitan Tenaga Listrik Dari Sumber Energi Terbarukan;Industri Briket | Industri Kimia Dasar Organik Dari Sumber Daya Alam Hayati | Industri Pupuk Hara Mikro | Industri Pupuk Organik, Pupuk Hayati, Dan Media Tanam | Industri Biostimulan | Pengolahan Dan Penyediaan Air Minum | Penampungan Dan Penyediaan Air Baku | Aktivitas Penunjang Penyediaan Air | Pengumpulan Air Limbah | Pengolahan Dan Pembuangan Air Limbah | Pengumpulan Limbah Atau Sampah Tidak Berbahaya | Pengolahan Sampah Tidak Berbahaya Untuk Menghasilkan Energi | Aktivitas Penangkapan Karbon | Aktivitas Penyimpanan Karbon | Aktivitas Remediasi Dan Pengelolaan Limbah Atau Sampah Lainnya | Konstruksi Konvensional Gedung Hunian | Konstruksi Konvensional Gedung Perkantoran | Perdagangan Besar Gula, Cokelat, Dan Kembang Gula | Perdagangan Besar Komputer Dan Perlengkapan Komputer | Perdagangan Besar Perangkat Lunak | Perdagangan Besar Suku Cadang Elektronik | Perdagangan Besar Mesin Kantor Dan Industri, Suku Cadang, Dan Perlengkapannya | Perdagangan Besar Mesin, Peralatan, Dan Perlengkapan Lainnya Ytdl | Aktivitas Hotel Bintang Lima | Aktivitas Hotel Bintang Empat | Aktivitas Hotel Bintang Tiga | Aktivitas Hotel Bintang Dua | Aktivitas Hotel Bintang Satu | Aktivitas Hotel Nonbintang | Aktivitas Rumah Tinggal Sewa (Homestay) | Aktivitas Hostel Remaja (Youth Hostel) | Aktivitas Vila | Aktivitas Penyediaan Akomodasi Jangka Pendek Lainnya | Aktivitas Penyediaan Bumi Perkemahan, Persinggahan Karavan, Dan Taman Karavan | Aktivitas Jasa Intermediasi Akomodasi | Aktivitas Jasa Manajemen Akomodasi | Penyediaan Akomodasi Lainnya Ytdl;Jasa Penunjang Pertanian Lainnya | Industri Zat Pengatur Tumbuh | Perdagangan Besar Daging Dan Daging Olahan Lainnya | Perdagangan Besar Hasil Perikanan Dan Olahan Terkait | Perdagangan Besar Telur Dan Hasil Olahan Telur | Perdagangan Besar Susu Dan Produk Susu | Perdagangan Besar Minyak Dan Lemak Hewani | Perdagangan Besar Produk Bakeri | Perdagangan Besar Perlengkapan Jahit | Perdagangan Besar Alat Fotografi Dan Barang Optik | Perdagangan Besar Barang Percetakan Dan Penerbitan Dalam Berbagai Bentuk | Perdagangan Besar Peralatan Masak, Peralatan Dapur, Dan Elektronik Rumah Tangga | Perdagangan Besar Peralatan Dan Perlengkapan Olahraga | Perdagangan Besar Alat Musik | Perdagangan Besar Tas, Dompet, Koper, Ransel, Dan Sejenisnya | Perdagangan Besar Berbagai Barang Dan Perlengkapan Rumah Tangga Lainnya Ytdl | Perdagangan Besar Disket, Flash Drive, Pita Audio Dan Video, Serta Cd Dan Dvd Kosong | Perdagangan Besar Suku Cadang Sepeda Motor Dan Aksesorinya | Perdagangan Besar Kaca Lembaran | Perdagangan Besar Bahan Konstruksi Dari Porselen | Aktivitas Hotel Bintang Lima | Aktivitas Hotel Bintang Empat | Aktivitas Hotel Bintang Tiga | Aktivitas Hotel Bintang Dua | Aktivitas Hotel Bintang Satu | Aktivitas Hotel Nonbintang | Aktivitas Rumah Tinggal Sewa (Homestay) | Aktivitas Hostel Remaja (Youth Hostel) | Aktivitas Vila | Aktivitas Penyediaan Akomodasi Jangka Pendek Lainnya | Aktivitas Penyediaan Bumi Perkemahan, Persinggahan Karavan, Dan Taman Karavan | Aktivitas Jasa Intermediasi Akomodasi | Aktivitas Jasa Manajemen Akomodasi | Penyediaan Akomodasi Lainnya Ytdl;-;-;-;-;Pengelolaan Hutan | Pemanfaatan Kayu Hutan | Pembenihan Tanaman Kehutanan | Pemungutan Hasil Hutan Bukan Kayu | Jasa Lingkungan Hutan | Industri Briket | Industri Pupuk Organik, Pupuk Hayati, Dan Media Tanam | Industri Biostimulan | Reparasi Dan Pemeliharaan Peralatan Listrik Lainnya | Reparasi Dan Pemeliharaan Peralatan Lainnya | Pemasangan Perlengkapan Meteorologi, Klimatologi, Dan Geofisika | Aktivitas Penyaluran Tenaga Listrik | Pengoperasian Instalasi Pemanfaatan Tenaga Listrik | Aktivitas Penunjang Tenaga Listrik Lainnya | Pengadaan Uap/Air Panas Dan Udara Dingin | Produksi Es | Aktivitas Broker Dan Agen Penjualan Tenaga Listrik | Produksi Kompos Sampah Organik | Konstruksi Konvensional Gedung Kesehatan | Konstruksi Konvensional Gedung Pendidikan | Konstruksi Jalan Pada Permukaan Tanah | Konstruksi Bangunan Sipil Jembatan, Jalan Layang, Fly Over, Dan Underpass | Konstruksi Jalan Rel | Konstruksi Terowongan | Konstruksi Jaringan Irigasi Dan Drainase | Konstruksi Bangunan Sipil Pengolahan Air Bersih | Konstruksi Bangunan Sipil Elektrikal | Konstruksi Bangunan Sipil Telekomunikasi Untuk Prasarana Transportasi | Konstruksi Sentral Telekomunikasi | Konstruksi Pengeboran/Penggalian Air Tanah | Konstruksi Bangunan Prasarana Sumber Daya Air | Konstruksi Bangunan Sipil Fasilitas Olahraga | Pembongkaran | Pemasangan Jaringan Listrik | Pemasangan Jaringan Telekomunikasi | Pemasangan Sistem Elektronika | Pemasangan Sistem Persinyalan Dan Telekomunikasi Kereta Api | Pemasangan Perlengkapan Jalan Berbasis Listrik | Pemasangan Saluran Air (Plumbing) | Pemasangan Jaringan Penyaluran Gas | Pemasangan Pendingin Dan Ventilasi Udara | Pemasangan Kaca, Pintu, Kusen, Jendela, Dan Sejenisnya | Pengerjaan Lantai, Dinding, Dan Plafon | Pengecatan | Penyelesaian Konstruksi Bangunan Lainnya | Pemasangan Dan Rekayasa Struktur Bangunan | Pemasangan Perancah (Steger) | Pemasangan Rangka Dan Atap/Roof Covering | Pemasangan Kerangka Baja | Penyewaan Alat Konstruksi Dengan Operator | Perdagangan Besar Makanan Dan Minuman Lainnya | Perdagangan Eceran Perlengkapan Pakaian | Perdagangan Eceran Tas, Dompet, Koper, Ransel, Dan Sejenisnya | Perdagangan Eceran Sediaan Farmasi Untuk Manusia Di Apotek | Perdagangan Eceran Sediaan Farmasi Untuk Manusia Selain Di Apotek | Perdagangan Eceran Obat Bahan Alam Untuk Manusia | Perdagangan Eceran Kosmetik Untuk Manusia | Perdagangan Eceran Alat Kesehatan Untuk Manusia | Perdagangan Eceran Alat Fotografi Dan Perlengkapannya | Perdagangan Eceran Alat Optik Dan Perlengkapannya | Perdagangan Eceran Kacamata | Perdagangan Eceran Jam | Perdagangan Eceran Barang Perhiasan | Perdagangan Eceran Barang Antik | Perdagangan Eceran Hewan Ternak Dan Bibit Hewan | Perdagangan Eceran Pakan Ternak/Unggas/Ikan Dan Hewan Kesayangan | Perdagangan Eceran Bunga Potong/Florist | Perdagangan Eceran Pupuk Dan Pemberantas Hama | Perdagangan Eceran Perlengkapan Dan Media Tanaman Hias | Perdagangan Eceran Bahan Kimia | Perdagangan Eceran Bahan Kimia, Aromatik/Penyegar (Minyak Asiri), Dan Bahan Bakar Selain Bahan Bakar Untuk Kendaraan Bermotor Lainnya | Perdagangan Eceran Cendera Mata, Kerajinan, Dan Barang Barang Keagamaan | Perdagangan Eceran Berbagai Macam Mesin Dan Perlengkapannya | Aktivitas Hotel Bintang Lima | Aktivitas Hotel Bintang Empat | Aktivitas Hotel Bintang Tiga | Aktivitas Hotel Bintang Dua | Aktivitas Hotel Bintang Satu | Aktivitas Hotel Nonbintang | Aktivitas Rumah Tinggal Sewa (Homestay) | Aktivitas Hostel Remaja (Youth Hostel) | Aktivitas Vila | Aktivitas Penyediaan Akomodasi Jangka Pendek Lainnya | Aktivitas Penyediaan Bumi Perkemahan, Persinggahan Karavan, Dan Taman Karavan | Aktivitas Jasa Intermediasi Akomodasi | Aktivitas Jasa Manajemen Akomodasi | Penyediaan Akomodasi Lainnya Ytdl | Aktivitas Agen Asuransi | Aktivitas Agen Penjaminan | Aktivitas Penunjang Lainnya Untuk Asuransi, Penjaminan, Dan Dana Pensiun | Aktivitas Penunjang Lainnya Untuk Asuransi, Penjamian, Dan Dana Pensiun Ytdl | Penyewaan Gudang Dan Fasilitas Penyimpanan Mandiri | Pendidikan Olahraga Dan Rekreasi;Pemungutan Kayu | Industri Kimia Dasar Organik Dari Sumber Daya Alam Hayati | Industri Pupuk Hara Mikro | Industri Zat Pengatur Tumbuh | Konstruksi Bangunan Sipil Fasilitas Pengolahan | Perdagangan Besar Bahan Makanan Dan Minuman Hasil Peternakan Dan Perikanan Lainnya | Perdagangan Eceran Obat Farmasi Untuk Hewan | Perdagangan Eceran Obat Tradisional Untuk Hewan | Perdagangan Eceran Kosmetik Untuk Hewan | Perdagangan Eceran Perlengkapan Rumah Tangga Bekas | Perdagangan Eceran Pakaian, Alas Kaki, Dan Perlengkapan Pakaian Bekas | Perdagangan Eceran Barang Perlengkapan Pribadi Bekas | Perdagangan Eceran Barang Listrik Dan Elektronik Bekas | Perdagangan Eceran Barang Bekas Lainnya | Perdagangan Eceran Hewan Kesayangan (Pet Animals) | Perdagangan Eceran Ikan Dan Biota Air Hidup Lainnya | Aktivitas Pialang Asuransi | Aktivitas Broker Penjaminan | Manajemen Investasi Di Perdagangan Berjangka Komoditas | Aktivitas Pengembangan Bangunan Dan Lahan Hunian | Aktivitas Penyewaan Bangunan Dan Lahan Hunian Milik Sendiri Atau Sewa | Pengelolaan Kawasan Pariwisata | Pendidikan Pesantren Lainnya;Pengolahan Dan Pembuangan Limbah Atau Sampah Tidak Berbahaya Lainnya | Aktivitas Hotel Bintang Lima | Aktivitas Hotel Bintang Empat | Aktivitas Hotel Bintang Tiga | Aktivitas Hotel Bintang Dua | Aktivitas Hotel Bintang Satu | Aktivitas Hotel Nonbintang | Aktivitas Rumah Tinggal Sewa (Homestay) | Aktivitas Hostel Remaja (Youth Hostel) | Aktivitas Vila | Aktivitas Penyediaan Akomodasi Jangka Pendek Lainnya | Aktivitas Penyediaan Bumi Perkemahan, Persinggahan Karavan, Dan Taman Karavan | Aktivitas Jasa Intermediasi Akomodasi | Aktivitas Jasa Manajemen Akomodasi | Penyediaan Akomodasi Lainnya Ytdl;Aktivitas Hotel Bintang Lima | Aktivitas Hotel Bintang Empat | Aktivitas Hotel Bintang Tiga | Aktivitas Hotel Bintang Dua | Aktivitas Hotel Bintang Satu | Aktivitas Hotel Nonbintang | Aktivitas Rumah Tinggal Sewa (Homestay) | Aktivitas Hostel Remaja (Youth Hostel) | Aktivitas Vila | Aktivitas Penyediaan Akomodasi Jangka Pendek Lainnya | Aktivitas Penyediaan Bumi Perkemahan, Persinggahan Karavan, Dan Taman Karavan | Aktivitas Jasa Intermediasi Akomodasi | Aktivitas Jasa Manajemen Akomodasi | Penyediaan Akomodasi Lainnya Ytdl;-;-;"nan | Pertanian Tanaman Narkotika Dan Tanaman Obat Terlarang | Pertanian Tanaman Rempah-Rempah Dan Aromatik/Penyegar Lainnya | Pertanian Pohon Karet Dan Tanaman Penghasil Getah Lainnya | Pertanian Tanaman Tahunan Lainnya Ytdl | Penangkaran Tumbuhan Liar | Pembiakan Tanaman Lainnya | Budi Daya Dan Pembibitan Sapi Potong | Budi Daya Dan Pembibitan Sapi Perah | Budi Daya Dan Pembibitan Kerbau Potong | Budi Daya Dan Pembibitan Kerbau Perah | Peternakan Kuda Dan Sejenisnya | Peternakan Unta Dan Sejenisnya | Budi Daya Dan Pembibitan Domba Potong | Budi Daya Dan Pembibitan Kambing Potong | Budi Daya Dan Pembibitan Kambing Perah | Budi Daya Dan Pembibitan Domba Perah | Produksi Bulu Domba Mentah/Raw Wool | Peternakan Babi | Budi Daya Ayam Ras Pedaging | Budi Daya Ayam Ras Petelur | Pembibitan Ayam Lokal Dan Persilangannya | Budi Daya Ayam Lokal Dan Persilangannya | Budi Daya Dan Pembibitan Itik Dan Bebek | Budi Daya Dan Pembibitan Burung Puyuh | Budi Daya Dan Pembibitan Burung Merpati | Pembibitan Ayam Ras | Budi Daya Dan Pembibitan Unggas Lainnya | Budi Daya Dan Pembibitan Burung Unta | Budi Daya Dan Pembibitan Ulat Sutra | Budi Daya Dan Pembibitan Lebah | Budi Daya Dan Pembibitan Rusa | Budi Daya Dan Pembibitan Kelinci | Budi Daya Dan Pembibitan Cacing | Budi Daya Dan Pembibitan Burung Walet | Penangkaran Satwa Liar | Budi Daya Dan Pembibitan Hewan Lainnya | Jasa Perkawinan Ternak | Jasa Penetasan Telur | Jasa Penunjang Peternakan Lainnya | Jasa Pascapanen | Perburuan, Penangkapan, Dan Kegiatan Jasa Terkait | Jasa Penggunaan Kawasan Kehutanan | Jasa Penunjang Kehutanan Lainnya | Penangkapan Ikan Dan Biota Air Lainnya Di Laut | Penangkapan Ikan Dan Biota Air Lainnya Di Perairan Air Tawar | Pembudidayaan Ikan Bersirip (Selain Ikan Hias) Dan Biota Air Laut Lainnya Yang Tidak Dilindungi | Pembudidayaan Ikan Hias Air Laut Yang Tidak Dilindungi | Pembudidayaan Tumbuhan Air Laut Yang Tidak Dilindungi | Pengembangbiakan Ikan Dan Biota Air Laut Yang Dilindungi | Pembudidayaan Ikan Bersirip (Selain Ikan Hias) Dan Biota Air Tawar Lainnya Yang Tidak Dilindungi | Pembudidayaan Ikan Hias Air Tawar Yang Tidak Dilindungi | Pembudidayaan Tumbuhan Air Tawar Yang Tidak Dilindungi | Pengembangbiakan Biota Air Tawar Yang Dilindungi | Pembudidayaan Ikan Bersirip (Selain Ikan Hias) Dan Biota Air Payau Lainnya Yang Tidak Dilindungi | Pembudidayaan Ikan Hias Air Payau Yang Tidak Dilindungi | Pembudidayaan Tumbuhan Air Payau Yang Tidak Dilindungi | Pengembangbiakan Biota Air Payau Yang Dilindungi | Jasa Penunjang Kegiatan Penangkapan Dan Pembudidayaan Ikan | Pertambangan Batu Bara | Benefisiasi Atau Peningkatan Kualitas Batu Bara | Pertambangan Lignit | Pertambangan Minyak Bumi | Pertambangan Gas Alam | Pengusahaan Tenaga Panas Bumi | Pertambangan Pasir Besi | Pertambangan Bijih Besi | Pertambangan Bijih Uranium Dan Torium | Pertambangan Emas Dan Perak | Pertambangan Bijih Logam Mulia Lainnya | Pertambangan Bijih Timah | Pertambangan Bijih Timah Hitam | Pertambangan Bijih Bauksit | Pertambangan Bijih Tembaga | Pertambangan Bijih Nikel | Pertambangan Bijih Mangan | Pertambangan Bahan Galian Lainnya Yang Tidak Mengandung Bijih Besi Ytdl | Penggalian Batu Hias Dan Batu Bangunan | Penggalian Batu Kapur/Gamping | Penggalian Kerikil/Sirtu | Penggalian Pasir | Penggalian Tanah Dan Tanah Liat | Penggalian Gips | Penggalian Tras | Penggalian Batu Apung | Penggalian Batu, Pasir, Dan Tanah Liat Lainnya | Pertambangan Belerang | Pertambangan Fosfat | Pertambangan Nitrat | Pertambangan Yodium | Pertambangan Potash (Kalium Karbonat) | Pertambangan Mineral, Bahan Kimia, Dan Bahan Pupuk Lainnya | Ekstraksi Tanah Gambut | Ekstraksi Garam | Pertambangan Batu Mulia | Penggalian Feldspar Dan Kalsit | Pertambangan Aspal Alam | Penggalian Asbes | Penggalian Kuarsa/Pasir Kuarsa | Pertambangan Bijih Logam Tanah Jarang | Pertambangan Dan Penggalian Lainnya Ytdl | Aktivitas Penunjang Pertambangan Minyak Bumi Dan Gas Alam | AKTIVITAS PENUNJANG PERTAMBANGAN DAN PENGGALIAN LAINNYA | Kegiatan Rumah Potong Hewan Ruminansia | Kegiatan Rumah Potong Babi | Kegiatan Rumah Potong Unggas | Kegiatan Rumah Potong Hewan Lainnya | Pengolahan Dan Pengawetan Daging Dan Produk Daging | Pengolahan Dan Pengawetan Ikan Dengan Penggaraman Atau 
 Pengeringan | Pengolahan Dan Pengawetan Ikan Dengan Pengasapan Atau 
 Pemanggangan | Pengolahan Dan Pengawetan Ikan Dengan Pembekuan | Pengolahan Dan Pengawetan Ikan Dengan Pemindangan | Pengolahan Dan Pengawetan Ikan Dengan Fermentasi | Pengolahan Dan Pengawetan Ikan Dengan Pelumatan | Pengolahan Dan Pengawetan Ikan Dengan Pengalengan | Pengolahan Dan Pengawetan Ikan Menjadi Produk Olahan | Pengolahan Dan Pengawetan Ikan Dengan Metode Lainnya | Pengolahan Dan Pengawetan Biota Air Lainnya Dengan 
 Penggaraman Atau Pengeringan | Pengolahan Dan Pengawetan Biota Air Lainnya Dengan 
 Pengasapan Atau Pemanggangan | Pengolahan Dan Pengawetan Biota Air Lainnya Dengan 
 Pembekuan | Pengolahan Dan Pengawetan Biota Air Lainnya Dengan 
 Pemindangan | Pengolahan Dan Pengawetan Biota Air Lainnya Dengan 
 Fermentasi | Pengolahan Dan Pengawetan Biota Air Lainnya Dengan 
 Pelumatan | Pengolahan Dan Pengawetan Biota Air Lainnya Dengan 
 Pengalengan | Pengolahan Dan Pengawetan Rumput Laut | Pengolahan Dan Pengawetan Biota Air Lainnya Dengan Metode 
 Lainnya | Pengasinan Buah-Buahan Dan Sayuran | Pelumatan Buah-Buahan Dan Sayuran | Pengeringan Buah-Buahan Dan Sayuran | Pembekuan Buah-Buahan Dan Sayuran | Pengalengan Buah-Buahan Dan Sayuran | Pengolahan Sari Buah-Buahan Dan Sayuran | Pembuatan Tempe Kedelai | Pembuatan Tahu Kedelai | Pengolahan Dan Pengawetan Lainnya Untuk Buah-Buahan Dan Sayuran | Industri Minyak Mentah Dan Lemak Nabati Bukan Kelapa Dan Kelapa Sawit | Industri Margarin | Industri Minyak Mentah Dan Lemak Dari Hewan Selain Ikan | Industri Minyak Ikan | Industri Minyak Goreng Dan Minyak Makan Bukan Minyak Kelapa Dan Minyak Kelapa Sawit | Industri Minyak Mentah Dan Lemak Nabati Dan Hewani Bukan Kelapa Dan Kelapa Sawit Lainnya | Industri Kopra | Industri Minyak Mentah Kelapa | Industri Minyak Goreng Kelapa | Industri Minyak Mentah Kelapa Sawit (Crude Palm Oil) | Industri Minyak Mentah Inti Kelapa Sawit (Crude Palm Kernel Oil) | Industri Pemisahan/Fraksinasi Minyak Mentah Kelapa Sawit Dan Minyak Mentah Inti Kelapa Sawit | Industri Pemurnian Minyak Mentah Kelapa Sawit Dan Minyak Mentah Inti Kelapa Sawit | Industri Pemisahan/Fraksinasi Minyak Murni Kelapa Sawit | Industri Pemisahan/Fraksinasi Minyak Murni Inti Kelapa Sawit | Industri Minyak Goreng Kelapa Sawit | Industri Susu Segar Dan Krim | Industri Susu Bubuk Dan Susu Kental | Industri Es Krim | Industri Es Yang Dapat Dimakan Dan Es Pencuci Mulut | Industri Produk Susu Lainnya | Industri Produk Gilingan Gandum (Selain Tepung Terigu) Dan Serelia Selain Beras Dan Jagung | Industri Produk Gilingan Aneka Kacang | Industri Produk Gilingan Aneka Umbi, Tanaman Rimpang, Dan Sayuran | Industri Tepung Campuran Dan Adonan Tepung | Industri Makanan Sereal | Industri Tepung Terigu | Industri Pati Ubi Kayu | Industri Berbagai Macam Pati Palem | Industri Glukosa Dan Sejenisnya | Industri Pati Dan Produk Pati Lainnya | Industri Penggilingan Padi Dan Penyosohan Beras | Industri Pemipilan Jagung | Industri Tepung Beras Dan Tepung Jagung | Industri Pati Beras Dan Jagung | Industri Pemanis Dari Beras Dan Jagung | Industri Minyak Dari Beras Dan Jagung | Industri Produk Bakeri | Industri Gula Pasir | Industri Gula Merah | Industri Sirop | Industri Gula Lainnya | Industri Pengolahan Kakao; Industri Cokelat Dan Kembang Gula | Industri Pengolahan Kakao | Industri Cokelat Dan Kembang Gula Dari Cokelat | Industri Manisan Buah-Buahan Dan Sayuran Kering | Industri Kembang Gula Lainnya | Industri Makaroni, Mi, Couscous, Dan Produk Sejenisnya | Industri Makanan Dan Masakan Olahan | Pengolahan Kopi | Pengolahan Te | Industri Kecap | Industri Garam Konsumsi Beryodium | Industri Garam Industri Aneka Pangan | Industri Bumbu Masakan Lainnya | Industri Makanan Bayi Dan Makanan Khusus | Industri Kue Basah | Industri Produk Makanan Dari Kelapa | Industri Kerupuk, Keripik, Peyek, Dan Sejenisnya | Industri Sari Nabati Dan Krimer Nabati | Industri Dodol | Industri Infusi Herbal/Herb Infusion | Industri Bahan Makanan Dari Rumput Laut | Industri Produk Makanan Lainnya Ytdl | Industri Ransum Pakan Hewan | Industri Konsentrat Pakan Hewan | Industri Penyulingan, Pemurnian, Dan Pencampuran Minuman Beralkohol | Industri Minuman Beralkohol Hasil Fermentasi Anggur Dan Hasil Pertanian Lainnya | Industri Minuman Beralkohol Hasil Fermentasi Malt | Industri Malt | Industri Air Kemasan | Industri Air Minum Isi Ulang | Industri Minuman Ringan | Industri Minuman Lainnya | Industri Sigaret Kretek Tangan | Industri Sigaret Kretek Mesin | Industri Rokok Putih | Industri Pengeringan Dan Pengolahan Tembakau | Industri Bumbu Rokok | Industri Produk Tembakau Lainnya | Persiapan Serat Tekstil | Pemintalan Benang Selain Benang Jahit | Pemintalan Benang Jahit | Pertenunan Tekstil Dengan Mesin | Pertenunan Tekstil Bukan Dengan Mesin | Penyempurnaan Benang | Penyempurnaan Basah Kain | Industri Kain Batik | Penyempurnaan Tekstil Lainnya | Industri Kain Rajutan | Industri Kain Crocheted | Industri Bulu Tiruan Rajutan | Industri Barang Tekstil Untuk Keperluan Rumah Tangga | Industri Barang Tekstil Dengan Bahan Pengisi | Industri Karung Goni | Industri Karung Selain Karung Goni | Industri Barang Tekstil Bukan Pakaian Jadi Lainnya | Industri Karpet Dan Permadani | Industri Tali | Industri Barang Dari Tali | Industri Kain Narrow | Industri Kain Yang Dilapisi Dan Sejenisnya | Industri Kain Nirtenun/Nonwoven | Industri Kain Ban | Industri Kapuk | Industri Kain Tule, Kain Jaring, Dan Kain Bordir | Industri Tekstil Lainnya Ytdl | Industri Pakaian Jadi (Konfeksi) Dari Tekstil | Industri Pakaian Jadi (Konfeksi) Dari Kulit Dan Tiruan Kulit | Industri Penjahitan Dan Pembuatan (Bukan Konfeksi) Pakaian Sesuai Pesanan/Kustomisasi | Industri Perlengkapan Pakaian Dari Tekstil | Industri Perlengkapan Pakaian Dari Kulit Dan Tiruan Kulit | Industri Barang Dari Kulit Berbulu | Industri Pakaian Jadi Dan Perlengkapannya Dari Rajutan Dan Crocheted | Industri Hosiery Rajutan Dan Crocheted | Penyamakan Kulit | Pewarnaan Kulit Berbulu | Industri Kulit Komposisi | Industri Koper, Tas Tangan, Dan Sejenisnya | Industri Pelana, Alat Pengekang/Harness, Dan Barang Lainnya Untuk Hewan | Industri Barang Lainnya Dari Kulit Dan Kulit Komposisi | Industri Alas Kaki Untuk Keperluan Sehari-Hari | Industri Sepatu Olahraga | Industri Sepatu Teknik Lapangan/Keperluan Industri | Industri Alas Kaki Lainnya | Penggergajian Dan Penghalusan Kayu | Pengawetan Kayu | Pengawetan Rotan, Bambu, Dan Sejenisnya | Pengolahan Rotan | Industri Partikel Kayu Dan Sejenisnya | Industri Kayu Lapis | Industri Venir | Industri Kayu Laminasi | Industri Panel Kayu Lainnya | Industri Barang Bangunan Dari Kayu | Industri Bangunan Prafabrikasi Dari Kayu Dan Sejenisnya | Industri Wadah Dari Kayu | Industri Barang Anyaman Dari Rotan Dan Bambu | Industri Barang Anyaman Dari Tanaman Selain Rotan Dan Bambu | Industri Kerajinan Ukiran Dari Kayu Bukan Furnitur | Industri Alat Dapur Dan Alat Makan Dari Kayu, Rotan, Dan Bambu | Industri Kayu Bakar Dan Pelet Dari Kayu Dan Biomassa Lainnya | Industri Barang Lainnya Dari Kayu; Industri Barang Dari Gabus, Jerami, Rotan, Bambu, Dan Sejenisnya Ytdl | Industri Bubur Kertas (Pulp) | Industri Kertas Budaya | Industri Kertas Berharga | Industri Kertas Khusus | Industri Kertas Lainnya | Industri Kertas Dan Papan Kertas Bergelombang | Industri Kemasan Dan Kotak Dari Kertas Dan Karton | Industri Kertas Tisu | Industri Barang Dari Kertas Dan Papan Kertas Lainnya Ytdl | Pencetakan Umum | Pencetakan Khusus | Pencetakan Tiga Dimensi (3d) | Kegiatan Jasa Penunjang Pencetakan | Reproduksi Media Rekaman Suara Dan Perangkat Lunak | Reproduksi Media Rekaman Film Dan Video | Industri Produk Tanur Kokas | Industri Bahan Bakar Dari Pemurnian Dan Pengilangan Minyak Bumi | Industri Minyak Pelumas | Industri Produk Dari Bahan Limbah Minyak Pelumas | Industri Minyak Pelumas Dasar (Bahan Baku Pelumas) | Industri Produk Dari Pencampuran Hasil Kilang Minyak Bumi Dengan Biofuel | Industri Produk Lainnya Dari Hasil Kilang Minyak Bumi | Industri Asam, Basa, Dan Garam Anorganik | Industri Gas Industri | Industri Kimia Dasar Zat Warna Dan Pigmen | Industri Kimia Dasar Radioaktif | Industri Kimia Dasar Dari Minyak Bumi, Gas Alam, Dan Batu Bara | Industri Kimia Dasar Anorganik Lainnya | Industri Senyawa Nitrogen; Pupuk Nitrogen, Fosfat, Dan Kalium | Industri Pupuk Hara Makro Primer Lainnya | Industri Damar Buatan (Resin Sintetis) Dan Bahan Baku Plastik | Industri Karet Buatan | Industri Bahan Baku Pemberantas Hama (Bahan Aktif) | Industri Pemberantas Hama (Formulasi) | Industri Cat | Industri Pernis | Industri Dempul | Industri Sediaan Pewarna Dan Pelapis Lainnya | Industri Bahan Dan Produk Pembersih | Industri Kosmetik Untuk Manusia, Cairan Lensa Kontak | Industri Kosmetik Untuk Hewan | Industri Perekat Gigi | Industri Parfum Sesuai Pesanan | Industri Perekat/Lem | Industri Bahan Peledak | Industri Tinta | Industri Minyak Asiri Hulu | Industri Korek Api | Industri Minyak Asiri Rantai Tengah | Industri Biofuel Cair | Industri Cairan Rokok Elektrik | Industri Barang Kimia Lainnya Ytdl | Industri Serat Filamen Dan Strip Buatan | Industri Serat Stapel Buatan | Industri Bahan Baku Farmasi Untuk Manusia | Industri Produk Farmasi Untuk Manusia | Industri Produk Farmasi Untuk Hewan | Industri Bahan Baku Farmasi Untuk Hewan | Industri Alat Diagnosis Medis, Perban, Kasa, Dan Penunjang Kesehatan Lainnya | Industri Bahan Baku Obat Bahan Alam Untuk Manusia | Industri Produk Obat Bahan Alam Untuk Manusia | Industri Produk Obat Bahan Alam Untuk Hewan | Industri Bahan Baku Obat Bahan Alam Untuk Hewan | Industri Ban Luar Dan Ban Dalam | Industri Pembentukan Kembali Ban Dan Vulkanisasi Ban | Industri Karet Asap | Industri Karet Lembaran Dan Crepe Rubber | Industri Karet Remah (Crumb Rubber) | Industri Karet Setengah Jadi Lainnya | Industri Barang Dari Karet Untuk Keperluan Rumah Tangga | Industri Barang Dari Karet Untuk Keperluan Industri | Industri Barang Dari Karet Untuk Keperluan Infrastruktur | Industri Barang Dari Karet Untuk Kesehatan | Industri Barang Lainnya Dari Karet Ytdl | Industri Barang Dari Plastik Untuk Bangunan | Industri Barang Dari Plastik Dan Bioplastik Untuk Pengemasan | Industri Pipa Plastik Dan Perlengkapannya | Industri Plastik Lembaran | Industri Perlengkapan Dan Peralatan Rumah Tangga Dari Plastik (Tidak Termasuk Furnitur) | Industri Barang Dan Peralatan Teknik/Industri Dari Plastik | Industri Barang Lainnya Dari Plastik | Industri Kaca Lembaran | Industri Kaca Pengaman | Industri Kaca Lainnya | Industri Perlengkapan Dan Peralatan Rumah Tangga Dari Kaca | Industri Peralatan Laboratorium Dan Kesehatan Dari Kaca | Industri Produk Lainnya Dari Kaca | Industri Bata, Mortar, Semen, Dan Sejenisnya Yang Tahan Api | Industri Produk Refraktori (Tahan Api) Lainnya | Industri Batu Bata Dari Tanah Liat Atau Keramik | Industri Genteng Dari Tanah Liat Atau Keramik | Industri Bahan Bangunan Lainnya Dari Tanah Liat Atau Keramik | Industri Perlengkapan Rumah Tangga Dari Porselen | Industri Perlengkapan Rumah Tangga Dari Tanah Liat Atau Keramik | Industri Alat Laboratorium Dan Alat Listrik Atau Teknik Dari Porselen | Industri Peralatan Sanitasi Dari Porselen | Industri Peralatan Sanitasi Dari Tanah Liat Atau Keramik | Industri Produk Bukan Bahan Bangunan Lainnya Dari Tanah Liat Atau Keramik Dan Porselen | Industri Semen | Industri Kapur | Industri Gips | Industri Barang Dari Semen | Industri Barang Dari Kapur | Industri Barang Dari Gips | Industri Barang Dari Asbes | Industri Mortar, Acian, Dan Beton Siap Pakai | Industri Barang Dari Batu Marmer | Industri Barang Dari Batu Granit | Industri Barang Dari Batu Lainnya | Industri Produk Abrasif | Industri Batuan Aspal Dan Barang Dari Aspal Atau Material Sejenis | Industri Produk Hasil Pemurnian Mineral Nonlogam | Industri Produk Mineral Nonlogam Lainnya Ytdl | Industri Besi Dan Baja Dasar | Penggilingan Baja | Industri Pipa Dan Sambungan Pipa Dari Besi Dan Baja | Industri Logam Dasar Mulia | Industri Logam Dasar Bukan Besi Lainnya | Penggilingan Logam Bukan Besi | Ekstrusi Logam Bukan Besi | Industri Pipa Dan Sambungan Pipa Dari Logam Bukan Besi Dan Baja | Industri Bahan Bakar Nuklir | Pengecoran Besi Dan Baja | Pengecoran Logam Bukan Besi Dan Baja | Industri Produk Logam Struktural Bukan Aluminium Untuk Konstruksi Ringan | Industri Produk Logam Struktural Aluminium Untuk Konstruksi Ringan | Industri Produk Logam Struktural Baja Untuk Konstruksi Berat | Industri Produk Logam Struktural Lainnya | Industri Tangki, Tandon Air, Dan Wadah Sejenisnya Dari Logam | Industri Generator Uap Bukan Ketel Pemanas | Industri Senjata Dan Amunisi | Penempaan, Pengepresan, Pencetakan, Dan Pembentukan Logam; Metalurgi Bubuk | Pengerjaan Dan Pelapisan Logam | Industri Perkakas Tangan | Industri Alat Potong | Industri Alat Makan Dari Logam | Industri Peralatan Umum | Industri Ember, Kaleng, Drum Dan Wadah Sejenisnya Dari Logam | Industri Barang Dari Kawat Logam Bukan Kabel | Industri Paku, Mur, Dan Baut Logam | Industri Brankas, Filling Kantor, Dan Sejenisnya | Industri Peralatan Dapur Dan Peralatan Meja Dari Logam | Industri Produk Rumah Tangga Dari Logam Bukan Peralatan Dapur Dan Peralatan Meja | Industri Profil Logam | Industri Lampu Dari Logam | Industri Produk Logam Lainnya Ytdl | Industri Sel Surya, Panel Surya, Dan Inverter Fotovoltaik | Industri Tabung Elektron Dan Konektor Elektronik | Industri Komponen Dan Papan Elektronik Lainnya Ytdl | Industri Komputer Dan Perakitan Komputer | Industri Perlengkapan Komputer | Industri Peralatan Telepon Dan Faksimili | Industri Peralatan Komunikasi Tanpa Kabel (Wireless) | Industri Kartu Cerdas (Smart Card) | Industri Peralatan Komunikasi Lainnya | Industri Televisi, Monitor Televisi, Dan Displai | Industri Peralatan Perekam, Penerima, Dan Pengganda Audio Dan Video, Bukan Televisi | Industri Peralatan Audio Dan Video Elektronik Lainnya | Industri Alat Ukur Dan Alat Uji Manual | Industri Alat Ukur Dan Alat Uji Elektrik | Industri Alat Ukur Dan Alat Uji Elektronik | Industri Alat Ukur, Alat Uji, Dan Peralatan Navigasi Dan Kontrol Lainnya | Industri Alat Ukur Waktu | Industri Peralatan Iradiasi, Perlengkapan, Dan Sejenisnya | Industri Peralatan Elektromedik Dan Elektroterapi | Industri Peralatan Fotografi | Industri Peralatan Sinematografi | Industri Lensa Bukan Kacamata | Industri Peralatan Fotografi Dan Instrumen Optik Bukan Kacamata Lainnya | Industri Media Magnetik Dan Media Optik | Industri Motor Listrik | Industri Generator Pembangkit Listrik | Industri Pengubah Tegangan/Transformator Dan Pengubah Arus/Rectifier | Industri Peralatan Pengontrol Dan Pendistribusian Listrik | Industri Batu Baterai | Industri Akumulator Listrik | Industri Baterai Kendaraan Listrik | Industri Kabel Serat Optik | Industri Kabel Dan Kawat Listrik Dan Elektronik Lainnya | Industri Perlengkapan Kabel | Industri Bola Lampu Pijar, Lampu Sorot, Dan Lampu Ultraviolet | Industri Lampu Gas Dan Discharge | Industri Peralatan Penerangan Untuk Kendaraan | Industri Lampu Led | Industri Peralatan Penerangan Lainnya | Industri Peralatan Listrik Rumah Tangga | Industri Peralatan Elektrotermal Rumah Tangga | Industri Peralatan Rumah Tangga Bukan Listrik | Industri Peralatan Listrik Lainnya | Industri Mesin Uap, Turbin, Dan Kincir | Industri Motor Pembakaran Dalam | Industri Komponen Dan Suku Cadang Mesin Dan Turbin | Industri Peralatan Tenaga Zat Cair Dan Gas | Industri Pompa Lainnya, Kompresor, Keran, Dan Klep/Katup | Industri Bearing, Roda Gigi, Dan Elemen Penggerak Mesin | Industri Oven, Perapian Dan Tungku Pembakar Sejenis Yang Tidak Menggunakan Arus Listrik | Industri Oven, Perapian Dan Tungku Pembakar Sejenis Yang Menggunakan Arus Listrik | Industri Alat Pengangkat Dan Pemindah | Industri Mesin Kantor Dan Akuntansi Manual | Industri Mesin Kantor Dan Akuntansi Elektrik | Industri Mesin Kantor Dan Akuntansi Elektronik | Industri Peralatan Kantor | Industri Perkakas Tangan Yang Digerakkan Tenaga | Industri Mesin Untuk Pembungkus, Pembotolan, Dan Pengalengan | Industri Mesin Timbangan | Industri Mesin Pendingin | Industri Mesin Untuk Keperluan Umum Lainnya Ytdl | Industri Mesin Pertanian Dan Kehutanan | Industri Mesin Dan Perkakas Mesin Untuk Pengerjaan Logam Dan Bahan Lainnya | Industri Mesin Metalurgi | Industri Mesin Penambangan, Penggalian Dan Konstruksi | Industri Mesin Pengolahan Makanan, Minuman Dan Tembakau | Industri Mesin Jahit, Mesin Cuci, Dan Mesin Pengering Untuk Keperluan Niaga | Industri Mesin Tekstil | Industri Mesin Penyiapan Dan Pembuatan Produk Kulit | Industri Mesin Percetakan | Industri Mesin Pabrik Kertas | Industri Mesin Keperluan Khusus Lainnya Ytdl | Industri Kendaraan Bermotor Roda Empat Atau Lebih | Industri Karoseri Kendaraan Bermotor Roda Empat Atau Lebih; Industri Trailer Dan Semitrailer | Industri Suku Cadang Dan Aksesori Kendaraan Bermotor Roda Empat Atau Lebih | Industri Kendaraan Air Dan Bawah Air Berawak | Industri Bangunan Lepas Pantai Dan Bangunan Terapung | Industri Kendaraan Air Dan Bawah Air Tanpa Awak | Industri Kapal Dan Perahu Untuk Tujuan Wisata Atau Rekreasi Dan Olahraga | Industri Lokomotif Dan Gerbong Kereta | Industri Pesawat Udara Berawak Dan Mesin Terkait | Industri Pesawat Udara Tanpa Awak Dan Mesin Terkait | Industri Wahana Antariksa Dan Mesin Terkait | Industri Kendaraan Tempur Militer | Industri Sepeda Motor Roda Dua Dan Tiga | Industri Komponen Dan Perlengkapan Sepeda Motor Roda Dua Dan Tiga | Industri Sepeda Dan Kursi Roda Termasuk Becak | Industri Perlengkapan Sepeda Dan Kursi Roda Termasuk Becak | Industri Alat Angkutan Lainnya Ytdl | Industri Furnitur Dari Kayu | Industri Furnitur Dari Rotan Dan Bambu | Industri Furnitur Dari Plastik | Industri Furnitur Dari Logam | Industri Furnitur Dari Bahan Lainnya Ytdl | Industri Permata | Industri Perhiasan Dari Logam Mulia | Industri Barang Berharga Dari Logam Mulia Bukan Perhiasan | Industri Perhiasan Dari Mutiara | Industri Barang Berharga Lainnya Dari Logam Mulia | Industri Perhiasan Imitasi Dan Barang Sejenis | Industri Alat Musik Tradisional | Industri Alat Musik Nontradisional | Industri Peralatan Dan Perlengkapan Olahraga | Industri Alat Permainan | Industri Mainan Termasuk Drone Rekreasi | Industri Peralatan Kedokteran Dan Kedokteran Gigi Serta Perlengkapannya | Industri Furnitur Untuk Operasi, Perawatan Kedokteran, Dan Kedokteran Gigi | Industri Peralatan Kedokteran Dan Kedokteran Gigi, Serta Perlengkapan Ortopedi Dan Prostetik | Industri Kacamata | Industri Peralatan Kedokteran Dan Kedokteran Gigi, Serta Perlengkapan Lainnya | Industri Alat Tulis Dan Gambar Termasuk Perlengkapannya | Industri Pita Mesin Tulis Atau Gambar | Industri Kerajinan Ytdl | Reparasi Dan Pemeliharaan Produk Logam Struktural, Tangki, Tandon Air, Dan Generator Uap | Reparasi Dan Pemeliharaan Produk Senjata Dan Amunisi | Reparasi Dan Pemeliharaan Produk Logam Pabrikasi Lainnya | Reparasi Dan Pemeliharaan Mesin Untuk Keperluan Umum | Reparasi Dan Pemeliharaan Mesin Untuk Keperluan Khusus | Reparasi Dan Pemeliharaan Alat Ukur, Alat Uji, Serta Peralatan Navigasi Dan Pengontrol | Reparasi Dan Pemeliharaan Peralatan Iradiasi, Elektromedik, Dan Elektroterapi | Reparasi Dan Pemeliharaan Peralatan Fotografi Dan Optik | Reparasi Dan Pemeliharaan Motor Listrik, Generator, Dan Transformator | Reparasi Dan Pemeliharaan Baterai Dan Akumulator Listrik | Reparasi Dan Pemeliharaan Kapal, Perahu, Dan Bangunan Terapung | Reparasi Dan Pemeliharaan Lokomotif Dan Gerbong Kereta | Reparasi Dan Pemeliharaan Pesawat Udara | Reparasi Dan Pemeliharaan Alat Angkutan Lainnya, Bukan Kendaraan Bermotor | Instalasi/Pemasangan Dan Perangkaian/Integrasi Mesin, Peralatan, Dan Sistem Industri | Pembongkaran Mesin, Peralatan, Dan Sistem Industri | Pembangkitan Tenaga Listrik Dari Sumber Energi Tidak Terbarukan Yang Menghasilkan Emisi | Pembangkitan Tenaga Listrik Dari Sumber Energi Tidak Terbarukan Yang Tidak Menghasilkan Emisi | Aktivitas Penyimpanan Tenaga Listrik | Pengoperasian Fasilitas Atau Stasiun Pengisian Daya Untuk Kendaraan Dan Peralatan Listrik | Penyediaan Tenaga Listrik Dalam Satu Kesatuan Usaha | Pengoperasian Instalasi Penyediaan Tenaga Listrik | Produksi Gas Alam Dan Buatan | Distribusi Gas Alam Dan Buatan Melalui Jaringan | Aktivitas Broker Dan Agen Penjualan Gas Alam | Pengumpulan Limbah Berbahaya Selain Limbah Radiokatif | Pengumpulan Limbah Radioaktif | Pengolahan Dan Pembuangan Limbah Atau Sampah Berbahaya Selain Limbah Radioaktif | Pengolahan Dan Pembuangan Limbah Radioaktif | Pemulihan Material Barang Logam | Pemulihan Material Barang Plastik | Pemulihan Material Lainnya | Konstruksi Konvensional Gedung Industri | Konstruksi Konvensional Gedung Perbelanjaan | Konstruksi Konvensional Gedung Penginapan | Konstruksi Konvensional Gedung Hiburan Dan Olahraga | Konstruksi Konvensional Gedung Lainnya | Konstruksi Prapabrikasi Bangunan Gedung | Konstruksi Bangunan Sipil Sistem Pengolahan Limbah | Konstruksi Proyek Utilitas Lainnya | Konstruksi Bangunan Pelabuhan Bukan Perikanan | Konstruksi Bangunan Pelabuhan Perikanan | Konstruksi Reservoir Pembangkit Listrik Tenaga Air | Konstruksi Bangunan Sipil Pelindung Pantai | Konstruksi Bangunan Sipil Prasarana Perairan Dan Sejenis Lainnya | Konstruksi Bangunan Sipil Minyak Dan Gas Bumi | Konstruksi Bangunan Sipil Pertambangan | Konstruksi Bangunan Sipil Panas Bumi | Konstruksi Bangunan Sipil Fasilitas Militer Dan Bandar Antariksa | Konstruksi Bangunan Sipil Fasilitas Sumber Radiasi Pengion | Konstruksi Bangunan Sipil Reaktor Nuklir | Konstruksi Bangunan Sipil Lainnya Ytdl | Penyiapan Lahan | Pemasangan Sistem Navigasi Laut, Sungai, Dan Udara | Pemasangan Sistem Pemanas Dan Geotermal | Pemasangan Perlengkapan Mekanikal Bangunan | Pemasangan Konstruksi Lainnya Ytdl | Jasa Intermediasi Konstruksi Khusus | Konstruksi Khusus Lainnya Ytdl | Perdagangan Besar Atas Dasar Balas Jasa (Fee) Atau Kontrak | Perdagangan Besar Padi Dan Palawija | Perdagangan Besar Buah Yang Mengandung Minyak | Perdagangan Besar Bunga Dan Tanaman Hias | Perdagangan Besar Tembakau Rajangan | Perdagangan Besar Binatang Hidup | Perdagangan Besar Ikan Dan Biota Air Hidup Lainnya | Perdagangan Besar Hasil Kehutanan Dan Perburuan | Perdagangan Besar Kulit | Perdagangan Besar Hasil Pertanian Dan Hewan Hidup Lainnya | Perdagangan Besar Beras | Perdagangan Besar Buah-Buahan | Perdagangan Besar Sayuran | Perdagangan Besar Kopi, Teh, Dan Kakao | Perdagangan Besar Minyak Dan Lemak Nabati | Perdagangan Besar Bahan Makanan Dan Minuman Hasil Pertanian Lainnya | Perdagangan Besar Daging Sapi Dan Daging Sapi Olahan | Perdagangan Besar Daging Ayam Dan Daging Ayam Olahan | Perdagangan Besar Minuman Beralkohol | Perdagangan Besar Minuman Nonalkohol Bukan Susu | Perdagangan Besar Rokok Dan Tembakau | Perdagangan Besar Tekstil | Perdagangan Besar Pakaian | Perdagangan Besar Alas Kaki | Perdagangan Besar Barang Jadi Tekstil | Perdagangan Besar Furnitur, Karpet, Perlengkapan Pencahayaan Untuk Rumah Tangga, Perkantoran, Dan Pertokoan | Perdagangan Besar Sediaan Farmasi Untuk Manusia | Perdagangan Besar Sediaan Farmasi Untuk Hewan | Perdagangan Besar Alat Tulis Dan Gambar | Perdagangan Besar Perhiasan Dan Jam | Perdagangan Besar Alat Permainan Dan Mainan | Perdagangan Besar Peralatan Telekomunikasi | Perdagangan Besar Mesin, Peralatan Dan Perlengkapan Pertanian | Perdagangan Besar Alat Transportasi Laut, Suku Cadang, Dan Perlengkapannya | Perdagangan Besar Alat Transportasi Darat (Bukan Mobil, Sepeda Motor, Dan Sejenisnya), Suku Cadang, Dan Perlengkapannya | Perdagangan Besar Alat Transportasi Udara, Suku Cadang Dan Perlengkapannya | Perdagangan Besar Mobil Baru | Perdagangan Besar Mobil Bekas | Perdagangan Besar Suku Cadang Dan Aksesori Mobil | Perdagangan Besar Sepeda Motor Baru | Perdagangan Besar Sepeda Motor Bekas | Perdagangan Besar Bahan Bakar Padat, Cair, Dan Gas Beserta Produk Terkait | Perdagangan Besar Bijih Dan Konsentrat Logam | Perdagangan Besar Produk Logam Setengah Jadi | Perdagangan Besar Bahan Konstruksi Dari Logam | Perdagangan Besar Bahan Konstruksi Dari Tanah Liat, Kapur, Semen, Atau Kaca | Perdagangan Besar Semen, Kapur, Pasir, Dan Batu | Perdagangan Besar Bahan Konstruksi Dari Kayu | Perdagangan Besar Cat | Perdagangan Besar Berbagai Macam Material Bangunan | Perdagangan Besar Bahan Konstruksi, Perkakas, Perlengkapan Perpipaan, Dan Peralatan Pemanas Lainnya | Perdagangan Besar Mineral Bukan Logam | Perdagangan Besar Mineral Radioaktif | Perdagangan Besar Zat Radioaktif Dan Pembangkit Radiasi 
 Pengion | Perdagangan Besar Bahan Dan Barang Kimia | Perdagangan Besar Pupuk Dan Produk Agrokimia | Perdagangan Besar Bahan Berbahaya (B2) | Perdagangan Besar Alat Kesehatan Dan Laboratorium Untuk 
 Manusia | Perdagangan Besar Alat Kesehatan Untuk Hewan | Perdagangan Besar Karet Dan Plastik Dalam Bentuk Dasar | Perdagangan Besar Kertas Dan Karton | Perdagangan Besar Barang Dari Kertas Dan Karton | Perdagangan Besar Barang Bekas Dan Skrap | Perdagangan Besar Produk Lainnya Ytdl | Perdagangan Besar Berbagai Macam Barang Di Grosir/Perkulakan Swalayan | Perdagangan Besar Berbagai Macam Barang Selain Di 
 Grosir/Perkulakan Swalayan | Perdagangan Eceran Berbagai Macam Barang Yang Utamanya 
 Makanan, Minuman, Atau Tembakau Dengan Sistem Swalayan | Perdagangan Eceran Berbagai Macam Barang Yang Utamanya 
 Makanan, Minuman, Atau Tembakau Selain Dengan Sistem 
 Swalayan | Perdagangan Eceran Berbagai Macam Barang Yang Utamanya 
 Bukan Makanan, Minuman, Atau Tembakau Dengan Sistem 
 Swalayan | Perdagangan Eceran Berbagai Macam Barang Yang Utamanya 
 Bukan Makanan, Minuman, Atau Tembakau Selain Dengan Sistem 
 Swalayan | Perdagangan Eceran Buah-Buahan | Perdagangan Eceran Sayuran | Perdagangan Eceran Hasil Peternakan | Perdagangan Eceran Hasil Perikanan | Perdagangan Eceran Hasil Kehutanan Dan Perburuan | Perdagangan Eceran Hasil Pertanian Lainnya | Perdagangan Eceran Minuman Beralkohol | Perdagangan Eceran Minuman Tidak Beralkohol | Perdagangan Eceran Rokok Dan Tembakau | Perdagangan Eceran Beras | Perdagangan Eceran Roti, Kue Kering, Serta Kue Basah Dan Sejenisnya | Perdagangan Eceran Kopi, Gula Pasir, Gula Merah, Dan Sejenisnya | Perdagangan Eceran Tahu, Tempe, Tauco, Dan Oncom | Perdagangan Eceran Daging Olahan | Perdagangan Eceran Ikan Olahan | Perdagangan Eceran Makanan Lainnya | Perdagangan Eceran Bahan Bakar Di Sarana Pengisian Bahan 
 Bakar | Perdagangan Eceran Bahan Bakar Selain Di Sarana Pengisian 
 Bahan Bakar | Perdagangan Eceran Minyak Pelumas | Perdagangan Eceran Komputer Dan Perlengkapannya | Perdagangan Eceran Peralatan Dan Produk Gim Video Serta 
 Sejenisnya | Perdagangan Eceran Perangkat Lunak (Software) | Perdagangan Eceran Telepon Beserta Aksesorisnya | Perdagangan Eceran Mesin Dan Peralatan Kantor | Perdagangan Eceran Peralatan Audio Dan Video | Perdagangan Eceran Tekstil | Perdagangan Eceran Perlengkapan Rumah Tangga Dari Tekstil | Perdagangan Eceran Perlengkapan Jahit Menjahit | Perdagangan Eceran Bahan Dan Material Konstruksi | Perdagangan Eceran Kaca Lembaran | Perdagangan Eceran Perkakas Dan Peralatan Pertukangan | Perdagangan Eceran Peralatan Keselamatan Dan Gawat Darurat | Perdagangan Eceran Cat, Pernis Dan Lakeri | Perdagangan Eceran Bahan-Bahan Energi Terbarukan | Perdagangan Eceran Karpet, Permadani, Serta Penutup Dinding Dan Lantai | Perdagangan Eceran Furnitur | Perdagangan Eceran Peralatan Listrik Rumah Tangga, Peralatan Penerangan, Dan Perlengkapannya | Perdagangan Eceran Barang Pecah Belah; Perlengkapan Dapur Dan Makan | Perdagangan Eceran Alat Musik | Perdagangan Eceran Peralatan Dan Perlengkapan Rumah Tangga Lainnya Ytdl | Perdagangan Eceran Alat Tulis Menulis Dan Gambar | Perdagangan Eceran Hasil Pencetakan Dan Penerbitan | Perdagangan Eceran Kertas, Kertas Karton, Dan Barang Dari Kertas/Karton | Perdagangan Eceran Peralatan Dan Perlengkapan Olahraga | Perdagangan Eceran Alat Permainan Dan Mainan | Perdagangan Eceran Khusus Barang Kesenian Dan Rekreasi 
 Ytdl | Perdagangan Eceran Pakaian | Perdagangan Eceran Sepatu, Sandal, Dan Alas Kaki Lainnya | Perdagangan Eceran Bahan Baku Farmasi Dan Alat Kesehatan Lainnya | Perdagangan Eceran Bahan Konstruksi Dan Saniter Bekas | Perdagangan Eceran Tanaman Dan Bibit Tanaman Selain Tanaman Kehutanan | Perdagangan Eceran Tanaman Dan Bibit Tanaman Kehutanan | Perdagangan Eceran Minyak Tanah | Perdagangan Eceran Gas Tabung Lpg | Perdagangan Eceran Aromatik/Penyegar (Minyak Asiri) | Perdagangan Eceran Lukisan | Perdagangan Eceran Alat Transportasi Darat Tidak Bermotor Dan Perlengkapannya | Perdagangan Eceran Alat Trans"
PERUMAHAN;Perumahan Kepadatan Tinggi;"Penyamakan Kulit | Pewarnaan Kulit Berbulu | Industri Kulit Komposisi | Reparasi Dan Pemeliharaan Peralatan Listrik Lainnya | Reparasi Dan Pemeliharaan Peralatan Lainnya | Pemasangan Perlengkapan Meteorologi, Klimatologi, Dan Geofisika | Aktivitas Penyaluran Tenaga Listrik | Pengoperasian Instalasi Pemanfaatan Tenaga Listrik | Aktivitas Penunjang Tenaga Listrik Lainnya | Pengadaan Uap/Air Panas Dan Udara Dingin | Produksi Es | Aktivitas Broker Dan Agen Penjualan Tenaga Listrik | Konstruksi Konvensional Gedung Hunian | Konstruksi Konvensional Gedung Kesehatan | Konstruksi Konvensional Gedung Pendidikan | Perdagangan Eceran Berbagai Macam Barang Yang Utamanya 
 Makanan, Minuman, Atau Tembakau Dengan Sistem Swalayan | Perdagangan Eceran Berbagai Macam Barang Yang Utamanya 
 Makanan, Minuman, Atau Tembakau Selain Dengan Sistem 
 Swalayan | Perdagangan Eceran Berbagai Macam Barang Yang Utamanya 
 Bukan Makanan, Minuman, Atau Tembakau Dengan Sistem 
 Swalayan | Perdagangan Eceran Berbagai Macam Barang Yang Utamanya 
 Bukan Makanan, Minuman, Atau Tembakau Selain Dengan Sistem 
 Swalayan | Perdagangan Eceran Padi Dan Palawija | Aktivitas Penyiaran Radio Analog | Aktivitas Telekomunikasi Dengan Satelit | Aktivitas Pengembangan Bangunan Dan Lahan Hunian | Aktivitas Penyewaan Bangunan Dan Lahan Hunian Milik Sendiri Atau Sewa | Pengelolaan Real Estat Hunian Atas Dasar Balas Jasa (Fee) Atau Kontrak | Pendidikan Menengah Kejuruan Keagamaan Islam | Pendidikan Olahraga Dan Rekreasi | Pendidikan Kebudayaan | Pendidikan Pesantren Lainnya | Pendidikan Keagamaan Islam Nonformal | Pendidikan Keagamaan Lainnya Ytdl";Instalasi/Pemasangan Dan Perangkaian/Integrasi Mesin, Peralatan, Dan Sistem Industri | Pembangkitan Tenaga Listrik Dari Sumber Energi Tidak Terbarukan Yang Tidak Menghasilkan Emisi | Penyediaan Tenaga Listrik Dalam Satu Kesatuan Usaha | Perdagangan Besar Komputer Dan Perlengkapan Komputer | Perdagangan Besar Perangkat Lunak;Pengolahan Dan Pengawetan Ikan Dengan Pelumatan | Pengasinan Buah-Buahan Dan Sayuran | Pelumatan Buah-Buahan Dan Sayuran | Industri Penjahitan Dan Pembuatan (Bukan Konfeksi) Pakaian Sesuai Pesanan/Kustomisasi | Industri Minyak Pelumas | Industri Briket | Industri Kimia Dasar Organik Dari Sumber Daya Alam Hayati | Industri Pupuk Hara Mikro | Industri Pupuk Organik, Pupuk Hayati, Dan Media Tanam | Industri Biostimulan | Industri Perhiasan Imitasi Dan Barang Sejenis | Industri Alat Musik Tradisional | Industri Alat Musik Nontradisional | Industri Peralatan Dan Perlengkapan Olahraga | Industri Alat Permainan | Industri Mainan Termasuk Drone Rekreasi | Industri Peralatan Kedokteran Dan Kedokteran Gigi Serta Perlengkapannya | Industri Furnitur Untuk Operasi, Perawatan Kedokteran, Dan Kedokteran Gigi | Industri Peralatan Kedokteran Dan Kedokteran Gigi, Serta Perlengkapan Ortopedi Dan Prostetik | Industri Kacamata | Industri Peralatan Kedokteran Dan Kedokteran Gigi, Serta Perlengkapan Lainnya | Industri Alat Tulis Dan Gambar Termasuk Perlengkapannya | Industri Pita Mesin Tulis Atau Gambar | Industri Kerajinan Ytdl | Reparasi Dan Pemeliharaan Produk Logam Struktural, Tangki, Tandon Air, Dan Generator Uap | Reparasi Dan Pemeliharaan Produk Logam Pabrikasi Lainnya | Reparasi Dan Pemeliharaan Mesin Untuk Keperluan Umum | Reparasi Dan Pemeliharaan Mesin Untuk Keperluan Khusus | Reparasi Dan Pemeliharaan Alat Ukur, Alat Uji, Serta Peralatan Navigasi Dan Pengontrol | Reparasi Dan Pemeliharaan Peralatan Iradiasi, Elektromedik, Dan Elektroterapi | Reparasi Dan Pemeliharaan Peralatan Fotografi Dan Optik | Reparasi Dan Pemeliharaan Motor Listrik, Generator, Dan Transformator | Reparasi Dan Pemeliharaan Baterai Dan Akumulator Listrik | Konstruksi Konvensional Gedung Perkantoran | Konstruksi Konvensional Gedung Perbelanjaan | Perdagangan Besar Alat Tulis Dan Gambar | Perdagangan Besar Barang Percetakan Dan Penerbitan Dalam Berbagai Bentuk | Perdagangan Besar Suku Cadang Elektronik | Perdagangan Besar Disket, Flash Drive, Pita Audio Dan Video, Serta Cd Dan Dvd Kosong | Perdagangan Besar Mesin Kantor Dan Industri, Suku Cadang, Dan Perlengkapannya | Perdagangan Besar Mesin, Peralatan, Dan Perlengkapan Lainnya Ytdl | Perdagangan Eceran Buah-Buahan | Perdagangan Eceran Sayuran | Perdagangan Eceran Hasil Peternakan | Perdagangan Eceran Hasil Perikanan | Perdagangan Eceran Hasil Kehutanan Dan Perburuan | Perdagangan Eceran Hasil Pertanian Lainnya | Perdagangan Eceran Minuman Tidak Beralkohol | Perdagangan Eceran Beras | Perdagangan Eceran Roti, Kue Kering, Serta Kue Basah Dan Sejenisnya | Perdagangan Eceran Kopi, Gula Pasir, Gula Merah, Dan Sejenisnya | Perdagangan Eceran Tahu, Tempe, Tauco, Dan Oncom | Perdagangan Eceran Makanan Lainnya | Perdagangan Eceran Minyak Pelumas | Perdagangan Eceran Alat Tulis Menulis Dan Gambar | Perdagangan Eceran Hasil Pencetakan Dan Penerbitan | Perdagangan Eceran Kertas, Kertas Karton, Dan Barang Dari Kertas/Karton | Perdagangan Eceran Alat Permainan Dan Mainan | Perdagangan Eceran Pakaian | Perdagangan Eceran Sepatu, Sandal, Dan Alas Kaki Lainnya | Aktivitas Hotel Bintang Lima | Aktivitas Hotel Bintang Empat | Aktivitas Hotel Bintang Tiga | Aktivitas Hotel Bintang Dua | Aktivitas Hotel Bintang Satu | Aktivitas Hotel Nonbintang | Aktivitas Rumah Tinggal Sewa (Homestay) | Aktivitas Hostel Remaja (Youth Hostel) | Aktivitas Vila | Aktivitas Apartemen Hotel | Aktivitas Penyediaan Akomodasi Jangka Pendek Lainnya | Aktivitas Penyediaan Bumi Perkemahan, Persinggahan Karavan, Dan Taman Karavan | Aktivitas Jasa Intermediasi Akomodasi | Aktivitas Jasa Manajemen Akomodasi | Penyediaan Akomodasi Lainnya Ytdl | Aktivitas Penyediaan Makanan Di Bangunan Tetap | Aktivitas Penyediaan Makanan Di Bangunan Tidak Tetap | Aktivitas Jasa Boga Untuk Acara Tertentu (Event Catering) | Aktivitas Rumah Minum/Kafe | Aktivitas Kedai Minuman | Aktivitas Rumah/Kedai Obat Bahan Alam | Aktivitas Penyediaan Minuman Keliling/Tempat Tidak Tetap | Aktivitas Jasa Intermediasi Penyediaan Makanan Dan Minuman | Penyewaan Gudang Dan Fasilitas Penyimpanan Mandiri | Aktivitas Real Estat (Bangunan Dan Lahan) Nonhunian Lainnya Milik Sendiri Atau Sewa | Aktivitas Jasa Intermediasi Real Estat | Jasa Penaksir Real Estat | Aktivitas Real Estat Atas Dasar Balas Jasa (Fee) Atau Kontrak Lainnya Ytdl | Aktivitas Pengacara | Aktivitas Konsultan Hukum | Aktivitas Konsultan Kekayaan Intelektual | Aktivitas Notaris Dan Pejabat Pembuat Akta Tanah | Aktivitas Akuntansi, Pembukuan, Dan Pemeriksa | Aktivitas Konsultansi Pajak | Aktivitas Kantor Pusat | Aktivitas Konsultansi Manajemen Dan Bisnis Pariwisata | Aktivitas Konsultansi Manajemen Dan Bisnis Industri | Aktivitas Konsultansi Manajemen Dan Bisnis Perdagangan | Aktivitas Konsultasi Manajemen Dan Bisnis Lainnya | Aktivitas Arsitektural | Aktivitas Perancangan Dan Konsultansi Teknis Pabrik | Aktivitas Enjinering Dan Konsultansi Teknis Terkait Lainnya | Jasa Sertifikasi Teknis | Jasa Inspeksi Teknis | Jasa Verifikasi Dan Validasi Teknis | Jasa Pengujian Teknis | Penyewaan Dan Sewa Guna Usaha Mesin Dan Alat Pertanian | Penyewaan Dan Sewa Guna Usaha Mesin Dan Peralatan Konstruksi Dan Teknik Sipil | Penyewaan Dan Sewa Guna Usaha Mesin Dan Peralatan Kantor | Penyewaan Dan Sewa Guna Usaha Mesin, Peralatan, Dan Barang Berwujud Lainnya Ytdl | Aktivitas Penempatan Tenaga Kerja Untuk Rumah Tangga Sebagai Pemberi Kerja Di Dalam Negeri | Aktivitas Agen Perjalanan | Aktivitas Biro Perjalanan Wisata | Aktivitas Biro Perjalanan Ibadah Umrah Dan Haji Khusus | Aktivitas Biro Perjalanan Lainnya | Jasa Informasi Pariwisata | Jasa Informasi Daya Tarik Wisata | Jasa Pramuwisata | Pendidikan Taman Kanak-Kanak Umum Pemerintah | Pendidikan Taman Kanak-Kanak Umum Swasta | Pendidikan Prasekolah Keagamaan Islam | Pendidikan Prasekolah Keagamaan Protestan, Katolik, Hindu, Buddha, Atau Konghucu | Pelatihan Kerja Pertanian Dan Perikanan Swasta | Pelatihan Kerja Swasta Lainnya | Pelatihan Kerja Teknik Perusahaan | Pelatihan Kerja Teknologi Informasi Dan Komunikasi Perusahaan | Pelatihan Kerja Industri Kreatif Perusahaan | Pelatihan Kerja Pariwisata Dan Perhotelan Perusahaan | Pelatihan Kerja Bisnis Dan Manajemen Perusahaan | Pelatihan Kerja Pekerjaan Domestik Perusahaan | Pelatihan Kerja Pertanian Dan Perikanan Perusahaan | Pelatihan Kerja Perusahaan Lainnya;Pengolahan Dan Pengawetan Ikan Dengan Pelumatan | Industri Penjahitan Dan Pembuatan (Bukan Konfeksi) Pakaian Sesuai Pesanan/Kustomisasi | Perdagangan Besar Alat Tulis Dan Gambar | Perdagangan Besar Peralatan Masak, Peralatan Dapur, Dan Elektronik Rumah Tangga | Perdagangan Besar Peralatan Dan Perlengkapan Olahraga | Perdagangan Besar Alat Musik | Perdagangan Besar Tas, Dompet, Koper, Ransel, Dan Sejenisnya | Perdagangan Besar Berbagai Barang Dan Perlengkapan Rumah Tangga Lainnya Ytdl | Perdagangan Besar Kaca Lembaran | Perdagangan Besar Bahan Konstruksi Dari Porselen | Perdagangan Eceran Buah-Buahan | Perdagangan Eceran Sayuran | Perdagangan Eceran Hasil Peternakan | Perdagangan Eceran Hasil Perikanan | Perdagangan Eceran Hasil Kehutanan Dan Perburuan | Perdagangan Eceran Hasil Pertanian Lainnya | Perdagangan Eceran Minuman Tidak Beralkohol | Perdagangan Eceran Beras | Perdagangan Eceran Roti, Kue Kering, Serta Kue Basah Dan Sejenisnya | Perdagangan Eceran Kopi, Gula Pasir, Gula Merah, Dan Sejenisnya | Perdagangan Eceran Makanan Lainnya | Perdagangan Eceran Minyak Pelumas | Perdagangan Eceran Alat Tulis Menulis Dan Gambar | Perdagangan Eceran Hasil Pencetakan Dan Penerbitan | Perdagangan Eceran Kertas, Kertas Karton, Dan Barang Dari Kertas/Karton | Perdagangan Eceran Alat Permainan Dan Mainan | Perdagangan Eceran Pakaian | Perdagangan Eceran Sepatu, Sandal, Dan Alas Kaki Lainnya | Aktivitas Hotel Bintang Lima | Aktivitas Hotel Bintang Empat | Aktivitas Hotel Bintang Tiga | Aktivitas Hotel Bintang Dua | Aktivitas Hotel Bintang Satu | Aktivitas Hotel Nonbintang | Aktivitas Rumah Tinggal Sewa (Homestay) | Aktivitas Hostel Remaja (Youth Hostel) | Aktivitas Vila | Aktivitas Apartemen Hotel | Aktivitas Penyediaan Akomodasi Jangka Pendek Lainnya | Aktivitas Penyediaan Bumi Perkemahan, Persinggahan Karavan, Dan Taman Karavan | Aktivitas Jasa Intermediasi Akomodasi | Aktivitas Jasa Manajemen Akomodasi | Penyediaan Akomodasi Lainnya Ytdl | Aktivitas Penyediaan Makanan Di Bangunan Tetap | Aktivitas Penyediaan Makanan Di Bangunan Tidak Tetap | Aktivitas Jasa Boga Untuk Acara Tertentu (Event Catering) | Aktivitas Rumah Minum/Kafe | Aktivitas Kedai Minuman | Aktivitas Rumah/Kedai Obat Bahan Alam | Aktivitas Penyediaan Minuman Keliling/Tempat Tidak Tetap | Aktivitas Jasa Intermediasi Penyediaan Makanan Dan Minuman | Penyewaan Dan Sewa Guna Usaha Mesin Dan Alat Pertanian | Penyewaan Dan Sewa Guna Usaha Mesin Dan Peralatan Konstruksi Dan Teknik Sipil | Penyewaan Dan Sewa Guna Usaha Mesin Dan Peralatan Kantor | Penyewaan Dan Sewa Guna Usaha Mesin Dan Peralatan Komunikasi Dan Multimedia | Penyewaan Dan Sewa Guna Usaha Mesin, Peralatan, Dan Barang Berwujud Lainnya Ytdl | Aktivitas Penempatan Tenaga Kerja Untuk Rumah Tangga Sebagai Pemberi Kerja Di Dalam Negeri | Aktivitas Penempatan Awak Kapal | Aktivitas Penyediaan Informasi Lowongan Kerja | Aktivitas Penempatan Tenaga Kerja Lainnya | Aktivitas Penyediaan Tenaga Kerja Sementara Dan Penyediaan Sumber Daya Manusia Lainnya | Aktivitas Agen Perjalanan | Aktivitas Biro Perjalanan Wisata | Aktivitas Biro Perjalanan Ibadah Umrah Dan Haji Khusus | Aktivitas Biro Perjalanan Lainnya | Jasa Informasi Pariwisata | Jasa Informasi Daya Tarik Wisata | Jasa Pramuwisata | Pendidikan Taman Kanak-Kanak Umum Pemerintah | Pendidikan Taman Kanak-Kanak Umum Swasta | Pendidikan Prasekolah Keagamaan Islam | Pendidikan Prasekolah Keagamaan Protestan, Katolik, Hindu, Buddha, Atau Konghucu | Pelatihan Kerja Pertanian Dan Perikanan Swasta | Pelatihan Kerja Swasta Lainnya | Pelatihan Kerja Teknik Perusahaan | Pelatihan Kerja Teknologi Informasi Dan Komunikasi Perusahaan | Pelatihan Kerja Industri Kreatif Perusahaan | Pelatihan Kerja Pariwisata Dan Perhotelan Perusahaan | Pelatihan Kerja Bisnis Dan Manajemen Perusahaan | Pelatihan Kerja Pekerjaan Domestik Perusahaan | Pelatihan Kerja Pertanian Dan Perikanan Perusahaan | Pelatihan Kerja Perusahaan Lainnya;Konstruksi Konvensional Gedung Penginapan | Konstruksi Konvensional Gedung Hiburan Dan Olahraga | Konstruksi Konvensional Gedung Lainnya | Perdagangan Besar Alat Tulis Dan Gambar | Perdagangan Besar Alat Permainan Dan Mainan | Perdagangan Eceran Buah-Buahan | Perdagangan Eceran Sayuran | Perdagangan Eceran Hasil Peternakan | Perdagangan Eceran Hasil Perikanan | Perdagangan Eceran Hasil Kehutanan Dan Perburuan | Perdagangan Eceran Hasil Pertanian Lainnya | Perdagangan Eceran Minuman Tidak Beralkohol | Perdagangan Eceran Beras | Perdagangan Eceran Roti, Kue Kering, Serta Kue Basah Dan Sejenisnya | Perdagangan Eceran Kopi, Gula Pasir, Gula Merah, Dan Sejenisnya | Perdagangan Eceran Tahu, Tempe, Tauco, Dan Oncom | Perdagangan Eceran Makanan Lainnya | Perdagangan Eceran Minyak Pelumas | Perdagangan Eceran Alat Tulis Menulis Dan Gambar | Perdagangan Eceran Hasil Pencetakan Dan Penerbitan | Perdagangan Eceran Kertas, Kertas Karton, Dan Barang Dari Kertas/Karton | Perdagangan Eceran Alat Permainan Dan Mainan | Perdagangan Eceran Pakaian | Perdagangan Eceran Sepatu, Sandal, Dan Alas Kaki Lainnya | Aktivitas Kehumasan;Perdagangan Besar Alat Tulis Dan Gambar | Perdagangan Besar Alat Permainan Dan Mainan | Perdagangan Eceran Buah-Buahan | Perdagangan Eceran Sayuran | Perdagangan Eceran Hasil Peternakan | Perdagangan Eceran Hasil Perikanan | Perdagangan Eceran Hasil Kehutanan Dan Perburuan | Perdagangan Eceran Hasil Pertanian Lainnya | Perdagangan Eceran Minuman Tidak Beralkohol | Perdagangan Eceran Beras | Perdagangan Eceran Roti, Kue Kering, Serta Kue Basah Dan Sejenisnya | Perdagangan Eceran Kopi, Gula Pasir, Gula Merah, Dan Sejenisnya | Perdagangan Eceran Tahu, Tempe, Tauco, Dan Oncom | Perdagangan Eceran Makanan Lainnya | Perdagangan Eceran Minyak Pelumas | Perdagangan Eceran Alat Tulis Menulis Dan Gambar | Perdagangan Eceran Hasil Pencetakan Dan Penerbitan | Perdagangan Eceran Kertas, Kertas Karton, Dan Barang Dari Kertas/Karton | Perdagangan Eceran Alat Permainan Dan Mainan | Perdagangan Eceran Pakaian | Perdagangan Eceran Sepatu, Sandal, Dan Alas Kaki Lainnya;-;Perdagangan Besar Alat Tulis Dan Gambar | Perdagangan Besar Alat Permainan Dan Mainan | Perdagangan Eceran Buah-Buahan | Perdagangan Eceran Sayuran | Perdagangan Eceran Hasil Peternakan | Perdagangan Eceran Hasil Perikanan | Perdagangan Eceran Hasil Kehutanan Dan Perburuan | Perdagangan Eceran Hasil Pertanian Lainnya | Perdagangan Eceran Minuman Tidak Beralkohol | Perdagangan Eceran Beras | Perdagangan Eceran Roti, Kue Kering, Serta Kue Basah Dan Sejenisnya | Perdagangan Eceran Kopi, Gula Pasir, Gula Merah, Dan Sejenisnya | Perdagangan Eceran Tahu, Tempe, Tauco, Dan Oncom | Perdagangan Eceran Makanan Lainnya | Perdagangan Eceran Minyak Pelumas | Perdagangan Eceran Alat Permainan Dan Mainan;Industri Penjahitan Dan Pembuatan (Bukan Konfeksi) Pakaian Sesuai Pesanan/Kustomisasi | Penyamakan Kulit | Pewarnaan Kulit Berbulu | Industri Kulit Komposisi | Industri Briket | Industri Pupuk Organik, Pupuk Hayati, Dan Media Tanam | Industri Biostimulan | Industri Perhiasan Imitasi Dan Barang Sejenis | Industri Alat Musik Tradisional | Industri Alat Musik Nontradisional | Industri Peralatan Dan Perlengkapan Olahraga | Industri Alat Permainan | Industri Kacamata | Industri Alat Tulis Dan Gambar Termasuk Perlengkapannya | Industri Pita Mesin Tulis Atau Gambar | Industri Kerajinan Ytdl | Reparasi Dan Pemeliharaan Peralatan Fotografi Dan Optik | Reparasi Dan Pemeliharaan Kapal, Perahu, Dan Bangunan Terapung | Reparasi Dan Pemeliharaan Alat Angkutan Lainnya, Bukan Kendaraan Bermotor | Pembangkitan Tenaga Listrik Dari Sumber Energi Terbarukan | Aktivitas Penyimpanan Tenaga Listrik | Pengoperasian Fasilitas Atau Stasiun Pengisian Daya Untuk Kendaraan Dan Peralatan Listrik | Pengoperasian Instalasi Penyediaan Tenaga Listrik | Distribusi Gas Alam Dan Buatan Melalui Jaringan | Aktivitas Broker Dan Agen Penjualan Gas Alam | Pengumpulan Air Limbah | Konstruksi Jalan Pada Permukaan Tanah | Konstruksi Bangunan Sipil Jembatan, Jalan Layang, Fly Over, Dan Underpass | Konstruksi Jalan Rel | Konstruksi Terowongan | Konstruksi Jaringan Irigasi Dan Drainase | Konstruksi Bangunan Sipil Pengolahan Air Bersih | Konstruksi Bangunan Sipil Elektrikal | Konstruksi Bangunan Sipil Telekomunikasi Untuk Prasarana Transportasi | Konstruksi Sentral Telekomunikasi | Konstruksi Pengeboran/Penggalian Air Tanah | Konstruksi Bangunan Prasarana Sumber Daya Air | Konstruksi Bangunan Sipil Fasilitas Olahraga | Pembongkaran | Penyiapan Lahan | Pemasangan Jaringan Listrik | Pemasangan Jaringan Telekomunikasi | Pemasangan Sistem Elektronika | Pemasangan Sistem Persinyalan Dan Telekomunikasi Kereta Api | Pemasangan Perlengkapan Jalan Berbasis Listrik | Pemasangan Saluran Air (Plumbing) | Pemasangan Pendingin Dan Ventilasi Udara | Pemasangan Perlengkapan Mekanikal Bangunan | Pemasangan Kaca, Pintu, Kusen, Jendela, Dan Sejenisnya | Pengerjaan Lantai, Dinding, Dan Plafon | Pengecatan | Penyelesaian Konstruksi Bangunan Lainnya | Jasa Intermediasi Konstruksi Khusus | Pemasangan Dan Rekayasa Struktur Bangunan | Pemasangan Perancah (Steger) | Pemasangan Rangka Dan Atap/Roof Covering | Pemasangan Kerangka Baja | Penyewaan Alat Konstruksi Dengan Operator | Perdagangan Eceran Perlengkapan Pakaian | Perdagangan Eceran Tas, Dompet, Koper, Ransel, Dan Sejenisnya | Perdagangan Eceran Sediaan Farmasi Untuk Manusia Di Apotek | Perdagangan Eceran Sediaan Farmasi Untuk Manusia Selain Di Apotek | Perdagangan Eceran Obat Bahan Alam Untuk Manusia | Perdagangan Eceran Kosmetik Untuk Manusia | Perdagangan Eceran Alat Kesehatan Untuk Manusia | Perdagangan Eceran Alat Fotografi Dan Perlengkapannya | Perdagangan Eceran Alat Optik Dan Perlengkapannya | Perdagangan Eceran Kacamata | Perdagangan Eceran Jam | Perdagangan Eceran Barang Perhiasan | Perdagangan Eceran Barang Antik | Perdagangan Eceran Hewan Ternak Dan Bibit Hewan | Perdagangan Eceran Pakan Ternak/Unggas/Ikan Dan Hewan Kesayangan | Perdagangan Eceran Bunga Potong/Florist | Perdagangan Eceran Pupuk Dan Pemberantas Hama | Perdagangan Eceran Perlengkapan Dan Media Tanaman Hias | Perdagangan Eceran Bahan Kimia | Perdagangan Eceran Bahan Kimia, Aromatik/Penyegar (Minyak Asiri), Dan Bahan Bakar Selain Bahan Bakar Untuk Kendaraan Bermotor Lainnya | Perdagangan Eceran Cendera Mata, Kerajinan, Dan Barang Barang Keagamaan | Perdagangan Eceran Berbagai Macam Mesin Dan Perlengkapannya | Angkutan Perkotaan | Angkutan Perdesaan | Angkutan Bermotor Untuk Barang Umum | Angkutan Bermotor Untuk Barang Khusus | Angkutan Tidak Bermotor Untuk Barang | Angkutan Kereta Api Lainnya | Angkutan Pariwisata | Angkutan Taksi | Angkutan Khusus | Angkutan Sewa | Angkutan Ojek Motor | Aktivitas Hotel Bintang Lima | Aktivitas Hotel Bintang Empat | Aktivitas Hotel Bintang Tiga | Aktivitas Hotel Bintang Dua | Aktivitas Hotel Bintang Satu | Aktivitas Hotel Nonbintang | Aktivitas Rumah Tinggal Sewa (Homestay) | Aktivitas Hostel Remaja (Youth Hostel) | Aktivitas Vila | Aktivitas Apartemen Hotel | Aktivitas Penyediaan Akomodasi Jangka Pendek Lainnya | Aktivitas Penyediaan Bumi Perkemahan, Persinggahan Karavan, Dan Taman Karavan | Aktivitas Jasa Intermediasi Akomodasi | Aktivitas Jasa Manajemen Akomodasi | Penyediaan Akomodasi Lainnya Ytdl | Aktivitas Penyediaan Makanan Di Bangunan Tetap | Aktivitas Penyediaan Makanan Di Bangunan Tidak Tetap | Aktivitas Jasa Boga Untuk Acara Tertentu (Event Catering) | Aktivitas Rumah Minum/Kafe | Aktivitas Kedai Minuman | Aktivitas Rumah/Kedai Obat Bahan Alam | Aktivitas Penyediaan Minuman Keliling/Tempat Tidak Tetap | Aktivitas Jasa Intermediasi Penyediaan Makanan Dan Minuman | Aktivitas Agen Asuransi | Aktivitas Agen Penjaminan | Aktivitas Penunjang Lainnya Untuk Asuransi, Penjaminan, Dan Dana Pensiun | Aktivitas Penunjang Lainnya Untuk Asuransi, Penjamian, Dan Dana Pensiun Ytdl | Pengelolaan Pusat Perbelanjaan | Pengelolaan Gedung Perkantoran | Penyewaan Dan Sewa Guna Usaha Mesin Dan Alat Pertanian | Penyewaan Dan Sewa Guna Usaha Mesin Dan Peralatan Komunikasi Dan Multimedia | Penyewaan Dan Sewa Guna Usaha Mesin, Peralatan, Dan Barang Berwujud Lainnya Ytdl | Aktivitas Jasa Intermediasi Untuk Penyewaan Dan Sewa Guna Usaha Barang Berwujud Dan Aset Tak Berwujud Nonfinansial Lainnya | Aktivitas Penempatan Awak Kapal | Aktivitas Penyediaan Informasi Lowongan Kerja | Aktivitas Penempatan Tenaga Kerja Lainnya | Aktivitas Penyediaan Tenaga Kerja Sementara Dan Penyediaan Sumber Daya Manusia Lainnya | Aktivitas Agen Perjalanan | Aktivitas Biro Perjalanan Wisata | Aktivitas Biro Perjalanan Ibadah Umrah Dan Haji Khusus | Aktivitas Biro Perjalanan Lainnya | Jasa Informasi Pariwisata | Jasa Informasi Daya Tarik Wisata | Jasa Pramuwisata | Pendidikan Taman Kanak-Kanak Umum Pemerintah | Pendidikan Taman Kanak-Kanak Umum Swasta | Pendidikan Prasekolah Keagamaan Islam | Pendidikan Prasekolah Keagamaan Protestan, Katolik, Hindu, Buddha, Atau Konghucu | Pendidikan Menengah Atas Keagamaan Protestan, Katolik, Hindu, Buddha, Atau Konghucu | Pendidikan Menengah Kejuruan Umum Swasta | Pendidikan Lainnya Pemerintah | Pelatihan Kerja Pemerintah | Pelatihan Kerja Teknik Swasta | Pelatihan Kerja Teknologi Informasi Dan Komunikasi Swasta | Pelatihan Kerja Industri Kreatif Swasta | Pelatihan Kerja Pariwisata Dan Perhotelan Swasta | Pelatihan Kerja Bisnis Dan Manajemen Swasta | Pelatihan Kerja Pekerjaan Domestik Swasta | Pelatihan Kerja Pertanian Dan Perikanan Swasta | Pelatihan Kerja Swasta Lainnya | Pelatihan Kerja Teknik Perusahaan | Pelatihan Kerja Teknologi Informasi Dan Komunikasi Perusahaan | Pelatihan Kerja Industri Kreatif Perusahaan | Pelatihan Kerja Pariwisata Dan Perhotelan Perusahaan | Pelatihan Kerja Bisnis Dan Manajemen Perusahaan | Pelatihan Kerja Pekerjaan Domestik Perusahaan | Pelatihan Kerja Pertanian Dan Perikanan Perusahaan | Pelatihan Kerja Perusahaan Lainnya;"Pengasinan Buah-Buahan Dan Sayuran | Pelumatan Buah-Buahan Dan Sayuran | Industri Minyak Pelumas | Industri Kimia Dasar Organik Dari Sumber Daya Alam Hayati | Industri Pupuk Hara Mikro | Industri Mainan Termasuk Drone Rekreasi | Industri Peralatan Kedokteran Dan Kedokteran Gigi Serta Perlengkapannya | Industri Furnitur Untuk Operasi, Perawatan Kedokteran, Dan Kedokteran Gigi | Industri Peralatan Kedokteran Dan Kedokteran Gigi, Serta Perlengkapan Ortopedi Dan Prostetik | Industri Peralatan Kedokteran Dan Kedokteran Gigi, Serta Perlengkapan Lainnya | Reparasi Dan Pemeliharaan Produk Logam Struktural, Tangki, Tandon Air, Dan Generator Uap | Reparasi Dan Pemeliharaan Produk Logam Pabrikasi Lainnya | Reparasi Dan Pemeliharaan Mesin Untuk Keperluan Umum | Reparasi Dan Pemeliharaan Mesin Untuk Keperluan Khusus | Reparasi Dan Pemeliharaan Alat Ukur, Alat Uji, Serta Peralatan Navigasi Dan Pengontrol | Reparasi Dan Pemeliharaan Peralatan Iradiasi, Elektromedik, Dan Elektroterapi | Reparasi Dan Pemeliharaan Motor Listrik, Generator, Dan Transformator | Reparasi Dan Pemeliharaan Baterai Dan Akumulator Listrik | Pengolahan Dan Penyediaan Air Minum | Aktivitas Penunjang Penyediaan Air | Pengumpulan Limbah Atau Sampah Tidak Berbahaya | Perdagangan Eceran Obat Farmasi Untuk Hewan | Perdagangan Eceran Obat Tradisional Untuk Hewan | Perdagangan Eceran Kosmetik Untuk Hewan | Perdagangan Eceran Perlengkapan Rumah Tangga Bekas | Perdagangan Eceran Pakaian, Alas Kaki, Dan Perlengkapan Pakaian Bekas | Perdagangan Eceran Barang Perlengkapan Pribadi Bekas | Perdagangan Eceran Barang Listrik Dan Elektronik Bekas | Perdagangan Eceran Barang Bekas Lainnya | Perdagangan Eceran Hewan Kesayangan (Pet Animals) | Perdagangan Eceran Ikan Dan Biota Air Hidup Lainnya | Aktivitas Pialang Asuransi | Aktivitas Broker Penjaminan | Aktivitas Pengawasan Jasa Keuangan Asuransi Dan Dana
 Pensiun | Manajemen Investasi Konvensional Di Pasar Keuangan | Manajemen Investasi Syariah Di Pasar Keuangan | Aktivitas Manajemen Dana Lainnya | Pengelolaan Kawasan Pariwisata | Penyewaan Tempat Penyelenggaraan Aktivitas Pertemuan, Perjalanan Insentif, Konvensi, Dan Pameran, Serta Acara Khusus | Penyewaan Dan Sewa Guna Usaha Mesin Dan Peralatan Konstruksi Dan Teknik Sipil | Aktivitas Penempatan Tenaga Kerja Untuk Rumah Tangga Sebagai Pemberi Kerja Di Dalam Negeri";Penyewaan Dan Sewa Guna Usaha Mesin Dan Peralatan Kantor;-;-;-;"nan | Pertanian Jagung | Pertanian Serealia Selain Padi Dan Jagung | Pertanian Kedelai | Pertanian Kacang Tanah | Pertanian Kacang Hijau | Pertanian Aneka Kacang Selain Kedelai, Kacang Tanah, Dan Kacang Hijau | Pertanian Biji-Bijian Penghasil Minyak Makan | Pertanian Biji-Bijian Penghasil Minyak Selain Minyak Makan | Pertanian Padi Hibrida | Pertanian Padi Inbrida | Pertanian Sayuran Daun | Pertanian Buah Semusim | Pertanian Sayuran Buah | Pertanian Sayuran Umbi | Pertanian Ubi Kayu | Pertanian Jamur | Pertanian Bit Gula Dan Tanaman Pemanis Selain Tebu | Pertanian Cabai | Pertanian Umbi Lainnya | Pertanian Tebu | Pertanian Tembakau | Pertanian Tanaman Berserat | Pertanian Tanaman Pakan Ternak | Pembenihan Tanaman Pakan Ternak Dan Pembenihan Bit (Bukan Bit Gula) | Pertanian Tanaman Bunga | Pertanian Pembenihan Tanaman Bunga | Pertanian Tanaman Semusim Lainnya Ytdl | Pertanian Buah Anggur | Pertanian Buah-Buahan Tropis Dan Subtropis | Pertanian Buah Jeruk | Pertanian Buah Apel Dan Buah Batu (Pome And Stone Fruits) | Pertanian Buah Beri | Pertanian Sayuran Tahunan | Pertanian Buah Semak Lainnya | Pertanian Kelapa | Pertanian Kelapa Sawit | Pertanian Buah Oleagin Lainnya | Pertanian Kopi | Pertanian Tanaman Teh | Pertanian Kakao | Pertanian Tanaman Untuk Bahan Minuman Lainnya | Pertanian Lada | Pertanian Cengkih | Pertanian Pala | Pertanian Tanaman Aromatik/Penyegar | Pertanian Tanaman Obat Rimpang | Pertanian Tanaman Obat Nonrimpang | Pertanian Tanaman Narkotika Dan Tanaman Obat Terlarang | Pertanian Tanaman Rempah-Rempah Dan Aromatik/Penyegar Lainnya | Pertanian Pohon Karet Dan Tanaman Penghasil Getah Lainnya | Pertanian Tanaman Tahunan Lainnya Ytdl | Pertanian Tanaman Hias | Penangkaran Tumbuhan Liar | Pembiakan Tanaman Lainnya | Budi Daya Dan Pembibitan Sapi Potong | Budi Daya Dan Pembibitan Sapi Perah | Budi Daya Dan Pembibitan Kerbau Potong | Budi Daya Dan Pembibitan Kerbau Perah | Peternakan Kuda Dan Sejenisnya | Peternakan Unta Dan Sejenisnya | Budi Daya Dan Pembibitan Domba Potong | Budi Daya Dan Pembibitan Kambing Potong | Budi Daya Dan Pembibitan Kambing Perah | Budi Daya Dan Pembibitan Domba Perah | Produksi Bulu Domba Mentah/Raw Wool | Peternakan Babi | Budi Daya Ayam Ras Pedaging | Budi Daya Ayam Ras Petelur | Pembibitan Ayam Lokal Dan Persilangannya | Budi Daya Ayam Lokal Dan Persilangannya | Budi Daya Dan Pembibitan Itik Dan Bebek | Budi Daya Dan Pembibitan Burung Puyuh | Budi Daya Dan Pembibitan Burung Merpati | Pembibitan Ayam Ras | Budi Daya Dan Pembibitan Unggas Lainnya | Budi Daya Dan Pembibitan Burung Unta | Budi Daya Dan Pembibitan Ulat Sutra | Budi Daya Dan Pembibitan Lebah | Budi Daya Dan Pembibitan Rusa | Budi Daya Dan Pembibitan Kelinci | Budi Daya Dan Pembibitan Cacing | Budi Daya Dan Pembibitan Burung Walet | Penangkaran Satwa Liar | Budi Daya Dan Pembibitan Hewan Lainnya | Jasa Pengolahan Lahan | Jasa Pemupukan | Jasa Pemanenan | Jasa Penyemprotan Dan Penyerbukan Melalui Udara | Jasa Pengendalian Organisme Pengganggu Tumbuhan (Opt) | Jasa Penanaman Benih | Jasa Penunjang Pertanian Lainnya | Jasa Perkawinan Ternak | Jasa Penetasan Telur | Jasa Penunjang Peternakan Lainnya | Jasa Pascapanen | Pemilihan Benih Tanaman Untuk Pembiakan | Perburuan, Penangkapan, Dan Kegiatan Jasa Terkait | Pengelolaan Hutan | Pemanfaatan Kayu Hutan | Pembenihan Tanaman Kehutanan | Pemanenan Kayu | Pemungutan Kayu | Pemungutan Hasil Hutan Bukan Kayu | Jasa Lingkungan Hutan | Jasa Penggunaan Kawasan Kehutanan | Jasa Penunjang Kehutanan Lainnya | Penangkapan Ikan Dan Biota Air Lainnya Di Laut | Penangkapan Ikan Dan Biota Air Lainnya Di Perairan Air Tawar | Pembudidayaan Ikan Bersirip (Selain Ikan Hias) Dan Biota Air Laut Lainnya Yang Tidak Dilindungi | Pembudidayaan Ikan Hias Air Laut Yang Tidak Dilindungi | Pembudidayaan Tumbuhan Air Laut Yang Tidak Dilindungi | Pengembangbiakan Ikan Dan Biota Air Laut Yang Dilindungi | Pembudidayaan Ikan Bersirip (Selain Ikan Hias) Dan Biota Air Tawar Lainnya Yang Tidak Dilindungi | Pembudidayaan Ikan Hias Air Tawar Yang Tidak Dilindungi | Pembudidayaan Tumbuhan Air Tawar Yang Tidak Dilindungi | Pengembangbiakan Biota Air Tawar Yang Dilindungi | Pembudidayaan Ikan Bersirip (Selain Ikan Hias) Dan Biota Air Payau Lainnya Yang Tidak Dilindungi | Pembudidayaan Ikan Hias Air Payau Yang Tidak Dilindungi | Pembudidayaan Tumbuhan Air Payau Yang Tidak Dilindungi | Pengembangbiakan Biota Air Payau Yang Dilindungi | Jasa Penunjang Kegiatan Penangkapan Dan Pembudidayaan Ikan | Pertambangan Batu Bara | Benefisiasi Atau Peningkatan Kualitas Batu Bara | Pertambangan Lignit | Pertambangan Minyak Bumi | Pertambangan Gas Alam | Pengusahaan Tenaga Panas Bumi | Pertambangan Pasir Besi | Pertambangan Bijih Besi | Pertambangan Bijih Uranium Dan Torium | Pertambangan Emas Dan Perak | Pertambangan Bijih Logam Mulia Lainnya | Pertambangan Bijih Timah | Pertambangan Bijih Timah Hitam | Pertambangan Bijih Bauksit | Pertambangan Bijih Tembaga | Pertambangan Bijih Nikel | Pertambangan Bijih Mangan | Pertambangan Bahan Galian Lainnya Yang Tidak Mengandung Bijih Besi Ytdl | Penggalian Batu Hias Dan Batu Bangunan | Penggalian Batu Kapur/Gamping | Penggalian Kerikil/Sirtu | Penggalian Pasir | Penggalian Tanah Dan Tanah Liat | Penggalian Gips | Penggalian Tras | Penggalian Batu Apung | Penggalian Batu, Pasir, Dan Tanah Liat Lainnya | Pertambangan Belerang | Pertambangan Fosfat | Pertambangan Nitrat | Pertambangan Yodium | Pertambangan Potash (Kalium Karbonat) | Pertambangan Mineral, Bahan Kimia, Dan Bahan Pupuk Lainnya | Ekstraksi Tanah Gambut | Ekstraksi Garam | Pertambangan Batu Mulia | Penggalian Feldspar Dan Kalsit | Pertambangan Aspal Alam | Penggalian Asbes | Penggalian Kuarsa/Pasir Kuarsa | Pertambangan Bijih Logam Tanah Jarang | Pertambangan Dan Penggalian Lainnya Ytdl | Aktivitas Penunjang Pertambangan Minyak Bumi Dan Gas Alam | AKTIVITAS PENUNJANG PERTAMBANGAN DAN PENGGALIAN LAINNYA | Kegiatan Rumah Potong Hewan Ruminansia | Kegiatan Rumah Potong Babi | Kegiatan Rumah Potong Unggas | Kegiatan Rumah Potong Hewan Lainnya | Pengolahan Dan Pengawetan Daging Dan Produk Daging | Pengolahan Dan Pengawetan Ikan Dengan Penggaraman Atau 
 Pengeringan | Pengolahan Dan Pengawetan Ikan Dengan Pengasapan Atau 
 Pemanggangan | Pengolahan Dan Pengawetan Ikan Dengan Pembekuan | Pengolahan Dan Pengawetan Ikan Dengan Pemindangan | Pengolahan Dan Pengawetan Ikan Dengan Fermentasi | Pengolahan Dan Pengawetan Ikan Dengan Pengalengan | Pengolahan Dan Pengawetan Ikan Menjadi Produk Olahan | Pengolahan Dan Pengawetan Ikan Dengan Metode Lainnya | Pengolahan Dan Pengawetan Biota Air Lainnya Dengan 
 Penggaraman Atau Pengeringan | Pengolahan Dan Pengawetan Biota Air Lainnya Dengan 
 Pengasapan Atau Pemanggangan | Pengolahan Dan Pengawetan Biota Air Lainnya Dengan 
 Pembekuan | Pengolahan Dan Pengawetan Biota Air Lainnya Dengan 
 Pemindangan | Pengolahan Dan Pengawetan Biota Air Lainnya Dengan 
 Fermentasi | Pengolahan Dan Pengawetan Biota Air Lainnya Dengan 
 Pelumatan | Pengolahan Dan Pengawetan Biota Air Lainnya Dengan 
 Pengalengan | Pengolahan Dan Pengawetan Rumput Laut | Pengolahan Dan Pengawetan Biota Air Lainnya Dengan Metode 
 Lainnya | Pengeringan Buah-Buahan Dan Sayuran | Pembekuan Buah-Buahan Dan Sayuran | Pengalengan Buah-Buahan Dan Sayuran | Pengolahan Sari Buah-Buahan Dan Sayuran | Pembuatan Tempe Kedelai | Pembuatan Tahu Kedelai | Pengolahan Dan Pengawetan Lainnya Untuk Buah-Buahan Dan Sayuran | Industri Minyak Mentah Dan Lemak Nabati Bukan Kelapa Dan Kelapa Sawit | Industri Margarin | Industri Minyak Mentah Dan Lemak Dari Hewan Selain Ikan | Industri Minyak Ikan | Industri Minyak Goreng Dan Minyak Makan Bukan Minyak Kelapa Dan Minyak Kelapa Sawit | Industri Minyak Mentah Dan Lemak Nabati Dan Hewani Bukan Kelapa Dan Kelapa Sawit Lainnya | Industri Kopra | Industri Minyak Mentah Kelapa | Industri Minyak Goreng Kelapa | Industri Minyak Mentah Kelapa Sawit (Crude Palm Oil) | Industri Minyak Mentah Inti Kelapa Sawit (Crude Palm Kernel Oil) | Industri Pemisahan/Fraksinasi Minyak Mentah Kelapa Sawit Dan Minyak Mentah Inti Kelapa Sawit | Industri Pemurnian Minyak Mentah Kelapa Sawit Dan Minyak Mentah Inti Kelapa Sawit | Industri Pemisahan/Fraksinasi Minyak Murni Kelapa Sawit | Industri Pemisahan/Fraksinasi Minyak Murni Inti Kelapa Sawit | Industri Minyak Goreng Kelapa Sawit | Industri Susu Segar Dan Krim | Industri Susu Bubuk Dan Susu Kental | Industri Es Krim | Industri Es Yang Dapat Dimakan Dan Es Pencuci Mulut | Industri Produk Susu Lainnya | Industri Produk Gilingan Gandum (Selain Tepung Terigu) Dan Serelia Selain Beras Dan Jagung | Industri Produk Gilingan Aneka Kacang | Industri Produk Gilingan Aneka Umbi, Tanaman Rimpang, Dan Sayuran | Industri Tepung Campuran Dan Adonan Tepung | Industri Makanan Sereal | Industri Tepung Terigu | Industri Pati Ubi Kayu | Industri Berbagai Macam Pati Palem | Industri Glukosa Dan Sejenisnya | Industri Pati Dan Produk Pati Lainnya | Industri Penggilingan Padi Dan Penyosohan Beras | Industri Pemipilan Jagung | Industri Tepung Beras Dan Tepung Jagung | Industri Pati Beras Dan Jagung | Industri Pemanis Dari Beras Dan Jagung | Industri Minyak Dari Beras Dan Jagung | Industri Produk Bakeri | Industri Gula Pasir | Industri Gula Merah | Industri Sirop | Industri Gula Lainnya | Industri Pengolahan Kakao; Industri Cokelat Dan Kembang Gula | Industri Pengolahan Kakao | Industri Cokelat Dan Kembang Gula Dari Cokelat | Industri Manisan Buah-Buahan Dan Sayuran Kering | Industri Kembang Gula Lainnya | Industri Makaroni, Mi, Couscous, Dan Produk Sejenisnya | Industri Makanan Dan Masakan Olahan | Pengolahan Kopi | Pengolahan Te | Industri Kecap | Industri Garam Konsumsi Beryodium | Industri Garam Industri Aneka Pangan | Industri Bumbu Masakan Lainnya | Industri Makanan Bayi Dan Makanan Khusus | Industri Kue Basah | Industri Produk Makanan Dari Kelapa | Industri Kerupuk, Keripik, Peyek, Dan Sejenisnya | Industri Sari Nabati Dan Krimer Nabati | Industri Dodol | Industri Infusi Herbal/Herb Infusion | Industri Bahan Makanan Dari Rumput Laut | Industri Produk Makanan Lainnya Ytdl | Industri Ransum Pakan Hewan | Industri Konsentrat Pakan Hewan | Industri Penyulingan, Pemurnian, Dan Pencampuran Minuman Beralkohol | Industri Minuman Beralkohol Hasil Fermentasi Anggur Dan Hasil Pertanian Lainnya | Industri Minuman Beralkohol Hasil Fermentasi Malt | Industri Malt | Industri Air Kemasan | Industri Air Minum Isi Ulang | Industri Minuman Ringan | Industri Minuman Lainnya | Industri Sigaret Kretek Tangan | Industri Sigaret Kretek Mesin | Industri Rokok Putih | Industri Pengeringan Dan Pengolahan Tembakau | Industri Bumbu Rokok | Industri Produk Tembakau Lainnya | Persiapan Serat Tekstil | Pemintalan Benang Selain Benang Jahit | Pemintalan Benang Jahit | Pertenunan Tekstil Dengan Mesin | Pertenunan Tekstil Bukan Dengan Mesin | Penyempurnaan Benang | Penyempurnaan Basah Kain | Industri Kain Batik | Penyempurnaan Tekstil Lainnya | Industri Kain Rajutan | Industri Kain Crocheted | Industri Bulu Tiruan Rajutan | Industri Barang Tekstil Untuk Keperluan Rumah Tangga | Industri Barang Tekstil Dengan Bahan Pengisi | Industri Karung Goni | Industri Karung Selain Karung Goni | Industri Barang Tekstil Bukan Pakaian Jadi Lainnya | Industri Karpet Dan Permadani | Industri Tali | Industri Barang Dari Tali | Industri Kain Narrow | Industri Kain Yang Dilapisi Dan Sejenisnya | Industri Kain Nirtenun/Nonwoven | Industri Kain Ban | Industri Kapuk | Industri Kain Tule, Kain Jaring, Dan Kain Bordir | Industri Tekstil Lainnya Ytdl | Industri Pakaian Jadi (Konfeksi) Dari Tekstil | Industri Pakaian Jadi (Konfeksi) Dari Kulit Dan Tiruan Kulit | Industri Perlengkapan Pakaian Dari Tekstil | Industri Perlengkapan Pakaian Dari Kulit Dan Tiruan Kulit | Industri Barang Dari Kulit Berbulu | Industri Pakaian Jadi Dan Perlengkapannya Dari Rajutan Dan Crocheted | Industri Hosiery Rajutan Dan Crocheted | Industri Koper, Tas Tangan, Dan Sejenisnya | Industri Pelana, Alat Pengekang/Harness, Dan Barang Lainnya Untuk Hewan | Industri Barang Lainnya Dari Kulit Dan Kulit Komposisi | Industri Alas Kaki Untuk Keperluan Sehari-Hari | Industri Sepatu Olahraga | Industri Sepatu Teknik Lapangan/Keperluan Industri | Industri Alas Kaki Lainnya | Penggergajian Dan Penghalusan Kayu | Pengawetan Kayu | Pengawetan Rotan, Bambu, Dan Sejenisnya | Pengolahan Rotan | Industri Partikel Kayu Dan Sejenisnya | Industri Kayu Lapis | Industri Venir | Industri Kayu Laminasi | Industri Panel Kayu Lainnya | Industri Barang Bangunan Dari Kayu | Industri Bangunan Prafabrikasi Dari Kayu Dan Sejenisnya | Industri Wadah Dari Kayu | Industri Barang Anyaman Dari Rotan Dan Bambu | Industri Barang Anyaman Dari Tanaman Selain Rotan Dan Bambu | Industri Kerajinan Ukiran Dari Kayu Bukan Furnitur | Industri Alat Dapur Dan Alat Makan Dari Kayu, Rotan, Dan Bambu | Industri Kayu Bakar Dan Pelet Dari Kayu Dan Biomassa Lainnya | Industri Barang Lainnya Dari Kayu; Industri Barang Dari Gabus, Jerami, Rotan, Bambu, Dan Sejenisnya Ytdl | Industri Bubur Kertas (Pulp) | Industri Kertas Budaya | Industri Kertas Berharga | Industri Kertas Khusus | Industri Kertas Lainnya | Industri Kertas Dan Papan Kertas Bergelombang | Industri Kemasan Dan Kotak Dari Kertas Dan Karton | Industri Kertas Tisu | Industri Barang Dari Kertas Dan Papan Kertas Lainnya Ytdl | Pencetakan Umum | Pencetakan Khusus | Pencetakan Tiga Dimensi (3d) | Kegiatan Jasa Penunjang Pencetakan | Reproduksi Media Rekaman Suara Dan Perangkat Lunak | Reproduksi Media Rekaman Film Dan Video | Industri Produk Tanur Kokas | Industri Bahan Bakar Dari Pemurnian Dan Pengilangan Minyak Bumi | Industri Produk Dari Bahan Limbah Minyak Pelumas | Industri Minyak Pelumas Dasar (Bahan Baku Pelumas) | Industri Produk Dari Pencampuran Hasil Kilang Minyak Bumi Dengan Biofuel | Industri Produk Lainnya Dari Hasil Kilang Minyak Bumi | Industri Asam, Basa, Dan Garam Anorganik | Industri Gas Industri | Industri Kimia Dasar Zat Warna Dan Pigmen | Industri Kimia Dasar Radioaktif | Industri Kimia Dasar Dari Minyak Bumi, Gas Alam, Dan Batu Bara | Industri Kimia Dasar Anorganik Lainnya | Industri Senyawa Nitrogen; Pupuk Nitrogen, Fosfat, Dan Kalium | Industri Pupuk Hara Makro Primer Lainnya | Industri Damar Buatan (Resin Sintetis) Dan Bahan Baku Plastik | Industri Karet Buatan | Industri Bahan Baku Pemberantas Hama (Bahan Aktif) | Industri Pemberantas Hama (Formulasi) | Industri Zat Pengatur Tumbuh | Industri Cat | Industri Pernis | Industri Dempul | Industri Sediaan Pewarna Dan Pelapis Lainnya | Industri Bahan Dan Produk Pembersih | Industri Kosmetik Untuk Manusia, Cairan Lensa Kontak | Industri Kosmetik Untuk Hewan | Industri Perekat Gigi | Industri Parfum Sesuai Pesanan | Industri Perekat/Lem | Industri Bahan Peledak | Industri Tinta | Industri Minyak Asiri Hulu | Industri Korek Api | Industri Minyak Asiri Rantai Tengah | Industri Biofuel Cair | Industri Cairan Rokok Elektrik | Industri Barang Kimia Lainnya Ytdl | Industri Serat Filamen Dan Strip Buatan | Industri Serat Stapel Buatan | Industri Bahan Baku Farmasi Untuk Manusia | Industri Produk Farmasi Untuk Manusia | Industri Produk Farmasi Untuk Hewan | Industri Bahan Baku Farmasi Untuk Hewan | Industri Alat Diagnosis Medis, Perban, Kasa, Dan Penunjang Kesehatan Lainnya | Industri Bahan Baku Obat Bahan Alam Untuk Manusia | Industri Produk Obat Bahan Alam Untuk Manusia | Industri Produk Obat Bahan Alam Untuk Hewan | Industri Bahan Baku Obat Bahan Alam Untuk Hewan | Industri Ban Luar Dan Ban Dalam | Industri Pembentukan Kembali Ban Dan Vulkanisasi Ban | Industri Karet Asap | Industri Karet Lembaran Dan Crepe Rubber | Industri Karet Remah (Crumb Rubber) | Industri Karet Setengah Jadi Lainnya | Industri Barang Dari Karet Untuk Keperluan Rumah Tangga | Industri Barang Dari Karet Untuk Keperluan Industri | Industri Barang Dari Karet Untuk Keperluan Infrastruktur | Industri Barang Dari Karet Untuk Kesehatan | Industri Barang Lainnya Dari Karet Ytdl | Industri Barang Dari Plastik Untuk Bangunan | Industri Barang Dari Plastik Dan Bioplastik Untuk Pengemasan | Industri Pipa Plastik Dan Perlengkapannya | Industri Plastik Lembaran | Industri Perlengkapan Dan Peralatan Rumah Tangga Dari Plastik (Tidak Termasuk Furnitur) | Industri Barang Dan Peralatan Teknik/Industri Dari Plastik | Industri Barang Lainnya Dari Plastik | Industri Kaca Lembaran | Industri Kaca Pengaman | Industri Kaca Lainnya | Industri Perlengkapan Dan Peralatan Rumah Tangga Dari Kaca | Industri Peralatan Laboratorium Dan Kesehatan Dari Kaca | Industri Produk Lainnya Dari Kaca | Industri Bata, Mortar, Semen, Dan Sejenisnya Yang Tahan Api | Industri Produk Refraktori (Tahan Api) Lainnya | Industri Batu Bata Dari Tanah Liat Atau Keramik | Industri Genteng Dari Tanah Liat Atau Keramik | Industri Bahan Bangunan Lainnya Dari Tanah Liat Atau Keramik | Industri Perlengkapan Rumah Tangga Dari Porselen | Industri Perlengkapan Rumah Tangga Dari Tanah Liat Atau Keramik | Industri Alat Laboratorium Dan Alat Listrik Atau Teknik Dari Porselen | Industri Peralatan Sanitasi Dari Porselen | Industri Peralatan Sanitasi Dari Tanah Liat Atau Keramik | Industri Produk Bukan Bahan Bangunan Lainnya Dari Tanah Liat Atau Keramik Dan Porselen | Industri Semen | Industri Kapur | Industri Gips | Industri Barang Dari Semen | Industri Barang Dari Kapur | Industri Barang Dari Gips | Industri Barang Dari Asbes | Industri Mortar, Acian, Dan Beton Siap Pakai | Industri Barang Dari Batu Marmer | Industri Barang Dari Batu Granit | Industri Barang Dari Batu Lainnya | Industri Produk Abrasif | Industri Batuan Aspal Dan Barang Dari Aspal Atau Material Sejenis | Industri Produk Hasil Pemurnian Mineral Nonlogam | Industri Produk Mineral Nonlogam Lainnya Ytdl | Industri Besi Dan Baja Dasar | Penggilingan Baja | Industri Pipa Dan Sambungan Pipa Dari Besi Dan Baja | Industri Logam Dasar Mulia | Industri Logam Dasar Bukan Besi Lainnya | Penggilingan Logam Bukan Besi | Ekstrusi Logam Bukan Besi | Industri Pipa Dan Sambungan Pipa Dari Logam Bukan Besi Dan Baja | Industri Bahan Bakar Nuklir | Pengecoran Besi Dan Baja | Pengecoran Logam Bukan Besi Dan Baja | Industri Produk Logam Struktural Bukan Aluminium Untuk Konstruksi Ringan | Industri Produk Logam Struktural Aluminium Untuk Konstruksi Ringan | Industri Produk Logam Struktural Baja Untuk Konstruksi Berat | Industri Produk Logam Struktural Lainnya | Industri Tangki, Tandon Air, Dan Wadah Sejenisnya Dari Logam | Industri Generator Uap Bukan Ketel Pemanas | Industri Senjata Dan Amunisi | Penempaan, Pengepresan, Pencetakan, Dan Pembentukan Logam; Metalurgi Bubuk | Pengerjaan Dan Pelapisan Logam | Industri Perkakas Tangan | Industri Alat Potong | Industri Alat Makan Dari Logam | Industri Peralatan Umum | Industri Ember, Kaleng, Drum Dan Wadah Sejenisnya Dari Logam | Industri Barang Dari Kawat Logam Bukan Kabel | Industri Paku, Mur, Dan Baut Logam | Industri Brankas, Filling Kantor, Dan Sejenisnya | Industri Peralatan Dapur Dan Peralatan Meja Dari Logam | Industri Produk Rumah Tangga Dari Logam Bukan Peralatan Dapur Dan Peralatan Meja | Industri Profil Logam | Industri Lampu Dari Logam | Industri Produk Logam Lainnya Ytdl | Industri Sel Surya, Panel Surya, Dan Inverter Fotovoltaik | Industri Tabung Elektron Dan Konektor Elektronik | Industri Komponen Dan Papan Elektronik Lainnya Ytdl | Industri Komputer Dan Perakitan Komputer | Industri Perlengkapan Komputer | Industri Peralatan Telepon Dan Faksimili | Industri Peralatan Komunikasi Tanpa Kabel (Wireless) | Industri Kartu Cerdas (Smart Card) | Industri Peralatan Komunikasi Lainnya | Industri Televisi, Monitor Televisi, Dan Displai | Industri Peralatan Perekam, Penerima, Dan Pengganda Audio Dan Video, Bukan Televisi | Industri Peralatan Audio Dan Video Elektronik Lainnya | Industri Alat Ukur Dan Alat Uji Manual | Industri Alat Ukur Dan Alat Uji Elektrik | Industri Alat Ukur Dan Alat Uji Elektronik | Industri Alat Ukur, Alat Uji, Dan Peralatan Navigasi Dan Kontrol Lainnya | Industri Alat Ukur Waktu | Industri Peralatan Iradiasi, Perlengkapan, Dan Sejenisnya | Industri Peralatan Elektromedik Dan Elektroterapi | Industri Peralatan Fotografi | Industri Peralatan Sinematografi | Industri Lensa Bukan Kacamata | Industri Peralatan Fotografi Dan Instrumen Optik Bukan Kacamata Lainnya | Industri Media Magnetik Dan Media Optik | Industri Motor Listrik | Industri Generator Pembangkit Listrik | Industri Pengubah Tegangan/Transformator Dan Pengubah Arus/Rectifier | Industri Peralatan Pengontrol Dan Pendistribusian Listrik | Industri Batu Baterai | Industri Akumulator Listrik | Industri Baterai Kendaraan Listrik | Industri Kabel Serat Optik | Industri Kabel Dan Kawat Listrik Dan Elektronik Lainnya | Industri Perlengkapan Kabel | Industri Bola Lampu Pijar, Lampu Sorot, Dan Lampu Ultraviolet | Industri Lampu Gas Dan Discharge | Industri Peralatan Penerangan Untuk Kendaraan | Industri Lampu Led | Industri Peralatan Penerangan Lainnya | Industri Peralatan Listrik Rumah Tangga | Industri Peralatan Elektrotermal Rumah Tangga | Industri Peralatan Rumah Tangga Bukan Listrik | Industri Peralatan Listrik Lainnya | Industri Mesin Uap, Turbin, Dan Kincir | Industri Motor Pembakaran Dalam | Industri Komponen Dan Suku Cadang Mesin Dan Turbin | Industri Peralatan Tenaga Zat Cair Dan Gas | Industri Pompa Lainnya, Kompresor, Keran, Dan Klep/Katup | Industri Bearing, Roda Gigi, Dan Elemen Penggerak Mesin | Industri Oven, Perapian Dan Tungku Pembakar Sejenis Yang Tidak Menggunakan Arus Listrik | Industri Oven, Perapian Dan Tungku Pembakar Sejenis Yang Menggunakan Arus Listrik | Industri Alat Pengangkat Dan Pemindah | Industri Mesin Kantor Dan Akuntansi Manual | Industri Mesin Kantor Dan Akuntansi Elektrik | Industri Mesin Kantor Dan Akuntansi Elektronik | Industri Peralatan Kantor | Industri Perkakas Tangan Yang Digerakkan Tenaga | Industri Mesin Untuk Pembungkus, Pembotolan, Dan Pengalengan | Industri Mesin Timbangan | Industri Mesin Pendingin | Industri Mesin Untuk Keperluan Umum Lainnya Ytdl | Industri Mesin Pertanian Dan Kehutanan | Industri Mesin Dan Perkakas Mesin Untuk Pengerjaan Logam Dan Bahan Lainnya | Industri Mesin Metalurgi | Industri Mesin Penambangan, Penggalian Dan Konstruksi | Industri Mesin Pengolahan Makanan, Minuman Dan Tembakau | Industri Mesin Jahit, Mesin Cuci, Dan Mesin Pengering Untuk Keperluan Niaga | Industri Mesin Tekstil | Industri Mesin Penyiapan Dan Pembuatan Produk Kulit | Industri Mesin Percetakan | Industri Mesin Pabrik Kertas | Industri Mesin Keperluan Khusus Lainnya Ytdl | Industri Kendaraan Bermotor Roda Empat Atau Lebih | Industri Karoseri Kendaraan Bermotor Roda Empat Atau Lebih; Industri Trailer Dan Semitrailer | Industri Suku Cadang Dan Aksesori Kendaraan Bermotor Roda Empat Atau Lebih | Industri Kendaraan Air Dan Bawah Air Berawak | Industri Bangunan Lepas Pantai Dan Bangunan Terapung | Industri Kendaraan Air Dan Bawah Air Tanpa Awak | Industri Kapal Dan Perahu Untuk Tujuan Wisata Atau Rekreasi Dan Olahraga | Industri Lokomotif Dan Gerbong Kereta | Industri Pesawat Udara Berawak Dan Mesin Terkait | Industri Pesawat Udara Tanpa Awak Dan Mesin Terkait | Industri Wahana Antariksa Dan Mesin Terkait | Industri Kendaraan Tempur Militer | Industri Sepeda Motor Roda Dua Dan Tiga | Industri Komponen Dan Perlengkapan Sepeda Motor Roda Dua Dan Tiga | Industri Sepeda Dan Kursi Roda Termasuk Becak | Industri Perlengkapan Sepeda Dan Kursi Roda Termasuk Becak | Industri Alat Angkutan Lainnya Ytdl | Industri Furnitur Dari Kayu | Industri Furnitur Dari Rotan Dan Bambu | Industri Furnitur Dari Plastik | Industri Furnitur Dari Logam | Industri Furnitur Dari Bahan Lainnya Ytdl | Industri Permata | Industri Perhiasan Dari Logam Mulia | Industri Barang Berharga Dari Logam Mulia Bukan Perhiasan | Industri Perhiasan Dari Mutiara | Industri Barang Berharga Lainnya Dari Logam Mulia | Reparasi Dan Pemeliharaan Produk Senjata Dan Amunisi | Reparasi Dan Pemeliharaan Lokomotif Dan Gerbong Kereta | Reparasi Dan Pemeliharaan Pesawat Udara | Pembongkaran Mesin, Peralatan, Dan Sistem Industri | Pembangkitan Tenaga Listrik Dari Sumber Energi Tidak Terbarukan Yang Menghasilkan Emisi | Produksi Gas Alam Dan Buatan | Penampungan Dan Penyediaan Air Baku | Pengolahan Dan Pembuangan Air Limbah | Pengumpulan Limbah Berbahaya Selain Limbah Radiokatif | Pengumpulan Limbah Radioaktif | Pengolahan Sampah Tidak Berbahaya Untuk Menghasilkan Energi | Produksi Kompos Sampah Organik | Pengolahan Dan Pembuangan Limbah Atau Sampah Tidak Berbahaya Lainnya | Pengolahan Dan Pembuangan Limbah Atau Sampah Berbahaya Selain Limbah Radioaktif | Pengolahan Dan Pembuangan Limbah Radioaktif | Pemulihan Material Barang Logam | Pemulihan Material Barang Plastik | Pemulihan Material Lainnya | Aktivitas Penangkapan Karbon | Aktivitas Penyimpanan Karbon | Aktivitas Remediasi Dan Pengelolaan Limbah Atau Sampah Lainnya | Konstruksi Konvensional Gedung Industri | Konstruksi Prapabrikasi Bangunan Gedung | Konstruksi Bangunan Sipil Sistem Pengolahan Limbah | Konstruksi Proyek Utilitas Lainnya | Konstruksi Bangunan Pelabuhan Bukan Perikanan | Konstruksi Bangunan Pelabuhan Perikanan | Konstruksi Reservoir Pembangkit Listrik Tenaga Air | Konstruksi Bangunan Sipil Pelindung Pantai | Konstruksi Bangunan Sipil Prasarana Perairan Dan Sejenis Lainnya | Konstruksi Bangunan Sipil Minyak Dan Gas Bumi | Konstruksi Bangunan Sipil Pertambangan | Konstruksi Bangunan Sipil Panas Bumi | Konstruksi Bangunan Sipil Fasilitas Pengolahan | Konstruksi Bangunan Sipil Fasilitas Militer Dan Bandar Antariksa | Konstruksi Bangunan Sipil Fasilitas Sumber Radiasi Pengion | Konstruksi Bangunan Sipil Reaktor Nuklir | Konstruksi Bangunan Sipil Lainnya Ytdl | Pemasangan Sistem Navigasi Laut, Sungai, Dan Udara | Pemasangan Sistem Pemanas Dan Geotermal | Pemasangan Jaringan Penyaluran Gas | Pemasangan Konstruksi Lainnya Ytdl | Konstruksi Khusus Lainnya Ytdl | Perdagangan Besar Atas Dasar Balas Jasa (Fee) Atau Kontrak | Perdagangan Besar Padi Dan Palawija | Perdagangan Besar Buah Yang Mengandung Minyak | Perdagangan Besar Bunga Dan Tanaman Hias | Perdagangan Besar Tembakau Rajangan | Perdagangan Besar Binatang Hidup | Perdagangan Besar Ikan Dan Biota Air Hidup Lainnya | Perdagangan Besar Hasil Kehutanan Dan Perburuan | Perdagangan Besar Kulit | Perdagangan Besar Hasil Pertanian Dan Hewan Hidup Lainnya | Perdagangan Besar Beras | Perdagangan Besar Buah-Buahan | Perdagangan Besar Sayuran | Perdagangan Besar Kopi, Teh, Dan Kakao | Perdagangan Besar Minyak Dan Lemak Nabati | Perdagangan Besar Bahan Makanan Dan Minuman Hasil Pertanian Lainnya | Perdagangan Besar Daging Sapi Dan Daging Sapi Olahan | Perdagangan Besar Daging Ayam Dan Daging Ayam Olahan | Perdagangan Besar Daging Dan Daging Olahan Lainnya | Perdagangan Besar Hasil Perikanan Dan Olahan Terkait | Perdagangan Besar Telur Dan Hasil Olahan Telur | Perdagangan Besar Susu Dan Produk Susu | Perdagangan Besar Minyak Dan Lemak Hewani | Perdagangan Besar Bahan Makanan Dan Minuman Hasil Peternakan Dan Perikanan Lainnya | Perdagangan Besar Gula, Cokelat, Dan Kembang Gula | Perdagangan Besar Produk Bakeri | Perdagangan Besar Minuman Beralkohol | Perdagangan Besar Minuman Nonalkohol Bukan Susu | Perdagangan Besar Rokok Dan Tembakau | Perdagangan Besar Makanan Dan Minuman Lainnya | Perdagangan Besar Tekstil | Perdagangan Besar Pakaian | Perdagangan Besar Alas Kaki | Perdagangan Besar Barang Jadi Tekstil | Perdagangan Besar Perlengkapan Jahit | Perdagangan Besar Furnitur, Karpet, Perlengkapan Pencahayaan Untuk Rumah Tangga, Perkantoran, Dan Pertokoan | Perdagangan Besar Alat Fotografi Dan Barang Optik | Perdagangan Besar Sediaan Farmasi Untuk Manusia | Perdagangan Besar Sediaan Farmasi Untuk Hewan | Perdagangan Besar Perhiasan Dan Jam | Perdagangan Besar Peralatan Telekomunikasi | Perdagangan Besar Mesin, Peralatan Dan Perlengkapan Pertanian | Perdagangan Besar Alat Transportasi Laut, Suku Cadang, Dan Perlengkapannya | Perdagangan Besar Alat Transportasi Darat (Bukan Mobil, Sepeda Motor, Dan Sejenisnya), Suku Cadang, Dan Perlengkapannya | Perdagangan Besar Alat Transportasi Udara, Suku Cadang Dan Perlengkapannya | Perdagangan Besar Mobil Baru | Perdagangan Besar Mobil Bekas | Perdagangan Besar Suku Cadang Dan Aksesori Mobil | Perdagangan Besar Sepeda Motor Baru | Perdagangan Besar Sepeda Motor Bekas | Perdagangan Besar Suku Cadang Sepeda Motor Dan Aksesorinya | Perdagangan Besar Bahan Bakar Padat, Cair, Dan Gas Beserta Produk Terkait | Perdagangan Besar Bijih Dan Konsentrat Logam | Perdagangan Besar Produk Logam Setengah Jadi | Perdagangan Besar Bahan Konstruksi Dari Logam | Perdagangan Besar Bahan Konstruksi Dari Tanah Liat, Kapur, Semen, Atau Kaca | Perdagangan Besar Semen, Kapur, Pasir, Dan Batu | Perdagangan Besar Bahan Konstruksi Dari Kayu | Perdagangan Besar Cat | Perdagangan Besar Berbagai Macam Material Bangunan | Perdagangan Besar Bahan Konstruksi, Perkakas, Perlengkapan Perpipaan, Dan Peralatan Pemanas Lainnya | Perdagangan Besar Mineral Bukan Logam | Perdagangan Besar Mineral Radioaktif | Perdagangan Besar Zat Radioaktif Dan Pembangkit Radiasi 
 Pengion | Perdagangan Besar Bahan Dan Barang Kimia | Perdagangan Besar Pupuk Dan Produk Agrokimia | Perdagangan Besar Bahan Berbahaya (B2) | Perdagangan Besar Alat Kesehatan Dan Laboratorium Untuk 
 Manusia | Perdagangan Besar Alat Kesehatan Untuk Hewan | Perdagangan Besar Karet Dan Plastik Dalam Bentuk Dasar | Perdagangan Besar Kertas Dan Karton | Perdagangan Besar Barang Dari Kertas Dan Karton | Perdagangan Besar Barang Bekas Dan Skrap | Perdagangan Besar Produk Lainnya Ytdl | Perdagangan Besar Berbagai Macam Barang Di Grosir/Perkulakan Swalayan | Perdagangan Besar Berbagai Macam Barang Selain Di 
 Grosir/Perkulakan Swalayan | Perdagangan Eceran Minuman Beralkohol | Perdagangan Eceran Rokok Dan Tembakau | Perdagangan Eceran Daging Olahan | Perdagangan Eceran Ikan Olahan | Perdagangan Eceran Bahan Bakar Di Sarana Pengisian Bahan 
 Bakar | Perdagangan Eceran Bahan Bakar Selain Di Sarana Pengisian 
 Bahan Bakar | Perdagangan Eceran Komputer Dan Perlengkapannya | Perdagangan Eceran Peralatan Dan Produk Gim Video Serta 
 Sejenisnya | Perdagangan Eceran Perangkat Lunak (Software) | Perdagangan Eceran Telepon Beserta Aksesorisnya | Perdagangan Eceran Mesin Dan Peralatan Kantor | Perdagangan Eceran Peralatan Audio Dan Video | Perdagangan Eceran Tekstil | Perdagangan Eceran Perlengkapan Rumah Tangga Dari Tekstil | Perdagangan Eceran Perlengkapan Jahit Menjahit | Perdagangan Eceran Bahan Dan Material Konstruksi | Perdagangan Eceran Kaca Lembaran | Perdagangan Eceran Perkakas Dan Peralatan Pertukangan | Perdagangan Eceran Peralatan Keselamatan Dan Gawat Darurat | Perdagangan Eceran Cat, Pernis Dan Lakeri | Perdagangan Eceran Bahan-Bahan Energi Terbarukan | Perdagangan Eceran Karpet, Permadani, Serta Penutup Dinding Dan Lantai | Perdagangan Eceran Furnitur | Perdagangan Eceran Peralatan Listrik Rumah Tangga, Peralatan Penerangan, Dan Perlengkapannya | Perdagangan Eceran Barang Pecah Belah; Perlengkapan Dapur Dan Makan | Perdagangan Eceran Alat Musik | Perdagangan Eceran Peralatan Dan Perlengkapan Rumah Tangga Lainnya Ytdl | Perdagangan Eceran Peralatan Dan Perlengkapan Olahraga | Perdagangan Eceran Khusus Barang Kesenian Dan Rekreasi 
 Ytdl | Perdagangan Eceran Bahan Baku Farmasi Dan Alat Kesehatan Lainnya | Perdagangan Eceran Bahan Konstruksi Dan Saniter Bekas | Perdagangan Eceran Tanaman Dan Bibit Tanaman Selain Tanaman Kehutanan | Perdagangan Eceran Tanaman Dan Bibit Tanaman Kehutanan | Perdagangan Eceran Minyak Tanah | Perdagangan Eceran Gas Tabung Lpg | Perdagangan Eceran Aromatik/Penyegar (Minyak Asiri) | Perdagangan Eceran Lukisan | Perdagangan Eceran Alat Transportasi Darat Tidak Bermotor Dan Perlengkapannya | Perdagangan Eceran Alat Transportasi Air Dan Perlengkapannya | Perdagangan Eceran Alat-Alat Pertanian | Perdagangan Eceran Perlengkapan Pengendara Kendaraan Bermotor | Perdagangan Eceran Pembungkus Dari Plastik | Perdagangan Eceran Barang Baru Lainnya Ytdl | Perdagangan Eceran Mobil Baru | Perdagangan Eceran Mobil Bekas | Perdagangan Eceran Suku Cadang Dan Aksesori Mobil | Perdagangan Eceran Sepeda Motor Baru | Perdagangan Eceran Sepeda Motor Bekas | Perdagangan Eceran Suku Cadang Sepeda Motor Dan Aksesorinya | Platform Digital Intermediasi Perdagangan Eceran | Jasa Intermediasi Perdagangan Eceran Lainnya | Angkutan Kereta Wisata Antarkota | Transportasi Kereta Api Antarkota Lainnya Untuk Penumpang | Transportasi Kereta Api Untuk Barang | Angkutan Kereta Wisata Dalam Kota | Angkutan Kereta Api Perkotaan | Angkutan Tidak Bermotor Untuk Penumpang | Transportasi Darat Lainnya Untuk Penumpang Ytdl | Transportasi Melalui Saluran Pipa | Angkutan Laut Dalam Negeri Liner Dan Tramper Untuk Penumpang | Angkutan Laut Dalam Negeri Perintis Untuk P"
PERUMAHAN;Perumahan Kepadatan Sedang;"Budi Daya Dan Pembibitan Sapi Potong | Budi Daya Dan Pembibitan Sapi Perah | Budi Daya Dan Pembibitan Kerbau Potong | Budi Daya Dan Pembibitan Kerbau Perah | Peternakan Kuda Dan Sejenisnya | Peternakan Unta Dan Sejenisnya | Budi Daya Dan Pembibitan Domba Potong | Budi Daya Dan Pembibitan Kambing Potong | Budi Daya Dan Pembibitan Kambing Perah | Budi Daya Dan Pembibitan Domba Perah | Produksi Bulu Domba Mentah/Raw Wool | Peternakan Babi | Budi Daya Ayam Ras Pedaging | Budi Daya Ayam Ras Petelur | Industri Susu Segar Dan Krim | Reparasi Dan Pemeliharaan Alat Angkutan Lainnya, Bukan Kendaraan Bermotor | Aktivitas Penyimpanan Tenaga Listrik | Pengoperasian Fasilitas Atau Stasiun Pengisian Daya Untuk Kendaraan Dan Peralatan Listrik | Pengoperasian Instalasi Penyediaan Tenaga Listrik | Distribusi Gas Alam Dan Buatan Melalui Jaringan | Konstruksi Konvensional Gedung Hunian | Konstruksi Konvensional Gedung Kesehatan | Konstruksi Konvensional Gedung Pendidikan | Perdagangan Eceran Berbagai Macam Barang Yang Utamanya 
 Makanan, Minuman, Atau Tembakau Dengan Sistem Swalayan | Perdagangan Eceran Berbagai Macam Barang Yang Utamanya 
 Makanan, Minuman, Atau Tembakau Selain Dengan Sistem 
 Swalayan | Perdagangan Eceran Berbagai Macam Barang Yang Utamanya 
 Bukan Makanan, Minuman, Atau Tembakau Dengan Sistem 
 Swalayan | Perdagangan Eceran Berbagai Macam Barang Yang Utamanya 
 Bukan Makanan, Minuman, Atau Tembakau Selain Dengan Sistem 
 Swalayan | Perdagangan Eceran Padi Dan Palawija | Perdagangan Eceran Tahu, Tempe, Tauco, Dan Oncom | Perdagangan Eceran Perlengkapan Pakaian | Perdagangan Eceran Tas, Dompet, Koper, Ransel, Dan Sejenisnya | Perdagangan Eceran Sediaan Farmasi Untuk Manusia Di Apotek | Perdagangan Eceran Sediaan Farmasi Untuk Manusia Selain Di Apotek | Perdagangan Eceran Obat Bahan Alam Untuk Manusia | Perdagangan Eceran Kosmetik Untuk Manusia | Perdagangan Eceran Alat Kesehatan Untuk Manusia | Perdagangan Eceran Alat Fotografi Dan Perlengkapannya | Perdagangan Eceran Alat Optik Dan Perlengkapannya | Perdagangan Eceran Kacamata | Perdagangan Eceran Jam | Perdagangan Eceran Barang Perhiasan | Perdagangan Eceran Barang Antik | Perdagangan Eceran Hewan Ternak Dan Bibit Hewan | Perdagangan Eceran Pakan Ternak/Unggas/Ikan Dan Hewan Kesayangan | Perdagangan Eceran Bunga Potong/Florist | Perdagangan Eceran Pupuk Dan Pemberantas Hama | Perdagangan Eceran Bahan Kimia | Perdagangan Eceran Bahan Kimia, Aromatik/Penyegar (Minyak Asiri), Dan Bahan Bakar Selain Bahan Bakar Untuk Kendaraan Bermotor Lainnya | Perdagangan Eceran Cendera Mata, Kerajinan, Dan Barang Barang Keagamaan | Perdagangan Eceran Berbagai Macam Mesin Dan Perlengkapannya | Aktivitas Penyiaran Radio Analog | Aktivitas Telekomunikasi Dengan Satelit | Aktivitas Pengembangan Bangunan Dan Lahan Hunian | Aktivitas Penyewaan Bangunan Dan Lahan Hunian Milik Sendiri Atau Sewa | Pengelolaan Real Estat Hunian Atas Dasar Balas Jasa (Fee) Atau Kontrak | Penyewaan Dan Sewa Guna Usaha Mesin Dan Peralatan Komunikasi Dan Multimedia | Aktivitas Jasa Intermediasi Untuk Penyewaan Dan Sewa Guna Usaha Barang Berwujud Dan Aset Tak Berwujud Nonfinansial Lainnya | Aktivitas Penempatan Awak Kapal | Aktivitas Penyediaan Informasi Lowongan Kerja | Aktivitas Penempatan Tenaga Kerja Lainnya | Aktivitas Penyediaan Tenaga Kerja Sementara Dan Penyediaan Sumber Daya Manusia Lainnya | Pendidikan Menengah Atas Keagamaan Protestan, Katolik, Hindu, Buddha, Atau Konghucu | Pendidikan Menengah Kejuruan Keagamaan Islam | Pendidikan Olahraga Dan Rekreasi | Pendidikan Kebudayaan | Pendidikan Pesantren Lainnya | Pendidikan Keagamaan Islam Nonformal | Pendidikan Keagamaan Lainnya Ytdl | Pendidikan Lainnya Pemerintah | Pelatihan Kerja Pemerintah | Pelatihan Kerja Teknik Swasta | Pelatihan Kerja Teknologi Informasi Dan Komunikasi Swasta | Pelatihan Kerja Industri Kreatif Swasta | Pelatihan Kerja Pariwisata Dan Perhotelan Swasta | Pelatihan Kerja Bisnis Dan Manajemen Swasta | Pelatihan Kerja Pekerjaan Domestik Swasta";Perdagangan Besar Barang Percetakan Dan Penerbitan Dalam Berbagai Bentuk | Perdagangan Besar Komputer Dan Perlengkapan Komputer | Perdagangan Besar Perangkat Lunak | Perdagangan Besar Suku Cadang Elektronik | Perdagangan Besar Disket, Flash Drive, Pita Audio Dan Video, Serta Cd Dan Dvd Kosong | Perdagangan Besar Mesin Kantor Dan Industri, Suku Cadang, Dan Perlengkapannya | Perdagangan Besar Mesin, Peralatan, Dan Perlengkapan Lainnya Ytdl;"Pengolahan Dan Pengawetan Ikan Dengan Pelumatan | Pengasinan Buah-Buahan Dan Sayuran | Pelumatan Buah-Buahan Dan Sayuran | Pengeringan Buah-Buahan Dan Sayuran | Pembekuan Buah-Buahan Dan Sayuran | Pengalengan Buah-Buahan Dan Sayuran | Pengolahan Sari Buah-Buahan Dan Sayuran | Pembuatan Tempe Kedelai | Pembuatan Tahu Kedelai | Pengolahan Dan Pengawetan Lainnya Untuk Buah-Buahan Dan Sayuran | Industri Barang Tekstil Dengan Bahan Pengisi | Industri Barang Tekstil Bukan Pakaian Jadi Lainnya | Industri Karpet Dan Permadani | Industri Barang Dari Tali | Industri Kapuk | Industri Pakaian Jadi (Konfeksi) Dari Tekstil | Industri Pakaian Jadi (Konfeksi) Dari Kulit Dan Tiruan Kulit | Industri Penjahitan Dan Pembuatan (Bukan Konfeksi) Pakaian Sesuai Pesanan/Kustomisasi | Industri Perlengkapan Pakaian Dari Tekstil | Industri Perlengkapan Pakaian Dari Kulit Dan Tiruan Kulit | Industri Pakaian Jadi Dan Perlengkapannya Dari Rajutan Dan Crocheted | Industri Hosiery Rajutan Dan Crocheted | Industri Wadah Dari Kayu | Industri Barang Anyaman Dari Rotan Dan Bambu | Industri Barang Anyaman Dari Tanaman Selain Rotan Dan Bambu | Industri Kerajinan Ukiran Dari Kayu Bukan Furnitur | Industri Alat Dapur Dan Alat Makan Dari Kayu, Rotan, Dan Bambu | Industri Kayu Bakar Dan Pelet Dari Kayu Dan Biomassa Lainnya | Industri Barang Lainnya Dari Kayu; Industri Barang Dari Gabus, Jerami, Rotan, Bambu, Dan Sejenisnya Ytdl | Industri Barang Dari Kertas Dan Papan Kertas Lainnya Ytdl | Pencetakan Umum | Pencetakan Tiga Dimensi (3d) | Kegiatan Jasa Penunjang Pencetakan | Reproduksi Media Rekaman Suara Dan Perangkat Lunak | Reproduksi Media Rekaman Film Dan Video | Industri Minyak Pelumas | Industri Briket | Industri Kimia Dasar Organik Dari Sumber Daya Alam Hayati | Industri Pupuk Hara Mikro | Industri Pupuk Organik, Pupuk Hayati, Dan Media Tanam | Industri Biostimulan | Industri Minyak Asiri Hulu | Industri Minyak Asiri Rantai Tengah | Industri Bahan Baku Obat Bahan Alam Untuk Manusia | Industri Produk Obat Bahan Alam Untuk Manusia | Industri Produk Obat Bahan Alam Untuk Hewan | Industri Bahan Baku Obat Bahan Alam Untuk Hewan | Industri Alat Ukur Waktu | Industri Peralatan Listrik Rumah Tangga | Industri Perhiasan Imitasi Dan Barang Sejenis | Industri Alat Musik Tradisional | Industri Alat Musik Nontradisional | Industri Peralatan Dan Perlengkapan Olahraga | Industri Alat Permainan | Industri Mainan Termasuk Drone Rekreasi | Industri Peralatan Kedokteran Dan Kedokteran Gigi Serta Perlengkapannya | Industri Furnitur Untuk Operasi, Perawatan Kedokteran, Dan Kedokteran Gigi | Industri Peralatan Kedokteran Dan Kedokteran Gigi, Serta Perlengkapan Ortopedi Dan Prostetik | Industri Kacamata | Industri Peralatan Kedokteran Dan Kedokteran Gigi, Serta Perlengkapan Lainnya | Industri Alat Tulis Dan Gambar Termasuk Perlengkapannya | Industri Pita Mesin Tulis Atau Gambar | Industri Kerajinan Ytdl | Reparasi Dan Pemeliharaan Produk Logam Struktural, Tangki, Tandon Air, Dan Generator Uap | Reparasi Dan Pemeliharaan Produk Logam Pabrikasi Lainnya | Reparasi Dan Pemeliharaan Mesin Untuk Keperluan Umum | Reparasi Dan Pemeliharaan Mesin Untuk Keperluan Khusus | Reparasi Dan Pemeliharaan Alat Ukur, Alat Uji, Serta Peralatan Navigasi Dan Pengontrol | Reparasi Dan Pemeliharaan Peralatan Iradiasi, Elektromedik, Dan Elektroterapi | Reparasi Dan Pemeliharaan Peralatan Fotografi Dan Optik | Reparasi Dan Pemeliharaan Motor Listrik, Generator, Dan Transformator | Reparasi Dan Pemeliharaan Baterai Dan Akumulator Listrik | Konstruksi Konvensional Gedung Perkantoran | Konstruksi Konvensional Gedung Perbelanjaan | Perdagangan Besar Alat Tulis Dan Gambar | Perdagangan Besar Peralatan Masak, Peralatan Dapur, Dan Elektronik Rumah Tangga | Perdagangan Besar Peralatan Dan Perlengkapan Olahraga | Perdagangan Besar Alat Musik | Perdagangan Besar Tas, Dompet, Koper, Ransel, Dan Sejenisnya | Perdagangan Besar Berbagai Barang Dan Perlengkapan Rumah Tangga Lainnya Ytdl | Perdagangan Besar Mobil Bekas | Perdagangan Besar Sepeda Motor Bekas | Perdagangan Besar Kaca Lembaran | Perdagangan Besar Bahan Konstruksi Dari Porselen | Perdagangan Besar Berbagai Macam Material Bangunan | Perdagangan Besar Bahan Konstruksi, Perkakas, Perlengkapan Perpipaan, Dan Peralatan Pemanas Lainnya | Perdagangan Besar Mineral Bukan Logam | Perdagangan Eceran Buah-Buahan | Perdagangan Eceran Sayuran | Perdagangan Eceran Hasil Peternakan | Perdagangan Eceran Hasil Perikanan | Perdagangan Eceran Hasil Kehutanan Dan Perburuan | Perdagangan Eceran Hasil Pertanian Lainnya | Perdagangan Eceran Minuman Tidak Beralkohol | Perdagangan Eceran Beras | Perdagangan Eceran Roti, Kue Kering, Serta Kue Basah Dan Sejenisnya | Perdagangan Eceran Kopi, Gula Pasir, Gula Merah, Dan Sejenisnya | Perdagangan Eceran Makanan Lainnya | Perdagangan Eceran Minyak Pelumas | Perdagangan Eceran Alat Tulis Menulis Dan Gambar | Perdagangan Eceran Hasil Pencetakan Dan Penerbitan | Perdagangan Eceran Kertas, Kertas Karton, Dan Barang Dari Kertas/Karton | Perdagangan Eceran Alat Permainan Dan Mainan | Perdagangan Eceran Pakaian | Perdagangan Eceran Sepatu, Sandal, Dan Alas Kaki Lainnya | Aktivitas Hotel Bintang Lima | Aktivitas Hotel Bintang Empat | Aktivitas Hotel Bintang Tiga | Aktivitas Hotel Bintang Dua | Aktivitas Hotel Bintang Satu | Aktivitas Hotel Nonbintang | Aktivitas Rumah Tinggal Sewa (Homestay) | Aktivitas Hostel Remaja (Youth Hostel) | Aktivitas Vila | Aktivitas Apartemen Hotel | Aktivitas Penyediaan Akomodasi Jangka Pendek Lainnya | Aktivitas Penyediaan Bumi Perkemahan, Persinggahan Karavan, Dan Taman Karavan | Aktivitas Jasa Intermediasi Akomodasi | Aktivitas Jasa Manajemen Akomodasi | Penyediaan Akomodasi Lainnya Ytdl | Aktivitas Penyediaan Makanan Di Bangunan Tetap | Aktivitas Penyediaan Makanan Di Bangunan Tidak Tetap | Aktivitas Jasa Boga Untuk Acara Tertentu (Event Catering) | Aktivitas Rumah Minum/Kafe | Aktivitas Kedai Minuman | Aktivitas Rumah/Kedai Obat Bahan Alam | Aktivitas Penyediaan Minuman Keliling/Tempat Tidak Tetap | Aktivitas Jasa Intermediasi Penyediaan Makanan Dan Minuman | Penerbitan Buku | Penerbitan Surat Kabar | Aktivitas Real Estat (Bangunan Dan Lahan) Nonhunian Lainnya Milik Sendiri Atau Sewa | Aktivitas Jasa Intermediasi Real Estat | Jasa Penaksir Real Estat | Aktivitas Real Estat Atas Dasar Balas Jasa (Fee) Atau Kontrak Lainnya Ytdl | Aktivitas Pengacara | Aktivitas Konsultan Hukum | Aktivitas Konsultan Kekayaan Intelektual | Aktivitas Notaris Dan Pejabat Pembuat Akta Tanah | Aktivitas Akuntansi, Pembukuan, Dan Pemeriksa | Aktivitas Konsultansi Pajak | Aktivitas Konsultansi Manajemen Dan Bisnis Pariwisata | Aktivitas Konsultansi Manajemen Dan Bisnis Industri | Aktivitas Konsultansi Manajemen Dan Bisnis Perdagangan | Aktivitas Konsultasi Manajemen Dan Bisnis Lainnya | Aktivitas Arsitektural | Aktivitas Periklanan | Aktivitas Desain Peralatan Rumah Tangga Dan Furnitur | Aktivitas Desain Tekstil, Mode/Fesyen, Dan Garmen | Aktivitas Desain Alat Komunikasi Dan Elektronika | Aktivitas Desain Peralatan Olahraga Dan Permainan | Aktivitas Desain Produk Kesehatan, Kosmetik, Dan Perlengkapan Laboratorium | Aktivitas Desain Pengemasan | Aktivitas Desain Industri Lainnya | Aktivitas Desain Interior | Aktivitas Desain Grafis/Komunikasi Visual | Aktivitas Desain Khusus Film, Video, Program Televisi, Animasi Dan Komik | Aktivitas Desain Konten Gim | Aktivitas Desain Khusus Lainya Ytdl | Aktivitas Fotografi Udara | Aktivitas Fotografi Lainnya | Aktivitas Penerjemah Atau Interpreter | Aktivitas Broker Dan Layanan Pemasaran Paten | Jasa Meteorologi Dan Prakiraan Cuaca | Semua Aktivitas Profesional, Ilmiah Dan Teknis Ytdl Lainnya | Aktivitas Personel Kesehatan Hewan Mandiri | Aktivitas Pengelolaan Sarana Kesehatan Hewan | Aktivitas Pengelolaan Kesehatan Hewan Lainnya | Penyewaan Dan Sewa Guna Usaha Kendaraan Bermotor | Penyewaan Dan Sewa Guna Usaha Alat Rekreasi Dan Olahraga | Penyewaan Peralatan Dan Perlengkapan Acara | Penyewaan Alat Musik | Penyewaan Barang Hasil Pencetakan Dan Penerbitan | Penyewaan Bunga Dan Tanaman Hias | Penyewaan Barang Pribadi Dan Barang Rumah Tangga Lainnya Ytdl | Penyewaan Dan Sewa Guna Usaha Alat Transportasi Darat Bukan Kendaraan Bermotor | Penyewaan Dan Sewa Guna Usaha Alat Transportasi Air | Penyewaan Dan Sewa Guna Usaha Alat Transportasi Udara | Penyewaan Dan Sewa Guna Usaha Mesin Dan Peralatan Industri | Penyewaan Dan Sewa Guna Usaha Mesin Dan Alat Pertanian | Penyewaan Dan Sewa Guna Usaha Mesin Dan Peralatan Konstruksi Dan Teknik Sipil | Penyewaan Dan Sewa Guna Usaha Mesin Dan Peralatan Kantor | Penyewaan Dan Sewa Guna Usaha Mesin, Peralatan, Dan Barang Berwujud Lainnya Ytdl | Aktivitas Jasa Intermediasi Untuk Penyewaan Dan Sewa Guna Usaha Mobil | Aktivitas Penempatan Tenaga Kerja Untuk Usaha Di Dalam Negeri | Aktivitas Penempatan Tenaga Kerja Luar Negeri | Aktivitas Penempatan Tenaga Kerja Untuk Rumah Tangga Sebagai Pemberi Kerja Di Dalam Negeri | Aktivitas Biro Perjalanan Wisata | Aktivitas Biro Perjalanan Ibadah Umrah Dan Haji Khusus | Aktivitas Biro Perjalanan Lainnya | Jasa Informasi Pariwisata | Jasa Informasi Daya Tarik Wisata | Jasa Pramuwisata | Pendidikan Taman Kanak-Kanak Umum Pemerintah | Pendidikan Taman Kanak-Kanak Umum Swasta | Pendidikan Prasekolah Keagamaan Islam | Pendidikan Prasekolah Keagamaan Protestan, Katolik, Hindu, Buddha, Atau Konghucu | Pendidikan Dasar Umum Pemerintah | Pendidikan Dasar Umum Swasta | Pendidikan Dasar Keagamaan Islam | Pendidikan Dasar Keagamaan Protestan, Katolik, Hindu, Buddha, Atau Konghucu | Pendidikan Menengah Pertama Umum Pemerintah | Pendidikan Menengah Pertama Umum Swasta | Pendidikan Menengah Pertama Keagamaan Islam | Pendidikan Menengah Pertama Keagamaan Protestan, Katolik, Hindu, Buddha, Atau Konghucu | Pendidikan Menengah Atas Umum Pemerintah | Pendidikan Menengah Atas Umum Swasta | Pendidikan Menengah Atas Keagamaan Islam | Pelatihan Kerja Pertanian Dan Perikanan Swasta | Pelatihan Kerja Swasta Lainnya | Pelatihan Kerja Teknik Perusahaan | Pelatihan Kerja Teknologi Informasi Dan Komunikasi Perusahaan | Pelatihan Kerja Industri Kreatif Perusahaan | Pelatihan Kerja Pariwisata Dan Perhotelan Perusahaan | Pelatihan Kerja Bisnis Dan Manajemen Perusahaan | Pelatihan Kerja Pekerjaan Domestik Perusahaan | Pelatihan Kerja Pertanian Dan Perikanan Perusahaan | Pelatihan Kerja Perusahaan Lainnya | Pendidikan Manajemen Dan Perbankan | Pendidikan Komputer (Teknologi Informasi Dan Komunikasi) Swasta | Pendidikan Bahasa Swasta | Pendidikan Kesehatan Swasta | Pendidikan Bimbingan Belajar Dan Konseling Swasta | Pendidikan Teknik Swasta | Pendidikan Kerajinan Dan Industri | Pendidikan Lainnya Swasta";"Jasa Perkawinan Ternak | Jasa Penetasan Telur | Jasa Penunjang Peternakan Lainnya | Jasa Pascapanen | Pemilihan Benih Tanaman Untuk Pembiakan | Pengolahan Dan Pengawetan Ikan Dengan Pelumatan | Pengeringan Buah-Buahan Dan Sayuran | Pembekuan Buah-Buahan Dan Sayuran | Pengalengan Buah-Buahan Dan Sayuran | Pengolahan Sari Buah-Buahan Dan Sayuran | Pembuatan Tempe Kedelai | Pembuatan Tahu Kedelai | Pengolahan Dan Pengawetan Lainnya Untuk Buah-Buahan Dan Sayuran | Industri Susu Segar Dan Krim | Industri Susu Bubuk Dan Susu Kental | Industri Es Krim | Industri Es Yang Dapat Dimakan Dan Es Pencuci Mulut | Industri Produk Susu Lainnya | Industri Berbagai Macam Pati Palem | Industri Glukosa Dan Sejenisnya | Industri Pati Dan Produk Pati Lainnya | Industri Penggilingan Padi Dan Penyosohan Beras | Industri Pemipilan Jagung | Industri Tepung Beras Dan Tepung Jagung | Industri Pati Beras Dan Jagung | Industri Pemanis Dari Beras Dan Jagung | Industri Minyak Dari Beras Dan Jagung | Industri Produk Bakeri | Industri Gula Pasir | Industri Gula Merah | Industri Sirop | Industri Gula Lainnya | Industri Pengolahan Kakao; Industri Cokelat Dan Kembang Gula | Industri Pengolahan Kakao | Industri Cokelat Dan Kembang Gula Dari Cokelat | Industri Manisan Buah-Buahan Dan Sayuran Kering | Industri Kembang Gula Lainnya | Industri Makaroni, Mi, Couscous, Dan Produk Sejenisnya | Industri Makanan Dan Masakan Olahan | Pengolahan Kopi | Pengolahan Te | Industri Kecap | Industri Bumbu Masakan Lainnya | Industri Kue Basah | Industri Produk Makanan Dari Kelapa | Industri Kerupuk, Keripik, Peyek, Dan Sejenisnya | Industri Dodol | Industri Infusi Herbal/Herb Infusion | Industri Air Kemasan | Industri Air Minum Isi Ulang | Industri Minuman Lainnya | Industri Kain Batik | Industri Kain Rajutan | Industri Kain Crocheted | Industri Bulu Tiruan Rajutan | Industri Barang Tekstil Untuk Keperluan Rumah Tangga | Industri Barang Tekstil Dengan Bahan Pengisi | Industri Barang Tekstil Bukan Pakaian Jadi Lainnya | Industri Karpet Dan Permadani | Industri Barang Dari Tali | Industri Kapuk | Industri Pakaian Jadi (Konfeksi) Dari Tekstil | Industri Pakaian Jadi (Konfeksi) Dari Kulit Dan Tiruan Kulit | Industri Penjahitan Dan Pembuatan (Bukan Konfeksi) Pakaian Sesuai Pesanan/Kustomisasi | Industri Perlengkapan Pakaian Dari Tekstil | Industri Perlengkapan Pakaian Dari Kulit Dan Tiruan Kulit | Industri Pakaian Jadi Dan Perlengkapannya Dari Rajutan Dan Crocheted | Industri Hosiery Rajutan Dan Crocheted | Industri Wadah Dari Kayu | Industri Barang Anyaman Dari Rotan Dan Bambu | Industri Barang Anyaman Dari Tanaman Selain Rotan Dan Bambu | Industri Kerajinan Ukiran Dari Kayu Bukan Furnitur | Industri Alat Dapur Dan Alat Makan Dari Kayu, Rotan, Dan Bambu | Industri Kayu Bakar Dan Pelet Dari Kayu Dan Biomassa Lainnya | Industri Barang Lainnya Dari Kayu; Industri Barang Dari Gabus, Jerami, Rotan, Bambu, Dan Sejenisnya Ytdl | Industri Barang Dari Kertas Dan Papan Kertas Lainnya Ytdl | Pencetakan Umum | Pencetakan Tiga Dimensi (3d) | Kegiatan Jasa Penunjang Pencetakan | Reproduksi Media Rekaman Suara Dan Perangkat Lunak | Reproduksi Media Rekaman Film Dan Video | Industri Minyak Asiri Hulu | Industri Minyak Asiri Rantai Tengah | Industri Bahan Baku Obat Bahan Alam Untuk Manusia | Industri Produk Obat Bahan Alam Untuk Manusia | Industri Produk Obat Bahan Alam Untuk Hewan | Industri Bahan Baku Obat Bahan Alam Untuk Hewan | Industri Alat Ukur Waktu | Industri Peralatan Listrik Rumah Tangga | Perdagangan Besar Alat Tulis Dan Gambar | Perdagangan Besar Mobil Bekas | Perdagangan Besar Sepeda Motor Bekas | Perdagangan Besar Suku Cadang Sepeda Motor Dan Aksesorinya | Perdagangan Besar Berbagai Macam Material Bangunan | Perdagangan Eceran Buah-Buahan | Perdagangan Eceran Sayuran | Perdagangan Eceran Hasil Peternakan | Perdagangan Eceran Hasil Perikanan | Perdagangan Eceran Hasil Kehutanan Dan Perburuan | Perdagangan Eceran Hasil Pertanian Lainnya | Perdagangan Eceran Minuman Tidak Beralkohol | Perdagangan Eceran Beras | Perdagangan Eceran Roti, Kue Kering, Serta Kue Basah Dan Sejenisnya | Perdagangan Eceran Kopi, Gula Pasir, Gula Merah, Dan Sejenisnya | Perdagangan Eceran Makanan Lainnya | Perdagangan Eceran Minyak Pelumas | Perdagangan Eceran Alat Tulis Menulis Dan Gambar | Perdagangan Eceran Hasil Pencetakan Dan Penerbitan | Perdagangan Eceran Kertas, Kertas Karton, Dan Barang Dari Kertas/Karton | Perdagangan Eceran Alat Permainan Dan Mainan | Perdagangan Eceran Pakaian | Perdagangan Eceran Sepatu, Sandal, Dan Alas Kaki Lainnya | Aktivitas Hotel Bintang Lima | Aktivitas Hotel Bintang Empat | Aktivitas Hotel Bintang Tiga | Aktivitas Hotel Bintang Dua | Aktivitas Hotel Bintang Satu | Aktivitas Hotel Nonbintang | Aktivitas Rumah Tinggal Sewa (Homestay) | Aktivitas Hostel Remaja (Youth Hostel) | Aktivitas Vila | Aktivitas Apartemen Hotel | Aktivitas Penyediaan Akomodasi Jangka Pendek Lainnya | Aktivitas Penyediaan Bumi Perkemahan, Persinggahan Karavan, Dan Taman Karavan | Aktivitas Jasa Intermediasi Akomodasi | Aktivitas Jasa Manajemen Akomodasi | Penyediaan Akomodasi Lainnya Ytdl | Aktivitas Penyediaan Makanan Di Bangunan Tetap | Aktivitas Penyediaan Makanan Di Bangunan Tidak Tetap | Aktivitas Jasa Boga Untuk Acara Tertentu (Event Catering) | Aktivitas Rumah Minum/Kafe | Aktivitas Kedai Minuman | Aktivitas Rumah/Kedai Obat Bahan Alam | Aktivitas Penyediaan Minuman Keliling/Tempat Tidak Tetap | Aktivitas Jasa Intermediasi Penyediaan Makanan Dan Minuman | Penerbitan Buku | Penerbitan Surat Kabar | Aktivitas Periklanan | Aktivitas Desain Peralatan Rumah Tangga Dan Furnitur | Aktivitas Desain Tekstil, Mode/Fesyen, Dan Garmen | Aktivitas Desain Alat Komunikasi Dan Elektronika | Aktivitas Desain Peralatan Olahraga Dan Permainan | Aktivitas Desain Produk Kesehatan, Kosmetik, Dan Perlengkapan Laboratorium | Aktivitas Desain Pengemasan | Aktivitas Desain Industri Lainnya | Aktivitas Desain Interior | Aktivitas Desain Grafis/Komunikasi Visual | Aktivitas Desain Khusus Film, Video, Program Televisi, Animasi Dan Komik | Aktivitas Desain Konten Gim | Aktivitas Desain Khusus Lainya Ytdl | Aktivitas Fotografi Udara | Aktivitas Fotografi Lainnya | Aktivitas Penerjemah Atau Interpreter | Aktivitas Broker Dan Layanan Pemasaran Paten | Jasa Meteorologi Dan Prakiraan Cuaca | Semua Aktivitas Profesional, Ilmiah Dan Teknis Ytdl Lainnya | Aktivitas Personel Kesehatan Hewan Mandiri | Aktivitas Pengelolaan Sarana Kesehatan Hewan | Aktivitas Pengelolaan Kesehatan Hewan Lainnya | Penyewaan Dan Sewa Guna Usaha Kendaraan Bermotor | Penyewaan Dan Sewa Guna Usaha Alat Rekreasi Dan Olahraga | Penyewaan Peralatan Dan Perlengkapan Acara | Penyewaan Alat Musik | Penyewaan Barang Hasil Pencetakan Dan Penerbitan | Penyewaan Bunga Dan Tanaman Hias | Penyewaan Barang Pribadi Dan Barang Rumah Tangga Lainnya Ytdl | Penyewaan Dan Sewa Guna Usaha Alat Transportasi Darat Bukan Kendaraan Bermotor | Penyewaan Dan Sewa Guna Usaha Alat Transportasi Air | Penyewaan Dan Sewa Guna Usaha Alat Transportasi Udara | Penyewaan Dan Sewa Guna Usaha Mesin Dan Peralatan Industri | Penyewaan Dan Sewa Guna Usaha Mesin Dan Alat Pertanian | Penyewaan Dan Sewa Guna Usaha Mesin Dan Peralatan Konstruksi Dan Teknik Sipil | Penyewaan Dan Sewa Guna Usaha Mesin Dan Peralatan Kantor | Penyewaan Dan Sewa Guna Usaha Mesin, Peralatan, Dan Barang Berwujud Lainnya Ytdl | Aktivitas Jasa Intermediasi Untuk Penyewaan Dan Sewa Guna Usaha Mobil | Aktivitas Penempatan Tenaga Kerja Untuk Usaha Di Dalam Negeri | Aktivitas Penempatan Tenaga Kerja Luar Negeri | Aktivitas Penempatan Tenaga Kerja Untuk Rumah Tangga Sebagai Pemberi Kerja Di Dalam Negeri | Aktivitas Biro Perjalanan Wisata | Aktivitas Biro Perjalanan Ibadah Umrah Dan Haji Khusus | Aktivitas Biro Perjalanan Lainnya | Jasa Informasi Pariwisata | Jasa Informasi Daya Tarik Wisata | Jasa Pramuwisata | Lembaga Eksekutif Perencanaan | Lembaga Pemerintah Nonkementerian Dengan Tugas Khusus | Kegiatan Administrasi Pemerintahan Lainnya | Administrasi Pelayanan Pemerintah Bidang Pendidikan | Administrasi Pelayanan Pemerintah Bidang Kesehatan | Administrasi Pelayanan Pemerintah Bidang Perumahan | Administrasi Pelayanan Pemerintah Bidang Kesejahteraan 
 Sosial | Administrasi Pelayanan Pemerintah Bidang Keagamaan | Administrasi Pelayanan Pemerintah Bidang 
 Kebudayaan/Kesenian/Rekreasi/Olahraga | Administrasi Pelayanan Pemerintah Bidang Sosial Lainnya 
 Bukan Kesehatan, Pendidikan, Keagamaan, Dan Kebudayaan | Administrasi Pelayanan Pemerintah Bidang Lingkungan Hidup | Kegiatan Lembaga Pemerintahan Bidang Pertanian | Kegiatan Lembaga Pemerintahan Bidang Pertambangan Dan Penggalian, Listrik, Air, Dan Gas | Kegiatan Lembaga Pemerintahan Bidang Perindustrian | Kegiatan Lembaga Pemerintahan Bidang Komunikasi Dan Informatika | Kegiatan Lembaga Pemerintahan Bidang Konstruksi | Kegiatan Lembaga Pemerintahan Bidang Perdagangan Dan Pariwisata | Kegiatan Lembaga Pemerintahan Bidang Perhubungan | Kegiatan Lembaga Pemerintahan Bidang Ketenagakerjaan | Kegiatan Lembaga Pemerintahan Untuk Menciptakan Efisiensi Produksi Dan Bisnis Lainnya | Hubungan Luar Negeri | Lembaga Pertahanan Dan Angkatan Bersenjata | Angkatan Darat | Angkatan Udara | Angkatan Laut | Kepolisian | Pertahanan Sipil | Aktivitas Lembaga Peradilan | Kegiatan Lembaga Pemerintahan Bidang Penanggulangan Bencana Dan Pemadam Kebakaran | Aktivitas Jaminan Sosial Wajib | Pendidikan Taman Kanak-Kanak Umum Pemerintah | Pendidikan Taman Kanak-Kanak Umum Swasta | Pendidikan Prasekolah Keagamaan Islam | Pendidikan Prasekolah Keagamaan Protestan, Katolik, Hindu, Buddha, Atau Konghucu | Pendidikan Dasar Umum Pemerintah | Pendidikan Dasar Umum Swasta | Pendidikan Dasar Keagamaan Islam | Pendidikan Dasar Keagamaan Protestan, Katolik, Hindu, Buddha, Atau Konghucu | Pendidikan Menengah Pertama Umum Pemerintah | Pendidikan Menengah Pertama Umum Swasta | Pendidikan Menengah Pertama Keagamaan Islam | Pendidikan Menengah Pertama Keagamaan Protestan, Katolik, Hindu, Buddha, Atau Konghucu | Pendidikan Menengah Atas Umum Pemerintah | Pendidikan Menengah Atas Umum Swasta | Pendidikan Menengah Atas Keagamaan Islam | Pelatihan Kerja Pertanian Dan Perikanan Swasta | Pelatihan Kerja Swasta Lainnya | Pelatihan Kerja Teknik Perusahaan | Pelatihan Kerja Teknologi Informasi Dan Komunikasi Perusahaan | Pelatihan Kerja Industri Kreatif Perusahaan | Pelatihan Kerja Pariwisata Dan Perhotelan Perusahaan | Pelatihan Kerja Bisnis Dan Manajemen Perusahaan | Pelatihan Kerja Pekerjaan Domestik Perusahaan | Pelatihan Kerja Pertanian Dan Perikanan Perusahaan | Pelatihan Kerja Perusahaan Lainnya | Pendidikan Manajemen Dan Perbankan | Pendidikan Komputer (Teknologi Informasi Dan Komunikasi) Swasta | Pendidikan Bahasa Swasta | Pendidikan Kesehatan Swasta | Pendidikan Bimbingan Belajar Dan Konseling Swasta | Pendidikan Teknik Swasta | Pendidikan Kerajinan Dan Industri | Pendidikan Lainnya Swasta";"Pertanian Tanaman Bunga | Pertanian Pembenihan Tanaman Bunga | Industri Susu Segar Dan Krim | Industri Susu Bubuk Dan Susu Kental | Industri Es Krim | Industri Es Yang Dapat Dimakan Dan Es Pencuci Mulut | Industri Produk Susu Lainnya | Industri Berbagai Macam Pati Palem | Industri Glukosa Dan Sejenisnya | Industri Pati Dan Produk Pati Lainnya | Industri Penggilingan Padi Dan Penyosohan Beras | Industri Pemipilan Jagung | Industri Tepung Beras Dan Tepung Jagung | Industri Pati Beras Dan Jagung | Industri Pemanis Dari Beras Dan Jagung | Industri Minyak Dari Beras Dan Jagung | Industri Produk Bakeri | Industri Gula Pasir | Industri Gula Merah | Industri Sirop | Industri Gula Lainnya | Industri Pengolahan Kakao; Industri Cokelat Dan Kembang Gula | Industri Pengolahan Kakao | Industri Cokelat Dan Kembang Gula Dari Cokelat | Industri Manisan Buah-Buahan Dan Sayuran Kering | Industri Kembang Gula Lainnya | Industri Makaroni, Mi, Couscous, Dan Produk Sejenisnya | Industri Makanan Dan Masakan Olahan | Pengolahan Kopi | Pengolahan Te | Industri Kecap | Industri Bumbu Masakan Lainnya | Industri Kue Basah | Industri Produk Makanan Dari Kelapa | Industri Kerupuk, Keripik, Peyek, Dan Sejenisnya | Industri Dodol | Industri Infusi Herbal/Herb Infusion | Industri Air Kemasan | Industri Air Minum Isi Ulang | Industri Minuman Lainnya | Industri Kain Batik | Industri Kain Rajutan | Industri Kain Crocheted | Industri Bulu Tiruan Rajutan | Industri Barang Tekstil Untuk Keperluan Rumah Tangga | Konstruksi Konvensional Gedung Penginapan | Konstruksi Konvensional Gedung Hiburan Dan Olahraga | Konstruksi Konvensional Gedung Lainnya | Perdagangan Besar Alat Tulis Dan Gambar | Perdagangan Besar Alat Permainan Dan Mainan | Perdagangan Besar Mobil Bekas | Perdagangan Besar Sepeda Motor Bekas | Perdagangan Besar Bahan Konstruksi, Perkakas, Perlengkapan Perpipaan, Dan Peralatan Pemanas Lainnya | Perdagangan Eceran Buah-Buahan | Perdagangan Eceran Sayuran | Perdagangan Eceran Hasil Peternakan | Perdagangan Eceran Hasil Perikanan | Perdagangan Eceran Hasil Kehutanan Dan Perburuan | Perdagangan Eceran Hasil Pertanian Lainnya | Perdagangan Eceran Minuman Tidak Beralkohol | Perdagangan Eceran Beras | Perdagangan Eceran Roti, Kue Kering, Serta Kue Basah Dan Sejenisnya | Perdagangan Eceran Kopi, Gula Pasir, Gula Merah, Dan Sejenisnya | Perdagangan Eceran Makanan Lainnya | Perdagangan Eceran Minyak Pelumas | Perdagangan Eceran Alat Tulis Menulis Dan Gambar | Perdagangan Eceran Hasil Pencetakan Dan Penerbitan | Perdagangan Eceran Kertas, Kertas Karton, Dan Barang Dari Kertas/Karton | Perdagangan Eceran Alat Permainan Dan Mainan | Perdagangan Eceran Pakaian | Perdagangan Eceran Sepatu, Sandal, Dan Alas Kaki Lainnya | Aktivitas Kehumasan";Perdagangan Besar Alat Tulis Dan Gambar | Perdagangan Besar Alat Permainan Dan Mainan | Perdagangan Besar Mineral Bukan Logam | Perdagangan Eceran Buah-Buahan | Perdagangan Eceran Sayuran | Perdagangan Eceran Hasil Peternakan | Perdagangan Eceran Hasil Perikanan | Perdagangan Eceran Hasil Kehutanan Dan Perburuan | Perdagangan Eceran Hasil Pertanian Lainnya | Perdagangan Eceran Minuman Tidak Beralkohol | Perdagangan Eceran Beras | Perdagangan Eceran Roti, Kue Kering, Serta Kue Basah Dan Sejenisnya | Perdagangan Eceran Kopi, Gula Pasir, Gula Merah, Dan Sejenisnya | Perdagangan Eceran Makanan Lainnya | Perdagangan Eceran Minyak Pelumas | Perdagangan Eceran Alat Tulis Menulis Dan Gambar | Perdagangan Eceran Hasil Pencetakan Dan Penerbitan | Perdagangan Eceran Kertas, Kertas Karton, Dan Barang Dari Kertas/Karton | Perdagangan Eceran Alat Permainan Dan Mainan | Perdagangan Eceran Pakaian | Perdagangan Eceran Sepatu, Sandal, Dan Alas Kaki Lainnya;Industri Alat Ukur Waktu | Industri Peralatan Listrik Rumah Tangga;Perdagangan Besar Alat Tulis Dan Gambar | Perdagangan Besar Alat Permainan Dan Mainan | Perdagangan Besar Mobil Bekas | Perdagangan Besar Sepeda Motor Bekas | Perdagangan Eceran Buah-Buahan | Perdagangan Eceran Sayuran | Perdagangan Eceran Hasil Peternakan | Perdagangan Eceran Hasil Perikanan | Perdagangan Eceran Hasil Kehutanan Dan Perburuan | Perdagangan Eceran Hasil Pertanian Lainnya | Perdagangan Eceran Minuman Tidak Beralkohol | Perdagangan Eceran Beras | Perdagangan Eceran Roti, Kue Kering, Serta Kue Basah Dan Sejenisnya | Perdagangan Eceran Kopi, Gula Pasir, Gula Merah, Dan Sejenisnya | Perdagangan Eceran Makanan Lainnya | Perdagangan Eceran Minyak Pelumas | Perdagangan Eceran Alat Permainan Dan Mainan;"Budi Daya Dan Pembibitan Sapi Potong | Budi Daya Dan Pembibitan Sapi Perah | Budi Daya Dan Pembibitan Kerbau Potong | Budi Daya Dan Pembibitan Kerbau Perah | Peternakan Kuda Dan Sejenisnya | Peternakan Unta Dan Sejenisnya | Budi Daya Dan Pembibitan Domba Potong | Budi Daya Dan Pembibitan Kambing Potong | Budi Daya Dan Pembibitan Kambing Perah | Budi Daya Dan Pembibitan Domba Perah | Produksi Bulu Domba Mentah/Raw Wool | Peternakan Babi | Budi Daya Ayam Ras Pedaging | Budi Daya Ayam Ras Petelur | Pengeringan Buah-Buahan Dan Sayuran | Pembekuan Buah-Buahan Dan Sayuran | Pengalengan Buah-Buahan Dan Sayuran | Pengolahan Sari Buah-Buahan Dan Sayuran | Pembuatan Tempe Kedelai | Pembuatan Tahu Kedelai | Pengolahan Dan Pengawetan Lainnya Untuk Buah-Buahan Dan Sayuran | Industri Susu Segar Dan Krim | Industri Susu Bubuk Dan Susu Kental | Industri Es Krim | Industri Es Yang Dapat Dimakan Dan Es Pencuci Mulut | Industri Produk Susu Lainnya | Industri Berbagai Macam Pati Palem | Industri Glukosa Dan Sejenisnya | Industri Pati Dan Produk Pati Lainnya | Industri Penggilingan Padi Dan Penyosohan Beras | Industri Pemipilan Jagung | Industri Tepung Beras Dan Tepung Jagung | Industri Pati Beras Dan Jagung | Industri Pemanis Dari Beras Dan Jagung | Industri Minyak Dari Beras Dan Jagung | Industri Produk Bakeri | Industri Gula Pasir | Industri Gula Merah | Industri Sirop | Industri Gula Lainnya | Industri Pengolahan Kakao; Industri Cokelat Dan Kembang Gula | Industri Pengolahan Kakao | Industri Cokelat Dan Kembang Gula Dari Cokelat | Industri Manisan Buah-Buahan Dan Sayuran Kering | Industri Kembang Gula Lainnya | Industri Makaroni, Mi, Couscous, Dan Produk Sejenisnya | Industri Makanan Dan Masakan Olahan | Pengolahan Kopi | Pengolahan Te | Industri Kecap | Industri Bumbu Masakan Lainnya | Industri Kue Basah | Industri Produk Makanan Dari Kelapa | Industri Kerupuk, Keripik, Peyek, Dan Sejenisnya | Industri Dodol | Industri Infusi Herbal/Herb Infusion | Industri Air Kemasan | Industri Air Minum Isi Ulang | Industri Minuman Lainnya | Industri Kain Batik | Industri Kain Rajutan | Industri Kain Crocheted | Industri Bulu Tiruan Rajutan | Industri Barang Tekstil Untuk Keperluan Rumah Tangga | Industri Barang Tekstil Dengan Bahan Pengisi | Industri Barang Tekstil Bukan Pakaian Jadi Lainnya | Industri Karpet Dan Permadani | Industri Barang Dari Tali | Industri Kapuk | Industri Pakaian Jadi (Konfeksi) Dari Tekstil | Industri Pakaian Jadi (Konfeksi) Dari Kulit Dan Tiruan Kulit | Industri Penjahitan Dan Pembuatan (Bukan Konfeksi) Pakaian Sesuai Pesanan/Kustomisasi | Industri Perlengkapan Pakaian Dari Tekstil | Industri Perlengkapan Pakaian Dari Kulit Dan Tiruan Kulit | Industri Pakaian Jadi Dan Perlengkapannya Dari Rajutan Dan Crocheted | Industri Hosiery Rajutan Dan Crocheted | Penyamakan Kulit | Pewarnaan Kulit Berbulu | Industri Kulit Komposisi | Industri Koper, Tas Tangan, Dan Sejenisnya | Industri Pelana, Alat Pengekang/Harness, Dan Barang Lainnya Untuk Hewan | Industri Barang Lainnya Dari Kulit Dan Kulit Komposisi | Industri Alas Kaki Untuk Keperluan Sehari-Hari | Industri Sepatu Olahraga | Industri Sepatu Teknik Lapangan/Keperluan Industri | Industri Alas Kaki Lainnya | Pengawetan Kayu | Pengawetan Rotan, Bambu, Dan Sejenisnya | Pengolahan Rotan | Industri Wadah Dari Kayu | Industri Barang Anyaman Dari Rotan Dan Bambu | Industri Barang Anyaman Dari Tanaman Selain Rotan Dan Bambu | Industri Kerajinan Ukiran Dari Kayu Bukan Furnitur | Industri Alat Dapur Dan Alat Makan Dari Kayu, Rotan, Dan Bambu | Industri Kayu Bakar Dan Pelet Dari Kayu Dan Biomassa Lainnya | Industri Barang Lainnya Dari Kayu; Industri Barang Dari Gabus, Jerami, Rotan, Bambu, Dan Sejenisnya Ytdl | Industri Barang Dari Kertas Dan Papan Kertas Lainnya Ytdl | Pencetakan Umum | Pencetakan Tiga Dimensi (3d) | Kegiatan Jasa Penunjang Pencetakan | Reproduksi Media Rekaman Suara Dan Perangkat Lunak | Reproduksi Media Rekaman Film Dan Video | Industri Briket | Industri Pupuk Organik, Pupuk Hayati, Dan Media Tanam | Industri Biostimulan | Industri Peralatan Listrik Rumah Tangga | Industri Perhiasan Imitasi Dan Barang Sejenis | Industri Alat Musik Tradisional | Industri Alat Musik Nontradisional | Industri Peralatan Dan Perlengkapan Olahraga | Industri Alat Permainan | Industri Kacamata | Industri Alat Tulis Dan Gambar Termasuk Perlengkapannya | Industri Pita Mesin Tulis Atau Gambar | Industri Kerajinan Ytdl | Reparasi Dan Pemeliharaan Peralatan Fotografi Dan Optik | Reparasi Dan Pemeliharaan Peralatan Listrik Lainnya | Reparasi Dan Pemeliharaan Peralatan Lainnya | Instalasi/Pemasangan Dan Perangkaian/Integrasi Mesin, Peralatan, Dan Sistem Industri | Pemasangan Perlengkapan Meteorologi, Klimatologi, Dan Geofisika | Pembangkitan Tenaga Listrik Dari Sumber Energi Tidak Terbarukan Yang Tidak Menghasilkan Emisi | Aktivitas Penyaluran Tenaga Listrik | Penyediaan Tenaga Listrik Dalam Satu Kesatuan Usaha | Pengoperasian Instalasi Pemanfaatan Tenaga Listrik | Aktivitas Penunjang Tenaga Listrik Lainnya | Pengadaan Uap/Air Panas Dan Udara Dingin | Produksi Es | Aktivitas Broker Dan Agen Penjualan Tenaga Listrik | Aktivitas Broker Dan Agen Penjualan Gas Alam | Pengumpulan Air Limbah | Konstruksi Jalan Pada Permukaan Tanah | Konstruksi Bangunan Sipil Jembatan, Jalan Layang, Fly Over, Dan Underpass | Konstruksi Jalan Rel | Konstruksi Terowongan | Konstruksi Jaringan Irigasi Dan Drainase | Konstruksi Bangunan Sipil Pengolahan Air Bersih | Konstruksi Bangunan Sipil Elektrikal | Konstruksi Bangunan Sipil Telekomunikasi Untuk Prasarana Transportasi | Konstruksi Sentral Telekomunikasi | Konstruksi Pengeboran/Penggalian Air Tanah | Konstruksi Bangunan Prasarana Sumber Daya Air | Konstruksi Bangunan Sipil Fasilitas Olahraga | Pembongkaran | Penyiapan Lahan | Pemasangan Jaringan Listrik | Pemasangan Jaringan Telekomunikasi | Pemasangan Sistem Elektronika | Pemasangan Sistem Persinyalan Dan Telekomunikasi Kereta Api | Pemasangan Perlengkapan Jalan Berbasis Listrik | Pemasangan Saluran Air (Plumbing) | Pemasangan Pendingin Dan Ventilasi Udara | Pemasangan Perlengkapan Mekanikal Bangunan | Pemasangan Kaca, Pintu, Kusen, Jendela, Dan Sejenisnya | Pengerjaan Lantai, Dinding, Dan Plafon | Pengecatan | Penyelesaian Konstruksi Bangunan Lainnya | Jasa Intermediasi Konstruksi Khusus | Pemasangan Dan Rekayasa Struktur Bangunan | Pemasangan Perancah (Steger) | Pemasangan Rangka Dan Atap/Roof Covering | Pemasangan Kerangka Baja | Penyewaan Alat Konstruksi Dengan Operator | Perdagangan Besar Bunga Dan Tanaman Hias | Perdagangan Eceran Obat Farmasi Untuk Hewan | Perdagangan Eceran Obat Tradisional Untuk Hewan | Perdagangan Eceran Kosmetik Untuk Hewan | Perdagangan Eceran Perlengkapan Rumah Tangga Bekas | Perdagangan Eceran Pakaian, Alas Kaki, Dan Perlengkapan Pakaian Bekas | Perdagangan Eceran Barang Perlengkapan Pribadi Bekas | Perdagangan Eceran Barang Listrik Dan Elektronik Bekas | Perdagangan Eceran Barang Bekas Lainnya | Perdagangan Eceran Hewan Kesayangan (Pet Animals) | Perdagangan Eceran Ikan Dan Biota Air Hidup Lainnya | Perdagangan Eceran Perlengkapan Dan Media Tanaman Hias | Angkutan Perkotaan | Angkutan Perdesaan | Angkutan Bermotor Untuk Barang Umum | Angkutan Bermotor Untuk Barang Khusus | Angkutan Tidak Bermotor Untuk Barang | Angkutan Kereta Api Lainnya | Angkutan Pariwisata | Angkutan Taksi | Angkutan Khusus | Angkutan Sewa | Angkutan Ojek Motor | Aktivitas Hotel Bintang Lima | Aktivitas Hotel Bintang Empat | Aktivitas Hotel Bintang Tiga | Aktivitas Hotel Bintang Dua | Aktivitas Hotel Bintang Satu | Aktivitas Hotel Nonbintang | Aktivitas Rumah Tinggal Sewa (Homestay) | Aktivitas Hostel Remaja (Youth Hostel) | Aktivitas Vila | Aktivitas Apartemen Hotel | Aktivitas Penyediaan Akomodasi Jangka Pendek Lainnya | Aktivitas Penyediaan Bumi Perkemahan, Persinggahan Karavan, Dan Taman Karavan | Aktivitas Jasa Intermediasi Akomodasi | Aktivitas Jasa Manajemen Akomodasi | Penyediaan Akomodasi Lainnya Ytdl | Aktivitas Rumah Minum/Kafe | Aktivitas Kedai Minuman | Aktivitas Rumah/Kedai Obat Bahan Alam | Aktivitas Penyediaan Minuman Keliling/Tempat Tidak Tetap | Aktivitas Jasa Intermediasi Penyediaan Makanan Dan Minuman | Penerbitan Buku | Penerbitan Surat Kabar | Aktivitas Penunjang Lainnya Untuk Asuransi, Penjaminan, Dan Dana Pensiun | Aktivitas Periklanan | Aktivitas Desain Peralatan Rumah Tangga Dan Furnitur | Aktivitas Desain Tekstil, Mode/Fesyen, Dan Garmen | Aktivitas Desain Alat Komunikasi Dan Elektronika | Aktivitas Desain Peralatan Olahraga Dan Permainan | Aktivitas Desain Produk Kesehatan, Kosmetik, Dan Perlengkapan Laboratorium | Aktivitas Desain Pengemasan | Aktivitas Desain Industri Lainnya | Aktivitas Desain Interior | Aktivitas Desain Grafis/Komunikasi Visual | Aktivitas Desain Khusus Film, Video, Program Televisi, Animasi Dan Komik | Aktivitas Desain Konten Gim | Aktivitas Desain Khusus Lainya Ytdl | Aktivitas Fotografi Udara | Aktivitas Fotografi Lainnya | Aktivitas Penerjemah Atau Interpreter | Aktivitas Broker Dan Layanan Pemasaran Paten | Jasa Meteorologi Dan Prakiraan Cuaca | Semua Aktivitas Profesional, Ilmiah Dan Teknis Ytdl Lainnya | Aktivitas Personel Kesehatan Hewan Mandiri | Aktivitas Pengelolaan Sarana Kesehatan Hewan | Aktivitas Pengelolaan Kesehatan Hewan Lainnya | Penyewaan Dan Sewa Guna Usaha Kendaraan Bermotor | Penyewaan Dan Sewa Guna Usaha Alat Rekreasi Dan Olahraga | Penyewaan Peralatan Dan Perlengkapan Acara | Penyewaan Alat Musik | Penyewaan Barang Hasil Pencetakan Dan Penerbitan | Penyewaan Bunga Dan Tanaman Hias | Penyewaan Barang Pribadi Dan Barang Rumah Tangga Lainnya Ytdl | Penyewaan Dan Sewa Guna Usaha Alat Transportasi Darat Bukan Kendaraan Bermotor | Penyewaan Dan Sewa Guna Usaha Alat Transportasi Air | Penyewaan Dan Sewa Guna Usaha Alat Transportasi Udara | Penyewaan Dan Sewa Guna Usaha Mesin Dan Peralatan Industri | Penyewaan Dan Sewa Guna Usaha Mesin Dan Alat Pertanian | Penyewaan Dan Sewa Guna Usaha Mesin Dan Peralatan Komunikasi Dan Multimedia | Penyewaan Dan Sewa Guna Usaha Mesin, Peralatan, Dan Barang Berwujud Lainnya Ytdl | Aktivitas Jasa Intermediasi Untuk Penyewaan Dan Sewa Guna Usaha Mobil | Aktivitas Jasa Intermediasi Untuk Penyewaan Dan Sewa Guna Usaha Barang Berwujud Dan Aset Tak Berwujud Nonfinansial Lainnya | Aktivitas Penempatan Tenaga Kerja Untuk Usaha Di Dalam Negeri | Aktivitas Penempatan Awak Kapal | Aktivitas Penyediaan Informasi Lowongan Kerja | Aktivitas Penempatan Tenaga Kerja Lainnya | Aktivitas Penyediaan Tenaga Kerja Sementara Dan Penyediaan Sumber Daya Manusia Lainnya | Aktivitas Biro Perjalanan Wisata | Aktivitas Biro Perjalanan Ibadah Umrah Dan Haji Khusus | Aktivitas Biro Perjalanan Lainnya | Jasa Informasi Pariwisata | Jasa Informasi Daya Tarik Wisata | Jasa Pramuwisata | Lembaga Eksekutif Perencanaan | Lembaga Pemerintah Nonkementerian Dengan Tugas Khusus | Kegiatan Administrasi Pemerintahan Lainnya | Administrasi Pelayanan Pemerintah Bidang Pendidikan | Administrasi Pelayanan Pemerintah Bidang Kesehatan | Administrasi Pelayanan Pemerintah Bidang Perumahan | Administrasi Pelayanan Pemerintah Bidang Kesejahteraan 
 Sosial | Administrasi Pelayanan Pemerintah Bidang Keagamaan | Administrasi Pelayanan Pemerintah Bidang 
 Kebudayaan/Kesenian/Rekreasi/Olahraga | Administrasi Pelayanan Pemerintah Bidang Sosial Lainnya 
 Bukan Kesehatan, Pendidikan, Keagamaan, Dan Kebudayaan | Administrasi Pelayanan Pemerintah Bidang Lingkungan Hidup | Kegiatan Lembaga Pemerintahan Bidang Pertanian | Kegiatan Lembaga Pemerintahan Bidang Pertambangan Dan Penggalian, Listrik, Air, Dan Gas | Kegiatan Lembaga Pemerintahan Bidang Perindustrian | Kegiatan Lembaga Pemerintahan Bidang Komunikasi Dan Informatika | Kegiatan Lembaga Pemerintahan Bidang Konstruksi | Kegiatan Lembaga Pemerintahan Bidang Perdagangan Dan Pariwisata | Kegiatan Lembaga Pemerintahan Bidang Perhubungan | Kegiatan Lembaga Pemerintahan Bidang Ketenagakerjaan | Kegiatan Lembaga Pemerintahan Untuk Menciptakan Efisiensi Produksi Dan Bisnis Lainnya | Hubungan Luar Negeri | Lembaga Pertahanan Dan Angkatan Bersenjata | Angkatan Darat | Angkatan Udara | Angkatan Laut | Kepolisian | Pertahanan Sipil | Aktivitas Lembaga Peradilan | Kegiatan Lembaga Pemerintahan Bidang Penanggulangan Bencana Dan Pemadam Kebakaran | Aktivitas Jaminan Sosial Wajib | Pendidikan Taman Kanak-Kanak Umum Pemerintah | Pendidikan Taman Kanak-Kanak Umum Swasta | Pendidikan Prasekolah Keagamaan Islam | Pendidikan Prasekolah Keagamaan Protestan, Katolik, Hindu, Buddha, Atau Konghucu | Pendidikan Dasar Umum Pemerintah | Pendidikan Dasar Umum Swasta | Pendidikan Dasar Keagamaan Islam | Pendidikan Dasar Keagamaan Protestan, Katolik, Hindu, Buddha, Atau Konghucu | Pendidikan Menengah Pertama Umum Pemerintah | Pendidikan Menengah Pertama Umum Swasta | Pendidikan Menengah Pertama Keagamaan Islam | Pendidikan Menengah Pertama Keagamaan Protestan, Katolik, Hindu, Buddha, Atau Konghucu | Pendidikan Menengah Atas Umum Pemerintah | Pendidikan Menengah Atas Umum Swasta | Pendidikan Menengah Atas Keagamaan Islam | Pendidikan Menengah Kejuruan Umum Swasta | Pelatihan Kerja Pertanian Dan Perikanan Swasta | Pelatihan Kerja Swasta Lainnya | Pelatihan Kerja Teknik Perusahaan | Pelatihan Kerja Teknologi Informasi Dan Komunikasi Perusahaan | Pelatihan Kerja Industri Kreatif Perusahaan | Pelatihan Kerja Pariwisata Dan Perhotelan Perusahaan | Pelatihan Kerja Bisnis Dan Manajemen Perusahaan | Pelatihan Kerja Pekerjaan Domestik Perusahaan | Pelatihan Kerja Pertanian Dan Perikanan Perusahaan | Pelatihan Kerja Perusahaan Lainnya | Pendidikan Manajemen Dan Perbankan | Pendidikan Komputer (Teknologi Informasi Dan Komunikasi) Swasta | Pendidikan Bahasa Swasta | Pendidikan Kesehatan Swasta | Pendidikan Bimbingan Belajar Dan Konseling Swasta | Pendidikan Teknik Swasta | Pendidikan Kerajinan Dan Industri | Pendidikan Lainnya Swasta";Budi Daya Dan Pembibitan Sapi Potong | Budi Daya Dan Pembibitan Sapi Perah | Budi Daya Dan Pembibitan Kerbau Potong | Budi Daya Dan Pembibitan Kerbau Perah | Peternakan Kuda Dan Sejenisnya | Peternakan Unta Dan Sejenisnya | Budi Daya Dan Pembibitan Domba Potong | Budi Daya Dan Pembibitan Kambing Potong | Budi Daya Dan Pembibitan Kambing Perah | Budi Daya Dan Pembibitan Domba Perah | Produksi Bulu Domba Mentah/Raw Wool | Peternakan Babi | Budi Daya Ayam Ras Pedaging | Budi Daya Ayam Ras Petelur | Pengasinan Buah-Buahan Dan Sayuran | Pelumatan Buah-Buahan Dan Sayuran | Industri Susu Bubuk Dan Susu Kental | Industri Es Krim | Industri Es Yang Dapat Dimakan Dan Es Pencuci Mulut | Industri Produk Susu Lainnya | Industri Penggilingan Padi Dan Penyosohan Beras | Industri Pemipilan Jagung | Industri Sirop | Industri Manisan Buah-Buahan Dan Sayuran Kering | Industri Makaroni, Mi, Couscous, Dan Produk Sejenisnya | Industri Air Minum Isi Ulang | Industri Minuman Lainnya | Industri Kain Rajutan | Industri Kain Crocheted | Industri Bulu Tiruan Rajutan | Industri Barang Tekstil Untuk Keperluan Rumah Tangga | Penggergajian Dan Penghalusan Kayu | Industri Partikel Kayu Dan Sejenisnya | Industri Kayu Lapis | Industri Venir | Industri Kayu Laminasi | Industri Panel Kayu Lainnya | Industri Barang Bangunan Dari Kayu | Industri Minyak Pelumas | Industri Kimia Dasar Organik Dari Sumber Daya Alam Hayati | Industri Pupuk Hara Mikro | Industri Alat Ukur Waktu | Industri Mainan Termasuk Drone Rekreasi | Industri Peralatan Kedokteran Dan Kedokteran Gigi Serta Perlengkapannya | Industri Furnitur Untuk Operasi, Perawatan Kedokteran, Dan Kedokteran Gigi | Industri Peralatan Kedokteran Dan Kedokteran Gigi, Serta Perlengkapan Ortopedi Dan Prostetik | Industri Peralatan Kedokteran Dan Kedokteran Gigi, Serta Perlengkapan Lainnya | Reparasi Dan Pemeliharaan Produk Logam Struktural, Tangki, Tandon Air, Dan Generator Uap | Reparasi Dan Pemeliharaan Produk Logam Pabrikasi Lainnya | Reparasi Dan Pemeliharaan Mesin Untuk Keperluan Umum | Reparasi Dan Pemeliharaan Mesin Untuk Keperluan Khusus | Reparasi Dan Pemeliharaan Alat Ukur, Alat Uji, Serta Peralatan Navigasi Dan Pengontrol | Reparasi Dan Pemeliharaan Peralatan Iradiasi, Elektromedik, Dan Elektroterapi | Reparasi Dan Pemeliharaan Motor Listrik, Generator, Dan Transformator | Reparasi Dan Pemeliharaan Baterai Dan Akumulator Listrik | Pengolahan Dan Penyediaan Air Minum | Aktivitas Penunjang Penyediaan Air | Pengumpulan Limbah Atau Sampah Tidak Berbahaya | Perdagangan Eceran Bahan Baku Farmasi Dan Alat Kesehatan Lainnya | Perdagangan Eceran Bahan Konstruksi Dan Saniter Bekas | Perdagangan Eceran Tanaman Dan Bibit Tanaman Selain Tanaman Kehutanan | Perdagangan Eceran Tanaman Dan Bibit Tanaman Kehutanan | Perdagangan Eceran Minyak Tanah | Perdagangan Eceran Gas Tabung Lpg | Perdagangan Eceran Aromatik/Penyegar (Minyak Asiri) | Perdagangan Eceran Lukisan | Aktivitas Hotel Bintang Lima | Aktivitas Hotel Bintang Empat | Aktivitas Hotel Bintang Tiga | Aktivitas Hotel Bintang Dua | Aktivitas Hotel Bintang Satu | Aktivitas Hotel Nonbintang | Aktivitas Rumah Tinggal Sewa (Homestay) | Aktivitas Hostel Remaja (Youth Hostel) | Aktivitas Vila | Aktivitas Apartemen Hotel | Aktivitas Penyediaan Akomodasi Jangka Pendek Lainnya | Aktivitas Penyediaan Bumi Perkemahan, Persinggahan Karavan, Dan Taman Karavan | Aktivitas Jasa Intermediasi Akomodasi | Aktivitas Jasa Manajemen Akomodasi | Penyediaan Akomodasi Lainnya Ytdl | Aktivitas Penyediaan Makanan Di Bangunan Tetap | Aktivitas Penyediaan Makanan Di Bangunan Tidak Tetap | Aktivitas Jasa Boga Untuk Acara Tertentu (Event Catering) | Aktivitas Agen Asuransi | Aktivitas Pialang Asuransi | Aktivitas Agen Penjaminan | Aktivitas Broker Penjaminan | Aktivitas Penunjang Lainnya Untuk Asuransi, Penjamian, Dan Dana Pensiun Ytdl | Pengelolaan Pusat Perbelanjaan | Pengelolaan Gedung Perkantoran | Penyewaan Dan Sewa Guna Usaha Mesin Dan Peralatan Konstruksi Dan Teknik Sipil | Aktivitas Penempatan Tenaga Kerja Luar Negeri | Aktivitas Penempatan Tenaga Kerja Untuk Rumah Tangga Sebagai Pemberi Kerja Di Dalam Negeri | Pendidikan Menengah Kejuruan Umum Pemerintah | Pendidikan Pascamenengah Nontersier | Pendidikan Tinggi Umum Pemerintah | Pendidikan Tinggi Umum Swasta | Pendidikan Tinggi Keagamaan Pemerintah | Pendidikan Tinggi Keagamaan Swasta;Industri Minyak Asiri Hulu | Industri Minyak Asiri Rantai Tengah | Industri Bahan Baku Obat Bahan Alam Untuk Manusia | Industri Produk Obat Bahan Alam Untuk Manusia | Industri Produk Obat Bahan Alam Untuk Hewan | Industri Bahan Baku Obat Bahan Alam Untuk Hewan | Penyewaan Dan Sewa Guna Usaha Mesin Dan Peralatan Kantor;-;-;-;"nan | Pertanian Jagung | Pertanian Serealia Selain Padi Dan Jagung | Pertanian Kedelai | Pertanian Kacang Tanah | Pertanian Kacang Hijau | Pertanian Aneka Kacang Selain Kedelai, Kacang Tanah, Dan Kacang Hijau | Pertanian Biji-Bijian Penghasil Minyak Makan | Pertanian Biji-Bijian Penghasil Minyak Selain Minyak Makan | Pertanian Padi Hibrida | Pertanian Padi Inbrida | Pertanian Sayuran Daun | Pertanian Buah Semusim | Pertanian Sayuran Buah | Pertanian Sayuran Umbi | Pertanian Ubi Kayu | Pertanian Jamur | Pertanian Bit Gula Dan Tanaman Pemanis Selain Tebu | Pertanian Cabai | Pertanian Umbi Lainnya | Pertanian Tebu | Pertanian Tembakau | Pertanian Tanaman Berserat | Pertanian Tanaman Pakan Ternak | Pembenihan Tanaman Pakan Ternak Dan Pembenihan Bit (Bukan Bit Gula) | Pertanian Tanaman Semusim Lainnya Ytdl | Pertanian Buah Anggur | Pertanian Buah-Buahan Tropis Dan Subtropis | Pertanian Buah Jeruk | Pertanian Buah Apel Dan Buah Batu (Pome And Stone Fruits) | Pertanian Buah Beri | Pertanian Sayuran Tahunan | Pertanian Buah Semak Lainnya | Pertanian Kelapa | Pertanian Kelapa Sawit | Pertanian Buah Oleagin Lainnya | Pertanian Kopi | Pertanian Tanaman Teh | Pertanian Kakao | Pertanian Tanaman Untuk Bahan Minuman Lainnya | Pertanian Lada | Pertanian Cengkih | Pertanian Pala | Pertanian Tanaman Aromatik/Penyegar | Pertanian Tanaman Obat Rimpang | Pertanian Tanaman Obat Nonrimpang | Pertanian Tanaman Narkotika Dan Tanaman Obat Terlarang | Pertanian Tanaman Rempah-Rempah Dan Aromatik/Penyegar Lainnya | Pertanian Pohon Karet Dan Tanaman Penghasil Getah Lainnya | Pertanian Tanaman Tahunan Lainnya Ytdl | Pertanian Tanaman Hias | Penangkaran Tumbuhan Liar | Pembiakan Tanaman Lainnya | Pembibitan Ayam Lokal Dan Persilangannya | Budi Daya Ayam Lokal Dan Persilangannya | Budi Daya Dan Pembibitan Itik Dan Bebek | Budi Daya Dan Pembibitan Burung Puyuh | Budi Daya Dan Pembibitan Burung Merpati | Pembibitan Ayam Ras | Budi Daya Dan Pembibitan Unggas Lainnya | Budi Daya Dan Pembibitan Burung Unta | Budi Daya Dan Pembibitan Ulat Sutra | Budi Daya Dan Pembibitan Lebah | Budi Daya Dan Pembibitan Rusa | Budi Daya Dan Pembibitan Kelinci | Budi Daya Dan Pembibitan Cacing | Budi Daya Dan Pembibitan Burung Walet | Penangkaran Satwa Liar | Budi Daya Dan Pembibitan Hewan Lainnya | Jasa Pengolahan Lahan | Jasa Pemupukan | Jasa Pemanenan | Jasa Penyemprotan Dan Penyerbukan Melalui Udara | Jasa Pengendalian Organisme Pengganggu Tumbuhan (Opt) | Jasa Penanaman Benih | Jasa Penunjang Pertanian Lainnya | Perburuan, Penangkapan, Dan Kegiatan Jasa Terkait | Pengelolaan Hutan | Pemanfaatan Kayu Hutan | Pembenihan Tanaman Kehutanan | Pemanenan Kayu | Pemungutan Kayu | Pemungutan Hasil Hutan Bukan Kayu | Jasa Lingkungan Hutan | Jasa Penggunaan Kawasan Kehutanan | Jasa Penunjang Kehutanan Lainnya | Penangkapan Ikan Dan Biota Air Lainnya Di Laut | Penangkapan Ikan Dan Biota Air Lainnya Di Perairan Air Tawar | Pembudidayaan Ikan Bersirip (Selain Ikan Hias) Dan Biota Air Laut Lainnya Yang Tidak Dilindungi | Pembudidayaan Ikan Hias Air Laut Yang Tidak Dilindungi | Pembudidayaan Tumbuhan Air Laut Yang Tidak Dilindungi | Pengembangbiakan Ikan Dan Biota Air Laut Yang Dilindungi | Pembudidayaan Ikan Bersirip (Selain Ikan Hias) Dan Biota Air Tawar Lainnya Yang Tidak Dilindungi | Pembudidayaan Ikan Hias Air Tawar Yang Tidak Dilindungi | Pembudidayaan Tumbuhan Air Tawar Yang Tidak Dilindungi | Pengembangbiakan Biota Air Tawar Yang Dilindungi | Pembudidayaan Ikan Bersirip (Selain Ikan Hias) Dan Biota Air Payau Lainnya Yang Tidak Dilindungi | Pembudidayaan Ikan Hias Air Payau Yang Tidak Dilindungi | Pembudidayaan Tumbuhan Air Payau Yang Tidak Dilindungi | Pengembangbiakan Biota Air Payau Yang Dilindungi | Jasa Penunjang Kegiatan Penangkapan Dan Pembudidayaan Ikan | Pertambangan Batu Bara | Benefisiasi Atau Peningkatan Kualitas Batu Bara | Pertambangan Lignit | Pertambangan Minyak Bumi | Pertambangan Gas Alam | Pengusahaan Tenaga Panas Bumi | Pertambangan Pasir Besi | Pertambangan Bijih Besi | Pertambangan Bijih Uranium Dan Torium | Pertambangan Emas Dan Perak | Pertambangan Bijih Logam Mulia Lainnya | Pertambangan Bijih Timah | Pertambangan Bijih Timah Hitam | Pertambangan Bijih Bauksit | Pertambangan Bijih Tembaga | Pertambangan Bijih Nikel | Pertambangan Bijih Mangan | Pertambangan Bahan Galian Lainnya Yang Tidak Mengandung Bijih Besi Ytdl | Penggalian Batu Hias Dan Batu Bangunan | Penggalian Batu Kapur/Gamping | Penggalian Kerikil/Sirtu | Penggalian Pasir | Penggalian Tanah Dan Tanah Liat | Penggalian Gips | Penggalian Tras | Penggalian Batu Apung | Penggalian Batu, Pasir, Dan Tanah Liat Lainnya | Pertambangan Belerang | Pertambangan Fosfat | Pertambangan Nitrat | Pertambangan Yodium | Pertambangan Potash (Kalium Karbonat) | Pertambangan Mineral, Bahan Kimia, Dan Bahan Pupuk Lainnya | Ekstraksi Tanah Gambut | Ekstraksi Garam | Pertambangan Batu Mulia | Penggalian Feldspar Dan Kalsit | Pertambangan Aspal Alam | Penggalian Asbes | Penggalian Kuarsa/Pasir Kuarsa | Pertambangan Bijih Logam Tanah Jarang | Pertambangan Dan Penggalian Lainnya Ytdl | Aktivitas Penunjang Pertambangan Minyak Bumi Dan Gas Alam | AKTIVITAS PENUNJANG PERTAMBANGAN DAN PENGGALIAN LAINNYA | Kegiatan Rumah Potong Hewan Ruminansia | Kegiatan Rumah Potong Babi | Kegiatan Rumah Potong Unggas | Kegiatan Rumah Potong Hewan Lainnya | Pengolahan Dan Pengawetan Daging Dan Produk Daging | Pengolahan Dan Pengawetan Ikan Dengan Penggaraman Atau 
 Pengeringan | Pengolahan Dan Pengawetan Ikan Dengan Pengasapan Atau 
 Pemanggangan | Pengolahan Dan Pengawetan Ikan Dengan Pembekuan | Pengolahan Dan Pengawetan Ikan Dengan Pemindangan | Pengolahan Dan Pengawetan Ikan Dengan Fermentasi | Pengolahan Dan Pengawetan Ikan Dengan Pengalengan | Pengolahan Dan Pengawetan Ikan Menjadi Produk Olahan | Pengolahan Dan Pengawetan Ikan Dengan Metode Lainnya | Pengolahan Dan Pengawetan Biota Air Lainnya Dengan 
 Penggaraman Atau Pengeringan | Pengolahan Dan Pengawetan Biota Air Lainnya Dengan 
 Pengasapan Atau Pemanggangan | Pengolahan Dan Pengawetan Biota Air Lainnya Dengan 
 Pembekuan | Pengolahan Dan Pengawetan Biota Air Lainnya Dengan 
 Pemindangan | Pengolahan Dan Pengawetan Biota Air Lainnya Dengan 
 Fermentasi | Pengolahan Dan Pengawetan Biota Air Lainnya Dengan 
 Pelumatan | Pengolahan Dan Pengawetan Biota Air Lainnya Dengan 
 Pengalengan | Pengolahan Dan Pengawetan Rumput Laut | Pengolahan Dan Pengawetan Biota Air Lainnya Dengan Metode 
 Lainnya | Industri Minyak Mentah Dan Lemak Nabati Bukan Kelapa Dan Kelapa Sawit | Industri Margarin | Industri Minyak Mentah Dan Lemak Dari Hewan Selain Ikan | Industri Minyak Ikan | Industri Minyak Goreng Dan Minyak Makan Bukan Minyak Kelapa Dan Minyak Kelapa Sawit | Industri Minyak Mentah Dan Lemak Nabati Dan Hewani Bukan Kelapa Dan Kelapa Sawit Lainnya | Industri Kopra | Industri Minyak Mentah Kelapa | Industri Minyak Goreng Kelapa | Industri Minyak Mentah Kelapa Sawit (Crude Palm Oil) | Industri Minyak Mentah Inti Kelapa Sawit (Crude Palm Kernel Oil) | Industri Pemisahan/Fraksinasi Minyak Mentah Kelapa Sawit Dan Minyak Mentah Inti Kelapa Sawit | Industri Pemurnian Minyak Mentah Kelapa Sawit Dan Minyak Mentah Inti Kelapa Sawit | Industri Pemisahan/Fraksinasi Minyak Murni Kelapa Sawit | Industri Pemisahan/Fraksinasi Minyak Murni Inti Kelapa Sawit | Industri Minyak Goreng Kelapa Sawit | Industri Produk Gilingan Gandum (Selain Tepung Terigu) Dan Serelia Selain Beras Dan Jagung | Industri Produk Gilingan Aneka Kacang | Industri Produk Gilingan Aneka Umbi, Tanaman Rimpang, Dan Sayuran | Industri Tepung Campuran Dan Adonan Tepung | Industri Makanan Sereal | Industri Tepung Terigu | Industri Pati Ubi Kayu | Industri Garam Konsumsi Beryodium | Industri Garam Industri Aneka Pangan | Industri Makanan Bayi Dan Makanan Khusus | Industri Sari Nabati Dan Krimer Nabati | Industri Bahan Makanan Dari Rumput Laut | Industri Produk Makanan Lainnya Ytdl | Industri Ransum Pakan Hewan | Industri Konsentrat Pakan Hewan | Industri Penyulingan, Pemurnian, Dan Pencampuran Minuman Beralkohol | Industri Minuman Beralkohol Hasil Fermentasi Anggur Dan Hasil Pertanian Lainnya | Industri Minuman Beralkohol Hasil Fermentasi Malt | Industri Malt | Industri Minuman Ringan | Industri Sigaret Kretek Tangan | Industri Sigaret Kretek Mesin | Industri Rokok Putih | Industri Pengeringan Dan Pengolahan Tembakau | Industri Bumbu Rokok | Industri Produk Tembakau Lainnya | Persiapan Serat Tekstil | Pemintalan Benang Selain Benang Jahit | Pemintalan Benang Jahit | Pertenunan Tekstil Dengan Mesin | Pertenunan Tekstil Bukan Dengan Mesin | Penyempurnaan Benang | Penyempurnaan Basah Kain | Penyempurnaan Tekstil Lainnya | Industri Karung Goni | Industri Karung Selain Karung Goni | Industri Tali | Industri Kain Narrow | Industri Kain Yang Dilapisi Dan Sejenisnya | Industri Kain Nirtenun/Nonwoven | Industri Kain Ban | Industri Kain Tule, Kain Jaring, Dan Kain Bordir | Industri Tekstil Lainnya Ytdl | Industri Barang Dari Kulit Berbulu | Industri Bangunan Prafabrikasi Dari Kayu Dan Sejenisnya | Industri Bubur Kertas (Pulp) | Industri Kertas Budaya | Industri Kertas Berharga | Industri Kertas Khusus | Industri Kertas Lainnya | Industri Kertas Dan Papan Kertas Bergelombang | Industri Kemasan Dan Kotak Dari Kertas Dan Karton | Industri Kertas Tisu | Pencetakan Khusus | Industri Produk Tanur Kokas | Industri Bahan Bakar Dari Pemurnian Dan Pengilangan Minyak Bumi | Industri Produk Dari Bahan Limbah Minyak Pelumas | Industri Minyak Pelumas Dasar (Bahan Baku Pelumas) | Industri Produk Dari Pencampuran Hasil Kilang Minyak Bumi Dengan Biofuel | Industri Produk Lainnya Dari Hasil Kilang Minyak Bumi | Industri Asam, Basa, Dan Garam Anorganik | Industri Gas Industri | Industri Kimia Dasar Zat Warna Dan Pigmen | Industri Kimia Dasar Radioaktif | Industri Kimia Dasar Dari Minyak Bumi, Gas Alam, Dan Batu Bara | Industri Kimia Dasar Anorganik Lainnya | Industri Senyawa Nitrogen; Pupuk Nitrogen, Fosfat, Dan Kalium | Industri Pupuk Hara Makro Primer Lainnya | Industri Damar Buatan (Resin Sintetis) Dan Bahan Baku Plastik | Industri Karet Buatan | Industri Bahan Baku Pemberantas Hama (Bahan Aktif) | Industri Pemberantas Hama (Formulasi) | Industri Zat Pengatur Tumbuh | Industri Cat | Industri Pernis | Industri Dempul | Industri Sediaan Pewarna Dan Pelapis Lainnya | Industri Bahan Dan Produk Pembersih | Industri Kosmetik Untuk Manusia, Cairan Lensa Kontak | Industri Kosmetik Untuk Hewan | Industri Perekat Gigi | Industri Parfum Sesuai Pesanan | Industri Perekat/Lem | Industri Bahan Peledak | Industri Tinta | Industri Korek Api | Industri Biofuel Cair | Industri Cairan Rokok Elektrik | Industri Barang Kimia Lainnya Ytdl | Industri Serat Filamen Dan Strip Buatan | Industri Serat Stapel Buatan | Industri Bahan Baku Farmasi Untuk Manusia | Industri Produk Farmasi Untuk Manusia | Industri Produk Farmasi Untuk Hewan | Industri Bahan Baku Farmasi Untuk Hewan | Industri Alat Diagnosis Medis, Perban, Kasa, Dan Penunjang Kesehatan Lainnya | Industri Ban Luar Dan Ban Dalam | Industri Pembentukan Kembali Ban Dan Vulkanisasi Ban | Industri Karet Asap | Industri Karet Lembaran Dan Crepe Rubber | Industri Karet Remah (Crumb Rubber) | Industri Karet Setengah Jadi Lainnya | Industri Barang Dari Karet Untuk Keperluan Rumah Tangga | Industri Barang Dari Karet Untuk Keperluan Industri | Industri Barang Dari Karet Untuk Keperluan Infrastruktur | Industri Barang Dari Karet Untuk Kesehatan | Industri Barang Lainnya Dari Karet Ytdl | Industri Barang Dari Plastik Untuk Bangunan | Industri Barang Dari Plastik Dan Bioplastik Untuk Pengemasan | Industri Pipa Plastik Dan Perlengkapannya | Industri Plastik Lembaran | Industri Perlengkapan Dan Peralatan Rumah Tangga Dari Plastik (Tidak Termasuk Furnitur) | Industri Barang Dan Peralatan Teknik/Industri Dari Plastik | Industri Barang Lainnya Dari Plastik | Industri Kaca Lembaran | Industri Kaca Pengaman | Industri Kaca Lainnya | Industri Perlengkapan Dan Peralatan Rumah Tangga Dari Kaca | Industri Peralatan Laboratorium Dan Kesehatan Dari Kaca | Industri Produk Lainnya Dari Kaca | Industri Bata, Mortar, Semen, Dan Sejenisnya Yang Tahan Api | Industri Produk Refraktori (Tahan Api) Lainnya | Industri Batu Bata Dari Tanah Liat Atau Keramik | Industri Genteng Dari Tanah Liat Atau Keramik | Industri Bahan Bangunan Lainnya Dari Tanah Liat Atau Keramik | Industri Perlengkapan Rumah Tangga Dari Porselen | Industri Perlengkapan Rumah Tangga Dari Tanah Liat Atau Keramik | Industri Alat Laboratorium Dan Alat Listrik Atau Teknik Dari Porselen | Industri Peralatan Sanitasi Dari Porselen | Industri Peralatan Sanitasi Dari Tanah Liat Atau Keramik | Industri Produk Bukan Bahan Bangunan Lainnya Dari Tanah Liat Atau Keramik Dan Porselen | Industri Semen | Industri Kapur | Industri Gips | Industri Barang Dari Semen | Industri Barang Dari Kapur | Industri Barang Dari Gips | Industri Barang Dari Asbes | Industri Mortar, Acian, Dan Beton Siap Pakai | Industri Barang Dari Batu Marmer | Industri Barang Dari Batu Granit | Industri Barang Dari Batu Lainnya | Industri Produk Abrasif | Industri Batuan Aspal Dan Barang Dari Aspal Atau Material Sejenis | Industri Produk Hasil Pemurnian Mineral Nonlogam | Industri Produk Mineral Nonlogam Lainnya Ytdl | Industri Besi Dan Baja Dasar | Penggilingan Baja | Industri Pipa Dan Sambungan Pipa Dari Besi Dan Baja | Industri Logam Dasar Mulia | Industri Logam Dasar Bukan Besi Lainnya | Penggilingan Logam Bukan Besi | Ekstrusi Logam Bukan Besi | Industri Pipa Dan Sambungan Pipa Dari Logam Bukan Besi Dan Baja | Industri Bahan Bakar Nuklir | Pengecoran Besi Dan Baja | Pengecoran Logam Bukan Besi Dan Baja | Industri Produk Logam Struktural Bukan Aluminium Untuk Konstruksi Ringan | Industri Produk Logam Struktural Aluminium Untuk Konstruksi Ringan | Industri Produk Logam Struktural Baja Untuk Konstruksi Berat | Industri Produk Logam Struktural Lainnya | Industri Tangki, Tandon Air, Dan Wadah Sejenisnya Dari Logam | Industri Generator Uap Bukan Ketel Pemanas | Industri Senjata Dan Amunisi | Penempaan, Pengepresan, Pencetakan, Dan Pembentukan Logam; Metalurgi Bubuk | Pengerjaan Dan Pelapisan Logam | Industri Perkakas Tangan | Industri Alat Potong | Industri Alat Makan Dari Logam | Industri Peralatan Umum | Industri Ember, Kaleng, Drum Dan Wadah Sejenisnya Dari Logam | Industri Barang Dari Kawat Logam Bukan Kabel | Industri Paku, Mur, Dan Baut Logam | Industri Brankas, Filling Kantor, Dan Sejenisnya | Industri Peralatan Dapur Dan Peralatan Meja Dari Logam | Industri Produk Rumah Tangga Dari Logam Bukan Peralatan Dapur Dan Peralatan Meja | Industri Profil Logam | Industri Lampu Dari Logam | Industri Produk Logam Lainnya Ytdl | Industri Sel Surya, Panel Surya, Dan Inverter Fotovoltaik | Industri Tabung Elektron Dan Konektor Elektronik | Industri Komponen Dan Papan Elektronik Lainnya Ytdl | Industri Komputer Dan Perakitan Komputer | Industri Perlengkapan Komputer | Industri Peralatan Telepon Dan Faksimili | Industri Peralatan Komunikasi Tanpa Kabel (Wireless) | Industri Kartu Cerdas (Smart Card) | Industri Peralatan Komunikasi Lainnya | Industri Televisi, Monitor Televisi, Dan Displai | Industri Peralatan Perekam, Penerima, Dan Pengganda Audio Dan Video, Bukan Televisi | Industri Peralatan Audio Dan Video Elektronik Lainnya | Industri Alat Ukur Dan Alat Uji Manual | Industri Alat Ukur Dan Alat Uji Elektrik | Industri Alat Ukur Dan Alat Uji Elektronik | Industri Alat Ukur, Alat Uji, Dan Peralatan Navigasi Dan Kontrol Lainnya | Industri Peralatan Iradiasi, Perlengkapan, Dan Sejenisnya | Industri Peralatan Elektromedik Dan Elektroterapi | Industri Peralatan Fotografi | Industri Peralatan Sinematografi | Industri Lensa Bukan Kacamata | Industri Peralatan Fotografi Dan Instrumen Optik Bukan Kacamata Lainnya | Industri Media Magnetik Dan Media Optik | Industri Motor Listrik | Industri Generator Pembangkit Listrik | Industri Pengubah Tegangan/Transformator Dan Pengubah Arus/Rectifier | Industri Peralatan Pengontrol Dan Pendistribusian Listrik | Industri Batu Baterai | Industri Akumulator Listrik | Industri Baterai Kendaraan Listrik | Industri Kabel Serat Optik | Industri Kabel Dan Kawat Listrik Dan Elektronik Lainnya | Industri Perlengkapan Kabel | Industri Bola Lampu Pijar, Lampu Sorot, Dan Lampu Ultraviolet | Industri Lampu Gas Dan Discharge | Industri Peralatan Penerangan Untuk Kendaraan | Industri Lampu Led | Industri Peralatan Penerangan Lainnya | Industri Peralatan Elektrotermal Rumah Tangga | Industri Peralatan Rumah Tangga Bukan Listrik | Industri Peralatan Listrik Lainnya | Industri Mesin Uap, Turbin, Dan Kincir | Industri Motor Pembakaran Dalam | Industri Komponen Dan Suku Cadang Mesin Dan Turbin | Industri Peralatan Tenaga Zat Cair Dan Gas | Industri Pompa Lainnya, Kompresor, Keran, Dan Klep/Katup | Industri Bearing, Roda Gigi, Dan Elemen Penggerak Mesin | Industri Oven, Perapian Dan Tungku Pembakar Sejenis Yang Tidak Menggunakan Arus Listrik | Industri Oven, Perapian Dan Tungku Pembakar Sejenis Yang Menggunakan Arus Listrik | Industri Alat Pengangkat Dan Pemindah | Industri Mesin Kantor Dan Akuntansi Manual | Industri Mesin Kantor Dan Akuntansi Elektrik | Industri Mesin Kantor Dan Akuntansi Elektronik | Industri Peralatan Kantor | Industri Perkakas Tangan Yang Digerakkan Tenaga | Industri Mesin Untuk Pembungkus, Pembotolan, Dan Pengalengan | Industri Mesin Timbangan | Industri Mesin Pendingin | Industri Mesin Untuk Keperluan Umum Lainnya Ytdl | Industri Mesin Pertanian Dan Kehutanan | Industri Mesin Dan Perkakas Mesin Untuk Pengerjaan Logam Dan Bahan Lainnya | Industri Mesin Metalurgi | Industri Mesin Penambangan, Penggalian Dan Konstruksi | Industri Mesin Pengolahan Makanan, Minuman Dan Tembakau | Industri Mesin Jahit, Mesin Cuci, Dan Mesin Pengering Untuk Keperluan Niaga | Industri Mesin Tekstil | Industri Mesin Penyiapan Dan Pembuatan Produk Kulit | Industri Mesin Percetakan | Industri Mesin Pabrik Kertas | Industri Mesin Keperluan Khusus Lainnya Ytdl | Industri Kendaraan Bermotor Roda Empat Atau Lebih | Industri Karoseri Kendaraan Bermotor Roda Empat Atau Lebih; Industri Trailer Dan Semitrailer | Industri Suku Cadang Dan Aksesori Kendaraan Bermotor Roda Empat Atau Lebih | Industri Kendaraan Air Dan Bawah Air Berawak | Industri Bangunan Lepas Pantai Dan Bangunan Terapung | Industri Kendaraan Air Dan Bawah Air Tanpa Awak | Industri Kapal Dan Perahu Untuk Tujuan Wisata Atau Rekreasi Dan Olahraga | Industri Lokomotif Dan Gerbong Kereta | Industri Pesawat Udara Berawak Dan Mesin Terkait | Industri Pesawat Udara Tanpa Awak Dan Mesin Terkait | Industri Wahana Antariksa Dan Mesin Terkait | Industri Kendaraan Tempur Militer | Industri Sepeda Motor Roda Dua Dan Tiga | Industri Komponen Dan Perlengkapan Sepeda Motor Roda Dua Dan Tiga | Industri Sepeda Dan Kursi Roda Termasuk Becak | Industri Perlengkapan Sepeda Dan Kursi Roda Termasuk Becak | Industri Alat Angkutan Lainnya Ytdl | Industri Furnitur Dari Kayu | Industri Furnitur Dari Rotan Dan Bambu | Industri Furnitur Dari Plastik | Industri Furnitur Dari Logam | Industri Furnitur Dari Bahan Lainnya Ytdl | Industri Permata | Industri Perhiasan Dari Logam Mulia | Industri Barang Berharga Dari Logam Mulia Bukan Perhiasan | Industri Perhiasan Dari Mutiara | Industri Barang Berharga Lainnya Dari Logam Mulia | Reparasi Dan Pemeliharaan Produk Senjata Dan Amunisi | Reparasi Dan Pemeliharaan Kapal, Perahu, Dan Bangunan Terapung | Reparasi Dan Pemeliharaan Lokomotif Dan Gerbong Kereta | Reparasi Dan Pemeliharaan Pesawat Udara | Pembongkaran Mesin, Peralatan, Dan Sistem Industri | Pembangkitan Tenaga Listrik Dari Sumber Energi Tidak Terbarukan Yang Menghasilkan Emisi | Pembangkitan Tenaga Listrik Dari Sumber Energi Terbarukan | Produksi Gas Alam Dan Buatan | Penampungan Dan Penyediaan Air Baku | Pengolahan Dan Pembuangan Air Limbah | Pengumpulan Limbah Berbahaya Selain Limbah Radiokatif | Pengumpulan Limbah Radioaktif | Pengolahan Sampah Tidak Berbahaya Untuk Menghasilkan Energi | Produksi Kompos Sampah Organik | Pengolahan Dan Pembuangan Limbah Atau Sampah Tidak Berbahaya Lainnya | Pengolahan Dan Pembuangan Limbah Atau Sampah Berbahaya Selain Limbah Radioaktif | Pengolahan Dan Pembuangan Limbah Radioaktif | Pemulihan Material Barang Logam | Pemulihan Material Barang Plastik | Pemulihan Material Lainnya | Aktivitas Penangkapan Karbon | Aktivitas Penyimpanan Karbon | Aktivitas Remediasi Dan Pengelolaan Limbah Atau Sampah Lainnya | Konstruksi Konvensional Gedung Industri | Konstruksi Prapabrikasi Bangunan Gedung | Konstruksi Bangunan Sipil Sistem Pengolahan Limbah | Konstruksi Proyek Utilitas Lainnya | Konstruksi Bangunan Pelabuhan Bukan Perikanan | Konstruksi Bangunan Pelabuhan Perikanan | Konstruksi Reservoir Pembangkit Listrik Tenaga Air | Konstruksi Bangunan Sipil Pelindung Pantai | Konstruksi Bangunan Sipil Prasarana Perairan Dan Sejenis Lainnya | Konstruksi Bangunan Sipil Minyak Dan Gas Bumi | Konstruksi Bangunan Sipil Pertambangan | Konstruksi Bangunan Sipil Panas Bumi | Konstruksi Bangunan Sipil Fasilitas Pengolahan | Konstruksi Bangunan Sipil Fasilitas Militer Dan Bandar Antariksa | Konstruksi Bangunan Sipil Fasilitas Sumber Radiasi Pengion | Konstruksi Bangunan Sipil Reaktor Nuklir | Konstruksi Bangunan Sipil Lainnya Ytdl | Pemasangan Sistem Navigasi Laut, Sungai, Dan Udara | Pemasangan Sistem Pemanas Dan Geotermal | Pemasangan Jaringan Penyaluran Gas | Pemasangan Konstruksi Lainnya Ytdl | Konstruksi Khusus Lainnya Ytdl | Perdagangan Besar Atas Dasar Balas Jasa (Fee) Atau Kontrak | Perdagangan Besar Padi Dan Palawija | Perdagangan Besar Buah Yang Mengandung Minyak | Perdagangan Besar Tembakau Rajangan | Perdagangan Besar Binatang Hidup | Perdagangan Besar Ikan Dan Biota Air Hidup Lainnya | Perdagangan Besar Hasil Kehutanan Dan Perburuan | Perdagangan Besar Kulit | Perdagangan Besar Hasil Pertanian Dan Hewan Hidup Lainnya | Perdagangan Besar Beras | Perdagangan Besar Buah-Buahan | Perdagangan Besar Sayuran | Perdagangan Besar Kopi, Teh, Dan Kakao | Perdagangan Besar Minyak Dan Lemak Nabati | Perdagangan Besar Bahan Makanan Dan Minuman Hasil Pertanian Lainnya | Perdagangan Besar Daging Sapi Dan Daging Sapi Olahan | Perdagangan Besar Daging Ayam Dan Daging Ayam Olahan | Perdagangan Besar Daging Dan Daging Olahan Lainnya | Perdagangan Besar Hasil Perikanan Dan Olahan Terkait | Perdagangan Besar Telur Dan Hasil Olahan Telur | Perdagangan Besar Susu Dan Produk Susu | Perdagangan Besar Minyak Dan Lemak Hewani | Perdagangan Besar Bahan Makanan Dan Minuman Hasil Peternakan Dan Perikanan Lainnya | Perdagangan Besar Gula, Cokelat, Dan Kembang Gula | Perdagangan Besar Produk Bakeri | Perdagangan Besar Minuman Beralkohol | Perdagangan Besar Minuman Nonalkohol Bukan Susu | Perdagangan Besar Rokok Dan Tembakau | Perdagangan Besar Makanan Dan Minuman Lainnya | Perdagangan Besar Tekstil | Perdagangan Besar Pakaian | Perdagangan Besar Alas Kaki | Perdagangan Besar Barang Jadi Tekstil | Perdagangan Besar Perlengkapan Jahit | Perdagangan Besar Furnitur, Karpet, Perlengkapan Pencahayaan Untuk Rumah Tangga, Perkantoran, Dan Pertokoan | Perdagangan Besar Alat Fotografi Dan Barang Optik | Perdagangan Besar Sediaan Farmasi Untuk Manusia | Perdagangan Besar Sediaan Farmasi Untuk Hewan | Perdagangan Besar Perhiasan Dan Jam | Perdagangan Besar Peralatan Telekomunikasi | Perdagangan Besar Mesin, Peralatan Dan Perlengkapan Pertanian | Perdagangan Besar Alat Transportasi Laut, Suku Cadang, Dan Perlengkapannya | Perdagangan Besar Alat Transportasi Darat (Bukan Mobil, Sepeda Motor, Dan Sejenisnya), Suku Cadang, Dan Perlengkapannya | Perdagangan Besar Alat Transportasi Udara, Suku Cadang Dan Perlengkapannya | Perdagangan Besar Mobil Baru | Perdagangan Besar Suku Cadang Dan Aksesori Mobil | Perdagangan Besar Sepeda Motor Baru | Perdagangan Besar Bahan Bakar Padat, Cair, Dan Gas Beserta Produk Terkait | Perdagangan Besar Bijih Dan Konsentrat Logam | Perdagangan Besar Produk Logam Setengah Jadi | Perdagangan Besar Bahan Konstruksi Dari Logam | Perdagangan Besar Bahan Konstruksi Dari Tanah Liat, Kapur, Semen, Atau Kaca | Perdagangan Besar Semen, Kapur, Pasir, Dan Batu | Perdagangan Besar Bahan Konstruksi Dari Kayu | Perdagangan Besar Cat | Perdagangan Besar Mineral Radioaktif | Perdagangan Besar Zat Radioaktif Dan Pembangkit Radiasi 
 Pengion | Perdagangan Besar Bahan Dan Barang Kimia | Perdagangan Besar Pupuk Dan Produk Agrokimia | Perdagangan Besar Bahan Berbahaya (B2) | Perdagangan Besar Alat Kesehatan Dan Laboratorium Untuk 
 Manusia | Perdagangan Besar Alat Kesehatan Untuk Hewan | Perdagangan Besar Karet Dan Plastik Dalam Bentuk Dasar | Perdagangan Besar Kertas Dan Karton | Perdagangan Besar Barang Dari Kertas Dan Karton | Perdagangan Besar Barang Bekas Dan Skrap | Perdagangan Besar Produk Lainnya Ytdl | Perdagangan Besar Berbagai Macam Barang Di Grosir/Perkulakan Swalayan | Perdagangan Besar Berbagai Macam Barang Selain Di 
 Grosir/Perkulakan Swalayan | Perdagangan Eceran Minuman Beralkohol | Perdagangan Eceran Rokok Dan Tembakau | Perdagangan Eceran Daging Olahan | Perdagangan Eceran Ikan Olahan | Perdagangan Eceran Bahan Bakar Di Sarana Pengisian Bahan 
 Bakar | Perdagangan Eceran Bahan Bakar Selain Di Sarana Pengisian 
 Bahan Bakar | Perdagangan Eceran Komputer Dan Perlengkapannya | Perdagangan Eceran Peralatan Dan Produk Gim Video Serta 
 Sejenisnya | Perdagangan Eceran Perangkat Lunak (Software) | Perdagangan Eceran Telepon Beserta Aksesorisnya | Perdagangan Eceran Mesin Dan Peralatan Kantor | Perdagangan Eceran Peralatan Audio Dan Video | Perdagangan Eceran Tekstil | Perdagangan Eceran Perlengkapan Rumah Tangga Dari Tekstil | Perdagangan Eceran Perlengkapan Jahit Menjahit | Perdagangan Eceran Bahan Dan Material Konstruksi | Perdagangan Eceran Kaca Lembaran | Perdagangan Eceran Perkakas Dan Peralatan Pertukangan | Perdagangan Eceran Peralatan Keselamatan Dan Gawat Darurat | Perdagangan Eceran Cat, Pernis Dan Lakeri | Perdagangan Eceran Bahan-Bahan Energi Terbarukan | Perdagangan Eceran Karpet, Permadani, Serta Penutup Dinding Dan Lantai | Perdagangan Eceran Furnitur | Perdagangan Eceran Peralatan Listrik Rumah Tangga, Peralatan Penerangan, Dan Perlengkapannya | Perdagangan Eceran Barang Pecah Belah; Perlengkapan Dapur Dan Makan | Perdagangan Eceran Alat Musik | Perdagangan Eceran Peralatan Dan Perlengkapan Rumah Tangga Lainnya Ytdl | Perdagangan Eceran Peralatan Dan Perlengkapan Olahraga | Perdagangan Eceran Khusus Barang Kesenian Dan Rekreasi 
 Ytdl | Perdagangan Eceran Alat Transportasi Darat Tidak Bermotor Dan Perlengkapannya | Perdagangan Eceran Alat Transportasi Air Dan Perlengkapannya | Perdagangan Eceran Alat-Alat Pertanian | Perdagangan Eceran Perlengkapan Pengendara Kendaraan Bermotor | Perdagangan Eceran Pembungkus Dari Plastik | Perdagangan Eceran Barang Baru Lainnya Ytdl | Perdagangan Eceran Mobil Baru | Perdagangan Eceran Mobil Bekas | Perdagangan Eceran Suku Cadang Dan Aksesori Mobil | Perdagangan Eceran Sepeda Motor Baru | Perdagangan Eceran Sepeda Motor Bekas | Perdagangan Eceran Suku Cadang Sepeda Motor Dan Aksesorinya | Platform Digital Intermediasi Perdagangan Eceran | Jasa Intermediasi Perdagangan Eceran Lainnya | Angkutan Kereta Wisata Antarkota | Transportasi Kereta Api Antarkota Lainnya Untuk Penumpang | Transportasi Kereta Api Untuk Barang | Angkutan Kereta Wisata Dalam Kota | Angkutan Kereta Api Perkotaan | Angkutan Tidak Bermotor Untuk Penumpang | Transportasi Darat Lainnya Untuk Penumpang Ytdl | Transportasi Melalui Saluran Pipa | Angkutan Laut Dalam Negeri Liner Dan Tramper Untuk Penumpang | Angkutan Laut Dalam Negeri Perintis Untuk Penumpang | Angkutan Laut Dalam Negeri Untuk Wisata | Angkutan Laut Luar Negeri Liner Dan Tramper Untuk Penumpang | Angkutan Laut Luar Negeri Untuk Wisata | Angkutan Laut Dalam Negeri Untuk Barang Umum | Angkutan Laut Dalam Negeri Untuk Barang Khusus | Angkutan Laut Dalam Negeri Perintis Untuk Barang | Angkutan Laut Dalam Negeri Pelayaran Rakyat Untuk Barang | Angkutan Laut Luar Negeri Untuk Barang Umum | Angkutan Laut Luar Negeri Untuk Barang Khusus | Angkutan Laut Luar Negeri Pelayaran Rakyat Untuk Barang | Angkutan Penyeberangan Umum Antarprovinsi Untuk Penumpang | Angkutan Penyeberangan Umum Antarkabupaten/Kota Untuk Penumpang | Angkutan Penyeberangan Umum Dalam Kabupaten/Kota Untuk Penumpang | Angkutan Penyeberangan Perintis Antarprovinsi Untuk Penumpang | Angkutan Penyeberangan Perintis Antarkabupaten/Kota Untuk Penumpang | Transportasi Pesisir Lainnya Untuk Penumpang | Angkutan Penyeberangan Umum Antarprovinsi Untuk Barang | Angkutan Penyeberangan Umum Antarkabupaten/Kota Untuk Barang | Angkutan Penyeberangan Umum Dalam Kabupaten/Kota Untuk Barang | Angkutan Penyeberangan Perintis Antarprovinsi Untuk Barang | Angkutan Penyeberangan Perintis Antarkabupaten/Kota Untuk Barang | Transportasi Pesisir Lainnya Untuk Barang | Angkutan Sungai Dan Danau Liner (Trayek Tetap Dan Teratur) Untuk Penumpang | Angkutan Sungai Dan Danau Tramper (Trayek Tidak Tetap Dan Tidak Teratur) Untuk Penumpang | Angkutan Sungai Dan Danau Untuk Wisata | Angkutan Sungai Dan Danau Untuk Barang Umum | Angkutan Sungai Dan Danau Untuk Barang Berbahaya | Angkutan Udara Niaga Berjadwal Untuk Penumpang | Angkutan Udara Niaga Tidak Berjadwal Untuk Penumpang | Transportasi Antariksa Untuk Penumpang | Angkutan Udara Niaga Berjadwal Khusus Kargo | Angkutan Udara Niaga Tidak Berjadwal Khusus Kargo | Transportasi Antariksa Untuk Barang | Pengelola Gudang Sistem Resi Gudang | Aktivitas Gudang Dingin | Aktivitas Gudang Berikat | Penyimpanan Minyak Dan Gas Bumi | Aktivitas Penyimpanan Barang Berbahaya Dan Beracun (B3) | Fasilitas Penyimpanan Sumber Radiasi Pengion | Penyimpanan Mineral Ikutan Radioaktif | Pergudangan Dan Penyimpanan Lainnya | Aktivitas Terminal Darat | Aktivitas Penyelenggaraan Prasarana Perkeretaapian | Aktivitas Jalan Tol | Aktivitas Perparkiran Di Badan Jalan (On Street Parking) | Aktivitas Perparkiran Di Luar Badan Jalan (Off Street Parking) | Aktivitas Jasa Terkait Transportasi Darat Lainnya | Aktivitas Pelayanan Kepelabuhanan Laut | Aktivitas Pelayanan Kepelabuhanan Sungai Dan Danau | Aktivitas Pelayanan Kepelabuhanan Penyeberangan | Aktivitas Pelabuhan Perikanan | Aktivitas Pengelolaan Kapal | Aktivitas Penyelamatan Kapal Dan Muatannya | Angkutan Perairan Pelabuhan | Aktivitas Jasa Terkait Transportasi Perairan Lainnya | Aktivitas Kebandarudaraan | Jasa Pelayanan Navigasi Penerbangan | Pelayanan Penumpang, Bagasi, Kargo, Pos, Dan Teknis 
 Penanganan Udara Di Darat | Aktivitas Pemeriksaan Dan Pengendalian Keamanan Muatan 
 Penerbangan | Aktivitas Jasa Terkait Angkutan Udara Lainnya | Penanganan Kargo (Bongkar Muat Barang) | Angkutan Multimoda | Aktivitas Tally Mandiri | Aktivitas Penunjang Angkutan Lainnya Ytdl | Jasa Pengurusan Transportasi (Jpt) | Jasa Keagenan Kapal/Agen Perkapalan | Aktivitas Perwakilan Operasional Transportasi Udara Khusus Kargo | Jasa Intermediasi Transportasi Lainnya Untuk Barang | Agen Penjualan Tiket Transportasi | Agen Pengurus Persetujuan Terbang | Aktivitas Perwakilan Operasional Transportasi Udara Untuk Penumpang | Jasa Intermediasi Transportasi Lainnya Untuk Penumpang | Aktivitas Pos | Aktivitas Kurir | Aktivitas Jasa Portal Intermediasi Pos Dan Kurir | Jasa Intermediasi Pos Dan Kurir Lainnya | Aktivitas Penyediaan Jasa Boga Lainnya | Aktivitas Bar | Aktivitas Kelab Malam Atau Diskotek Yang Utamanya Menyediakan Minuman | Penerbitan Jurnal Dan Terbitan Berkala | Aktivitas Penerbitan Lainnya | Penerbitan Perangkat Lunak Video Gim Dalam Jaringan (Game Online) | Penerbitan Perangkat Lunak Video Gim Lainnya | Penerbitan Perangkat Lunak (Software) Lainnya | Aktivitas Produksi Film, Video, Dan Program Televisi Oleh Pemerintah | Aktivitas Produksi Film, Video, Dan Program Televisi Oleh Swasta | Aktivitas Pascaproduksi Film, Video, Dan Program Televisi Oleh Pemerintah | Aktivitas Pascaproduksi Film, Video, Dan Program Televisi Oleh Swasta | Aktivitas Distribusi Film, Video, Dan Program Televisi Oleh Pemerintah | Aktivitas Distribusi Film, Video. Dan Program Televisi Oleh Swasta | Aktivitas Pemutaran Film | Aktivitas Perekaman Suara | Aktivitas Penerbitan Musik Dan Buku Musik | Aktivitas Penyiaran Radio Digital | Aktivitas Distribusi Dan Streaming Audio Atas Permintaan | Aktivitas Penyiaran Dan Pemrograman Televisi Analog | Aktivitas Pemrograman Dan Penyiaran Televisi Digital | Aktivitas Distribusi Dan Streaming Video Atas Permintaan | Aktivitas Kantor Berita Oleh Pemerintah | Aktivitas Kantor Berita Oleh Swasta | Aktivitas Situs Jejaring Sosial Dan Distribusi Konten Lainnya | Aktivitas Telekomunikasi Dengan Kabel | Aktivitas Telekomunikasi Dengan Nirkabel | Aktivitas Jasa Akses Internet (Internet Service Provider | Aktivitas Jasa Sistem Komunikasi Data | Aktivitias Jasa Televisi Protoko"
PERUMAHAN;Perumahan Kepadatan Rendah;"Budi Daya Dan Pembibitan Sapi Potong | Budi Daya Dan Pembibitan Sapi Perah | Budi Daya Dan Pembibitan Kerbau Potong | Budi Daya Dan Pembibitan Kerbau Perah | Peternakan Kuda Dan Sejenisnya | Peternakan Unta Dan Sejenisnya | Budi Daya Dan Pembibitan Domba Potong | Budi Daya Dan Pembibitan Kambing Potong | Budi Daya Dan Pembibitan Kambing Perah | Budi Daya Dan Pembibitan Domba Perah | Produksi Bulu Domba Mentah/Raw Wool | Peternakan Babi | Budi Daya Ayam Ras Pedaging | Budi Daya Ayam Ras Petelur | Industri Susu Segar Dan Krim | Reparasi Dan Pemeliharaan Peralatan Listrik Lainnya | Reparasi Dan Pemeliharaan Peralatan Lainnya | Pemasangan Perlengkapan Meteorologi, Klimatologi, Dan Geofisika | Aktivitas Penyaluran Tenaga Listrik | Pengoperasian Instalasi Pemanfaatan Tenaga Listrik | Aktivitas Penunjang Tenaga Listrik Lainnya | Pengadaan Uap/Air Panas Dan Udara Dingin | Produksi Es | Aktivitas Broker Dan Agen Penjualan Tenaga Listrik | Konstruksi Konvensional Gedung Hunian | Konstruksi Konvensional Gedung Kesehatan | Konstruksi Konvensional Gedung Pendidikan | Perdagangan Besar Barang Percetakan Dan Penerbitan Dalam Berbagai Bentuk | Perdagangan Besar Komputer Dan Perlengkapan Komputer | Perdagangan Besar Perangkat Lunak | Perdagangan Eceran Berbagai Macam Barang Yang Utamanya 
 Makanan, Minuman, Atau Tembakau Dengan Sistem Swalayan | Perdagangan Eceran Berbagai Macam Barang Yang Utamanya 
 Makanan, Minuman, Atau Tembakau Selain Dengan Sistem 
 Swalayan | Perdagangan Eceran Berbagai Macam Barang Yang Utamanya 
 Bukan Makanan, Minuman, Atau Tembakau Dengan Sistem 
 Swalayan | Perdagangan Eceran Berbagai Macam Barang Yang Utamanya 
 Bukan Makanan, Minuman, Atau Tembakau Selain Dengan Sistem 
 Swalayan | Perdagangan Eceran Padi Dan Palawija | Perdagangan Eceran Tahu, Tempe, Tauco, Dan Oncom | Perdagangan Eceran Perlengkapan Pakaian | Perdagangan Eceran Tas, Dompet, Koper, Ransel, Dan Sejenisnya | Perdagangan Eceran Sediaan Farmasi Untuk Manusia Di Apotek | Perdagangan Eceran Sediaan Farmasi Untuk Manusia Selain Di Apotek | Perdagangan Eceran Obat Bahan Alam Untuk Manusia | Perdagangan Eceran Kosmetik Untuk Manusia | Perdagangan Eceran Alat Kesehatan Untuk Manusia | Perdagangan Eceran Alat Fotografi Dan Perlengkapannya | Perdagangan Eceran Alat Optik Dan Perlengkapannya | Perdagangan Eceran Kacamata | Perdagangan Eceran Jam | Perdagangan Eceran Barang Perhiasan | Perdagangan Eceran Barang Antik | Perdagangan Eceran Hewan Ternak Dan Bibit Hewan | Perdagangan Eceran Pakan Ternak/Unggas/Ikan Dan Hewan Kesayangan | Perdagangan Eceran Bunga Potong/Florist | Perdagangan Eceran Pupuk Dan Pemberantas Hama | Perdagangan Eceran Bahan Kimia | Perdagangan Eceran Bahan Kimia, Aromatik/Penyegar (Minyak Asiri), Dan Bahan Bakar Selain Bahan Bakar Untuk Kendaraan Bermotor Lainnya | Perdagangan Eceran Cendera Mata, Kerajinan, Dan Barang Barang Keagamaan | Perdagangan Eceran Berbagai Macam Mesin Dan Perlengkapannya | Aktivitas Penyiaran Radio Analog | Aktivitas Telekomunikasi Dengan Satelit | Aktivitas Pengembangan Bangunan Dan Lahan Hunian | Aktivitas Penyewaan Bangunan Dan Lahan Hunian Milik Sendiri Atau Sewa | Pengelolaan Real Estat Hunian Atas Dasar Balas Jasa (Fee) Atau Kontrak | Penyewaan Dan Sewa Guna Usaha Mesin Dan Peralatan Komunikasi Dan Multimedia | Aktivitas Jasa Intermediasi Untuk Penyewaan Dan Sewa Guna Usaha Barang Berwujud Dan Aset Tak Berwujud Nonfinansial Lainnya | Aktivitas Penempatan Awak Kapal | Aktivitas Penyediaan Informasi Lowongan Kerja | Aktivitas Penempatan Tenaga Kerja Lainnya | Aktivitas Penyediaan Tenaga Kerja Sementara Dan Penyediaan Sumber Daya Manusia Lainnya | Pendidikan Menengah Atas Keagamaan Protestan, Katolik, Hindu, Buddha, Atau Konghucu | Pendidikan Menengah Kejuruan Umum Swasta | Pendidikan Menengah Kejuruan Keagamaan Islam | Pendidikan Pascamenengah Nontersier | Pendidikan Tinggi Umum Pemerintah | Pendidikan Tinggi Umum Swasta | Pendidikan Tinggi Keagamaan Pemerintah | Pendidikan Tinggi Keagamaan Swasta | Pendidikan Olahraga Dan Rekreasi | Pendidikan Kebudayaan | Pendidikan Pesantren Lainnya | Pendidikan Keagamaan Islam Nonformal | Pendidikan Keagamaan Lainnya Ytdl | Pendidikan Lainnya Pemerintah | Pelatihan Kerja Pemerintah | Pelatihan Kerja Teknik Swasta | Pelatihan Kerja Teknologi Informasi Dan Komunikasi Swasta | Pelatihan Kerja Industri Kreatif Swasta | Pelatihan Kerja Pariwisata Dan Perhotelan Swasta | Pelatihan Kerja Bisnis Dan Manajemen Swasta | Pelatihan Kerja Pekerjaan Domestik Swasta";Perdagangan Besar Peralatan Masak, Peralatan Dapur, Dan Elektronik Rumah Tangga | Perdagangan Besar Peralatan Dan Perlengkapan Olahraga | Perdagangan Besar Alat Musik | Perdagangan Besar Tas, Dompet, Koper, Ransel, Dan Sejenisnya | Perdagangan Besar Berbagai Barang Dan Perlengkapan Rumah Tangga Lainnya Ytdl | Perdagangan Besar Suku Cadang Elektronik | Perdagangan Besar Disket, Flash Drive, Pita Audio Dan Video, Serta Cd Dan Dvd Kosong | Perdagangan Besar Mesin Kantor Dan Industri, Suku Cadang, Dan Perlengkapannya | Perdagangan Besar Mesin, Peralatan, Dan Perlengkapan Lainnya Ytdl | Perdagangan Besar Kaca Lembaran | Perdagangan Besar Bahan Konstruksi Dari Porselen | Pendidikan Menengah Kejuruan Keagamaan Protestan, Katolik, Hindu, Buddha, Atau Konghucu;"Pengolahan Dan Pengawetan Ikan Dengan Pelumatan | Pengasinan Buah-Buahan Dan Sayuran | Pelumatan Buah-Buahan Dan Sayuran | Pengeringan Buah-Buahan Dan Sayuran | Pembekuan Buah-Buahan Dan Sayuran | Pengalengan Buah-Buahan Dan Sayuran | Pengolahan Sari Buah-Buahan Dan Sayuran | Pembuatan Tempe Kedelai | Pembuatan Tahu Kedelai | Pengolahan Dan Pengawetan Lainnya Untuk Buah-Buahan Dan Sayuran | Industri Barang Tekstil Dengan Bahan Pengisi | Industri Barang Tekstil Bukan Pakaian Jadi Lainnya | Industri Karpet Dan Permadani | Industri Barang Dari Tali | Industri Kapuk | Industri Pakaian Jadi (Konfeksi) Dari Tekstil | Industri Pakaian Jadi (Konfeksi) Dari Kulit Dan Tiruan Kulit | Industri Penjahitan Dan Pembuatan (Bukan Konfeksi) Pakaian Sesuai Pesanan/Kustomisasi | Industri Perlengkapan Pakaian Dari Tekstil | Industri Perlengkapan Pakaian Dari Kulit Dan Tiruan Kulit | Industri Pakaian Jadi Dan Perlengkapannya Dari Rajutan Dan Crocheted | Industri Hosiery Rajutan Dan Crocheted | Industri Wadah Dari Kayu | Industri Barang Anyaman Dari Rotan Dan Bambu | Industri Barang Anyaman Dari Tanaman Selain Rotan Dan Bambu | Industri Kerajinan Ukiran Dari Kayu Bukan Furnitur | Industri Alat Dapur Dan Alat Makan Dari Kayu, Rotan, Dan Bambu | Industri Kayu Bakar Dan Pelet Dari Kayu Dan Biomassa Lainnya | Industri Barang Lainnya Dari Kayu; Industri Barang Dari Gabus, Jerami, Rotan, Bambu, Dan Sejenisnya Ytdl | Industri Barang Dari Kertas Dan Papan Kertas Lainnya Ytdl | Pencetakan Umum | Pencetakan Tiga Dimensi (3d) | Kegiatan Jasa Penunjang Pencetakan | Reproduksi Media Rekaman Suara Dan Perangkat Lunak | Reproduksi Media Rekaman Film Dan Video | Industri Minyak Pelumas | Industri Briket | Industri Kimia Dasar Organik Dari Sumber Daya Alam Hayati | Industri Pupuk Hara Mikro | Industri Pupuk Organik, Pupuk Hayati, Dan Media Tanam | Industri Biostimulan | Industri Minyak Asiri Hulu | Industri Minyak Asiri Rantai Tengah | Industri Bahan Baku Obat Bahan Alam Untuk Manusia | Industri Produk Obat Bahan Alam Untuk Manusia | Industri Produk Obat Bahan Alam Untuk Hewan | Industri Bahan Baku Obat Bahan Alam Untuk Hewan | Industri Alat Ukur Waktu | Industri Peralatan Listrik Rumah Tangga | Industri Perhiasan Imitasi Dan Barang Sejenis | Industri Alat Musik Tradisional | Industri Alat Musik Nontradisional | Industri Peralatan Dan Perlengkapan Olahraga | Industri Alat Permainan | Industri Mainan Termasuk Drone Rekreasi | Industri Peralatan Kedokteran Dan Kedokteran Gigi Serta Perlengkapannya | Industri Furnitur Untuk Operasi, Perawatan Kedokteran, Dan Kedokteran Gigi | Industri Peralatan Kedokteran Dan Kedokteran Gigi, Serta Perlengkapan Ortopedi Dan Prostetik | Industri Kacamata | Industri Peralatan Kedokteran Dan Kedokteran Gigi, Serta Perlengkapan Lainnya | Industri Alat Tulis Dan Gambar Termasuk Perlengkapannya | Industri Pita Mesin Tulis Atau Gambar | Industri Kerajinan Ytdl | Reparasi Dan Pemeliharaan Produk Logam Struktural, Tangki, Tandon Air, Dan Generator Uap | Reparasi Dan Pemeliharaan Produk Logam Pabrikasi Lainnya | Reparasi Dan Pemeliharaan Mesin Untuk Keperluan Umum | Reparasi Dan Pemeliharaan Mesin Untuk Keperluan Khusus | Reparasi Dan Pemeliharaan Alat Ukur, Alat Uji, Serta Peralatan Navigasi Dan Pengontrol | Reparasi Dan Pemeliharaan Peralatan Iradiasi, Elektromedik, Dan Elektroterapi | Reparasi Dan Pemeliharaan Peralatan Fotografi Dan Optik | Reparasi Dan Pemeliharaan Motor Listrik, Generator, Dan Transformator | Reparasi Dan Pemeliharaan Baterai Dan Akumulator Listrik | Konstruksi Konvensional Gedung Perkantoran | Konstruksi Konvensional Gedung Perbelanjaan | Perdagangan Besar Alat Tulis Dan Gambar | Perdagangan Besar Mobil Bekas | Perdagangan Besar Sepeda Motor Bekas | Perdagangan Besar Suku Cadang Sepeda Motor Dan Aksesorinya | Perdagangan Besar Berbagai Macam Material Bangunan | Perdagangan Besar Bahan Konstruksi, Perkakas, Perlengkapan Perpipaan, Dan Peralatan Pemanas Lainnya | Perdagangan Besar Mineral Bukan Logam | Perdagangan Eceran Buah-Buahan | Perdagangan Eceran Sayuran | Perdagangan Eceran Hasil Peternakan | Perdagangan Eceran Hasil Perikanan | Perdagangan Eceran Hasil Kehutanan Dan Perburuan | Perdagangan Eceran Hasil Pertanian Lainnya | Perdagangan Eceran Minuman Tidak Beralkohol | Perdagangan Eceran Beras | Perdagangan Eceran Roti, Kue Kering, Serta Kue Basah Dan Sejenisnya | Perdagangan Eceran Kopi, Gula Pasir, Gula Merah, Dan Sejenisnya | Perdagangan Eceran Makanan Lainnya | Perdagangan Eceran Minyak Pelumas | Perdagangan Eceran Alat Tulis Menulis Dan Gambar | Perdagangan Eceran Hasil Pencetakan Dan Penerbitan | Perdagangan Eceran Kertas, Kertas Karton, Dan Barang Dari Kertas/Karton | Perdagangan Eceran Alat Permainan Dan Mainan | Perdagangan Eceran Pakaian | Perdagangan Eceran Sepatu, Sandal, Dan Alas Kaki Lainnya | Aktivitas Hotel Bintang Lima | Aktivitas Hotel Bintang Empat | Aktivitas Hotel Bintang Tiga | Aktivitas Hotel Bintang Dua | Aktivitas Hotel Bintang Satu | Aktivitas Hotel Nonbintang | Aktivitas Rumah Tinggal Sewa (Homestay) | Aktivitas Hostel Remaja (Youth Hostel) | Aktivitas Vila | Aktivitas Apartemen Hotel | Aktivitas Penyediaan Akomodasi Jangka Pendek Lainnya | Aktivitas Penyediaan Bumi Perkemahan, Persinggahan Karavan, Dan Taman Karavan | Aktivitas Jasa Intermediasi Akomodasi | Aktivitas Jasa Manajemen Akomodasi | Penyediaan Akomodasi Lainnya Ytdl | Aktivitas Penyediaan Makanan Di Bangunan Tetap | Aktivitas Penyediaan Makanan Di Bangunan Tidak Tetap | Aktivitas Jasa Boga Untuk Acara Tertentu (Event Catering) | Aktivitas Rumah Minum/Kafe | Aktivitas Kedai Minuman | Aktivitas Rumah/Kedai Obat Bahan Alam | Aktivitas Penyediaan Minuman Keliling/Tempat Tidak Tetap | Aktivitas Jasa Intermediasi Penyediaan Makanan Dan Minuman | Penerbitan Buku | Penerbitan Surat Kabar | Aktivitas Periklanan | Aktivitas Desain Peralatan Rumah Tangga Dan Furnitur | Aktivitas Desain Tekstil, Mode/Fesyen, Dan Garmen | Aktivitas Desain Alat Komunikasi Dan Elektronika | Aktivitas Desain Peralatan Olahraga Dan Permainan | Aktivitas Desain Produk Kesehatan, Kosmetik, Dan Perlengkapan Laboratorium | Aktivitas Desain Pengemasan | Aktivitas Desain Industri Lainnya | Aktivitas Desain Interior | Aktivitas Desain Grafis/Komunikasi Visual | Aktivitas Desain Khusus Film, Video, Program Televisi, Animasi Dan Komik | Aktivitas Desain Konten Gim | Aktivitas Desain Khusus Lainya Ytdl | Aktivitas Fotografi Udara | Aktivitas Fotografi Lainnya | Aktivitas Penerjemah Atau Interpreter | Aktivitas Broker Dan Layanan Pemasaran Paten | Jasa Meteorologi Dan Prakiraan Cuaca | Semua Aktivitas Profesional, Ilmiah Dan Teknis Ytdl Lainnya | Aktivitas Personel Kesehatan Hewan Mandiri | Aktivitas Pengelolaan Sarana Kesehatan Hewan | Aktivitas Pengelolaan Kesehatan Hewan Lainnya | Penyewaan Dan Sewa Guna Usaha Kendaraan Bermotor | Penyewaan Dan Sewa Guna Usaha Alat Rekreasi Dan Olahraga | Penyewaan Peralatan Dan Perlengkapan Acara | Penyewaan Alat Musik | Penyewaan Barang Hasil Pencetakan Dan Penerbitan | Penyewaan Bunga Dan Tanaman Hias | Penyewaan Barang Pribadi Dan Barang Rumah Tangga Lainnya Ytdl | Penyewaan Dan Sewa Guna Usaha Alat Transportasi Darat Bukan Kendaraan Bermotor | Penyewaan Dan Sewa Guna Usaha Alat Transportasi Air | Penyewaan Dan Sewa Guna Usaha Alat Transportasi Udara | Penyewaan Dan Sewa Guna Usaha Mesin Dan Peralatan Industri | Penyewaan Dan Sewa Guna Usaha Mesin Dan Alat Pertanian | Penyewaan Dan Sewa Guna Usaha Mesin Dan Peralatan Konstruksi Dan Teknik Sipil | Penyewaan Dan Sewa Guna Usaha Mesin Dan Peralatan Kantor | Penyewaan Dan Sewa Guna Usaha Mesin, Peralatan, Dan Barang Berwujud Lainnya Ytdl | Aktivitas Jasa Intermediasi Untuk Penyewaan Dan Sewa Guna Usaha Mobil | Aktivitas Penempatan Tenaga Kerja Untuk Usaha Di Dalam Negeri | Aktivitas Penempatan Tenaga Kerja Luar Negeri | Aktivitas Penempatan Tenaga Kerja Untuk Rumah Tangga Sebagai Pemberi Kerja Di Dalam Negeri | Aktivitas Biro Perjalanan Wisata | Aktivitas Biro Perjalanan Ibadah Umrah Dan Haji Khusus | Aktivitas Biro Perjalanan Lainnya | Jasa Informasi Pariwisata | Jasa Informasi Daya Tarik Wisata | Jasa Pramuwisata | Pendidikan Taman Kanak-Kanak Umum Pemerintah | Pendidikan Taman Kanak-Kanak Umum Swasta | Pendidikan Prasekolah Keagamaan Islam | Pendidikan Prasekolah Keagamaan Protestan, Katolik, Hindu, Buddha, Atau Konghucu | Pendidikan Dasar Umum Pemerintah | Pendidikan Dasar Umum Swasta | Pendidikan Dasar Keagamaan Islam | Pendidikan Dasar Keagamaan Protestan, Katolik, Hindu, Buddha, Atau Konghucu | Pendidikan Menengah Pertama Umum Pemerintah | Pendidikan Menengah Pertama Umum Swasta | Pendidikan Menengah Pertama Keagamaan Islam | Pendidikan Menengah Pertama Keagamaan Protestan, Katolik, Hindu, Buddha, Atau Konghucu | Pendidikan Menengah Atas Umum Pemerintah | Pendidikan Menengah Atas Umum Swasta | Pendidikan Menengah Atas Keagamaan Islam | Pelatihan Kerja Pertanian Dan Perikanan Swasta | Pelatihan Kerja Swasta Lainnya | Pelatihan Kerja Teknik Perusahaan | Pelatihan Kerja Teknologi Informasi Dan Komunikasi Perusahaan | Pelatihan Kerja Industri Kreatif Perusahaan | Pelatihan Kerja Pariwisata Dan Perhotelan Perusahaan | Pelatihan Kerja Bisnis Dan Manajemen Perusahaan | Pelatihan Kerja Pekerjaan Domestik Perusahaan | Pelatihan Kerja Pertanian Dan Perikanan Perusahaan | Pelatihan Kerja Perusahaan Lainnya | Pendidikan Manajemen Dan Perbankan | Pendidikan Komputer (Teknologi Informasi Dan Komunikasi) Swasta | Pendidikan Bahasa Swasta | Pendidikan Kesehatan Swasta | Pendidikan Bimbingan Belajar Dan Konseling Swasta | Pendidikan Teknik Swasta | Pendidikan Kerajinan Dan Industri | Pendidikan Lainnya Swasta";"Jasa Perkawinan Ternak | Jasa Penetasan Telur | Jasa Penunjang Peternakan Lainnya | Jasa Pascapanen | Pemilihan Benih Tanaman Untuk Pembiakan | Pengolahan Dan Pengawetan Ikan Dengan Pelumatan | Pengeringan Buah-Buahan Dan Sayuran | Pembekuan Buah-Buahan Dan Sayuran | Pengalengan Buah-Buahan Dan Sayuran | Pengolahan Sari Buah-Buahan Dan Sayuran | Pembuatan Tempe Kedelai | Pembuatan Tahu Kedelai | Pengolahan Dan Pengawetan Lainnya Untuk Buah-Buahan Dan Sayuran | Industri Susu Segar Dan Krim | Industri Susu Bubuk Dan Susu Kental | Industri Es Krim | Industri Es Yang Dapat Dimakan Dan Es Pencuci Mulut | Industri Produk Susu Lainnya | Industri Produk Gilingan Gandum (Selain Tepung Terigu) Dan Serelia Selain Beras Dan Jagung | Industri Produk Gilingan Aneka Kacang | Industri Produk Gilingan Aneka Umbi, Tanaman Rimpang, Dan Sayuran | Industri Tepung Campuran Dan Adonan Tepung | Industri Makanan Sereal | Industri Tepung Terigu | Industri Berbagai Macam Pati Palem | Industri Glukosa Dan Sejenisnya | Industri Pati Dan Produk Pati Lainnya | Industri Penggilingan Padi Dan Penyosohan Beras | Industri Pemipilan Jagung | Industri Tepung Beras Dan Tepung Jagung | Industri Pati Beras Dan Jagung | Industri Pemanis Dari Beras Dan Jagung | Industri Minyak Dari Beras Dan Jagung | Industri Produk Bakeri | Industri Gula Pasir | Industri Gula Merah | Industri Sirop | Industri Gula Lainnya | Industri Pengolahan Kakao; Industri Cokelat Dan Kembang Gula | Industri Pengolahan Kakao | Industri Cokelat Dan Kembang Gula Dari Cokelat | Industri Manisan Buah-Buahan Dan Sayuran Kering | Industri Kembang Gula Lainnya | Industri Makaroni, Mi, Couscous, Dan Produk Sejenisnya | Industri Makanan Dan Masakan Olahan | Pengolahan Kopi | Pengolahan Te | Industri Kecap | Industri Bumbu Masakan Lainnya | Industri Kue Basah | Industri Produk Makanan Dari Kelapa | Industri Kerupuk, Keripik, Peyek, Dan Sejenisnya | Industri Dodol | Industri Infusi Herbal/Herb Infusion | Industri Air Kemasan | Industri Air Minum Isi Ulang | Industri Minuman Ringan | Industri Minuman Lainnya | Industri Sigaret Kretek Tangan | Industri Kain Batik | Industri Kain Rajutan | Industri Kain Crocheted | Industri Bulu Tiruan Rajutan | Industri Barang Tekstil Untuk Keperluan Rumah Tangga | Industri Barang Tekstil Dengan Bahan Pengisi | Industri Barang Tekstil Bukan Pakaian Jadi Lainnya | Industri Karpet Dan Permadani | Industri Barang Dari Tali | Industri Kapuk | Industri Pakaian Jadi (Konfeksi) Dari Tekstil | Industri Pakaian Jadi (Konfeksi) Dari Kulit Dan Tiruan Kulit | Industri Penjahitan Dan Pembuatan (Bukan Konfeksi) Pakaian Sesuai Pesanan/Kustomisasi | Industri Perlengkapan Pakaian Dari Tekstil | Industri Perlengkapan Pakaian Dari Kulit Dan Tiruan Kulit | Industri Pakaian Jadi Dan Perlengkapannya Dari Rajutan Dan Crocheted | Industri Hosiery Rajutan Dan Crocheted | Industri Wadah Dari Kayu | Industri Barang Anyaman Dari Rotan Dan Bambu | Industri Barang Anyaman Dari Tanaman Selain Rotan Dan Bambu | Industri Kerajinan Ukiran Dari Kayu Bukan Furnitur | Industri Alat Dapur Dan Alat Makan Dari Kayu, Rotan, Dan Bambu | Industri Kayu Bakar Dan Pelet Dari Kayu Dan Biomassa Lainnya | Industri Barang Lainnya Dari Kayu; Industri Barang Dari Gabus, Jerami, Rotan, Bambu, Dan Sejenisnya Ytdl | Industri Barang Dari Kertas Dan Papan Kertas Lainnya Ytdl | Pencetakan Umum | Pencetakan Tiga Dimensi (3d) | Kegiatan Jasa Penunjang Pencetakan | Reproduksi Media Rekaman Suara Dan Perangkat Lunak | Reproduksi Media Rekaman Film Dan Video | Industri Minyak Asiri Hulu | Industri Minyak Asiri Rantai Tengah | Industri Bahan Baku Obat Bahan Alam Untuk Manusia | Industri Produk Obat Bahan Alam Untuk Manusia | Industri Produk Obat Bahan Alam Untuk Hewan | Industri Bahan Baku Obat Bahan Alam Untuk Hewan | Industri Alat Ukur Waktu | Industri Peralatan Listrik Rumah Tangga | Perdagangan Besar Alat Tulis Dan Gambar | Perdagangan Besar Perhiasan Dan Jam | Perdagangan Besar Mobil Bekas | Perdagangan Besar Sepeda Motor Bekas | Perdagangan Besar Berbagai Macam Material Bangunan | Perdagangan Eceran Buah-Buahan | Perdagangan Eceran Sayuran | Perdagangan Eceran Hasil Peternakan | Perdagangan Eceran Hasil Perikanan | Perdagangan Eceran Hasil Kehutanan Dan Perburuan | Perdagangan Eceran Hasil Pertanian Lainnya | Perdagangan Eceran Minuman Tidak Beralkohol | Perdagangan Eceran Beras | Perdagangan Eceran Roti, Kue Kering, Serta Kue Basah Dan Sejenisnya | Perdagangan Eceran Kopi, Gula Pasir, Gula Merah, Dan Sejenisnya | Perdagangan Eceran Makanan Lainnya | Perdagangan Eceran Minyak Pelumas | Perdagangan Eceran Alat Tulis Menulis Dan Gambar | Perdagangan Eceran Hasil Pencetakan Dan Penerbitan | Perdagangan Eceran Kertas, Kertas Karton, Dan Barang Dari Kertas/Karton | Perdagangan Eceran Alat Permainan Dan Mainan | Perdagangan Eceran Pakaian | Perdagangan Eceran Sepatu, Sandal, Dan Alas Kaki Lainnya | Aktivitas Hotel Bintang Lima | Aktivitas Hotel Bintang Empat | Aktivitas Hotel Bintang Tiga | Aktivitas Hotel Bintang Dua | Aktivitas Hotel Bintang Satu | Aktivitas Hotel Nonbintang | Aktivitas Rumah Tinggal Sewa (Homestay) | Aktivitas Hostel Remaja (Youth Hostel) | Aktivitas Vila | Aktivitas Apartemen Hotel | Aktivitas Penyediaan Akomodasi Jangka Pendek Lainnya | Aktivitas Penyediaan Bumi Perkemahan, Persinggahan Karavan, Dan Taman Karavan | Aktivitas Jasa Intermediasi Akomodasi | Aktivitas Jasa Manajemen Akomodasi | Penyediaan Akomodasi Lainnya Ytdl | Aktivitas Penyediaan Makanan Di Bangunan Tetap | Aktivitas Penyediaan Makanan Di Bangunan Tidak Tetap | Aktivitas Jasa Boga Untuk Acara Tertentu (Event Catering) | Aktivitas Rumah Minum/Kafe | Aktivitas Kedai Minuman | Aktivitas Rumah/Kedai Obat Bahan Alam | Aktivitas Penyediaan Minuman Keliling/Tempat Tidak Tetap | Aktivitas Jasa Intermediasi Penyediaan Makanan Dan Minuman | Penerbitan Buku | Penerbitan Surat Kabar | Aktivitas Periklanan | Aktivitas Desain Peralatan Rumah Tangga Dan Furnitur | Aktivitas Desain Tekstil, Mode/Fesyen, Dan Garmen | Aktivitas Desain Alat Komunikasi Dan Elektronika | Aktivitas Desain Peralatan Olahraga Dan Permainan | Aktivitas Desain Produk Kesehatan, Kosmetik, Dan Perlengkapan Laboratorium | Aktivitas Desain Pengemasan | Aktivitas Desain Industri Lainnya | Aktivitas Desain Interior | Aktivitas Desain Grafis/Komunikasi Visual | Aktivitas Desain Khusus Film, Video, Program Televisi, Animasi Dan Komik | Aktivitas Desain Konten Gim | Aktivitas Desain Khusus Lainya Ytdl | Aktivitas Fotografi Udara | Aktivitas Fotografi Lainnya | Aktivitas Penerjemah Atau Interpreter | Aktivitas Broker Dan Layanan Pemasaran Paten | Jasa Meteorologi Dan Prakiraan Cuaca | Semua Aktivitas Profesional, Ilmiah Dan Teknis Ytdl Lainnya | Aktivitas Personel Kesehatan Hewan Mandiri | Aktivitas Pengelolaan Sarana Kesehatan Hewan | Aktivitas Pengelolaan Kesehatan Hewan Lainnya | Penyewaan Dan Sewa Guna Usaha Kendaraan Bermotor | Penyewaan Dan Sewa Guna Usaha Alat Rekreasi Dan Olahraga | Penyewaan Peralatan Dan Perlengkapan Acara | Penyewaan Alat Musik | Penyewaan Barang Hasil Pencetakan Dan Penerbitan | Penyewaan Bunga Dan Tanaman Hias | Penyewaan Barang Pribadi Dan Barang Rumah Tangga Lainnya Ytdl | Penyewaan Dan Sewa Guna Usaha Alat Transportasi Darat Bukan Kendaraan Bermotor | Penyewaan Dan Sewa Guna Usaha Alat Transportasi Air | Penyewaan Dan Sewa Guna Usaha Alat Transportasi Udara | Penyewaan Dan Sewa Guna Usaha Mesin Dan Peralatan Industri | Penyewaan Dan Sewa Guna Usaha Mesin Dan Alat Pertanian | Penyewaan Dan Sewa Guna Usaha Mesin Dan Peralatan Konstruksi Dan Teknik Sipil | Penyewaan Dan Sewa Guna Usaha Mesin Dan Peralatan Kantor | Penyewaan Dan Sewa Guna Usaha Mesin, Peralatan, Dan Barang Berwujud Lainnya Ytdl | Aktivitas Jasa Intermediasi Untuk Penyewaan Dan Sewa Guna Usaha Mobil | Aktivitas Penempatan Tenaga Kerja Untuk Usaha Di Dalam Negeri | Aktivitas Penempatan Tenaga Kerja Luar Negeri | Aktivitas Penempatan Tenaga Kerja Untuk Rumah Tangga Sebagai Pemberi Kerja Di Dalam Negeri | Aktivitas Biro Perjalanan Wisata | Aktivitas Biro Perjalanan Ibadah Umrah Dan Haji Khusus | Aktivitas Biro Perjalanan Lainnya | Jasa Informasi Pariwisata | Jasa Informasi Daya Tarik Wisata | Jasa Pramuwisata | Aktivitas Terkait Perjalanan Lainnya Ytdl | Aktivitas Investigasi Dan Keamanan Swasta | Aktivitas Keamanan Ytdl | Aktivitas Penyediaan Gabungan Jasa Penunjang Fasilitas | Aktivitas Kebersihan Umum Bangunan | Aktivitas Kebersihan Lainnya | Aktivitas Jasa Lanskap | Aktivitas Administrasi Kantor Dan Penunjang Kantor | Aktivitas Pusat Panggilan (Call Center) | Penyelenggaraan Konvensi Dan Pameran Bisnis | Jasa Intermediasi Untuk Aktivitas Penunjang Usaha Ytdl 
 Selain Intermediasi Finansial | Aktivitas Agen Penagihan | Aktivitas Biro Kredit | Aktivitas Pengepakan Bahan Dan Produk Hasil Pertanian, Perkebunan, Kehutanan, Dan Perikanan | Aktivitas Pengepakan Bahan Dan Produk Makanan Dan Minuman Olahan | Aktivitas Pengepakan Tekstil Dan Produk Tekstil | Aktivitas Pengepakan Bahan Dan Produk Kimia | Aktivitas Pengepakan Bahan Dan Produk Farmasi | Aktivitas Pengepakan Lainnya | Aktivitas Jasa Penunjang Usaha Lainnya Ytdl | Lembaga Legislatif | Penyelenggaraan Pemerintahan Negara Dan Kesekretariatan Negara | Lembaga Eksekutif Perencanaan | Lembaga Pemerintah Nonkementerian Dengan Tugas Khusus | Kegiatan Administrasi Pemerintahan Lainnya | Administrasi Pelayanan Pemerintah Bidang Pendidikan | Administrasi Pelayanan Pemerintah Bidang Kesehatan | Administrasi Pelayanan Pemerintah Bidang Perumahan | Administrasi Pelayanan Pemerintah Bidang Kesejahteraan 
 Sosial | Administrasi Pelayanan Pemerintah Bidang Keagamaan | Administrasi Pelayanan Pemerintah Bidang 
 Kebudayaan/Kesenian/Rekreasi/Olahraga | Administrasi Pelayanan Pemerintah Bidang Sosial Lainnya 
 Bukan Kesehatan, Pendidikan, Keagamaan, Dan Kebudayaan | Administrasi Pelayanan Pemerintah Bidang Lingkungan Hidup | Kegiatan Lembaga Pemerintahan Bidang Pertanian | Kegiatan Lembaga Pemerintahan Bidang Pertambangan Dan Penggalian, Listrik, Air, Dan Gas | Kegiatan Lembaga Pemerintahan Bidang Perindustrian | Kegiatan Lembaga Pemerintahan Bidang Komunikasi Dan Informatika | Kegiatan Lembaga Pemerintahan Bidang Konstruksi | Kegiatan Lembaga Pemerintahan Bidang Perdagangan Dan Pariwisata | Kegiatan Lembaga Pemerintahan Bidang Perhubungan | Kegiatan Lembaga Pemerintahan Bidang Ketenagakerjaan | Kegiatan Lembaga Pemerintahan Untuk Menciptakan Efisiensi Produksi Dan Bisnis Lainnya | Hubungan Luar Negeri | Lembaga Pertahanan Dan Angkatan Bersenjata | Angkatan Darat | Angkatan Udara | Angkatan Laut | Kepolisian | Pertahanan Sipil | Aktivitas Lembaga Peradilan | Kegiatan Lembaga Pemerintahan Bidang Penanggulangan Bencana Dan Pemadam Kebakaran | Aktivitas Jaminan Sosial Wajib | Pendidikan Taman Kanak-Kanak Umum Pemerintah | Pendidikan Taman Kanak-Kanak Umum Swasta | Pendidikan Prasekolah Keagamaan Islam | Pendidikan Prasekolah Keagamaan Protestan, Katolik, Hindu, Buddha, Atau Konghucu | Pendidikan Dasar Umum Pemerintah | Pendidikan Dasar Umum Swasta | Pendidikan Dasar Keagamaan Islam | Pendidikan Dasar Keagamaan Protestan, Katolik, Hindu, Buddha, Atau Konghucu | Pendidikan Menengah Pertama Umum Pemerintah | Pendidikan Menengah Pertama Umum Swasta | Pendidikan Menengah Pertama Keagamaan Islam | Pendidikan Menengah Pertama Keagamaan Protestan, Katolik, Hindu, Buddha, Atau Konghucu | Pendidikan Menengah Atas Umum Pemerintah | Pendidikan Menengah Atas Umum Swasta | Pendidikan Menengah Atas Keagamaan Islam | Pelatihan Kerja Pertanian Dan Perikanan Swasta | Pelatihan Kerja Swasta Lainnya | Pelatihan Kerja Teknik Perusahaan | Pelatihan Kerja Teknologi Informasi Dan Komunikasi Perusahaan | Pelatihan Kerja Industri Kreatif Perusahaan | Pelatihan Kerja Pariwisata Dan Perhotelan Perusahaan | Pelatihan Kerja Bisnis Dan Manajemen Perusahaan | Pelatihan Kerja Pekerjaan Domestik Perusahaan | Pelatihan Kerja Pertanian Dan Perikanan Perusahaan | Pelatihan Kerja Perusahaan Lainnya | Pendidikan Manajemen Dan Perbankan | Pendidikan Komputer (Teknologi Informasi Dan Komunikasi) Swasta | Pendidikan Bahasa Swasta | Pendidikan Kesehatan Swasta | Pendidikan Bimbingan Belajar Dan Konseling Swasta | Pendidikan Teknik Swasta | Pendidikan Kerajinan Dan Industri | Pendidikan Lainnya Swasta";"Pembenihan Tanaman Pakan Ternak Dan Pembenihan Bit (Bukan Bit Gula) | Pertanian Tanaman Bunga | Pertanian Pembenihan Tanaman Bunga | Pertanian Tanaman Semusim Lainnya Ytdl | Pertanian Buah Anggur | Pertanian Buah-Buahan Tropis Dan Subtropis | Pertanian Buah Jeruk | Pertanian Buah Apel Dan Buah Batu (Pome And Stone Fruits) | Pertanian Buah Beri | Pertanian Sayuran Tahunan | Pertanian Buah Semak Lainnya | Pertanian Kelapa | Pertanian Kelapa Sawit | Pertanian Buah Oleagin Lainnya | Pertanian Kopi | Pertanian Tanaman Teh | Pertanian Kakao | Pertanian Tanaman Untuk Bahan Minuman Lainnya | Pertanian Lada | Pertanian Cengkih | Pertanian Pala | Pertanian Tanaman Aromatik/Penyegar | Pertanian Tanaman Obat Rimpang | Pertanian Tanaman Obat Nonrimpang | Pertanian Tanaman Rempah-Rempah Dan Aromatik/Penyegar Lainnya | Pertanian Tanaman Tahunan Lainnya Ytdl | Pertanian Tanaman Hias | Pembiakan Tanaman Lainnya | Pembibitan Ayam Lokal Dan Persilangannya | Budi Daya Ayam Lokal Dan Persilangannya | Budi Daya Dan Pembibitan Itik Dan Bebek | Budi Daya Dan Pembibitan Burung Puyuh | Budi Daya Dan Pembibitan Burung Merpati | Pembibitan Ayam Ras | Budi Daya Dan Pembibitan Unggas Lainnya | Budi Daya Dan Pembibitan Kelinci | Budi Daya Dan Pembibitan Cacing | Budi Daya Dan Pembibitan Burung Walet | Budi Daya Dan Pembibitan Hewan Lainnya | Industri Susu Segar Dan Krim | Industri Susu Bubuk Dan Susu Kental | Industri Es Krim | Industri Es Yang Dapat Dimakan Dan Es Pencuci Mulut | Industri Produk Susu Lainnya | Industri Produk Gilingan Gandum (Selain Tepung Terigu) Dan Serelia Selain Beras Dan Jagung | Industri Produk Gilingan Aneka Kacang | Industri Produk Gilingan Aneka Umbi, Tanaman Rimpang, Dan Sayuran | Industri Tepung Campuran Dan Adonan Tepung | Industri Makanan Sereal | Industri Tepung Terigu | Industri Berbagai Macam Pati Palem | Industri Glukosa Dan Sejenisnya | Industri Pati Dan Produk Pati Lainnya | Industri Penggilingan Padi Dan Penyosohan Beras | Industri Pemipilan Jagung | Industri Tepung Beras Dan Tepung Jagung | Industri Pati Beras Dan Jagung | Industri Pemanis Dari Beras Dan Jagung | Industri Minyak Dari Beras Dan Jagung | Industri Produk Bakeri | Industri Gula Pasir | Industri Gula Merah | Industri Sirop | Industri Gula Lainnya | Industri Pengolahan Kakao; Industri Cokelat Dan Kembang Gula | Industri Pengolahan Kakao | Industri Cokelat Dan Kembang Gula Dari Cokelat | Industri Manisan Buah-Buahan Dan Sayuran Kering | Industri Kembang Gula Lainnya | Industri Makaroni, Mi, Couscous, Dan Produk Sejenisnya | Industri Makanan Dan Masakan Olahan | Pengolahan Kopi | Pengolahan Te | Industri Kecap | Industri Bumbu Masakan Lainnya | Industri Kue Basah | Industri Produk Makanan Dari Kelapa | Industri Kerupuk, Keripik, Peyek, Dan Sejenisnya | Industri Dodol | Industri Infusi Herbal/Herb Infusion | Industri Air Kemasan | Industri Air Minum Isi Ulang | Industri Minuman Ringan | Industri Minuman Lainnya | Industri Sigaret Kretek Tangan | Industri Kain Batik | Industri Kain Rajutan | Industri Kain Crocheted | Industri Bulu Tiruan Rajutan | Industri Barang Tekstil Untuk Keperluan Rumah Tangga | Konstruksi Konvensional Gedung Penginapan | Konstruksi Konvensional Gedung Hiburan Dan Olahraga | Konstruksi Konvensional Gedung Lainnya | Perdagangan Besar Alat Tulis Dan Gambar | Perdagangan Besar Alat Permainan Dan Mainan | Perdagangan Besar Mobil Bekas | Perdagangan Besar Sepeda Motor Bekas | Perdagangan Besar Bahan Konstruksi, Perkakas, Perlengkapan Perpipaan, Dan Peralatan Pemanas Lainnya | Perdagangan Eceran Buah-Buahan | Perdagangan Eceran Sayuran | Perdagangan Eceran Hasil Peternakan | Perdagangan Eceran Hasil Perikanan | Perdagangan Eceran Hasil Kehutanan Dan Perburuan | Perdagangan Eceran Hasil Pertanian Lainnya | Perdagangan Eceran Minuman Tidak Beralkohol | Perdagangan Eceran Beras | Perdagangan Eceran Roti, Kue Kering, Serta Kue Basah Dan Sejenisnya | Perdagangan Eceran Kopi, Gula Pasir, Gula Merah, Dan Sejenisnya | Perdagangan Eceran Makanan Lainnya | Perdagangan Eceran Minyak Pelumas | Perdagangan Eceran Alat Tulis Menulis Dan Gambar | Perdagangan Eceran Hasil Pencetakan Dan Penerbitan | Perdagangan Eceran Kertas, Kertas Karton, Dan Barang Dari Kertas/Karton | Perdagangan Eceran Alat Permainan Dan Mainan | Perdagangan Eceran Pakaian | Perdagangan Eceran Sepatu, Sandal, Dan Alas Kaki Lainnya | Aktivitas Kehumasan";Perdagangan Besar Alat Tulis Dan Gambar | Perdagangan Besar Alat Permainan Dan Mainan | Perdagangan Besar Mineral Bukan Logam | Perdagangan Eceran Buah-Buahan | Perdagangan Eceran Sayuran | Perdagangan Eceran Hasil Peternakan | Perdagangan Eceran Hasil Perikanan | Perdagangan Eceran Hasil Kehutanan Dan Perburuan | Perdagangan Eceran Hasil Pertanian Lainnya | Perdagangan Eceran Minuman Tidak Beralkohol | Perdagangan Eceran Beras | Perdagangan Eceran Roti, Kue Kering, Serta Kue Basah Dan Sejenisnya | Perdagangan Eceran Kopi, Gula Pasir, Gula Merah, Dan Sejenisnya | Perdagangan Eceran Makanan Lainnya | Perdagangan Eceran Minyak Pelumas | Perdagangan Eceran Alat Tulis Menulis Dan Gambar | Perdagangan Eceran Hasil Pencetakan Dan Penerbitan | Perdagangan Eceran Kertas, Kertas Karton, Dan Barang Dari Kertas/Karton | Perdagangan Eceran Alat Permainan Dan Mainan | Perdagangan Eceran Pakaian | Perdagangan Eceran Sepatu, Sandal, Dan Alas Kaki Lainnya;Industri Alat Ukur Waktu | Industri Peralatan Listrik Rumah Tangga;Perdagangan Besar Alat Tulis Dan Gambar | Perdagangan Besar Alat Permainan Dan Mainan | Perdagangan Besar Mobil Bekas | Perdagangan Besar Sepeda Motor Bekas | Perdagangan Eceran Buah-Buahan | Perdagangan Eceran Sayuran | Perdagangan Eceran Hasil Peternakan | Perdagangan Eceran Hasil Perikanan | Perdagangan Eceran Hasil Kehutanan Dan Perburuan | Perdagangan Eceran Hasil Pertanian Lainnya | Perdagangan Eceran Minuman Tidak Beralkohol | Perdagangan Eceran Beras | Perdagangan Eceran Roti, Kue Kering, Serta Kue Basah Dan Sejenisnya | Perdagangan Eceran Kopi, Gula Pasir, Gula Merah, Dan Sejenisnya | Perdagangan Eceran Makanan Lainnya | Perdagangan Eceran Minyak Pelumas | Perdagangan Eceran Alat Permainan Dan Mainan;"Budi Daya Dan Pembibitan Sapi Potong | Budi Daya Dan Pembibitan Sapi Perah | Budi Daya Dan Pembibitan Kerbau Potong | Budi Daya Dan Pembibitan Kerbau Perah | Peternakan Kuda Dan Sejenisnya | Peternakan Unta Dan Sejenisnya | Budi Daya Dan Pembibitan Domba Potong | Budi Daya Dan Pembibitan Kambing Potong | Budi Daya Dan Pembibitan Kambing Perah | Budi Daya Dan Pembibitan Domba Perah | Produksi Bulu Domba Mentah/Raw Wool | Peternakan Babi | Budi Daya Ayam Ras Pedaging | Budi Daya Ayam Ras Petelur | Industri Susu Segar Dan Krim | Industri Susu Bubuk Dan Susu Kental | Industri Es Krim | Industri Es Yang Dapat Dimakan Dan Es Pencuci Mulut | Industri Produk Susu Lainnya | Industri Produk Gilingan Gandum (Selain Tepung Terigu) Dan Serelia Selain Beras Dan Jagung | Industri Makanan Sereal | Industri Tepung Terigu | Industri Berbagai Macam Pati Palem | Industri Glukosa Dan Sejenisnya | Industri Pati Dan Produk Pati Lainnya | Industri Penggilingan Padi Dan Penyosohan Beras | Industri Pemipilan Jagung | Industri Tepung Beras Dan Tepung Jagung | Industri Pati Beras Dan Jagung | Industri Pemanis Dari Beras Dan Jagung | Industri Minyak Dari Beras Dan Jagung | Industri Produk Bakeri | Industri Gula Pasir | Industri Gula Merah | Industri Sirop | Industri Gula Lainnya | Industri Pengolahan Kakao; Industri Cokelat Dan Kembang Gula | Industri Pengolahan Kakao | Industri Cokelat Dan Kembang Gula Dari Cokelat | Industri Manisan Buah-Buahan Dan Sayuran Kering | Industri Kembang Gula Lainnya | Industri Makaroni, Mi, Couscous, Dan Produk Sejenisnya | Industri Makanan Dan Masakan Olahan | Pengolahan Kopi | Pengolahan Te | Industri Kecap | Industri Bumbu Masakan Lainnya | Industri Kue Basah | Industri Produk Makanan Dari Kelapa | Industri Kerupuk, Keripik, Peyek, Dan Sejenisnya | Industri Dodol | Industri Infusi Herbal/Herb Infusion | Industri Air Kemasan | Industri Air Minum Isi Ulang | Industri Minuman Ringan | Industri Minuman Lainnya | Industri Sigaret Kretek Tangan | Industri Kain Batik | Industri Kain Rajutan | Industri Kain Crocheted | Industri Bulu Tiruan Rajutan | Industri Barang Tekstil Untuk Keperluan Rumah Tangga | Industri Barang Tekstil Dengan Bahan Pengisi | Industri Barang Tekstil Bukan Pakaian Jadi Lainnya | Industri Karpet Dan Permadani | Industri Barang Dari Tali | Industri Kapuk | Industri Pakaian Jadi (Konfeksi) Dari Tekstil | Industri Pakaian Jadi (Konfeksi) Dari Kulit Dan Tiruan Kulit | Industri Penjahitan Dan Pembuatan (Bukan Konfeksi) Pakaian Sesuai Pesanan/Kustomisasi | Industri Perlengkapan Pakaian Dari Tekstil | Industri Perlengkapan Pakaian Dari Kulit Dan Tiruan Kulit | Industri Pakaian Jadi Dan Perlengkapannya Dari Rajutan Dan Crocheted | Industri Hosiery Rajutan Dan Crocheted | Penyamakan Kulit | Pewarnaan Kulit Berbulu | Industri Kulit Komposisi | Industri Koper, Tas Tangan, Dan Sejenisnya | Industri Pelana, Alat Pengekang/Harness, Dan Barang Lainnya Untuk Hewan | Industri Barang Lainnya Dari Kulit Dan Kulit Komposisi | Industri Alas Kaki Untuk Keperluan Sehari-Hari | Industri Sepatu Olahraga | Industri Sepatu Teknik Lapangan/Keperluan Industri | Industri Alas Kaki Lainnya | Pengawetan Kayu | Pengawetan Rotan, Bambu, Dan Sejenisnya | Pengolahan Rotan | Industri Wadah Dari Kayu | Industri Barang Anyaman Dari Rotan Dan Bambu | Industri Barang Anyaman Dari Tanaman Selain Rotan Dan Bambu | Industri Kerajinan Ukiran Dari Kayu Bukan Furnitur | Industri Alat Dapur Dan Alat Makan Dari Kayu, Rotan, Dan Bambu | Industri Kayu Bakar Dan Pelet Dari Kayu Dan Biomassa Lainnya | Industri Barang Lainnya Dari Kayu; Industri Barang Dari Gabus, Jerami, Rotan, Bambu, Dan Sejenisnya Ytdl | Industri Barang Dari Kertas Dan Papan Kertas Lainnya Ytdl | Pencetakan Umum | Pencetakan Tiga Dimensi (3d) | Kegiatan Jasa Penunjang Pencetakan | Reproduksi Media Rekaman Suara Dan Perangkat Lunak | Reproduksi Media Rekaman Film Dan Video | Industri Minyak Pelumas | Industri Briket | Industri Pupuk Organik, Pupuk Hayati, Dan Media Tanam | Industri Biostimulan | Industri Peralatan Listrik Rumah Tangga | Industri Perhiasan Imitasi Dan Barang Sejenis | Industri Alat Musik Tradisional | Industri Alat Musik Nontradisional | Industri Peralatan Dan Perlengkapan Olahraga | Industri Alat Permainan | Industri Kacamata | Industri Alat Tulis Dan Gambar Termasuk Perlengkapannya | Industri Pita Mesin Tulis Atau Gambar | Industri Kerajinan Ytdl | Reparasi Dan Pemeliharaan Peralatan Fotografi Dan Optik | Reparasi Dan Pemeliharaan Alat Angkutan Lainnya, Bukan Kendaraan Bermotor | Instalasi/Pemasangan Dan Perangkaian/Integrasi Mesin, Peralatan, Dan Sistem Industri | Pembangkitan Tenaga Listrik Dari Sumber Energi Terbarukan | Pengoperasian Fasilitas Atau Stasiun Pengisian Daya Untuk Kendaraan Dan Peralatan Listrik | Aktivitas Broker Dan Agen Penjualan Gas Alam | Pengumpulan Air Limbah | Pengumpulan Limbah Atau Sampah Tidak Berbahaya | Konstruksi Jalan Pada Permukaan Tanah | Konstruksi Bangunan Sipil Jembatan, Jalan Layang, Fly Over, Dan Underpass | Konstruksi Jalan Rel | Konstruksi Terowongan | Konstruksi Jaringan Irigasi Dan Drainase | Konstruksi Bangunan Sipil Pengolahan Air Bersih | Konstruksi Bangunan Sipil Elektrikal | Konstruksi Bangunan Sipil Telekomunikasi Untuk Prasarana Transportasi | Konstruksi Sentral Telekomunikasi | Konstruksi Pengeboran/Penggalian Air Tanah | Konstruksi Bangunan Prasarana Sumber Daya Air | Konstruksi Bangunan Sipil Fasilitas Olahraga | Pembongkaran | Penyiapan Lahan | Pemasangan Jaringan Listrik | Pemasangan Jaringan Telekomunikasi | Pemasangan Sistem Elektronika | Pemasangan Sistem Persinyalan Dan Telekomunikasi Kereta Api | Pemasangan Perlengkapan Jalan Berbasis Listrik | Pemasangan Saluran Air (Plumbing) | Pemasangan Jaringan Penyaluran Gas | Pemasangan Pendingin Dan Ventilasi Udara | Pemasangan Perlengkapan Mekanikal Bangunan | Pemasangan Kaca, Pintu, Kusen, Jendela, Dan Sejenisnya | Pengerjaan Lantai, Dinding, Dan Plafon | Pengecatan | Penyelesaian Konstruksi Bangunan Lainnya | Jasa Intermediasi Konstruksi Khusus | Pemasangan Dan Rekayasa Struktur Bangunan | Pemasangan Perancah (Steger) | Pemasangan Rangka Dan Atap/Roof Covering | Pemasangan Kerangka Baja | Penyewaan Alat Konstruksi Dengan Operator | Perdagangan Besar Bunga Dan Tanaman Hias | Perdagangan Besar Alat Kesehatan Dan Laboratorium Untuk 
 Manusia | Perdagangan Besar Alat Kesehatan Untuk Hewan | Perdagangan Besar Karet Dan Plastik Dalam Bentuk Dasar | Perdagangan Besar Kertas Dan Karton | Perdagangan Besar Barang Dari Kertas Dan Karton | Perdagangan Besar Barang Bekas Dan Skrap | Perdagangan Besar Produk Lainnya Ytdl | Perdagangan Besar Berbagai Macam Barang Di Grosir/Perkulakan Swalayan | Perdagangan Besar Berbagai Macam Barang Selain Di 
 Grosir/Perkulakan Swalayan | Perdagangan Eceran Obat Farmasi Untuk Hewan | Perdagangan Eceran Obat Tradisional Untuk Hewan | Perdagangan Eceran Kosmetik Untuk Hewan | Perdagangan Eceran Perlengkapan Rumah Tangga Bekas | Perdagangan Eceran Pakaian, Alas Kaki, Dan Perlengkapan Pakaian Bekas | Perdagangan Eceran Barang Perlengkapan Pribadi Bekas | Perdagangan Eceran Barang Listrik Dan Elektronik Bekas | Perdagangan Eceran Barang Bekas Lainnya | Perdagangan Eceran Hewan Kesayangan (Pet Animals) | Perdagangan Eceran Ikan Dan Biota Air Hidup Lainnya | Perdagangan Eceran Perlengkapan Dan Media Tanaman Hias | Angkutan Perkotaan | Angkutan Perdesaan | Angkutan Bermotor Untuk Barang Umum | Angkutan Bermotor Untuk Barang Khusus | Angkutan Tidak Bermotor Untuk Barang | Angkutan Kereta Api Lainnya | Angkutan Pariwisata | Angkutan Taksi | Angkutan Khusus | Angkutan Sewa | Angkutan Ojek Motor | Aktivitas Hotel Bintang Lima | Aktivitas Hotel Bintang Empat | Aktivitas Hotel Bintang Tiga | Aktivitas Hotel Bintang Dua | Aktivitas Hotel Bintang Satu | Aktivitas Hotel Nonbintang | Aktivitas Rumah Tinggal Sewa (Homestay) | Aktivitas Hostel Remaja (Youth Hostel) | Aktivitas Vila | Aktivitas Apartemen Hotel | Aktivitas Penyediaan Akomodasi Jangka Pendek Lainnya | Aktivitas Penyediaan Bumi Perkemahan, Persinggahan Karavan, Dan Taman Karavan | Aktivitas Jasa Intermediasi Akomodasi | Aktivitas Jasa Manajemen Akomodasi | Penyediaan Akomodasi Lainnya Ytdl | Aktivitas Rumah Minum/Kafe | Aktivitas Kedai Minuman | Aktivitas Rumah/Kedai Obat Bahan Alam | Aktivitas Penyediaan Minuman Keliling/Tempat Tidak Tetap | Aktivitas Jasa Intermediasi Penyediaan Makanan Dan Minuman | Penerbitan Buku | Penerbitan Surat Kabar | Aktivitas Periklanan | Aktivitas Desain Peralatan Rumah Tangga Dan Furnitur | Aktivitas Desain Tekstil, Mode/Fesyen, Dan Garmen | Aktivitas Desain Alat Komunikasi Dan Elektronika | Aktivitas Desain Peralatan Olahraga Dan Permainan | Aktivitas Desain Produk Kesehatan, Kosmetik, Dan Perlengkapan Laboratorium | Aktivitas Desain Pengemasan | Aktivitas Desain Industri Lainnya | Aktivitas Desain Interior | Aktivitas Desain Grafis/Komunikasi Visual | Aktivitas Desain Khusus Film, Video, Program Televisi, Animasi Dan Komik | Aktivitas Desain Konten Gim | Aktivitas Desain Khusus Lainya Ytdl | Aktivitas Fotografi Udara | Aktivitas Fotografi Lainnya | Aktivitas Penerjemah Atau Interpreter | Aktivitas Broker Dan Layanan Pemasaran Paten | Jasa Meteorologi Dan Prakiraan Cuaca | Semua Aktivitas Profesional, Ilmiah Dan Teknis Ytdl Lainnya | Aktivitas Personel Kesehatan Hewan Mandiri | Aktivitas Pengelolaan Sarana Kesehatan Hewan | Aktivitas Pengelolaan Kesehatan Hewan Lainnya | Penyewaan Dan Sewa Guna Usaha Kendaraan Bermotor | Penyewaan Dan Sewa Guna Usaha Alat Rekreasi Dan Olahraga | Penyewaan Peralatan Dan Perlengkapan Acara | Penyewaan Alat Musik | Penyewaan Barang Hasil Pencetakan Dan Penerbitan | Penyewaan Bunga Dan Tanaman Hias | Penyewaan Barang Pribadi Dan Barang Rumah Tangga Lainnya Ytdl | Penyewaan Dan Sewa Guna Usaha Alat Transportasi Darat Bukan Kendaraan Bermotor | Penyewaan Dan Sewa Guna Usaha Alat Transportasi Air | Penyewaan Dan Sewa Guna Usaha Alat Transportasi Udara | Penyewaan Dan Sewa Guna Usaha Mesin Dan Peralatan Industri | Penyewaan Dan Sewa Guna Usaha Mesin Dan Alat Pertanian | Penyewaan Dan Sewa Guna Usaha Mesin Dan Peralatan Komunikasi Dan Multimedia | Penyewaan Dan Sewa Guna Usaha Mesin, Peralatan, Dan Barang Berwujud Lainnya Ytdl | Aktivitas Jasa Intermediasi Untuk Penyewaan Dan Sewa Guna Usaha Mobil | Aktivitas Jasa Intermediasi Untuk Penyewaan Dan Sewa Guna Usaha Barang Berwujud Dan Aset Tak Berwujud Nonfinansial Lainnya | Aktivitas Penempatan Tenaga Kerja Untuk Usaha Di Dalam Negeri | Aktivitas Penempatan Awak Kapal | Aktivitas Penyediaan Informasi Lowongan Kerja | Aktivitas Penempatan Tenaga Kerja Lainnya | Aktivitas Penyediaan Tenaga Kerja Sementara Dan Penyediaan Sumber Daya Manusia Lainnya | Aktivitas Biro Perjalanan Wisata | Aktivitas Biro Perjalanan Ibadah Umrah Dan Haji Khusus | Aktivitas Biro Perjalanan Lainnya | Jasa Informasi Pariwisata | Jasa Informasi Daya Tarik Wisata | Jasa Pramuwisata | Aktivitas Terkait Perjalanan Lainnya Ytdl | Aktivitas Investigasi Dan Keamanan Swasta | Aktivitas Keamanan Ytdl | Aktivitas Penyediaan Gabungan Jasa Penunjang Fasilitas | Aktivitas Kebersihan Umum Bangunan | Aktivitas Kebersihan Lainnya | Aktivitas Jasa Lanskap | Aktivitas Administrasi Kantor Dan Penunjang Kantor | Aktivitas Pusat Panggilan (Call Center) | Penyelenggaraan Konvensi Dan Pameran Bisnis | Jasa Intermediasi Untuk Aktivitas Penunjang Usaha Ytdl 
 Selain Intermediasi Finansial | Aktivitas Agen Penagihan | Aktivitas Biro Kredit | Aktivitas Pengepakan Bahan Dan Produk Hasil Pertanian, Perkebunan, Kehutanan, Dan Perikanan | Aktivitas Pengepakan Bahan Dan Produk Makanan Dan Minuman Olahan | Aktivitas Pengepakan Tekstil Dan Produk Tekstil | Aktivitas Pengepakan Bahan Dan Produk Kimia | Aktivitas Pengepakan Bahan Dan Produk Farmasi | Aktivitas Pengepakan Lainnya | Aktivitas Jasa Penunjang Usaha Lainnya Ytdl | Lembaga Legislatif | Penyelenggaraan Pemerintahan Negara Dan Kesekretariatan Negara | Lembaga Eksekutif Perencanaan | Lembaga Pemerintah Nonkementerian Dengan Tugas Khusus | Kegiatan Administrasi Pemerintahan Lainnya | Administrasi Pelayanan Pemerintah Bidang Pendidikan | Administrasi Pelayanan Pemerintah Bidang Kesehatan | Administrasi Pelayanan Pemerintah Bidang Perumahan | Administrasi Pelayanan Pemerintah Bidang Kesejahteraan 
 Sosial | Administrasi Pelayanan Pemerintah Bidang Keagamaan | Administrasi Pelayanan Pemerintah Bidang 
 Kebudayaan/Kesenian/Rekreasi/Olahraga | Administrasi Pelayanan Pemerintah Bidang Sosial Lainnya 
 Bukan Kesehatan, Pendidikan, Keagamaan, Dan Kebudayaan | Administrasi Pelayanan Pemerintah Bidang Lingkungan Hidup | Kegiatan Lembaga Pemerintahan Bidang Pertanian | Kegiatan Lembaga Pemerintahan Bidang Pertambangan Dan Penggalian, Listrik, Air, Dan Gas | Kegiatan Lembaga Pemerintahan Bidang Perindustrian | Kegiatan Lembaga Pemerintahan Bidang Komunikasi Dan Informatika | Kegiatan Lembaga Pemerintahan Bidang Konstruksi | Kegiatan Lembaga Pemerintahan Bidang Perdagangan Dan Pariwisata | Kegiatan Lembaga Pemerintahan Bidang Perhubungan | Kegiatan Lembaga Pemerintahan Bidang Ketenagakerjaan | Kegiatan Lembaga Pemerintahan Untuk Menciptakan Efisiensi Produksi Dan Bisnis Lainnya | Hubungan Luar Negeri | Lembaga Pertahanan Dan Angkatan Bersenjata | Angkatan Darat | Angkatan Udara | Angkatan Laut | Kepolisian | Pertahanan Sipil | Aktivitas Lembaga Peradilan | Kegiatan Lembaga Pemerintahan Bidang Penanggulangan Bencana Dan Pemadam Kebakaran | Aktivitas Jaminan Sosial Wajib | Pendidikan Taman Kanak-Kanak Umum Pemerintah | Pendidikan Taman Kanak-Kanak Umum Swasta | Pendidikan Prasekolah Keagamaan Islam | Pendidikan Prasekolah Keagamaan Protestan, Katolik, Hindu, Buddha, Atau Konghucu | Pendidikan Dasar Umum Pemerintah | Pendidikan Dasar Umum Swasta | Pendidikan Dasar Keagamaan Islam | Pendidikan Dasar Keagamaan Protestan, Katolik, Hindu, Buddha, Atau Konghucu | Pendidikan Menengah Pertama Umum Pemerintah | Pendidikan Menengah Pertama Umum Swasta | Pendidikan Menengah Pertama Keagamaan Islam | Pendidikan Menengah Pertama Keagamaan Protestan, Katolik, Hindu, Buddha, Atau Konghucu | Pendidikan Menengah Atas Umum Pemerintah | Pendidikan Menengah Atas Umum Swasta | Pendidikan Menengah Atas Keagamaan Islam | Pelatihan Kerja Pertanian Dan Perikanan Swasta | Pelatihan Kerja Swasta Lainnya | Pelatihan Kerja Teknik Perusahaan | Pelatihan Kerja Teknologi Informasi Dan Komunikasi Perusahaan | Pelatihan Kerja Industri Kreatif Perusahaan | Pelatihan Kerja Pariwisata Dan Perhotelan Perusahaan | Pelatihan Kerja Bisnis Dan Manajemen Perusahaan | Pelatihan Kerja Pekerjaan Domestik Perusahaan | Pelatihan Kerja Pertanian Dan Perikanan Perusahaan | Pelatihan Kerja Perusahaan Lainnya | Pendidikan Manajemen Dan Perbankan | Pendidikan Komputer (Teknologi Informasi Dan Komunikasi) Swasta | Pendidikan Bahasa Swasta | Pendidikan Kesehatan Swasta | Pendidikan Bimbingan Belajar Dan Konseling Swasta | Pendidikan Teknik Swasta | Pendidikan Kerajinan Dan Industri | Pendidikan Lainnya Swasta";Budi Daya Dan Pembibitan Sapi Potong | Budi Daya Dan Pembibitan Sapi Perah | Budi Daya Dan Pembibitan Kerbau Potong | Budi Daya Dan Pembibitan Kerbau Perah | Peternakan Kuda Dan Sejenisnya | Peternakan Unta Dan Sejenisnya | Budi Daya Dan Pembibitan Domba Potong | Budi Daya Dan Pembibitan Kambing Potong | Budi Daya Dan Pembibitan Kambing Perah | Budi Daya Dan Pembibitan Domba Perah | Produksi Bulu Domba Mentah/Raw Wool | Peternakan Babi | Budi Daya Ayam Ras Pedaging | Budi Daya Ayam Ras Petelur | Pengasinan Buah-Buahan Dan Sayuran | Pelumatan Buah-Buahan Dan Sayuran | Pengeringan Buah-Buahan Dan Sayuran | Pembekuan Buah-Buahan Dan Sayuran | Pengalengan Buah-Buahan Dan Sayuran | Pengolahan Sari Buah-Buahan Dan Sayuran | Pembuatan Tempe Kedelai | Pembuatan Tahu Kedelai | Pengolahan Dan Pengawetan Lainnya Untuk Buah-Buahan Dan Sayuran | Industri Susu Bubuk Dan Susu Kental | Industri Es Krim | Industri Es Yang Dapat Dimakan Dan Es Pencuci Mulut | Industri Produk Susu Lainnya | Industri Produk Gilingan Aneka Kacang | Industri Penggilingan Padi Dan Penyosohan Beras | Industri Pemipilan Jagung | Industri Sirop | Industri Manisan Buah-Buahan Dan Sayuran Kering | Industri Makaroni, Mi, Couscous, Dan Produk Sejenisnya | Industri Makanan Dan Masakan Olahan | Pengolahan Kopi | Pengolahan Te | Industri Kecap | Industri Bumbu Masakan Lainnya | Industri Kue Basah | Industri Produk Makanan Dari Kelapa | Industri Kerupuk, Keripik, Peyek, Dan Sejenisnya | Industri Dodol | Industri Infusi Herbal/Herb Infusion | Industri Air Minum Isi Ulang | Industri Minuman Lainnya | Industri Kain Rajutan | Industri Kain Crocheted | Industri Bulu Tiruan Rajutan | Industri Barang Tekstil Untuk Keperluan Rumah Tangga | Penggergajian Dan Penghalusan Kayu | Industri Partikel Kayu Dan Sejenisnya | Industri Kayu Lapis | Industri Venir | Industri Kayu Laminasi | Industri Panel Kayu Lainnya | Industri Barang Bangunan Dari Kayu | Industri Kimia Dasar Organik Dari Sumber Daya Alam Hayati | Industri Pupuk Hara Mikro | Industri Mainan Termasuk Drone Rekreasi | Industri Peralatan Kedokteran Dan Kedokteran Gigi Serta Perlengkapannya | Industri Furnitur Untuk Operasi, Perawatan Kedokteran, Dan Kedokteran Gigi | Industri Peralatan Kedokteran Dan Kedokteran Gigi, Serta Perlengkapan Ortopedi Dan Prostetik | Industri Peralatan Kedokteran Dan Kedokteran Gigi, Serta Perlengkapan Lainnya | Reparasi Dan Pemeliharaan Produk Logam Struktural, Tangki, Tandon Air, Dan Generator Uap | Reparasi Dan Pemeliharaan Produk Logam Pabrikasi Lainnya | Reparasi Dan Pemeliharaan Mesin Untuk Keperluan Umum | Reparasi Dan Pemeliharaan Mesin Untuk Keperluan Khusus | Reparasi Dan Pemeliharaan Alat Ukur, Alat Uji, Serta Peralatan Navigasi Dan Pengontrol | Reparasi Dan Pemeliharaan Peralatan Iradiasi, Elektromedik, Dan Elektroterapi | Reparasi Dan Pemeliharaan Motor Listrik, Generator, Dan Transformator | Reparasi Dan Pemeliharaan Baterai Dan Akumulator Listrik | Pengolahan Dan Penyediaan Air Minum | Aktivitas Penunjang Penyediaan Air | Perdagangan Eceran Bahan Baku Farmasi Dan Alat Kesehatan Lainnya | Perdagangan Eceran Bahan Konstruksi Dan Saniter Bekas | Perdagangan Eceran Tanaman Dan Bibit Tanaman Selain Tanaman Kehutanan | Perdagangan Eceran Tanaman Dan Bibit Tanaman Kehutanan | Perdagangan Eceran Minyak Tanah | Perdagangan Eceran Gas Tabung Lpg | Perdagangan Eceran Aromatik/Penyegar (Minyak Asiri) | Perdagangan Eceran Lukisan | Aktivitas Agen Asuransi | Aktivitas Agen Penjaminan | Aktivitas Penunjang Lainnya Untuk Asuransi, Penjaminan, Dan Dana Pensiun | Aktivitas Penunjang Lainnya Untuk Asuransi, Penjamian, Dan Dana Pensiun Ytdl | Penyewaan Dan Sewa Guna Usaha Mesin Dan Peralatan Konstruksi Dan Teknik Sipil | Aktivitas Penempatan Tenaga Kerja Luar Negeri | Aktivitas Penempatan Tenaga Kerja Untuk Rumah Tangga Sebagai Pemberi Kerja Di Dalam Negeri | Pendidikan Menengah Kejuruan Umum Pemerintah;Industri Produk Gilingan Aneka Umbi, Tanaman Rimpang, Dan Sayuran | Industri Minyak Asiri Hulu | Industri Minyak Asiri Rantai Tengah | Industri Bahan Baku Obat Bahan Alam Untuk Manusia | Industri Produk Obat Bahan Alam Untuk Manusia | Industri Produk Obat Bahan Alam Untuk Hewan | Industri Bahan Baku Obat Bahan Alam Untuk Hewan | Industri Alat Ukur Waktu | Aktivitas Hotel Bintang Lima | Aktivitas Hotel Bintang Empat | Aktivitas Hotel Bintang Tiga | Aktivitas Hotel Bintang Dua | Aktivitas Hotel Bintang Satu | Aktivitas Hotel Nonbintang | Aktivitas Rumah Tinggal Sewa (Homestay) | Aktivitas Hostel Remaja (Youth Hostel) | Aktivitas Vila | Aktivitas Apartemen Hotel | Aktivitas Penyediaan Akomodasi Jangka Pendek Lainnya | Aktivitas Penyediaan Bumi Perkemahan, Persinggahan Karavan, Dan Taman Karavan | Aktivitas Jasa Intermediasi Akomodasi | Aktivitas Jasa Manajemen Akomodasi | Penyediaan Akomodasi Lainnya Ytdl | Aktivitas Penyediaan Makanan Di Bangunan Tetap | Aktivitas Penyediaan Makanan Di Bangunan Tidak Tetap | Aktivitas Jasa Boga Untuk Acara Tertentu (Event Catering) | Penyewaan Dan Sewa Guna Usaha Mesin Dan Peralatan Kantor;Industri Tepung Campuran Dan Adonan Tepung;-;-;"nan | Pertanian Jagung | Pertanian Serealia Selain Padi Dan Jagung | Pertanian Kedelai | Pertanian Kacang Tanah | Pertanian Kacang Hijau | Pertanian Aneka Kacang Selain Kedelai, Kacang Tanah, Dan Kacang Hijau | Pertanian Biji-Bijian Penghasil Minyak Makan | Pertanian Biji-Bijian Penghasil Minyak Selain Minyak Makan | Pertanian Padi Hibrida | Pertanian Padi Inbrida | Pertanian Sayuran Daun | Pertanian Buah Semusim | Pertanian Sayuran Buah | Pertanian Sayuran Umbi | Pertanian Ubi Kayu | Pertanian Jamur | Pertanian Bit Gula Dan Tanaman Pemanis Selain Tebu | Pertanian Cabai | Pertanian Umbi Lainnya | Pertanian Tebu | Pertanian Tembakau | Pertanian Tanaman Berserat | Pertanian Tanaman Pakan Ternak | Pertanian Tanaman Narkotika Dan Tanaman Obat Terlarang | Pertanian Pohon Karet Dan Tanaman Penghasil Getah Lainnya | Penangkaran Tumbuhan Liar | Budi Daya Dan Pembibitan Burung Unta | Budi Daya Dan Pembibitan Ulat Sutra | Budi Daya Dan Pembibitan Lebah | Budi Daya Dan Pembibitan Rusa | Penangkaran Satwa Liar | Jasa Pengolahan Lahan | Jasa Pemupukan | Jasa Pemanenan | Jasa Penyemprotan Dan Penyerbukan Melalui Udara | Jasa Pengendalian Organisme Pengganggu Tumbuhan (Opt) | Jasa Penanaman Benih | Jasa Penunjang Pertanian Lainnya | Perburuan, Penangkapan, Dan Kegiatan Jasa Terkait | Pengelolaan Hutan | Pemanfaatan Kayu Hutan | Pembenihan Tanaman Kehutanan | Pemanenan Kayu | Pemungutan Kayu | Pemungutan Hasil Hutan Bukan Kayu | Jasa Lingkungan Hutan | Jasa Penggunaan Kawasan Kehutanan | Jasa Penunjang Kehutanan Lainnya | Penangkapan Ikan Dan Biota Air Lainnya Di Laut | Penangkapan Ikan Dan Biota Air Lainnya Di Perairan Air Tawar | Pembudidayaan Ikan Bersirip (Selain Ikan Hias) Dan Biota Air Laut Lainnya Yang Tidak Dilindungi | Pembudidayaan Ikan Hias Air Laut Yang Tidak Dilindungi | Pembudidayaan Tumbuhan Air Laut Yang Tidak Dilindungi | Pengembangbiakan Ikan Dan Biota Air Laut Yang Dilindungi | Pembudidayaan Ikan Bersirip (Selain Ikan Hias) Dan Biota Air Tawar Lainnya Yang Tidak Dilindungi | Pembudidayaan Ikan Hias Air Tawar Yang Tidak Dilindungi | Pembudidayaan Tumbuhan Air Tawar Yang Tidak Dilindungi | Pengembangbiakan Biota Air Tawar Yang Dilindungi | Pembudidayaan Ikan Bersirip (Selain Ikan Hias) Dan Biota Air Payau Lainnya Yang Tidak Dilindungi | Pembudidayaan Ikan Hias Air Payau Yang Tidak Dilindungi | Pembudidayaan Tumbuhan Air Payau Yang Tidak Dilindungi | Pengembangbiakan Biota Air Payau Yang Dilindungi | Jasa Penunjang Kegiatan Penangkapan Dan Pembudidayaan Ikan | Pertambangan Batu Bara | Benefisiasi Atau Peningkatan Kualitas Batu Bara | Pertambangan Lignit | Pertambangan Minyak Bumi | Pertambangan Gas Alam | Pengusahaan Tenaga Panas Bumi | Pertambangan Pasir Besi | Pertambangan Bijih Besi | Pertambangan Bijih Uranium Dan Torium | Pertambangan Emas Dan Perak | Pertambangan Bijih Logam Mulia Lainnya | Pertambangan Bijih Timah | Pertambangan Bijih Timah Hitam | Pertambangan Bijih Bauksit | Pertambangan Bijih Tembaga | Pertambangan Bijih Nikel | Pertambangan Bijih Mangan | Pertambangan Bahan Galian Lainnya Yang Tidak Mengandung Bijih Besi Ytdl | Penggalian Batu Hias Dan Batu Bangunan | Penggalian Batu Kapur/Gamping | Penggalian Kerikil/Sirtu | Penggalian Pasir | Penggalian Tanah Dan Tanah Liat | Penggalian Gips | Penggalian Tras | Penggalian Batu Apung | Penggalian Batu, Pasir, Dan Tanah Liat Lainnya | Pertambangan Belerang | Pertambangan Fosfat | Pertambangan Nitrat | Pertambangan Yodium | Pertambangan Potash (Kalium Karbonat) | Pertambangan Mineral, Bahan Kimia, Dan Bahan Pupuk Lainnya | Ekstraksi Tanah Gambut | Ekstraksi Garam | Pertambangan Batu Mulia | Penggalian Feldspar Dan Kalsit | Pertambangan Aspal Alam | Penggalian Asbes | Penggalian Kuarsa/Pasir Kuarsa | Pertambangan Bijih Logam Tanah Jarang | Pertambangan Dan Penggalian Lainnya Ytdl | Aktivitas Penunjang Pertambangan Minyak Bumi Dan Gas Alam | AKTIVITAS PENUNJANG PERTAMBANGAN DAN PENGGALIAN LAINNYA | Kegiatan Rumah Potong Hewan Ruminansia | Kegiatan Rumah Potong Babi | Kegiatan Rumah Potong Unggas | Kegiatan Rumah Potong Hewan Lainnya | Pengolahan Dan Pengawetan Daging Dan Produk Daging | Pengolahan Dan Pengawetan Ikan Dengan Penggaraman Atau 
 Pengeringan | Pengolahan Dan Pengawetan Ikan Dengan Pengasapan Atau 
 Pemanggangan | Pengolahan Dan Pengawetan Ikan Dengan Pembekuan | Pengolahan Dan Pengawetan Ikan Dengan Pemindangan | Pengolahan Dan Pengawetan Ikan Dengan Fermentasi | Pengolahan Dan Pengawetan Ikan Dengan Pengalengan | Pengolahan Dan Pengawetan Ikan Menjadi Produk Olahan | Pengolahan Dan Pengawetan Ikan Dengan Metode Lainnya | Pengolahan Dan Pengawetan Biota Air Lainnya Dengan 
 Penggaraman Atau Pengeringan | Pengolahan Dan Pengawetan Biota Air Lainnya Dengan 
 Pengasapan Atau Pemanggangan | Pengolahan Dan Pengawetan Biota Air Lainnya Dengan 
 Pembekuan | Pengolahan Dan Pengawetan Biota Air Lainnya Dengan 
 Pemindangan | Pengolahan Dan Pengawetan Biota Air Lainnya Dengan 
 Fermentasi | Pengolahan Dan Pengawetan Biota Air Lainnya Dengan 
 Pelumatan | Pengolahan Dan Pengawetan Biota Air Lainnya Dengan 
 Pengalengan | Pengolahan Dan Pengawetan Rumput Laut | Pengolahan Dan Pengawetan Biota Air Lainnya Dengan Metode 
 Lainnya | Industri Minyak Mentah Dan Lemak Nabati Bukan Kelapa Dan Kelapa Sawit | Industri Margarin | Industri Minyak Mentah Dan Lemak Dari Hewan Selain Ikan | Industri Minyak Ikan | Industri Minyak Goreng Dan Minyak Makan Bukan Minyak Kelapa Dan Minyak Kelapa Sawit | Industri Minyak Mentah Dan Lemak Nabati Dan Hewani Bukan Kelapa Dan Kelapa Sawit Lainnya | Industri Kopra | Industri Minyak Mentah Kelapa | Industri Minyak Goreng Kelapa | Industri Minyak Mentah Kelapa Sawit (Crude Palm Oil) | Industri Minyak Mentah Inti Kelapa Sawit (Crude Palm Kernel Oil) | Industri Pemisahan/Fraksinasi Minyak Mentah Kelapa Sawit Dan Minyak Mentah Inti Kelapa Sawit | Industri Pemurnian Minyak Mentah Kelapa Sawit Dan Minyak Mentah Inti Kelapa Sawit | Industri Pemisahan/Fraksinasi Minyak Murni Kelapa Sawit | Industri Pemisahan/Fraksinasi Minyak Murni Inti Kelapa Sawit | Industri Minyak Goreng Kelapa Sawit | Industri Pati Ubi Kayu | Industri Garam Konsumsi Beryodium | Industri Garam Industri Aneka Pangan | Industri Makanan Bayi Dan Makanan Khusus | Industri Sari Nabati Dan Krimer Nabati | Industri Bahan Makanan Dari Rumput Laut | Industri Produk Makanan Lainnya Ytdl | Industri Ransum Pakan Hewan | Industri Konsentrat Pakan Hewan | Industri Penyulingan, Pemurnian, Dan Pencampuran Minuman Beralkohol | Industri Minuman Beralkohol Hasil Fermentasi Anggur Dan Hasil Pertanian Lainnya | Industri Minuman Beralkohol Hasil Fermentasi Malt | Industri Malt | Industri Sigaret Kretek Mesin | Industri Rokok Putih | Industri Pengeringan Dan Pengolahan Tembakau | Industri Bumbu Rokok | Industri Produk Tembakau Lainnya | Persiapan Serat Tekstil | Pemintalan Benang Selain Benang Jahit | Pemintalan Benang Jahit | Pertenunan Tekstil Dengan Mesin | Pertenunan Tekstil Bukan Dengan Mesin | Penyempurnaan Benang | Penyempurnaan Basah Kain | Penyempurnaan Tekstil Lainnya | Industri Karung Goni | Industri Karung Selain Karung Goni | Industri Tali | Industri Kain Narrow | Industri Kain Yang Dilapisi Dan Sejenisnya | Industri Kain Nirtenun/Nonwoven | Industri Kain Ban | Industri Kain Tule, Kain Jaring, Dan Kain Bordir | Industri Tekstil Lainnya Ytdl | Industri Barang Dari Kulit Berbulu | Industri Bangunan Prafabrikasi Dari Kayu Dan Sejenisnya | Industri Bubur Kertas (Pulp) | Industri Kertas Budaya | Industri Kertas Berharga | Industri Kertas Khusus | Industri Kertas Lainnya | Industri Kertas Dan Papan Kertas Bergelombang | Industri Kemasan Dan Kotak Dari Kertas Dan Karton | Industri Kertas Tisu | Pencetakan Khusus | Industri Produk Tanur Kokas | Industri Bahan Bakar Dari Pemurnian Dan Pengilangan Minyak Bumi | Industri Produk Dari Bahan Limbah Minyak Pelumas | Industri Minyak Pelumas Dasar (Bahan Baku Pelumas) | Industri Produk Dari Pencampuran Hasil Kilang Minyak Bumi Dengan Biofuel | Industri Produk Lainnya Dari Hasil Kilang Minyak Bumi | Industri Asam, Basa, Dan Garam Anorganik | Industri Gas Industri | Industri Kimia Dasar Zat Warna Dan Pigmen | Industri Kimia Dasar Radioaktif | Industri Kimia Dasar Dari Minyak Bumi, Gas Alam, Dan Batu Bara | Industri Kimia Dasar Anorganik Lainnya | Industri Senyawa Nitrogen; Pupuk Nitrogen, Fosfat, Dan Kalium | Industri Pupuk Hara Makro Primer Lainnya | Industri Damar Buatan (Resin Sintetis) Dan Bahan Baku Plastik | Industri Karet Buatan | Industri Bahan Baku Pemberantas Hama (Bahan Aktif) | Industri Pemberantas Hama (Formulasi) | Industri Zat Pengatur Tumbuh | Industri Cat | Industri Pernis | Industri Dempul | Industri Sediaan Pewarna Dan Pelapis Lainnya | Industri Bahan Dan Produk Pembersih | Industri Kosmetik Untuk Manusia, Cairan Lensa Kontak | Industri Kosmetik Untuk Hewan | Industri Perekat Gigi | Industri Parfum Sesuai Pesanan | Industri Perekat/Lem | Industri Bahan Peledak | Industri Tinta | Industri Korek Api | Industri Biofuel Cair | Industri Cairan Rokok Elektrik | Industri Barang Kimia Lainnya Ytdl | Industri Serat Filamen Dan Strip Buatan | Industri Serat Stapel Buatan | Industri Bahan Baku Farmasi Untuk Manusia | Industri Produk Farmasi Untuk Manusia | Industri Produk Farmasi Untuk Hewan | Industri Bahan Baku Farmasi Untuk Hewan | Industri Alat Diagnosis Medis, Perban, Kasa, Dan Penunjang Kesehatan Lainnya | Industri Ban Luar Dan Ban Dalam | Industri Pembentukan Kembali Ban Dan Vulkanisasi Ban | Industri Karet Asap | Industri Karet Lembaran Dan Crepe Rubber | Industri Karet Remah (Crumb Rubber) | Industri Karet Setengah Jadi Lainnya | Industri Barang Dari Karet Untuk Keperluan Rumah Tangga | Industri Barang Dari Karet Untuk Keperluan Industri | Industri Barang Dari Karet Untuk Keperluan Infrastruktur | Industri Barang Dari Karet Untuk Kesehatan | Industri Barang Lainnya Dari Karet Ytdl | Industri Barang Dari Plastik Untuk Bangunan | Industri Barang Dari Plastik Dan Bioplastik Untuk Pengemasan | Industri Pipa Plastik Dan Perlengkapannya | Industri Plastik Lembaran | Industri Perlengkapan Dan Peralatan Rumah Tangga Dari Plastik (Tidak Termasuk Furnitur) | Industri Barang Dan Peralatan Teknik/Industri Dari Plastik | Industri Barang Lainnya Dari Plastik | Industri Kaca Lembaran | Industri Kaca Pengaman | Industri Kaca Lainnya | Industri Perlengkapan Dan Peralatan Rumah Tangga Dari Kaca | Industri Peralatan Laboratorium Dan Kesehatan Dari Kaca | Industri Produk Lainnya Dari Kaca | Industri Bata, Mortar, Semen, Dan Sejenisnya Yang Tahan Api | Industri Produk Refraktori (Tahan Api) Lainnya | Industri Batu Bata Dari Tanah Liat Atau Keramik | Industri Genteng Dari Tanah Liat Atau Keramik | Industri Bahan Bangunan Lainnya Dari Tanah Liat Atau Keramik | Industri Perlengkapan Rumah Tangga Dari Porselen | Industri Perlengkapan Rumah Tangga Dari Tanah Liat Atau Keramik | Industri Alat Laboratorium Dan Alat Listrik Atau Teknik Dari Porselen | Industri Peralatan Sanitasi Dari Porselen | Industri Peralatan Sanitasi Dari Tanah Liat Atau Keramik | Industri Produk Bukan Bahan Bangunan Lainnya Dari Tanah Liat Atau Keramik Dan Porselen | Industri Semen | Industri Kapur | Industri Gips | Industri Barang Dari Semen | Industri Barang Dari Kapur | Industri Barang Dari Gips | Industri Barang Dari Asbes | Industri Mortar, Acian, Dan Beton Siap Pakai | Industri Barang Dari Batu Marmer | Industri Barang Dari Batu Granit | Industri Barang Dari Batu Lainnya | Industri Produk Abrasif | Industri Batuan Aspal Dan Barang Dari Aspal Atau Material Sejenis | Industri Produk Hasil Pemurnian Mineral Nonlogam | Industri Produk Mineral Nonlogam Lainnya Ytdl | Industri Besi Dan Baja Dasar | Penggilingan Baja | Industri Pipa Dan Sambungan Pipa Dari Besi Dan Baja | Industri Logam Dasar Mulia | Industri Logam Dasar Bukan Besi Lainnya | Penggilingan Logam Bukan Besi | Ekstrusi Logam Bukan Besi | Industri Pipa Dan Sambungan Pipa Dari Logam Bukan Besi Dan Baja | Industri Bahan Bakar Nuklir | Pengecoran Besi Dan Baja | Pengecoran Logam Bukan Besi Dan Baja | Industri Produk Logam Struktural Bukan Aluminium Untuk Konstruksi Ringan | Industri Produk Logam Struktural Aluminium Untuk Konstruksi Ringan | Industri Produk Logam Struktural Baja Untuk Konstruksi Berat | Industri Produk Logam Struktural Lainnya | Industri Tangki, Tandon Air, Dan Wadah Sejenisnya Dari Logam | Industri Generator Uap Bukan Ketel Pemanas | Industri Senjata Dan Amunisi | Penempaan, Pengepresan, Pencetakan, Dan Pembentukan Logam; Metalurgi Bubuk | Pengerjaan Dan Pelapisan Logam | Industri Perkakas Tangan | Industri Alat Potong | Industri Alat Makan Dari Logam | Industri Peralatan Umum | Industri Ember, Kaleng, Drum Dan Wadah Sejenisnya Dari Logam | Industri Barang Dari Kawat Logam Bukan Kabel | Industri Paku, Mur, Dan Baut Logam | Industri Brankas, Filling Kantor, Dan Sejenisnya | Industri Peralatan Dapur Dan Peralatan Meja Dari Logam | Industri Produk Rumah Tangga Dari Logam Bukan Peralatan Dapur Dan Peralatan Meja | Industri Profil Logam | Industri Lampu Dari Logam | Industri Produk Logam Lainnya Ytdl | Industri Sel Surya, Panel Surya, Dan Inverter Fotovoltaik | Industri Tabung Elektron Dan Konektor Elektronik | Industri Komponen Dan Papan Elektronik Lainnya Ytdl | Industri Komputer Dan Perakitan Komputer | Industri Perlengkapan Komputer | Industri Peralatan Telepon Dan Faksimili | Industri Peralatan Komunikasi Tanpa Kabel (Wireless) | Industri Kartu Cerdas (Smart Card) | Industri Peralatan Komunikasi Lainnya | Industri Televisi, Monitor Televisi, Dan Displai | Industri Peralatan Perekam, Penerima, Dan Pengganda Audio Dan Video, Bukan Televisi | Industri Peralatan Audio Dan Video Elektronik Lainnya | Industri Alat Ukur Dan Alat Uji Manual | Industri Alat Ukur Dan Alat Uji Elektrik | Industri Alat Ukur Dan Alat Uji Elektronik | Industri Alat Ukur, Alat Uji, Dan Peralatan Navigasi Dan Kontrol Lainnya | Industri Peralatan Iradiasi, Perlengkapan, Dan Sejenisnya | Industri Peralatan Elektromedik Dan Elektroterapi | Industri Peralatan Fotografi | Industri Peralatan Sinematografi | Industri Lensa Bukan Kacamata | Industri Peralatan Fotografi Dan Instrumen Optik Bukan Kacamata Lainnya | Industri Media Magnetik Dan Media Optik | Industri Motor Listrik | Industri Generator Pembangkit Listrik | Industri Pengubah Tegangan/Transformator Dan Pengubah Arus/Rectifier | Industri Peralatan Pengontrol Dan Pendistribusian Listrik | Industri Batu Baterai | Industri Akumulator Listrik | Industri Baterai Kendaraan Listrik | Industri Kabel Serat Optik | Industri Kabel Dan Kawat Listrik Dan Elektronik Lainnya | Industri Perlengkapan Kabel | Industri Bola Lampu Pijar, Lampu Sorot, Dan Lampu Ultraviolet | Industri Lampu Gas Dan Discharge | Industri Peralatan Penerangan Untuk Kendaraan | Industri Lampu Led | Industri Peralatan Penerangan Lainnya | Industri Peralatan Elektrotermal Rumah Tangga | Industri Peralatan Rumah Tangga Bukan Listrik | Industri Peralatan Listrik Lainnya | Industri Mesin Uap, Turbin, Dan Kincir | Industri Motor Pembakaran Dalam | Industri Komponen Dan Suku Cadang Mesin Dan Turbin | Industri Peralatan Tenaga Zat Cair Dan Gas | Industri Pompa Lainnya, Kompresor, Keran, Dan Klep/Katup | Industri Bearing, Roda Gigi, Dan Elemen Penggerak Mesin | Industri Oven, Perapian Dan Tungku Pembakar Sejenis Yang Tidak Menggunakan Arus Listrik | Industri Oven, Perapian Dan Tungku Pembakar Sejenis Yang Menggunakan Arus Listrik | Industri Alat Pengangkat Dan Pemindah | Industri Mesin Kantor Dan Akuntansi Manual | Industri Mesin Kantor Dan Akuntansi Elektrik | Industri Mesin Kantor Dan Akuntansi Elektronik | Industri Peralatan Kantor | Industri Perkakas Tangan Yang Digerakkan Tenaga | Industri Mesin Untuk Pembungkus, Pembotolan, Dan Pengalengan | Industri Mesin Timbangan | Industri Mesin Pendingin | Industri Mesin Untuk Keperluan Umum Lainnya Ytdl | Industri Mesin Pertanian Dan Kehutanan | Industri Mesin Dan Perkakas Mesin Untuk Pengerjaan Logam Dan Bahan Lainnya | Industri Mesin Metalurgi | Industri Mesin Penambangan, Penggalian Dan Konstruksi | Industri Mesin Pengolahan Makanan, Minuman Dan Tembakau | Industri Mesin Jahit, Mesin Cuci, Dan Mesin Pengering Untuk Keperluan Niaga | Industri Mesin Tekstil | Industri Mesin Penyiapan Dan Pembuatan Produk Kulit | Industri Mesin Percetakan | Industri Mesin Pabrik Kertas | Industri Mesin Keperluan Khusus Lainnya Ytdl | Industri Kendaraan Bermotor Roda Empat Atau Lebih | Industri Karoseri Kendaraan Bermotor Roda Empat Atau Lebih; Industri Trailer Dan Semitrailer | Industri Suku Cadang Dan Aksesori Kendaraan Bermotor Roda Empat Atau Lebih | Industri Kendaraan Air Dan Bawah Air Berawak | Industri Bangunan Lepas Pantai Dan Bangunan Terapung | Industri Kendaraan Air Dan Bawah Air Tanpa Awak | Industri Kapal Dan Perahu Untuk Tujuan Wisata Atau Rekreasi Dan Olahraga | Industri Lokomotif Dan Gerbong Kereta | Industri Pesawat Udara Berawak Dan Mesin Terkait | Industri Pesawat Udara Tanpa Awak Dan Mesin Terkait | Industri Wahana Antariksa Dan Mesin Terkait | Industri Kendaraan Tempur Militer | Industri Sepeda Motor Roda Dua Dan Tiga | Industri Komponen Dan Perlengkapan Sepeda Motor Roda Dua Dan Tiga | Industri Sepeda Dan Kursi Roda Termasuk Becak | Industri Perlengkapan Sepeda Dan Kursi Roda Termasuk Becak | Industri Alat Angkutan Lainnya Ytdl | Industri Furnitur Dari Kayu | Industri Furnitur Dari Rotan Dan Bambu | Industri Furnitur Dari Plastik | Industri Furnitur Dari Logam | Industri Furnitur Dari Bahan Lainnya Ytdl | Industri Permata | Industri Perhiasan Dari Logam Mulia | Industri Barang Berharga Dari Logam Mulia Bukan Perhiasan | Industri Perhiasan Dari Mutiara | Industri Barang Berharga Lainnya Dari Logam Mulia | Reparasi Dan Pemeliharaan Produk Senjata Dan Amunisi | Reparasi Dan Pemeliharaan Kapal, Perahu, Dan Bangunan Terapung | Reparasi Dan Pemeliharaan Lokomotif Dan Gerbong Kereta | Reparasi Dan Pemeliharaan Pesawat Udara | Pembongkaran Mesin, Peralatan, Dan Sistem Industri | Pembangkitan Tenaga Listrik Dari Sumber Energi Tidak Terbarukan Yang Menghasilkan Emisi | Pembangkitan Tenaga Listrik Dari Sumber Energi Tidak Terbarukan Yang Tidak Menghasilkan Emisi | Aktivitas Penyimpanan Tenaga Listrik | Penyediaan Tenaga Listrik Dalam Satu Kesatuan Usaha | Pengoperasian Instalasi Penyediaan Tenaga Listrik | Produksi Gas Alam Dan Buatan | Distribusi Gas Alam Dan Buatan Melalui Jaringan | Penampungan Dan Penyediaan Air Baku | Pengolahan Dan Pembuangan Air Limbah | Pengumpulan Limbah Berbahaya Selain Limbah Radiokatif | Pengumpulan Limbah Radioaktif | Pengolahan Sampah Tidak Berbahaya Untuk Menghasilkan Energi | Produksi Kompos Sampah Organik | Pengolahan Dan Pembuangan Limbah Atau Sampah Tidak Berbahaya Lainnya | Pengolahan Dan Pembuangan Limbah Atau Sampah Berbahaya Selain Limbah Radioaktif | Pengolahan Dan Pembuangan Limbah Radioaktif | Pemulihan Material Barang Logam | Pemulihan Material Barang Plastik | Pemulihan Material Lainnya | Aktivitas Penangkapan Karbon | Aktivitas Penyimpanan Karbon | Aktivitas Remediasi Dan Pengelolaan Limbah Atau Sampah Lainnya | Konstruksi Konvensional Gedung Industri | Konstruksi Prapabrikasi Bangunan Gedung | Konstruksi Bangunan Sipil Sistem Pengolahan Limbah | Konstruksi Proyek Utilitas Lainnya | Konstruksi Bangunan Pelabuhan Bukan Perikanan | Konstruksi Bangunan Pelabuhan Perikanan | Konstruksi Reservoir Pembangkit Listrik Tenaga Air | Konstruksi Bangunan Sipil Pelindung Pantai | Konstruksi Bangunan Sipil Prasarana Perairan Dan Sejenis Lainnya | Konstruksi Bangunan Sipil Minyak Dan Gas Bumi | Konstruksi Bangunan Sipil Pertambangan | Konstruksi Bangunan Sipil Panas Bumi | Konstruksi Bangunan Sipil Fasilitas Pengolahan | Konstruksi Bangunan Sipil Fasilitas Militer Dan Bandar Antariksa | Konstruksi Bangunan Sipil Fasilitas Sumber Radiasi Pengion | Konstruksi Bangunan Sipil Reaktor Nuklir | Konstruksi Bangunan Sipil Lainnya Ytdl | Pemasangan Sistem Navigasi Laut, Sungai, Dan Udara | Pemasangan Sistem Pemanas Dan Geotermal | Pemasangan Konstruksi Lainnya Ytdl | Konstruksi Khusus Lainnya Ytdl | Perdagangan Besar Atas Dasar Balas Jasa (Fee) Atau Kontrak | Perdagangan Besar Padi Dan Palawija | Perdagangan Besar Buah Yang Mengandung Minyak | Perdagangan Besar Tembakau Rajangan | Perdagangan Besar Binatang Hidup | Perdagangan Besar Ikan Dan Biota Air Hidup Lainnya | Perdagangan Besar Hasil Kehutanan Dan Perburuan | Perdagangan Besar Kulit | Perdagangan Besar Hasil Pertanian Dan Hewan Hidup Lainnya | Perdagangan Besar Beras | Perdagangan Besar Buah-Buahan | Perdagangan Besar Sayuran | Perdagangan Besar Kopi, Teh, Dan Kakao | Perdagangan Besar Minyak Dan Lemak Nabati | Perdagangan Besar Bahan Makanan Dan Minuman Hasil Pertanian Lainnya | Perdagangan Besar Daging Sapi Dan Daging Sapi Olahan | Perdagangan Besar Daging Ayam Dan Daging Ayam Olahan | Perdagangan Besar Daging Dan Daging Olahan Lainnya | Perdagangan Besar Hasil Perikanan Dan Olahan Terkait | Perdagangan Besar Telur Dan Hasil Olahan Telur | Perdagangan Besar Susu Dan Produk Susu | Perdagangan Besar Minyak Dan Lemak Hewani | Perdagangan Besar Bahan Makanan Dan Minuman Hasil Peternakan Dan Perikanan Lainnya | Perdagangan Besar Gula, Cokelat, Dan Kembang Gula | Perdagangan Besar Produk Bakeri | Perdagangan Besar Minuman Beralkohol | Perdagangan Besar Minuman Nonalkohol Bukan Susu | Perdagangan Besar Rokok Dan Tembakau | Perdagangan Besar Makanan Dan Minuman Lainnya | Perdagangan Besar Tekstil | Perdagangan Besar Pakaian | Perdagangan Besar Alas Kaki | Perdagangan Besar Barang Jadi Tekstil | Perdagangan Besar Perlengkapan Jahit | Perdagangan Besar Furnitur, Karpet, Perlengkapan Pencahayaan Untuk Rumah Tangga, Perkantoran, Dan Pertokoan | Perdagangan Besar Alat Fotografi Dan Barang Optik | Perdagangan Besar Sediaan Farmasi Untuk Manusia | Perdagangan Besar Sediaan Farmasi Untuk Hewan | Perdagangan Besar Peralatan Telekomunikasi | Perdagangan Besar Mesin, Peralatan Dan Perlengkapan Pertanian | Perdagangan Besar Alat Transportasi Laut, Suku Cadang, Dan Perlengkapannya | Perdagangan Besar Alat Transportasi Darat (Bukan Mobil, Sepeda Motor, Dan Sejenisnya), Suku Cadang, Dan Perlengkapannya | Perdagangan Besar Alat Transportasi Udara, Suku Cadang Dan Perlengkapannya | Perdagangan Besar Mobil Baru | Perdagangan Besar Suku Cadang Dan Aksesori Mobil | Perdagangan Besar Sepeda Motor Baru | Perdagangan Besar Bahan Bakar Padat, Cair, Dan Gas Beserta Produk Terkait | Perdagangan Besar Bijih Dan Konsentrat Logam | Perdagangan Besar Produk Logam Setengah Jadi | Perdagangan Besar Bahan Konstruksi Dari Logam | Perdagangan Besar Bahan Konstruksi Dari Tanah Liat, Kapur, Semen, Atau Kaca | Perdagangan Besar Semen, Kapur, Pasir, Dan Batu | Perdagangan Besar Bahan Konstruksi Dari Kayu | Perdagangan Besar Cat | Perdagangan Besar Mineral Radioaktif | Perdagangan Besar Zat Radioaktif Dan Pembangkit Radiasi 
 Pengion | Perdagangan Besar Bahan Dan Barang Kimia | Perdagangan Besar Pupuk Dan Produk Agrokimia | Perdagangan Besar Bahan Berbahaya (B2) | Perdagangan Eceran Minuman Beralkohol | Perdagangan Eceran Rokok Dan Tembakau | Perdagangan Eceran Daging Olahan | Perdagangan Eceran Ikan Olahan | Perdagangan Eceran Bahan Bakar Di Sarana Pengisian Bahan 
 Bakar | Perdagangan Eceran Bahan Bakar Selain Di Sarana Pengisian 
 Bahan Bakar | Perdagangan Eceran Komputer Dan Perlengkapannya | Perdagangan Eceran Peralatan Dan Produk Gim Video Serta 
 Sejenisnya | Perdagangan Eceran Perangkat Lunak (Software) | Perdagangan Eceran Telepon Beserta Aksesorisnya | Perdagangan Eceran Mesin Dan Peralatan Kantor | Perdagangan Eceran Peralatan Audio Dan Video | Perdagangan Eceran Tekstil | Perdagangan Eceran Perlengkapan Rumah Tangga Dari Tekstil | Perdagangan Eceran Perlengkapan Jahit Menjahit | Perdagangan Eceran Bahan Dan Material Konstruksi | Perdagangan Eceran Kaca Lembaran | Perdagangan Eceran Perkakas Dan Peralatan Pertukangan | Perdagangan Eceran Peralatan Keselamatan Dan Gawat Darurat | Perdagangan Eceran Cat, Pernis Dan Lakeri | Perdagangan Eceran Bahan-Bahan Energi Terbarukan | Perdagangan Eceran Karpet, Permadani, Serta Penutup Dinding Dan Lantai | Perdagangan Eceran Furnitur | Perdagangan Eceran Peralatan Listrik Rumah Tangga, Peralatan Penerangan, Dan Perlengkapannya | Perdagangan Eceran Barang Pecah Belah; Perlengkapan Dapur Dan Makan | Perdagangan Eceran Alat Musik | Perdagangan Eceran Peralatan Dan Perlengkapan Rumah Tangga Lainnya Ytdl | Perdagangan Eceran Peralatan Dan Perlengkapan Olahraga | Perdagangan Eceran Khusus Barang Kesenian Dan Rekreasi 
 Ytdl | Perdagangan Eceran Alat Transportasi Darat Tidak Bermotor Dan Perlengkapannya | Perdagangan Eceran Alat Transportasi Air Dan Perlengkapannya | Perdagangan Eceran Alat-Alat Pertanian | Perdagangan Eceran Perlengkapan Pengendara Kendaraan Bermotor | Perdagangan Eceran Pembungkus Dari Plastik | Perdagangan Eceran Barang Baru Lainnya Ytdl | Perdagangan Eceran Mobil Baru | Perdagangan Eceran Mobil Bekas | Perdagangan Eceran Suku Cadang Dan Aksesori Mobil | Perdagangan Eceran Sepeda Motor Baru | Perdagangan Eceran Sepeda Motor Bekas | Perdagangan Eceran Suku Cadang Sepeda Motor Dan Aksesorinya | Platform Digital Intermediasi Perdagangan Eceran | Jasa Intermediasi Perdagangan Eceran Lainnya | Angkutan Kereta Wisata Antarkota | Transportasi Kereta Api Antarkota Lainnya Untuk Penumpang | Transportasi Kereta Api Untuk Barang | Angkutan Kereta Wisata Dalam Kota | Angkutan Kereta Api Perkotaan | Angkutan Tidak Bermotor Untuk Penumpang | Transportasi Darat Lainnya Untuk Penumpang Ytdl | Transportasi Melalui Saluran Pipa | Angkutan Laut Dalam Negeri Liner Dan Tramper Untuk Penumpang | Angkutan Laut Dalam Negeri Perintis Untuk Penumpang | Angkutan Laut Dalam Negeri Untuk Wisata | Angkutan Laut Luar Negeri Liner Dan Tramper Untuk Penumpang | Angkutan Laut Luar Negeri Untuk Wisata | Angkutan Laut Dalam Negeri Untuk Barang Umum | Angkutan Laut Dalam Negeri Untuk Barang Khusus | Angkutan Laut Dalam Negeri Perintis Untuk Barang | Angkutan Laut Dalam Negeri Pelayaran Rakyat Untuk Barang | Angkutan Laut Luar Negeri Untuk Barang Umum | Angkutan Laut Luar Negeri Untuk Barang Khusus | Angkutan Laut Luar Negeri Pelayaran Rakyat Untuk Barang | Angkutan Penyeberangan Umum Antarprovinsi Untuk Penumpang | Angkutan Penyeberangan Umum Antarkabupaten/Kota Untuk Penumpang | Angkutan Penyeberangan Umum Dalam Kabupaten/Kota Untuk Penumpang | Angkutan Penyeberangan Perintis Antarprovinsi Untuk Penumpang | Angkutan Penyeberangan Perintis Antarkabupaten/Kota Untuk Penumpang | Transportasi Pesisir Lainnya Untuk Penumpang | Angkutan Penyeberangan Umum Antarprovinsi Untuk Barang | Angkutan Penyeberangan Umum Antarkabupaten/Kota Untuk Barang | Angkutan Penyeberangan Umum Dalam Kabupaten/Kota Untuk Barang | Angkutan Penyeberangan Perintis Antarprovinsi Untuk Barang | Angkutan Penyeberangan Perintis Antarkabupaten/Kota Untuk Barang | Transportasi Pesisir Lainnya Untuk Barang | Angkutan Sungai Dan Danau Liner (Trayek Tetap Dan Teratur) Untuk Penumpang | Angkutan Sungai Dan Danau Tramper (Trayek Tidak Tetap Dan Tidak Teratur) Untuk Penumpang | Angkutan Sungai Dan Danau Untuk Wisata | Angkutan Sungai Dan Danau Untuk Barang Umum | Angkutan Sungai Dan Danau Untuk Barang Berbahaya | Angkutan Udara Niaga Berjadwal Untuk Penumpang | Angkutan Udara Niaga Tidak Berjadwal Untuk Penumpang | Transportasi Antariksa Untuk Penumpang | Angkutan Udara Niaga Berjadwal Khusus Kargo | Angkutan Udara Niaga Tidak Berjadwal Khusus Kargo | Transportasi Antariksa Untuk Barang | Pengelola Gudang Sistem Resi Gudang | Aktivitas Gudang Dingin | Aktivitas Gudang Berikat | Penyimpanan Minyak Dan Gas Bumi | Aktivitas Penyimpanan Barang Berbahaya Dan Beracun (B3) | Fasilitas Penyimpanan Sumber Radiasi Pengion | Penyimpanan Mineral Ikutan Radioaktif | Pergudangan Dan Penyimpanan Lainnya | Aktivitas Terminal Darat | Aktivitas Penyelenggaraan Prasarana Perkeretaapian | Aktivitas Jalan Tol | Aktivitas Perparkiran Di Badan Jalan (On Street Parking) | Aktivitas Perparkiran Di Luar Badan Jalan (Off Street Parking) | Aktivitas Jasa Terkait Transportasi Darat Lainnya | Aktivitas Pelayanan Kepelabuhanan Laut | Aktivitas Pelayanan Kepelabuhanan Sungai Dan Danau | Aktivitas Pelayanan Kepelabuhanan Penyeberangan | Aktivitas Pelabuhan Perikanan | Aktivitas Pengelolaan Kapal | Aktivitas Penyelamatan Kapal Dan Muatannya | Angkutan Perairan Pelabuhan | Aktivitas Jasa Terkait Transportasi Perairan Lainnya | Aktivitas Kebandarudaraan | Jasa Pelayanan Navigasi Penerbangan | Pelayanan Penumpang, Bagasi, Kargo, Pos, Dan Teknis 
 Penanganan Udara Di Darat | Aktivitas Pemeriksaan Dan Pengendalian Keamanan Muatan 
 Penerbangan | Aktivitas Jasa Terkait Angkutan Udara Lainnya | Penanganan Kargo (Bongkar Muat Barang) | Angkutan Multimoda | Aktivitas Tally Mandiri | Aktivitas Penunjang Angkutan Lainnya Ytdl | Jasa Pengurusan Transportasi (Jpt) | Jasa Keagenan Kapal/Agen Perkapalan | Aktivitas Perwakilan Operasional Transportasi Udara Khusus Kargo | Jasa Intermediasi Transportasi Lainnya Untuk Barang | Agen Penjualan Tiket Transportasi | Agen Pengurus Persetujuan Terbang | Aktivitas Perwakilan Operasional Transportasi Udara Untuk Penumpang | Jasa Intermediasi Transportasi Lainnya Untuk Penumpang | Aktivitas Pos | Aktivitas Kurir | Aktivitas Jasa Portal Intermediasi Pos Dan Kurir | Jasa Intermediasi Pos Dan Kurir Lainnya | Aktivitas Penyediaan Jasa Boga Lainnya | Aktivitas Bar | Aktivitas Kelab Malam Atau Diskotek Yang Utamanya Menyediakan Minuman | Penerbitan Jurnal Dan Terbitan Berkala | Aktivitas Penerbitan Lainnya | Penerbitan Perangkat Lunak Video Gim Dalam Jaringan (Game Online) | Penerbitan Perangkat Lunak Video Gim Lainnya | Penerbitan Perangkat Lunak (Software) Lainnya | Aktivitas Produksi Film, Video, Dan Program Televisi Oleh Pemerintah | Aktivitas Produksi Film, Video, Dan Program Televisi Oleh Swasta | Aktivitas Pascaproduksi Film, Video, Dan Program Televisi Oleh Pemerintah | Aktivitas Pascaproduksi Film, Video, Dan Program Televisi Oleh Swasta | Aktivitas Distribusi Film, Video, Dan Program Televisi Oleh Pemerintah | Aktivitas Distribusi Film, Video. Dan Program Televisi Oleh Swasta | Aktivitas Pemutaran Film | Aktivitas Perekaman Suara | Aktivitas Penerbitan Musik Dan Buku Musik | Aktivitas Penyiaran Radio Digital | Aktivitas Distribusi Dan Streaming Audio Atas Permintaan | Aktivitas Penyiaran Dan Pemrograman Televisi Analog | Aktivitas Pemrograman Dan Penyiaran Televisi Digital | Aktivitas Distribusi Dan Streaming Video Atas Permintaan | Aktivitas Kantor Berita Oleh Pemerintah | Aktivitas Kantor Berita Oleh Swasta | Aktivitas Situs Jejaring Sosial Dan Distribusi Konten Lainnya | Aktivitas Telekomunikasi Dengan Kabel | Aktivitas Telekomunikasi Dengan Nirkabel | Aktivitas Jasa Akses Internet (Internet Service Provider | Aktivitas Jasa Sistem Komunikasi Data | Aktivitias Jasa Televisi Protokol Internet (Iptv) | Aktivitas Jasa Gerbang Akses Internet (Network Access Point) | Aktivitas Jasa Teleponi Dasar | Aktivitas Penjualan Kembali Jasa Telekomunikasi | Aktivitas Penjualan Kembali Dan Jasa Intermediasi Untuk Telekomunikasi Lainnya | Aktivitas Jasa Panggilan Premium (Premium Call) | Aktivitas Jasa Konten Sms Premium | Aktivitas Jasa Internet Teleponi Untuk Keperluan Publik (Itkp) | Aktivitas Jasa Panggilan Terkelola (Calling Card) | Aktivitas Jasa Telekomunikasi Khusus Berbasis Satelit | Aktivitas Telekomunikasi Lainnya Ytdl | Pengembangan Video Gim, Perangkat Lunak Video Gim, Dan Perangkat Lunak Pendukungnya | Aktivitas Pengembangan Aplikasi Perdagangan Melalui Internet (E-Commerce) | Aktivitas Pengembangan Aplikasi Dan Produksi Konten Berbasis Media Imersif | Aktivitas Pengembangan Aplikasi Berbasis Teknologi 
 Blockchain | Aktivitas Penyediaan Dan Pengelolaan Identitas Digital | Aktivitas Pengembangan Komponen Dasar Kecerdasan Buatan | Aktivitas Pemrograman Komputer Lainnya Ytdl | Aktivitas Konsultansi Dan Manajemen Keamanan Siber | Aktivitas Penyediaan Dan Pengelolaan Identitas Digital | Aktivitas Penyediaan Sertifikat Elektronik Dan Jasa Terkait | Aktivitas Konsultansi Dan Perancangan Internet Of Things (Iot) | Aktivitas Konsultansi Komputer Dan Manajemen Fasilitas Komputer Lainnya | Aktivitas Jasa Teknologi Informasi Dan Komputer Lainnya | Aktivitas Pengolahan Data | Aktivitas Penyediaan Infrastruktur Komputasi, Hosting, Dan Aktivitas Terkait | Aktivitas Jasa Portal Pencarian Web Dan Informasi Lainnya | Aktivitas Bank Sentral | Perbankan Umum Konvensional | Perbankan Umum Syariah | Perbankan Konvensional Lainnya | Perbankan Syariah Lainnya | Aktivitas Pemberian Kredit Oleh Koperasi Konvensional | Aktivitas Pemberian Kredit Oleh Koperasi Syariah | Perantara Moneter Lainnya Ytdlpembiayaan Mikro Konvensional Nonperbankan | Pembiayaan Mikro Syariah Nonperbankan | Perantara Moneter Lainnya Ytdl | Aktivitas Dana Pasar Ua"
PERUMAHAN;Perumahan Kepadatan Sangat Rendah;"Pertanian Jagung | Pertanian Serealia Selain Padi Dan Jagung | Pertanian Kedelai | Pertanian Kacang Tanah | Pertanian Kacang Hijau | Pertanian Aneka Kacang Selain Kedelai, Kacang Tanah, Dan Kacang Hijau | Pertanian Biji-Bijian Penghasil Minyak Makan | Pertanian Biji-Bijian Penghasil Minyak Selain Minyak Makan | Pertanian Padi Hibrida | Pertanian Padi Inbrida | Pertanian Sayuran Daun | Pertanian Buah Semusim | Pertanian Sayuran Buah | Pertanian Sayuran Umbi | Pertanian Ubi Kayu | Pertanian Jamur | Pertanian Bit Gula Dan Tanaman Pemanis Selain Tebu | Pertanian Cabai | Pertanian Umbi Lainnya | Pertanian Tebu | Pertanian Tembakau | Pertanian Tanaman Berserat | Pertanian Tanaman Pakan Ternak | Pembenihan Tanaman Pakan Ternak Dan Pembenihan Bit (Bukan Bit Gula) | Pertanian Tanaman Bunga | Pertanian Pembenihan Tanaman Bunga | Pertanian Tanaman Semusim Lainnya Ytdl | Pertanian Buah Anggur | Pertanian Buah-Buahan Tropis Dan Subtropis | Pertanian Buah Jeruk | Pertanian Buah Apel Dan Buah Batu (Pome And Stone Fruits) | Pertanian Buah Beri | Pertanian Sayuran Tahunan | Pertanian Buah Semak Lainnya | Pertanian Kelapa | Pertanian Kelapa Sawit | Pertanian Buah Oleagin Lainnya | Pertanian Kopi | Pertanian Tanaman Teh | Pertanian Kakao | Pertanian Tanaman Untuk Bahan Minuman Lainnya | Pertanian Lada | Pertanian Cengkih | Pertanian Pala | Pertanian Tanaman Aromatik/Penyegar | Pertanian Tanaman Obat Rimpang | Pertanian Tanaman Obat Nonrimpang | Pertanian Tanaman Rempah-Rempah Dan Aromatik/Penyegar Lainnya | Pertanian Pohon Karet Dan Tanaman Penghasil Getah Lainnya | Pertanian Tanaman Tahunan Lainnya Ytdl | Pertanian Tanaman Hias | Pembiakan Tanaman Lainnya | Budi Daya Dan Pembibitan Lebah | Budi Daya Dan Pembibitan Cacing | Jasa Pengolahan Lahan | Jasa Pemupukan | Jasa Pemanenan | Jasa Penanaman Benih | Aktivitas Penyaluran Tenaga Listrik | Pengoperasian Instalasi Pemanfaatan Tenaga Listrik | Produksi Es | Aktivitas Broker Dan Agen Penjualan Tenaga Listrik | Pengolahan Dan Penyediaan Air Minum | Penampungan Dan Penyediaan Air Baku | Aktivitas Penunjang Penyediaan Air | Konstruksi Konvensional Gedung Hunian | Perdagangan Eceran Buah-Buahan | Perdagangan Eceran Sayuran | Perdagangan Eceran Minuman Tidak Beralkohol | Perdagangan Eceran Beras | Perdagangan Eceran Roti, Kue Kering, Serta Kue Basah Dan Sejenisnya | Perdagangan Eceran Kopi, Gula Pasir, Gula Merah, Dan Sejenisnya | Perdagangan Eceran Tahu, Tempe, Tauco, Dan Oncom | Perdagangan Eceran Makanan Lainnya | Perdagangan Eceran Perlengkapan Rumah Tangga Dari Tekstil | Perdagangan Eceran Perlengkapan Jahit Menjahit | Platform Digital Intermediasi Perdagangan Eceran | Jasa Intermediasi Perdagangan Eceran Lainnya | Aktivitas Penyiaran Radio Analog | Aktivitas Telekomunikasi Dengan Satelit | Aktivitas Penyewaan Bangunan Dan Lahan Hunian Milik Sendiri Atau Sewa | Penelitian Dan Pengembangan Ilmu Pengetahuan Sosial | Penelitian Dan Pengembangan Humaniora | Aktivitas Periklanan | Penelitian Pasar | Jajak Pendapat Opini Publik | Aktivitas Kehumasan | Aktivitas Desain Peralatan Rumah Tangga Dan Furnitur | Aktivitas Desain Tekstil, Mode/Fesyen, Dan Garmen | Aktivitas Desain Peralatan Olahraga Dan Permainan | Aktivitas Desain Pengemasan | Aktivitas Desain Industri Lainnya | Aktivitas Desain Interior | Aktivitas Desain Grafis/Komunikasi Visual | Aktivitas Desain Khusus Film, Video, Program Televisi, Animasi Dan Komik | Aktivitas Desain Konten Gim | Aktivitas Desain Khusus Lainya Ytdl | Aktivitas Fotografi Lainnya | Aktivitas Penerjemah Atau Interpreter | Aktivitas Broker Dan Layanan Pemasaran Paten | Semua Aktivitas Profesional, Ilmiah Dan Teknis Ytdl Lainnya | Aktivitas Personel Kesehatan Hewan Mandiri | Penyewaan Dan Sewa Guna Usaha Alat Rekreasi Dan Olahraga | Penyewaan Peralatan Dan Perlengkapan Acara | Penyewaan Alat Musik | Penyewaan Barang Hasil Pencetakan Dan Penerbitan | Penyewaan Bunga Dan Tanaman Hias | Penyewaan Barang Pribadi Dan Barang Rumah Tangga Lainnya Ytdl | Penyewaan Dan Sewa Guna Usaha Alat Transportasi Darat Bukan Kendaraan Bermotor | Penyewaan Dan Sewa Guna Usaha Mesin Dan Peralatan Kantor | Penyewaan Dan Sewa Guna Usaha Mesin Dan Peralatan Komunikasi Dan Multimedia | Penyewaan Dan Sewa Guna Usaha Mesin, Peralatan, Dan Barang Berwujud Lainnya Ytdl | Sewa Guna Usaha Kekayaan Intelektual Dan Produk Sejenis, Bukan Karya Berhak Cipta | Aktivitas Jasa Intermediasi Untuk Penyewaan Dan Sewa Guna Usaha Barang Berwujud Dan Aset Tak Berwujud Nonfinansial Lainnya | Aktivitas Penempatan Tenaga Kerja Untuk Usaha Di Dalam Negeri | Aktivitas Penempatan Tenaga Kerja Untuk Rumah Tangga Sebagai Pemberi Kerja Di Dalam Negeri | Aktivitas Penempatan Awak Kapal | Aktivitas Penyediaan Informasi Lowongan Kerja | Aktivitas Penempatan Tenaga Kerja Lainnya | Aktivitas Penyediaan Tenaga Kerja Sementara Dan Penyediaan Sumber Daya Manusia Lainnya | Aktivitas Agen Perjalanan | Aktivitas Biro Perjalanan Wisata | Aktivitas Biro Perjalanan Ibadah Umrah Dan Haji Khusus | Aktivitas Biro Perjalanan Lainnya | Jasa Informasi Pariwisata | Jasa Informasi Daya Tarik Wisata | Jasa Pramuwisata | Aktivitas Terkait Perjalanan Lainnya Ytdl | Aktivitas Kebersihan Umum Bangunan | Aktivitas Kebersihan Lainnya | Aktivitas Jasa Lanskap | Aktivitas Administrasi Kantor Dan Penunjang Kantor | Jasa Intermediasi Untuk Aktivitas Penunjang Usaha Ytdl 
 Selain Intermediasi Finansial | Aktivitas Jasa Penunjang Usaha Lainnya Ytdl | Pendidikan Taman Kanak-Kanak Umum Pemerintah | Pendidikan Taman Kanak-Kanak Umum Swasta | Pendidikan Prasekolah Keagamaan Islam | Pendidikan Prasekolah Keagamaan Protestan, Katolik, Hindu, Buddha, Atau Konghucu | Pendidikan Keagamaan Islam Nonformal | Pendidikan Bahasa Swasta | Pendidikan Bimbingan Belajar Dan Konseling Swasta | Jasa Perantara Kursus Dan Tutor";"Produksi Bulu Domba Mentah/Raw Wool | Budi Daya Ayam Ras Pedaging | Budi Daya Ayam Ras Petelur | Pembibitan Ayam Lokal Dan Persilangannya | Budi Daya Ayam Lokal Dan Persilangannya | Budi Daya Dan Pembibitan Itik Dan Bebek | Budi Daya Dan Pembibitan Burung Puyuh | Budi Daya Dan Pembibitan Burung Merpati | Pembibitan Ayam Ras | Budi Daya Dan Pembibitan Unggas Lainnya | Budi Daya Dan Pembibitan Ulat Sutra | Budi Daya Dan Pembibitan Kelinci | Jasa Penyemprotan Dan Penyerbukan Melalui Udara | Jasa Pengendalian Organisme Pengganggu Tumbuhan (Opt) | Jasa Perkawinan Ternak | Jasa Penetasan Telur | Jasa Pascapanen | Perdagangan Eceran Rokok Dan Tembakau | Perdagangan Eceran Daging Olahan | Perdagangan Eceran Ikan Olahan | Aktivitas Penukaran Valuta Asing (Money Changer) | Penyediaan Jasa Pembayaran | Aktivitas Advisori Investasi | Aktivitas Advisori Syariah Pasar Modal | Aktivitas Advisori Pasar Keuangan Lainnya | Pemeringkatan Usaha Mikro, Kecil, Menengah, Dan Koperasi | Aktivitas Penunjang Jasa Keuangan Lainnya Ytdl, Kecuali 
 Asuransi Dan Dana Pensiun | Aktivitas Penilai Risiko Asuransi | Aktivitas Penilai Kerugian Asuransi | Aktivitas Agen Asuransi | Aktivitas Agen Penjaminan | Aktivitas Penunjang Lainnya Untuk Asuransi, Penjaminan, Dan Dana Pensiun | Aktivitas Advisori Aktuaria | Aktivitas Penunjang Lainnya Untuk Asuransi, Penjamian, Dan Dana Pensiun Ytdl | Aktivitas Pengembangan Bangunan Dan Lahan Hunian | Aktivitas Penyewaan Bangunan Dan Lahan Hunian Milik Sendiri Atau Sewa | Aktivitas Jasa Intermediasi Real Estat | Jasa Penaksir Real Estat | Pengelolaan Real Estat Hunian Atas Dasar Balas Jasa (Fee) Atau Kontrak | Aktivitas Real Estat Atas Dasar Balas Jasa (Fee) Atau Kontrak Lainnya Ytdl | Aktivitas Pengacara | Aktivitas Konsultan Hukum | Aktivitas Konsultan Kekayaan Intelektual | Aktivitas Notaris Dan Pejabat Pembuat Akta Tanah | Aktivitas Akuntansi, Pembukuan, Dan Pemeriksa | Aktivitas Konsultansi Pajak | Aktivitas Konsultansi Manajemen Dan Bisnis Pariwisata | Aktivitas Konsultansi Manajemen Dan Bisnis Industri | Aktivitas Konsultansi Manajemen Dan Bisnis Perdagangan | Aktivitas Konsultasi Manajemen Dan Bisnis Lainnya | Aktivitas Arsitektural | Aktivitas Enjinering Dan Konsultansi Teknis Terkait Lainnya | Jasa Sertifikasi Teknis | Jasa Inspeksi Teknis | Jasa Verifikasi Dan Validasi Teknis | Jasa Pengujian Teknis";"Budi Daya Dan Pembibitan Sapi Potong | Budi Daya Dan Pembibitan Sapi Perah | Budi Daya Dan Pembibitan Kerbau Potong | Budi Daya Dan Pembibitan Kerbau Perah | Peternakan Kuda Dan Sejenisnya | Peternakan Unta Dan Sejenisnya | Budi Daya Dan Pembibitan Domba Potong | Budi Daya Dan Pembibitan Kambing Potong | Budi Daya Dan Pembibitan Kambing Perah | Budi Daya Dan Pembibitan Domba Perah | Budi Daya Dan Pembibitan Burung Unta | Budi Daya Dan Pembibitan Rusa | Budi Daya Dan Pembibitan Hewan Lainnya | Pengolahan Dan Pengawetan Daging Dan Produk Daging | Pengolahan Dan Pengawetan Ikan Dengan Pelumatan | Pengasinan Buah-Buahan Dan Sayuran | Pelumatan Buah-Buahan Dan Sayuran | Pembuatan Tempe Kedelai | Pembuatan Tahu Kedelai | Industri Produk Gilingan Gandum (Selain Tepung Terigu) Dan Serelia Selain Beras Dan Jagung | Industri Produk Gilingan Aneka Kacang | Industri Produk Gilingan Aneka Umbi, Tanaman Rimpang, Dan Sayuran | Industri Tepung Campuran Dan Adonan Tepung | Industri Makanan Sereal | Industri Tepung Terigu | Industri Kue Basah | Industri Kain Batik | Industri Minyak Pelumas | Industri Briket | Industri Kimia Dasar Organik Dari Sumber Daya Alam Hayati | Industri Pupuk Hara Mikro | Industri Pupuk Organik, Pupuk Hayati, Dan Media Tanam | Industri Biostimulan | Industri Minyak Asiri Hulu | Industri Minyak Asiri Rantai Tengah | Industri Bahan Baku Obat Bahan Alam Untuk Manusia | Industri Produk Obat Bahan Alam Untuk Manusia | Industri Produk Obat Bahan Alam Untuk Hewan | Industri Bahan Baku Obat Bahan Alam Untuk Hewan | Industri Peralatan Listrik Rumah Tangga | Pemasangan Perlengkapan Meteorologi, Klimatologi, Dan Geofisika | Pembangkitan Tenaga Listrik Dari Sumber Energi Terbarukan | Aktivitas Penyimpanan Tenaga Listrik | Pengoperasian Fasilitas Atau Stasiun Pengisian Daya Untuk Kendaraan Dan Peralatan Listrik | Aktivitas Penunjang Tenaga Listrik Lainnya | Aktivitas Broker Dan Agen Penjualan Gas Alam | Aktivitas Penangkapan Karbon | Konstruksi Konvensional Gedung Perkantoran | Konstruksi Konvensional Gedung Kesehatan | Konstruksi Konvensional Gedung Pendidikan | Perdagangan Besar Alat Tulis Dan Gambar | Perdagangan Besar Barang Percetakan Dan Penerbitan Dalam Berbagai Bentuk | Perdagangan Besar Produk Lainnya Ytdl | Perdagangan Besar Berbagai Macam Barang Selain Di 
 Grosir/Perkulakan Swalayan | Perdagangan Eceran Berbagai Macam Barang Yang Utamanya 
 Makanan, Minuman, Atau Tembakau Dengan Sistem Swalayan | Perdagangan Eceran Berbagai Macam Barang Yang Utamanya 
 Bukan Makanan, Minuman, Atau Tembakau Dengan Sistem 
 Swalayan | Perdagangan Eceran Hasil Kehutanan Dan Perburuan | Perdagangan Eceran Komputer Dan Perlengkapannya | Perdagangan Eceran Telepon Beserta Aksesorisnya | Perdagangan Eceran Peralatan Audio Dan Video | Perdagangan Eceran Perkakas Dan Peralatan Pertukangan | Perdagangan Eceran Cat, Pernis Dan Lakeri | Perdagangan Eceran Furnitur | Perdagangan Eceran Peralatan Listrik Rumah Tangga, Peralatan Penerangan, Dan Perlengkapannya | Perdagangan Eceran Obat Farmasi Untuk Hewan | Perdagangan Eceran Obat Tradisional Untuk Hewan | Perdagangan Eceran Kosmetik Untuk Hewan | Perdagangan Eceran Bahan Baku Farmasi Dan Alat Kesehatan Lainnya | Perdagangan Eceran Barang Listrik Dan Elektronik Bekas | Perdagangan Eceran Bahan Konstruksi Dan Saniter Bekas | Perdagangan Eceran Hewan Kesayangan (Pet Animals) | Perdagangan Eceran Hewan Ternak Dan Bibit Hewan | Perdagangan Eceran Pakan Ternak/Unggas/Ikan Dan Hewan Kesayangan | Perdagangan Eceran Pupuk Dan Pemberantas Hama | Perdagangan Eceran Gas Tabung Lpg | Perdagangan Eceran Berbagai Macam Mesin Dan Perlengkapannya | Perdagangan Eceran Alat-Alat Pertanian | Perdagangan Eceran Perlengkapan Pengendara Kendaraan Bermotor | Perdagangan Eceran Suku Cadang Sepeda Motor Dan Aksesorinya | Aktivitas Hotel Bintang Lima | Aktivitas Hotel Bintang Empat | Aktivitas Hotel Bintang Tiga | Aktivitas Hotel Bintang Dua | Aktivitas Hotel Bintang Satu | Aktivitas Hotel Nonbintang | Aktivitas Rumah Tinggal Sewa (Homestay) | Aktivitas Hostel Remaja (Youth Hostel) | Aktivitas Vila | Aktivitas Apartemen Hotel | Aktivitas Penyediaan Akomodasi Jangka Pendek Lainnya | Aktivitas Penyediaan Bumi Perkemahan, Persinggahan Karavan, Dan Taman Karavan | Aktivitas Jasa Intermediasi Akomodasi | Aktivitas Jasa Manajemen Akomodasi | Penyediaan Akomodasi Lainnya Ytdl | Aktivitas Penyediaan Makanan Di Bangunan Tetap | Aktivitas Penyediaan Makanan Di Bangunan Tidak Tetap | Aktivitas Jasa Boga Untuk Acara Tertentu (Event Catering) | Aktivitas Rumah Minum/Kafe | Aktivitas Kedai Minuman | Aktivitas Rumah/Kedai Obat Bahan Alam | Aktivitas Penyediaan Minuman Keliling/Tempat Tidak Tetap | Aktivitas Jasa Intermediasi Penyediaan Makanan Dan Minuman | Penerbitan Buku | Penerbitan Surat Kabar | Aktivitas Penukaran Valuta Asing (Money Changer) | Penyediaan Jasa Pembayaran | Aktivitas Advisori Investasi | Aktivitas Advisori Syariah Pasar Modal | Aktivitas Advisori Pasar Keuangan Lainnya | Pemeringkatan Usaha Mikro, Kecil, Menengah, Dan Koperasi | Aktivitas Penunjang Jasa Keuangan Lainnya Ytdl, Kecuali 
 Asuransi Dan Dana Pensiun | Aktivitas Penilai Risiko Asuransi | Aktivitas Penilai Kerugian Asuransi | Aktivitas Agen Asuransi | Aktivitas Agen Penjaminan | Aktivitas Penunjang Lainnya Untuk Asuransi, Penjaminan, Dan Dana Pensiun | Aktivitas Advisori Aktuaria | Aktivitas Penunjang Lainnya Untuk Asuransi, Penjamian, Dan Dana Pensiun Ytdl | Aktivitas Pengembangan Bangunan Dan Lahan Hunian | Aktivitas Penyewaan Bangunan Dan Lahan Hunian Milik Sendiri Atau Sewa | Aktivitas Jasa Intermediasi Real Estat | Jasa Penaksir Real Estat | Pengelolaan Real Estat Hunian Atas Dasar Balas Jasa (Fee) Atau Kontrak | Aktivitas Real Estat Atas Dasar Balas Jasa (Fee) Atau Kontrak Lainnya Ytdl | Aktivitas Pengacara | Aktivitas Konsultan Hukum | Aktivitas Konsultan Kekayaan Intelektual | Aktivitas Notaris Dan Pejabat Pembuat Akta Tanah | Aktivitas Akuntansi, Pembukuan, Dan Pemeriksa | Aktivitas Konsultansi Pajak | Aktivitas Konsultansi Manajemen Dan Bisnis Pariwisata | Aktivitas Konsultansi Manajemen Dan Bisnis Industri | Aktivitas Konsultansi Manajemen Dan Bisnis Perdagangan | Aktivitas Konsultasi Manajemen Dan Bisnis Lainnya | Aktivitas Arsitektural | Aktivitas Enjinering Dan Konsultansi Teknis Terkait Lainnya | Jasa Sertifikasi Teknis | Jasa Inspeksi Teknis | Jasa Verifikasi Dan Validasi Teknis | Jasa Pengujian Teknis | Administrasi Pelayanan Pemerintah Bidang Pendidikan | Administrasi Pelayanan Pemerintah Bidang Kesehatan | Administrasi Pelayanan Pemerintah Bidang Perumahan | Administrasi Pelayanan Pemerintah Bidang Kesejahteraan 
 Sosial | Administrasi Pelayanan Pemerintah Bidang Keagamaan | Administrasi Pelayanan Pemerintah Bidang Lingkungan Hidup | Kegiatan Lembaga Pemerintahan Bidang Komunikasi Dan Informatika | Kegiatan Lembaga Pemerintahan Bidang Penanggulangan Bencana Dan Pemadam Kebakaran | Aktivitas Jaminan Sosial Wajib | Pendidikan Dasar Umum Pemerintah | Pendidikan Dasar Umum Swasta | Pendidikan Dasar Keagamaan Islam | Pendidikan Dasar Keagamaan Protestan, Katolik, Hindu, Buddha, Atau Konghucu | Pendidikan Menengah Kejuruan Umum Pemerintah | Pendidikan Pascamenengah Nontersier | Pendidikan Olahraga Dan Rekreasi | Pendidikan Kebudayaan | Pendidikan Pesantren Lainnya | Pendidikan Keagamaan Lainnya Ytdl | Pendidikan Lainnya Pemerintah | Pelatihan Kerja Pemerintah | Pelatihan Kerja Teknologi Informasi Dan Komunikasi Swasta | Pelatihan Kerja Industri Kreatif Swasta | Pelatihan Kerja Bisnis Dan Manajemen Swasta | Pelatihan Kerja Pekerjaan Domestik Swasta | Pelatihan Kerja Swasta Lainnya | Pelatihan Kerja Teknologi Informasi Dan Komunikasi Perusahaan | Pelatihan Kerja Industri Kreatif Perusahaan | Pelatihan Kerja Bisnis Dan Manajemen Perusahaan | Pelatihan Kerja Pekerjaan Domestik Perusahaan | Pelatihan Kerja Perusahaan Lainnya | Pendidikan Manajemen Dan Perbankan | Pendidikan Komputer (Teknologi Informasi Dan Komunikasi) Swasta | Pendidikan Kesehatan Swasta | Pendidikan Kerajinan Dan Industri | Pendidikan Lainnya Swasta | Aktivitas Sertifikasi Profesi Hasil Pendidikan Dan Pelatihan Sendiri | Aktivitas Sertifikasi Profesi Hasil Pendidikan Dan Pelatihan Mitra | Aktivitas Sertifikasi Profesi Oleh Asosiasi | Aktivitas Sertifikasi Profesi Independen | Kegiatan Penunjang Pendidikan Lainnya";Pemilihan Benih Tanaman Untuk Pembiakan | Pengolahan Dan Pengawetan Daging Dan Produk Daging | Pengolahan Dan Pengawetan Ikan Dengan Pelumatan | Pengasinan Buah-Buahan Dan Sayuran | Pelumatan Buah-Buahan Dan Sayuran | Industri Kerupuk, Keripik, Peyek, Dan Sejenisnya | Industri Dodol | Industri Air Kemasan | Industri Air Minum Isi Ulang | Industri Zat Pengatur Tumbuh | Industri Minyak Asiri Hulu | Industri Minyak Asiri Rantai Tengah | Industri Bahan Baku Obat Bahan Alam Untuk Manusia | Industri Produk Obat Bahan Alam Untuk Manusia | Industri Produk Obat Bahan Alam Untuk Hewan | Industri Bahan Baku Obat Bahan Alam Untuk Hewan | Industri Peralatan Listrik Rumah Tangga | Aktivitas Hotel Bintang Lima | Aktivitas Hotel Bintang Empat | Aktivitas Hotel Bintang Tiga | Aktivitas Hotel Bintang Dua | Aktivitas Hotel Bintang Satu | Aktivitas Hotel Nonbintang | Aktivitas Rumah Tinggal Sewa (Homestay) | Aktivitas Hostel Remaja (Youth Hostel) | Aktivitas Vila | Aktivitas Apartemen Hotel | Aktivitas Penyediaan Akomodasi Jangka Pendek Lainnya | Aktivitas Penyediaan Bumi Perkemahan, Persinggahan Karavan, Dan Taman Karavan | Aktivitas Jasa Intermediasi Akomodasi | Aktivitas Jasa Manajemen Akomodasi | Penyediaan Akomodasi Lainnya Ytdl | Aktivitas Penyediaan Makanan Di Bangunan Tetap | Aktivitas Penyediaan Makanan Di Bangunan Tidak Tetap | Aktivitas Jasa Boga Untuk Acara Tertentu (Event Catering) | Aktivitas Rumah Minum/Kafe | Aktivitas Kedai Minuman | Aktivitas Rumah/Kedai Obat Bahan Alam | Aktivitas Penyediaan Minuman Keliling/Tempat Tidak Tetap | Aktivitas Jasa Intermediasi Penyediaan Makanan Dan Minuman | Penerbitan Buku | Penerbitan Surat Kabar | Aktivitas Penyewaan Bangunan Dan Lahan Hunian Milik Sendiri Atau Sewa | Pengujian Dan Analisis Teknis Lainnya | Penelitian Dan Pengembangan Ilmu Alam | Penelitian Dan Pengembangan Enjinering Dan Teknologi | Penelitian Dan Pengembangan Ilmu Pertanian Dan Kedokteran Hewan | Penelitian Dan Pengembangan Eksperimental Ilmu Alam Dan Enjinering Lainnya | Aktivitas Desain Alat Transportasi Dan Permesinan | Aktivitas Desain Alat Komunikasi Dan Elektronika | Aktivitas Desain Produk Kesehatan, Kosmetik, Dan Perlengkapan Laboratorium | Aktivitas Fotografi Udara | Jasa Meteorologi Dan Prakiraan Cuaca | Aktivitas Pengelolaan Sarana Kesehatan Hewan | Aktivitas Pengelolaan Kesehatan Hewan Lainnya | Penyewaan Dan Sewa Guna Usaha Kendaraan Bermotor | Penyewaan Dan Sewa Guna Usaha Mesin Dan Alat Pertanian | Aktivitas Jasa Intermediasi Untuk Penyewaan Dan Sewa Guna Usaha Mobil | Aktivitas Penempatan Tenaga Kerja Luar Negeri | Aktivitas Investigasi Dan Keamanan Swasta | Aktivitas Keamanan Ytdl | Aktivitas Penyediaan Gabungan Jasa Penunjang Fasilitas | Aktivitas Pusat Panggilan (Call Center) | Penyelenggaraan Konvensi Dan Pameran Bisnis | Aktivitas Agen Penagihan | Aktivitas Biro Kredit | Aktivitas Pengepakan Bahan Dan Produk Hasil Pertanian, Perkebunan, Kehutanan, Dan Perikanan | Aktivitas Pengepakan Bahan Dan Produk Makanan Dan Minuman Olahan | Aktivitas Pengepakan Tekstil Dan Produk Tekstil | Aktivitas Pengepakan Lainnya;Industri Kerupuk, Keripik, Peyek, Dan Sejenisnya | Industri Dodol | Industri Air Kemasan | Industri Air Minum Isi Ulang | Konstruksi Konvensional Gedung Penginapan | Konstruksi Konvensional Gedung Hiburan Dan Olahraga | Konstruksi Konvensional Gedung Lainnya;Industri Pesawat Udara Tanpa Awak Dan Mesin Terkait | Industri Komponen Dan Perlengkapan Sepeda Motor Roda Dua Dan Tiga | Industri Sepeda Dan Kursi Roda Termasuk Becak | Industri Perlengkapan Sepeda Dan Kursi Roda Termasuk Becak | Industri Furnitur Dari Kayu | Industri Furnitur Dari Rotan Dan Bambu | Industri Furnitur Dari Plastik | Industri Furnitur Dari Bahan Lainnya Ytdl | Industri Permata | Industri Perhiasan Dari Logam Mulia | Industri Barang Berharga Dari Logam Mulia Bukan Perhiasan | Industri Perhiasan Dari Mutiara | Industri Barang Berharga Lainnya Dari Logam Mulia | Industri Perhiasan Imitasi Dan Barang Sejenis | Industri Alat Musik Tradisional | Industri Alat Musik Nontradisional | Industri Peralatan Dan Perlengkapan Olahraga | Industri Kacamata | Industri Peralatan Kedokteran Dan Kedokteran Gigi, Serta Perlengkapan Lainnya | Industri Pita Mesin Tulis Atau Gambar | Industri Kerajinan Ytdl | Reparasi Dan Pemeliharaan Produk Logam Pabrikasi Lainnya | Reparasi Dan Pemeliharaan Mesin Untuk Keperluan Umum | Reparasi Dan Pemeliharaan Alat Ukur, Alat Uji, Serta Peralatan Navigasi Dan Pengontrol | Reparasi Dan Pemeliharaan Peralatan Fotografi Dan Optik | Reparasi Dan Pemeliharaan Motor Listrik, Generator, Dan Transformator | Reparasi Dan Pemeliharaan Peralatan Listrik Lainnya | Reparasi Dan Pemeliharaan Alat Angkutan Lainnya, Bukan Kendaraan Bermotor | Reparasi Dan Pemeliharaan Peralatan Lainnya | Instalasi/Pemasangan Dan Perangkaian/Integrasi Mesin, Peralatan, Dan Sistem Industri | Produksi Kompos Sampah Organik;Pengasinan Buah-Buahan Dan Sayuran | Pelumatan Buah-Buahan Dan Sayuran | Industri Peralatan Listrik Rumah Tangga;-;"Jasa Penunjang Pertanian Lainnya | Jasa Penunjang Peternakan Lainnya | Industri Kerupuk, Keripik, Peyek, Dan Sejenisnya | Industri Dodol | Industri Air Kemasan | Industri Air Minum Isi Ulang | Industri Minyak Pelumas | Industri Briket | Industri Kimia Dasar Organik Dari Sumber Daya Alam Hayati | Industri Pupuk Hara Mikro | Industri Pupuk Organik, Pupuk Hayati, Dan Media Tanam | Industri Biostimulan | Industri Peralatan Listrik Rumah Tangga | Industri Pesawat Udara Tanpa Awak Dan Mesin Terkait | Industri Komponen Dan Perlengkapan Sepeda Motor Roda Dua Dan Tiga | Industri Sepeda Dan Kursi Roda Termasuk Becak | Industri Perlengkapan Sepeda Dan Kursi Roda Termasuk Becak | Industri Furnitur Dari Kayu | Industri Furnitur Dari Rotan Dan Bambu | Industri Furnitur Dari Plastik | Industri Furnitur Dari Bahan Lainnya Ytdl | Industri Permata | Industri Perhiasan Dari Logam Mulia | Industri Barang Berharga Dari Logam Mulia Bukan Perhiasan | Industri Perhiasan Dari Mutiara | Industri Barang Berharga Lainnya Dari Logam Mulia | Industri Perhiasan Imitasi Dan Barang Sejenis | Industri Alat Musik Tradisional | Industri Alat Musik Nontradisional | Industri Peralatan Dan Perlengkapan Olahraga | Industri Kacamata | Industri Peralatan Kedokteran Dan Kedokteran Gigi, Serta Perlengkapan Lainnya | Industri Pita Mesin Tulis Atau Gambar | Industri Kerajinan Ytdl | Reparasi Dan Pemeliharaan Produk Logam Pabrikasi Lainnya | Reparasi Dan Pemeliharaan Mesin Untuk Keperluan Umum | Reparasi Dan Pemeliharaan Alat Ukur, Alat Uji, Serta Peralatan Navigasi Dan Pengontrol | Reparasi Dan Pemeliharaan Peralatan Fotografi Dan Optik | Reparasi Dan Pemeliharaan Motor Listrik, Generator, Dan Transformator | Reparasi Dan Pemeliharaan Peralatan Listrik Lainnya | Reparasi Dan Pemeliharaan Alat Angkutan Lainnya, Bukan Kendaraan Bermotor | Reparasi Dan Pemeliharaan Peralatan Lainnya | Instalasi/Pemasangan Dan Perangkaian/Integrasi Mesin, Peralatan, Dan Sistem Industri | Pengoperasian Fasilitas Atau Stasiun Pengisian Daya Untuk Kendaraan Dan Peralatan Listrik | Konstruksi Konvensional Gedung Perkantoran | Konstruksi Jalan Pada Permukaan Tanah | Konstruksi Bangunan Sipil Jembatan, Jalan Layang, Fly Over, Dan Underpass | Konstruksi Jalan Rel | Konstruksi Terowongan | Konstruksi Jaringan Irigasi Dan Drainase | Konstruksi Bangunan Sipil Pengolahan Air Bersih | Konstruksi Bangunan Sipil Elektrikal | Konstruksi Bangunan Sipil Telekomunikasi Untuk Prasarana Transportasi | Konstruksi Sentral Telekomunikasi | Konstruksi Pengeboran/Penggalian Air Tanah | Konstruksi Bangunan Prasarana Sumber Daya Air | Konstruksi Bangunan Sipil Fasilitas Olahraga | Pembongkaran | Penyiapan Lahan | Pemasangan Jaringan Listrik | Pemasangan Jaringan Telekomunikasi | Pemasangan Sistem Elektronika | Pemasangan Sistem Persinyalan Dan Telekomunikasi Kereta Api | Pemasangan Perlengkapan Jalan Berbasis Listrik | Pemasangan Saluran Air (Plumbing) | Pemasangan Jaringan Penyaluran Gas | Pemasangan Pendingin Dan Ventilasi Udara | Pemasangan Perlengkapan Mekanikal Bangunan | Pemasangan Kaca, Pintu, Kusen, Jendela, Dan Sejenisnya | Pengerjaan Lantai, Dinding, Dan Plafon | Pengecatan | Penyelesaian Konstruksi Bangunan Lainnya | Jasa Intermediasi Konstruksi Khusus | Pemasangan Dan Rekayasa Struktur Bangunan | Pemasangan Perancah (Steger) | Pemasangan Rangka Dan Atap/Roof Covering | Pemasangan Kerangka Baja | Penyewaan Alat Konstruksi Dengan Operator | Perdagangan Besar Bunga Dan Tanaman Hias | Perdagangan Besar Alat Tulis Dan Gambar | Perdagangan Besar Barang Percetakan Dan Penerbitan Dalam Berbagai Bentuk | Perdagangan Besar Peralatan Dan Perlengkapan Olahraga | Perdagangan Besar Alat Musik | Perdagangan Besar Alat Permainan Dan Mainan | Perdagangan Besar Tas, Dompet, Koper, Ransel, Dan Sejenisnya | Perdagangan Besar Perangkat Lunak | Perdagangan Besar Disket, Flash Drive, Pita Audio Dan Video, Serta Cd Dan Dvd Kosong | Perdagangan Besar Barang Dari Kertas Dan Karton | Perdagangan Besar Produk Lainnya Ytdl | Perdagangan Besar Berbagai Macam Barang Selain Di 
 Grosir/Perkulakan Swalayan | Perdagangan Eceran Berbagai Macam Barang Yang Utamanya 
 Makanan, Minuman, Atau Tembakau Dengan Sistem Swalayan | Perdagangan Eceran Berbagai Macam Barang Yang Utamanya 
 Makanan, Minuman, Atau Tembakau Selain Dengan Sistem 
 Swalayan | Perdagangan Eceran Berbagai Macam Barang Yang Utamanya 
 Bukan Makanan, Minuman, Atau Tembakau Dengan Sistem 
 Swalayan | Perdagangan Eceran Berbagai Macam Barang Yang Utamanya 
 Bukan Makanan, Minuman, Atau Tembakau Selain Dengan Sistem 
 Swalayan | Perdagangan Eceran Padi Dan Palawija | Perdagangan Eceran Hasil Peternakan | Perdagangan Eceran Hasil Perikanan | Perdagangan Eceran Hasil Kehutanan Dan Perburuan | Perdagangan Eceran Hasil Pertanian Lainnya | Perdagangan Eceran Daging Olahan | Perdagangan Eceran Ikan Olahan | Perdagangan Eceran Komputer Dan Perlengkapannya | Perdagangan Eceran Peralatan Dan Produk Gim Video Serta 
 Sejenisnya | Perdagangan Eceran Perangkat Lunak (Software) | Perdagangan Eceran Telepon Beserta Aksesorisnya | Perdagangan Eceran Peralatan Audio Dan Video | Perdagangan Eceran Tekstil | Perdagangan Eceran Perkakas Dan Peralatan Pertukangan | Perdagangan Eceran Peralatan Keselamatan Dan Gawat Darurat | Perdagangan Eceran Karpet, Permadani, Serta Penutup Dinding Dan Lantai | Perdagangan Eceran Furnitur | Perdagangan Eceran Peralatan Listrik Rumah Tangga, Peralatan Penerangan, Dan Perlengkapannya | Perdagangan Eceran Barang Pecah Belah; Perlengkapan Dapur Dan Makan | Perdagangan Eceran Alat Musik | Perdagangan Eceran Peralatan Dan Perlengkapan Rumah Tangga Lainnya Ytdl | Perdagangan Eceran Alat Tulis Menulis Dan Gambar | Perdagangan Eceran Hasil Pencetakan Dan Penerbitan | Perdagangan Eceran Kertas, Kertas Karton, Dan Barang Dari Kertas/Karton | Perdagangan Eceran Peralatan Dan Perlengkapan Olahraga | Perdagangan Eceran Alat Permainan Dan Mainan | Perdagangan Eceran Khusus Barang Kesenian Dan Rekreasi 
 Ytdl | Perdagangan Eceran Pakaian | Perdagangan Eceran Sepatu, Sandal, Dan Alas Kaki Lainnya | Perdagangan Eceran Perlengkapan Pakaian | Perdagangan Eceran Tas, Dompet, Koper, Ransel, Dan Sejenisnya | Perdagangan Eceran Sediaan Farmasi Untuk Manusia Di Apotek | Perdagangan Eceran Sediaan Farmasi Untuk Manusia Selain Di Apotek | Perdagangan Eceran Obat Bahan Alam Untuk Manusia | Perdagangan Eceran Kosmetik Untuk Manusia | Perdagangan Eceran Alat Kesehatan Untuk Manusia | Perdagangan Eceran Alat Fotografi Dan Perlengkapannya | Perdagangan Eceran Alat Optik Dan Perlengkapannya | Perdagangan Eceran Kacamata | Perdagangan Eceran Jam | Perdagangan Eceran Barang Perhiasan | Perdagangan Eceran Barang Antik | Perdagangan Eceran Bunga Potong/Florist | Perdagangan Eceran Tanaman Dan Bibit Tanaman Selain Tanaman Kehutanan | Perdagangan Eceran Perlengkapan Dan Media Tanaman Hias | Perdagangan Eceran Aromatik/Penyegar (Minyak Asiri) | Perdagangan Eceran Cendera Mata, Kerajinan, Dan Barang Barang Keagamaan | Perdagangan Eceran Lukisan | Perdagangan Eceran Pembungkus Dari Plastik | Perdagangan Eceran Barang Baru Lainnya Ytdl | Angkutan Ojek Motor | Angkutan Tidak Bermotor Untuk Penumpang | Aktivitas Hotel Bintang Lima | Aktivitas Hotel Bintang Empat | Aktivitas Hotel Bintang Tiga | Aktivitas Hotel Bintang Dua | Aktivitas Hotel Bintang Satu | Aktivitas Hotel Nonbintang | Aktivitas Rumah Tinggal Sewa (Homestay) | Aktivitas Hostel Remaja (Youth Hostel) | Aktivitas Vila | Aktivitas Apartemen Hotel | Aktivitas Penyediaan Akomodasi Jangka Pendek Lainnya | Aktivitas Penyediaan Bumi Perkemahan, Persinggahan Karavan, Dan Taman Karavan | Aktivitas Jasa Intermediasi Akomodasi | Aktivitas Jasa Manajemen Akomodasi | Penyediaan Akomodasi Lainnya Ytdl | Aktivitas Penukaran Valuta Asing (Money Changer) | Penyediaan Jasa Pembayaran | Aktivitas Advisori Investasi | Aktivitas Advisori Syariah Pasar Modal | Aktivitas Advisori Pasar Keuangan Lainnya | Pemeringkatan Usaha Mikro, Kecil, Menengah, Dan Koperasi | Aktivitas Penunjang Jasa Keuangan Lainnya Ytdl, Kecuali 
 Asuransi Dan Dana Pensiun | Aktivitas Penilai Risiko Asuransi | Aktivitas Penilai Kerugian Asuransi | Aktivitas Agen Asuransi | Aktivitas Agen Penjaminan | Aktivitas Penunjang Lainnya Untuk Asuransi, Penjaminan, Dan Dana Pensiun | Aktivitas Advisori Aktuaria | Aktivitas Penunjang Lainnya Untuk Asuransi, Penjamian, Dan Dana Pensiun Ytdl | Aktivitas Pengembangan Bangunan Dan Lahan Hunian | Aktivitas Jasa Intermediasi Real Estat | Jasa Penaksir Real Estat | Pengelolaan Real Estat Hunian Atas Dasar Balas Jasa (Fee) Atau Kontrak | Aktivitas Real Estat Atas Dasar Balas Jasa (Fee) Atau Kontrak Lainnya Ytdl | Aktivitas Pengacara | Aktivitas Konsultan Hukum | Aktivitas Konsultan Kekayaan Intelektual | Aktivitas Notaris Dan Pejabat Pembuat Akta Tanah | Aktivitas Akuntansi, Pembukuan, Dan Pemeriksa | Aktivitas Konsultansi Pajak | Aktivitas Konsultansi Manajemen Dan Bisnis Pariwisata | Aktivitas Konsultansi Manajemen Dan Bisnis Industri | Aktivitas Konsultansi Manajemen Dan Bisnis Perdagangan | Aktivitas Konsultasi Manajemen Dan Bisnis Lainnya | Aktivitas Arsitektural | Aktivitas Enjinering Dan Konsultansi Teknis Terkait Lainnya | Jasa Sertifikasi Teknis | Jasa Inspeksi Teknis | Jasa Verifikasi Dan Validasi Teknis | Jasa Pengujian Teknis | Pengujian Dan Analisis Teknis Lainnya | Penelitian Dan Pengembangan Ilmu Alam | Penelitian Dan Pengembangan Enjinering Dan Teknologi | Penelitian Dan Pengembangan Ilmu Pertanian Dan Kedokteran Hewan | Penelitian Dan Pengembangan Eksperimental Ilmu Alam Dan Enjinering Lainnya | Penelitian Dan Pengembangan Ilmu Pengetahuan Sosial | Penelitian Dan Pengembangan Humaniora | Aktivitas Periklanan | Penelitian Pasar | Jajak Pendapat Opini Publik | Aktivitas Kehumasan | Aktivitas Desain Alat Transportasi Dan Permesinan | Aktivitas Desain Peralatan Rumah Tangga Dan Furnitur | Aktivitas Desain Tekstil, Mode/Fesyen, Dan Garmen | Aktivitas Desain Alat Komunikasi Dan Elektronika | Aktivitas Desain Peralatan Olahraga Dan Permainan | Aktivitas Desain Produk Kesehatan, Kosmetik, Dan Perlengkapan Laboratorium | Aktivitas Desain Pengemasan | Aktivitas Desain Industri Lainnya | Aktivitas Desain Interior | Aktivitas Desain Grafis/Komunikasi Visual | Aktivitas Desain Khusus Film, Video, Program Televisi, Animasi Dan Komik | Aktivitas Desain Konten Gim | Aktivitas Desain Khusus Lainya Ytdl | Aktivitas Fotografi Udara | Aktivitas Fotografi Lainnya | Aktivitas Penerjemah Atau Interpreter | Aktivitas Broker Dan Layanan Pemasaran Paten | Jasa Meteorologi Dan Prakiraan Cuaca | Semua Aktivitas Profesional, Ilmiah Dan Teknis Ytdl Lainnya | Aktivitas Personel Kesehatan Hewan Mandiri | Aktivitas Pengelolaan Sarana Kesehatan Hewan | Aktivitas Pengelolaan Kesehatan Hewan Lainnya | Penyewaan Dan Sewa Guna Usaha Kendaraan Bermotor | Penyewaan Dan Sewa Guna Usaha Alat Rekreasi Dan Olahraga | Penyewaan Peralatan Dan Perlengkapan Acara | Penyewaan Alat Musik | Penyewaan Barang Hasil Pencetakan Dan Penerbitan | Penyewaan Bunga Dan Tanaman Hias | Penyewaan Barang Pribadi Dan Barang Rumah Tangga Lainnya Ytdl | Penyewaan Dan Sewa Guna Usaha Alat Transportasi Darat Bukan Kendaraan Bermotor | Penyewaan Dan Sewa Guna Usaha Mesin Dan Alat Pertanian | Penyewaan Dan Sewa Guna Usaha Mesin Dan Peralatan Kantor | Penyewaan Dan Sewa Guna Usaha Mesin Dan Peralatan Komunikasi Dan Multimedia | Penyewaan Dan Sewa Guna Usaha Mesin, Peralatan, Dan Barang Berwujud Lainnya Ytdl | Sewa Guna Usaha Kekayaan Intelektual Dan Produk Sejenis, Bukan Karya Berhak Cipta | Aktivitas Jasa Intermediasi Untuk Penyewaan Dan Sewa Guna Usaha Mobil | Aktivitas Jasa Intermediasi Untuk Penyewaan Dan Sewa Guna Usaha Barang Berwujud Dan Aset Tak Berwujud Nonfinansial Lainnya | Aktivitas Penempatan Tenaga Kerja Untuk Usaha Di Dalam Negeri | Aktivitas Penempatan Tenaga Kerja Luar Negeri | Aktivitas Penempatan Tenaga Kerja Untuk Rumah Tangga Sebagai Pemberi Kerja Di Dalam Negeri | Aktivitas Penempatan Awak Kapal | Aktivitas Penyediaan Informasi Lowongan Kerja | Aktivitas Penempatan Tenaga Kerja Lainnya | Aktivitas Penyediaan Tenaga Kerja Sementara Dan Penyediaan Sumber Daya Manusia Lainnya | Aktivitas Agen Perjalanan | Aktivitas Biro Perjalanan Wisata | Aktivitas Biro Perjalanan Ibadah Umrah Dan Haji Khusus | Aktivitas Biro Perjalanan Lainnya | Jasa Informasi Pariwisata | Jasa Informasi Daya Tarik Wisata | Jasa Pramuwisata | Aktivitas Terkait Perjalanan Lainnya Ytdl | Aktivitas Investigasi Dan Keamanan Swasta | Aktivitas Keamanan Ytdl | Aktivitas Penyediaan Gabungan Jasa Penunjang Fasilitas | Aktivitas Kebersihan Umum Bangunan | Aktivitas Kebersihan Lainnya | Aktivitas Jasa Lanskap | Aktivitas Administrasi Kantor Dan Penunjang Kantor | Aktivitas Pusat Panggilan (Call Center) | Penyelenggaraan Konvensi Dan Pameran Bisnis | Jasa Intermediasi Untuk Aktivitas Penunjang Usaha Ytdl 
 Selain Intermediasi Finansial | Aktivitas Agen Penagihan | Aktivitas Biro Kredit | Aktivitas Pengepakan Bahan Dan Produk Hasil Pertanian, Perkebunan, Kehutanan, Dan Perikanan | Aktivitas Pengepakan Bahan Dan Produk Makanan Dan Minuman Olahan | Aktivitas Pengepakan Tekstil Dan Produk Tekstil | Aktivitas Pengepakan Lainnya | Aktivitas Jasa Penunjang Usaha Lainnya Ytdl | Administrasi Pelayanan Pemerintah Bidang Pendidikan | Administrasi Pelayanan Pemerintah Bidang Kesehatan | Administrasi Pelayanan Pemerintah Bidang Kesejahteraan 
 Sosial | Administrasi Pelayanan Pemerintah Bidang Lingkungan Hidup | Pendidikan Dasar Umum Pemerintah | Pendidikan Dasar Umum Swasta | Pendidikan Dasar Keagamaan Islam | Pendidikan Dasar Keagamaan Protestan, Katolik, Hindu, Buddha, Atau Konghucu | Pendidikan Menengah Kejuruan Umum Pemerintah | Pendidikan Pascamenengah Nontersier | Pendidikan Pesantren Lainnya | Pendidikan Keagamaan Lainnya Ytdl | Pendidikan Lainnya Pemerintah | Pelatihan Kerja Pemerintah | Pelatihan Kerja Teknologi Informasi Dan Komunikasi Swasta | Pelatihan Kerja Industri Kreatif Swasta | Pelatihan Kerja Bisnis Dan Manajemen Swasta | Pelatihan Kerja Swasta Lainnya | Pelatihan Kerja Teknologi Informasi Dan Komunikasi Perusahaan | Pelatihan Kerja Industri Kreatif Perusahaan | Pelatihan Kerja Bisnis Dan Manajemen Perusahaan | Pelatihan Kerja Perusahaan Lainnya | Pendidikan Manajemen Dan Perbankan | Pendidikan Komputer (Teknologi Informasi Dan Komunikasi) Swasta | Pendidikan Kerajinan Dan Industri | Pendidikan Lainnya Swasta | Aktivitas Sertifikasi Profesi Hasil Pendidikan Dan Pelatihan Sendiri | Aktivitas Sertifikasi Profesi Hasil Pendidikan Dan Pelatihan Mitra | Aktivitas Sertifikasi Profesi Oleh Asosiasi | Aktivitas Sertifikasi Profesi Independen | Kegiatan Penunjang Pendidikan Lainnya";Penangkaran Tumbuhan Liar | Budi Daya Dan Pembibitan Burung Walet | Pengasinan Buah-Buahan Dan Sayuran | Pelumatan Buah-Buahan Dan Sayuran | Industri Kerupuk, Keripik, Peyek, Dan Sejenisnya | Industri Dodol | Industri Air Minum Isi Ulang | Industri Zat Pengatur Tumbuh | Pemasangan Perlengkapan Meteorologi, Klimatologi, Dan Geofisika | Pembangkitan Tenaga Listrik Dari Sumber Energi Terbarukan | Aktivitas Penyaluran Tenaga Listrik | Aktivitas Penyimpanan Tenaga Listrik | Pengoperasian Instalasi Penyediaan Tenaga Listrik | Pengoperasian Instalasi Pemanfaatan Tenaga Listrik | Aktivitas Penunjang Tenaga Listrik Lainnya | Distribusi Gas Alam Dan Buatan Melalui Jaringan | Produksi Es | Aktivitas Broker Dan Agen Penjualan Tenaga Listrik | Aktivitas Broker Dan Agen Penjualan Gas Alam | Pengolahan Dan Penyediaan Air Minum | Penampungan Dan Penyediaan Air Baku | Aktivitas Penunjang Penyediaan Air | Aktivitas Penangkapan Karbon | Konstruksi Konvensional Gedung Kesehatan | Konstruksi Konvensional Gedung Pendidikan | Perdagangan Besar Perhiasan Dan Jam | Perdagangan Eceran Rokok Dan Tembakau | Perdagangan Eceran Minyak Pelumas | Perdagangan Eceran Cat, Pernis Dan Lakeri | Perdagangan Eceran Bahan-Bahan Energi Terbarukan | Perdagangan Eceran Obat Farmasi Untuk Hewan | Perdagangan Eceran Obat Tradisional Untuk Hewan | Perdagangan Eceran Kosmetik Untuk Hewan | Perdagangan Eceran Perlengkapan Rumah Tangga Bekas | Perdagangan Eceran Pakaian, Alas Kaki, Dan Perlengkapan Pakaian Bekas | Perdagangan Eceran Barang Perlengkapan Pribadi Bekas | Perdagangan Eceran Barang Bekas Lainnya | Perdagangan Eceran Hewan Kesayangan (Pet Animals) | Perdagangan Eceran Ikan Dan Biota Air Hidup Lainnya | Perdagangan Eceran Pakan Ternak/Unggas/Ikan Dan Hewan Kesayangan | Perdagangan Eceran Tanaman Dan Bibit Tanaman Kehutanan | Perdagangan Eceran Alat Transportasi Darat Tidak Bermotor Dan Perlengkapannya | Perdagangan Eceran Perlengkapan Pengendara Kendaraan Bermotor | Perdagangan Eceran Suku Cadang Sepeda Motor Dan Aksesorinya | Angkutan Tidak Bermotor Untuk Barang | Angkutan Taksi | Angkutan Sewa | Transportasi Darat Lainnya Untuk Penumpang Ytdl | Aktivitas Rumah Minum/Kafe | Aktivitas Kedai Minuman | Aktivitas Rumah/Kedai Obat Bahan Alam | Aktivitas Penyediaan Minuman Keliling/Tempat Tidak Tetap | Aktivitas Jasa Intermediasi Penyediaan Makanan Dan Minuman | Penerbitan Buku | Penerbitan Surat Kabar | Penyediaan Jasa Pembayaran | Aktivitas Pengembangan Bangunan Dan Lahan Hunian | Jasa Sertifikasi Teknis | Jasa Inspeksi Teknis | Jasa Verifikasi Dan Validasi Teknis | Jasa Pengujian Teknis | Kegiatan Lembaga Pemerintahan Bidang Penanggulangan Bencana Dan Pemadam Kebakaran | Pendidikan Kesehatan Swasta;Pembuatan Tempe Kedelai | Pembuatan Tahu Kedelai | Industri Produk Gilingan Gandum (Selain Tepung Terigu) Dan Serelia Selain Beras Dan Jagung | Industri Produk Gilingan Aneka Kacang | Industri Produk Gilingan Aneka Umbi, Tanaman Rimpang, Dan Sayuran | Industri Tepung Campuran Dan Adonan Tepung | Industri Makanan Sereal | Industri Tepung Terigu | Industri Kue Basah | Industri Kain Batik | Industri Minyak Asiri Hulu | Industri Minyak Asiri Rantai Tengah | Industri Bahan Baku Obat Bahan Alam Untuk Manusia | Industri Produk Obat Bahan Alam Untuk Manusia | Industri Produk Obat Bahan Alam Untuk Hewan | Industri Bahan Baku Obat Bahan Alam Untuk Hewan;Aktivitas Hotel Bintang Lima | Aktivitas Hotel Bintang Empat | Aktivitas Hotel Bintang Tiga | Aktivitas Hotel Bintang Dua | Aktivitas Hotel Bintang Satu | Aktivitas Hotel Nonbintang | Aktivitas Rumah Tinggal Sewa (Homestay) | Aktivitas Hostel Remaja (Youth Hostel) | Aktivitas Vila | Aktivitas Apartemen Hotel | Aktivitas Penyediaan Akomodasi Jangka Pendek Lainnya | Aktivitas Penyediaan Bumi Perkemahan, Persinggahan Karavan, Dan Taman Karavan | Aktivitas Jasa Intermediasi Akomodasi | Aktivitas Jasa Manajemen Akomodasi | Penyediaan Akomodasi Lainnya Ytdl | Aktivitas Penyediaan Makanan Di Bangunan Tetap | Aktivitas Penyediaan Makanan Di Bangunan Tidak Tetap | Aktivitas Jasa Boga Untuk Acara Tertentu (Event Catering);-;Pembangkitan Tenaga Listrik Dari Sumber Energi Terbarukan | Produksi Kompos Sampah Organik | Aktivitas Penangkapan Karbon;"nan | Pertanian Tanaman Narkotika Dan Tanaman Obat Terlarang | Peternakan Babi | Penangkaran Satwa Liar | Perburuan, Penangkapan, Dan Kegiatan Jasa Terkait | Pengelolaan Hutan | Pemanfaatan Kayu Hutan | Pembenihan Tanaman Kehutanan | Pemanenan Kayu | Pemungutan Kayu | Pemungutan Hasil Hutan Bukan Kayu | Jasa Lingkungan Hutan | Jasa Penggunaan Kawasan Kehutanan | Jasa Penunjang Kehutanan Lainnya | Penangkapan Ikan Dan Biota Air Lainnya Di Laut | Penangkapan Ikan Dan Biota Air Lainnya Di Perairan Air Tawar | Pembudidayaan Ikan Bersirip (Selain Ikan Hias) Dan Biota Air Laut Lainnya Yang Tidak Dilindungi | Pembudidayaan Ikan Hias Air Laut Yang Tidak Dilindungi | Pembudidayaan Tumbuhan Air Laut Yang Tidak Dilindungi | Pengembangbiakan Ikan Dan Biota Air Laut Yang Dilindungi | Pembudidayaan Ikan Bersirip (Selain Ikan Hias) Dan Biota Air Tawar Lainnya Yang Tidak Dilindungi | Pembudidayaan Ikan Hias Air Tawar Yang Tidak Dilindungi | Pembudidayaan Tumbuhan Air Tawar Yang Tidak Dilindungi | Pengembangbiakan Biota Air Tawar Yang Dilindungi | Pembudidayaan Ikan Bersirip (Selain Ikan Hias) Dan Biota Air Payau Lainnya Yang Tidak Dilindungi | Pembudidayaan Ikan Hias Air Payau Yang Tidak Dilindungi | Pembudidayaan Tumbuhan Air Payau Yang Tidak Dilindungi | Pengembangbiakan Biota Air Payau Yang Dilindungi | Jasa Penunjang Kegiatan Penangkapan Dan Pembudidayaan Ikan | Pertambangan Batu Bara | Benefisiasi Atau Peningkatan Kualitas Batu Bara | Pertambangan Lignit | Pertambangan Minyak Bumi | Pertambangan Gas Alam | Pengusahaan Tenaga Panas Bumi | Pertambangan Pasir Besi | Pertambangan Bijih Besi | Pertambangan Bijih Uranium Dan Torium | Pertambangan Emas Dan Perak | Pertambangan Bijih Logam Mulia Lainnya | Pertambangan Bijih Timah | Pertambangan Bijih Timah Hitam | Pertambangan Bijih Bauksit | Pertambangan Bijih Tembaga | Pertambangan Bijih Nikel | Pertambangan Bijih Mangan | Pertambangan Bahan Galian Lainnya Yang Tidak Mengandung Bijih Besi Ytdl | Penggalian Batu Hias Dan Batu Bangunan | Penggalian Batu Kapur/Gamping | Penggalian Kerikil/Sirtu | Penggalian Pasir | Penggalian Tanah Dan Tanah Liat | Penggalian Gips | Penggalian Tras | Penggalian Batu Apung | Penggalian Batu, Pasir, Dan Tanah Liat Lainnya | Pertambangan Belerang | Pertambangan Fosfat | Pertambangan Nitrat | Pertambangan Yodium | Pertambangan Potash (Kalium Karbonat) | Pertambangan Mineral, Bahan Kimia, Dan Bahan Pupuk Lainnya | Ekstraksi Tanah Gambut | Ekstraksi Garam | Pertambangan Batu Mulia | Penggalian Feldspar Dan Kalsit | Pertambangan Aspal Alam | Penggalian Asbes | Penggalian Kuarsa/Pasir Kuarsa | Pertambangan Bijih Logam Tanah Jarang | Pertambangan Dan Penggalian Lainnya Ytdl | Aktivitas Penunjang Pertambangan Minyak Bumi Dan Gas Alam | AKTIVITAS PENUNJANG PERTAMBANGAN DAN PENGGALIAN LAINNYA | Kegiatan Rumah Potong Hewan Ruminansia | Kegiatan Rumah Potong Babi | Kegiatan Rumah Potong Unggas | Kegiatan Rumah Potong Hewan Lainnya | Pengolahan Dan Pengawetan Ikan Dengan Penggaraman Atau 
 Pengeringan | Pengolahan Dan Pengawetan Ikan Dengan Pengasapan Atau 
 Pemanggangan | Pengolahan Dan Pengawetan Ikan Dengan Pembekuan | Pengolahan Dan Pengawetan Ikan Dengan Pemindangan | Pengolahan Dan Pengawetan Ikan Dengan Fermentasi | Pengolahan Dan Pengawetan Ikan Dengan Pengalengan | Pengolahan Dan Pengawetan Ikan Menjadi Produk Olahan | Pengolahan Dan Pengawetan Ikan Dengan Metode Lainnya | Pengolahan Dan Pengawetan Biota Air Lainnya Dengan 
 Penggaraman Atau Pengeringan | Pengolahan Dan Pengawetan Biota Air Lainnya Dengan 
 Pengasapan Atau Pemanggangan | Pengolahan Dan Pengawetan Biota Air Lainnya Dengan 
 Pembekuan | Pengolahan Dan Pengawetan Biota Air Lainnya Dengan 
 Pemindangan | Pengolahan Dan Pengawetan Biota Air Lainnya Dengan 
 Fermentasi | Pengolahan Dan Pengawetan Biota Air Lainnya Dengan 
 Pelumatan | Pengolahan Dan Pengawetan Biota Air Lainnya Dengan 
 Pengalengan | Pengolahan Dan Pengawetan Rumput Laut | Pengolahan Dan Pengawetan Biota Air Lainnya Dengan Metode 
 Lainnya | Pengeringan Buah-Buahan Dan Sayuran | Pembekuan Buah-Buahan Dan Sayuran | Pengalengan Buah-Buahan Dan Sayuran | Pengolahan Sari Buah-Buahan Dan Sayuran | Pengolahan Dan Pengawetan Lainnya Untuk Buah-Buahan Dan Sayuran | Industri Minyak Mentah Dan Lemak Nabati Bukan Kelapa Dan Kelapa Sawit | Industri Margarin | Industri Minyak Mentah Dan Lemak Dari Hewan Selain Ikan | Industri Minyak Ikan | Industri Minyak Goreng Dan Minyak Makan Bukan Minyak Kelapa Dan Minyak Kelapa Sawit | Industri Minyak Mentah Dan Lemak Nabati Dan Hewani Bukan Kelapa Dan Kelapa Sawit Lainnya | Industri Kopra | Industri Minyak Mentah Kelapa | Industri Minyak Goreng Kelapa | Industri Minyak Mentah Kelapa Sawit (Crude Palm Oil) | Industri Minyak Mentah Inti Kelapa Sawit (Crude Palm Kernel Oil) | Industri Pemisahan/Fraksinasi Minyak Mentah Kelapa Sawit Dan Minyak Mentah Inti Kelapa Sawit | Industri Pemurnian Minyak Mentah Kelapa Sawit Dan Minyak Mentah Inti Kelapa Sawit | Industri Pemisahan/Fraksinasi Minyak Murni Kelapa Sawit | Industri Pemisahan/Fraksinasi Minyak Murni Inti Kelapa Sawit | Industri Minyak Goreng Kelapa Sawit | Industri Susu Segar Dan Krim | Industri Susu Bubuk Dan Susu Kental | Industri Es Krim | Industri Es Yang Dapat Dimakan Dan Es Pencuci Mulut | Industri Produk Susu Lainnya | Industri Pati Ubi Kayu | Industri Berbagai Macam Pati Palem | Industri Glukosa Dan Sejenisnya | Industri Pati Dan Produk Pati Lainnya | Industri Penggilingan Padi Dan Penyosohan Beras | Industri Pemipilan Jagung | Industri Tepung Beras Dan Tepung Jagung | Industri Pati Beras Dan Jagung | Industri Pemanis Dari Beras Dan Jagung | Industri Minyak Dari Beras Dan Jagung | Industri Produk Bakeri | Industri Gula Pasir | Industri Gula Merah | Industri Sirop | Industri Gula Lainnya | Industri Pengolahan Kakao; Industri Cokelat Dan Kembang Gula | Industri Pengolahan Kakao | Industri Cokelat Dan Kembang Gula Dari Cokelat | Industri Manisan Buah-Buahan Dan Sayuran Kering | Industri Kembang Gula Lainnya | Industri Makaroni, Mi, Couscous, Dan Produk Sejenisnya | Industri Makanan Dan Masakan Olahan | Pengolahan Kopi | Pengolahan Te | Industri Kecap | Industri Garam Konsumsi Beryodium | Industri Garam Industri Aneka Pangan | Industri Bumbu Masakan Lainnya | Industri Makanan Bayi Dan Makanan Khusus | Industri Produk Makanan Dari Kelapa | Industri Sari Nabati Dan Krimer Nabati | Industri Infusi Herbal/Herb Infusion | Industri Bahan Makanan Dari Rumput Laut | Industri Produk Makanan Lainnya Ytdl | Industri Ransum Pakan Hewan | Industri Konsentrat Pakan Hewan | Industri Penyulingan, Pemurnian, Dan Pencampuran Minuman Beralkohol | Industri Minuman Beralkohol Hasil Fermentasi Anggur Dan Hasil Pertanian Lainnya | Industri Minuman Beralkohol Hasil Fermentasi Malt | Industri Malt | Industri Minuman Ringan | Industri Minuman Lainnya | Industri Sigaret Kretek Tangan | Industri Sigaret Kretek Mesin | Industri Rokok Putih | Industri Pengeringan Dan Pengolahan Tembakau | Industri Bumbu Rokok | Industri Produk Tembakau Lainnya | Persiapan Serat Tekstil | Pemintalan Benang Selain Benang Jahit | Pemintalan Benang Jahit | Pertenunan Tekstil Dengan Mesin | Pertenunan Tekstil Bukan Dengan Mesin | Penyempurnaan Benang | Penyempurnaan Basah Kain | Penyempurnaan Tekstil Lainnya | Industri Kain Rajutan | Industri Kain Crocheted | Industri Bulu Tiruan Rajutan | Industri Barang Tekstil Untuk Keperluan Rumah Tangga | Industri Barang Tekstil Dengan Bahan Pengisi | Industri Karung Goni | Industri Karung Selain Karung Goni | Industri Barang Tekstil Bukan Pakaian Jadi Lainnya | Industri Karpet Dan Permadani | Industri Tali | Industri Barang Dari Tali | Industri Kain Narrow | Industri Kain Yang Dilapisi Dan Sejenisnya | Industri Kain Nirtenun/Nonwoven | Industri Kain Ban | Industri Kapuk | Industri Kain Tule, Kain Jaring, Dan Kain Bordir | Industri Tekstil Lainnya Ytdl | Industri Pakaian Jadi (Konfeksi) Dari Tekstil | Industri Pakaian Jadi (Konfeksi) Dari Kulit Dan Tiruan Kulit | Industri Penjahitan Dan Pembuatan (Bukan Konfeksi) Pakaian Sesuai Pesanan/Kustomisasi | Industri Perlengkapan Pakaian Dari Tekstil | Industri Perlengkapan Pakaian Dari Kulit Dan Tiruan Kulit | Industri Barang Dari Kulit Berbulu | Industri Pakaian Jadi Dan Perlengkapannya Dari Rajutan Dan Crocheted | Industri Hosiery Rajutan Dan Crocheted | Penyamakan Kulit | Pewarnaan Kulit Berbulu | Industri Kulit Komposisi | Industri Koper, Tas Tangan, Dan Sejenisnya | Industri Pelana, Alat Pengekang/Harness, Dan Barang Lainnya Untuk Hewan | Industri Barang Lainnya Dari Kulit Dan Kulit Komposisi | Industri Alas Kaki Untuk Keperluan Sehari-Hari | Industri Sepatu Olahraga | Industri Sepatu Teknik Lapangan/Keperluan Industri | Industri Alas Kaki Lainnya | Penggergajian Dan Penghalusan Kayu | Pengawetan Kayu | Pengawetan Rotan, Bambu, Dan Sejenisnya | Pengolahan Rotan | Industri Partikel Kayu Dan Sejenisnya | Industri Kayu Lapis | Industri Venir | Industri Kayu Laminasi | Industri Panel Kayu Lainnya | Industri Barang Bangunan Dari Kayu | Industri Bangunan Prafabrikasi Dari Kayu Dan Sejenisnya | Industri Wadah Dari Kayu | Industri Barang Anyaman Dari Rotan Dan Bambu | Industri Barang Anyaman Dari Tanaman Selain Rotan Dan Bambu | Industri Kerajinan Ukiran Dari Kayu Bukan Furnitur | Industri Alat Dapur Dan Alat Makan Dari Kayu, Rotan, Dan Bambu | Industri Kayu Bakar Dan Pelet Dari Kayu Dan Biomassa Lainnya | Industri Barang Lainnya Dari Kayu; Industri Barang Dari Gabus, Jerami, Rotan, Bambu, Dan Sejenisnya Ytdl | Industri Bubur Kertas (Pulp) | Industri Kertas Budaya | Industri Kertas Berharga | Industri Kertas Khusus | Industri Kertas Lainnya | Industri Kertas Dan Papan Kertas Bergelombang | Industri Kemasan Dan Kotak Dari Kertas Dan Karton | Industri Kertas Tisu | Industri Barang Dari Kertas Dan Papan Kertas Lainnya Ytdl | Pencetakan Umum | Pencetakan Khusus | Pencetakan Tiga Dimensi (3d) | Kegiatan Jasa Penunjang Pencetakan | Reproduksi Media Rekaman Suara Dan Perangkat Lunak | Reproduksi Media Rekaman Film Dan Video | Industri Produk Tanur Kokas | Industri Bahan Bakar Dari Pemurnian Dan Pengilangan Minyak Bumi | Industri Produk Dari Bahan Limbah Minyak Pelumas | Industri Minyak Pelumas Dasar (Bahan Baku Pelumas) | Industri Produk Dari Pencampuran Hasil Kilang Minyak Bumi Dengan Biofuel | Industri Produk Lainnya Dari Hasil Kilang Minyak Bumi | Industri Asam, Basa, Dan Garam Anorganik | Industri Gas Industri | Industri Kimia Dasar Zat Warna Dan Pigmen | Industri Kimia Dasar Radioaktif | Industri Kimia Dasar Dari Minyak Bumi, Gas Alam, Dan Batu Bara | Industri Kimia Dasar Anorganik Lainnya | Industri Senyawa Nitrogen; Pupuk Nitrogen, Fosfat, Dan Kalium | Industri Pupuk Hara Makro Primer Lainnya | Industri Damar Buatan (Resin Sintetis) Dan Bahan Baku Plastik | Industri Karet Buatan | Industri Bahan Baku Pemberantas Hama (Bahan Aktif) | Industri Pemberantas Hama (Formulasi) | Industri Cat | Industri Pernis | Industri Dempul | Industri Sediaan Pewarna Dan Pelapis Lainnya | Industri Bahan Dan Produk Pembersih | Industri Kosmetik Untuk Manusia, Cairan Lensa Kontak | Industri Kosmetik Untuk Hewan | Industri Perekat Gigi | Industri Parfum Sesuai Pesanan | Industri Perekat/Lem | Industri Bahan Peledak | Industri Tinta | Industri Korek Api | Industri Biofuel Cair | Industri Cairan Rokok Elektrik | Industri Barang Kimia Lainnya Ytdl | Industri Serat Filamen Dan Strip Buatan | Industri Serat Stapel Buatan | Industri Bahan Baku Farmasi Untuk Manusia | Industri Produk Farmasi Untuk Manusia | Industri Produk Farmasi Untuk Hewan | Industri Bahan Baku Farmasi Untuk Hewan | Industri Alat Diagnosis Medis, Perban, Kasa, Dan Penunjang Kesehatan Lainnya | Industri Ban Luar Dan Ban Dalam | Industri Pembentukan Kembali Ban Dan Vulkanisasi Ban | Industri Karet Asap | Industri Karet Lembaran Dan Crepe Rubber | Industri Karet Remah (Crumb Rubber) | Industri Karet Setengah Jadi Lainnya | Industri Barang Dari Karet Untuk Keperluan Rumah Tangga | Industri Barang Dari Karet Untuk Keperluan Industri | Industri Barang Dari Karet Untuk Keperluan Infrastruktur | Industri Barang Dari Karet Untuk Kesehatan | Industri Barang Lainnya Dari Karet Ytdl | Industri Barang Dari Plastik Untuk Bangunan | Industri Barang Dari Plastik Dan Bioplastik Untuk Pengemasan | Industri Pipa Plastik Dan Perlengkapannya | Industri Plastik Lembaran | Industri Perlengkapan Dan Peralatan Rumah Tangga Dari Plastik (Tidak Termasuk Furnitur) | Industri Barang Dan Peralatan Teknik/Industri Dari Plastik | Industri Barang Lainnya Dari Plastik | Industri Kaca Lembaran | Industri Kaca Pengaman | Industri Kaca Lainnya | Industri Perlengkapan Dan Peralatan Rumah Tangga Dari Kaca | Industri Peralatan Laboratorium Dan Kesehatan Dari Kaca | Industri Produk Lainnya Dari Kaca | Industri Bata, Mortar, Semen, Dan Sejenisnya Yang Tahan Api | Industri Produk Refraktori (Tahan Api) Lainnya | Industri Batu Bata Dari Tanah Liat Atau Keramik | Industri Genteng Dari Tanah Liat Atau Keramik | Industri Bahan Bangunan Lainnya Dari Tanah Liat Atau Keramik | Industri Perlengkapan Rumah Tangga Dari Porselen | Industri Perlengkapan Rumah Tangga Dari Tanah Liat Atau Keramik | Industri Alat Laboratorium Dan Alat Listrik Atau Teknik Dari Porselen | Industri Peralatan Sanitasi Dari Porselen | Industri Peralatan Sanitasi Dari Tanah Liat Atau Keramik | Industri Produk Bukan Bahan Bangunan Lainnya Dari Tanah Liat Atau Keramik Dan Porselen | Industri Semen | Industri Kapur | Industri Gips | Industri Barang Dari Semen | Industri Barang Dari Kapur | Industri Barang Dari Gips | Industri Barang Dari Asbes | Industri Mortar, Acian, Dan Beton Siap Pakai | Industri Barang Dari Batu Marmer | Industri Barang Dari Batu Granit | Industri Barang Dari Batu Lainnya | Industri Produk Abrasif | Industri Batuan Aspal Dan Barang Dari Aspal Atau Material Sejenis | Industri Produk Hasil Pemurnian Mineral Nonlogam | Industri Produk Mineral Nonlogam Lainnya Ytdl | Industri Besi Dan Baja Dasar | Penggilingan Baja | Industri Pipa Dan Sambungan Pipa Dari Besi Dan Baja | Industri Logam Dasar Mulia | Industri Logam Dasar Bukan Besi Lainnya | Penggilingan Logam Bukan Besi | Ekstrusi Logam Bukan Besi | Industri Pipa Dan Sambungan Pipa Dari Logam Bukan Besi Dan Baja | Industri Bahan Bakar Nuklir | Pengecoran Besi Dan Baja | Pengecoran Logam Bukan Besi Dan Baja | Industri Produk Logam Struktural Bukan Aluminium Untuk Konstruksi Ringan | Industri Produk Logam Struktural Aluminium Untuk Konstruksi Ringan | Industri Produk Logam Struktural Baja Untuk Konstruksi Berat | Industri Produk Logam Struktural Lainnya | Industri Tangki, Tandon Air, Dan Wadah Sejenisnya Dari Logam | Industri Generator Uap Bukan Ketel Pemanas | Industri Senjata Dan Amunisi | Penempaan, Pengepresan, Pencetakan, Dan Pembentukan Logam; Metalurgi Bubuk | Pengerjaan Dan Pelapisan Logam | Industri Perkakas Tangan | Industri Alat Potong | Industri Alat Makan Dari Logam | Industri Peralatan Umum | Industri Ember, Kaleng, Drum Dan Wadah Sejenisnya Dari Logam | Industri Barang Dari Kawat Logam Bukan Kabel | Industri Paku, Mur, Dan Baut Logam | Industri Brankas, Filling Kantor, Dan Sejenisnya | Industri Peralatan Dapur Dan Peralatan Meja Dari Logam | Industri Produk Rumah Tangga Dari Logam Bukan Peralatan Dapur Dan Peralatan Meja | Industri Profil Logam | Industri Lampu Dari Logam | Industri Produk Logam Lainnya Ytdl | Industri Sel Surya, Panel Surya, Dan Inverter Fotovoltaik | Industri Tabung Elektron Dan Konektor Elektronik | Industri Komponen Dan Papan Elektronik Lainnya Ytdl | Industri Komputer Dan Perakitan Komputer | Industri Perlengkapan Komputer | Industri Peralatan Telepon Dan Faksimili | Industri Peralatan Komunikasi Tanpa Kabel (Wireless) | Industri Kartu Cerdas (Smart Card) | Industri Peralatan Komunikasi Lainnya | Industri Televisi, Monitor Televisi, Dan Displai | Industri Peralatan Perekam, Penerima, Dan Pengganda Audio Dan Video, Bukan Televisi | Industri Peralatan Audio Dan Video Elektronik Lainnya | Industri Alat Ukur Dan Alat Uji Manual | Industri Alat Ukur Dan Alat Uji Elektrik | Industri Alat Ukur Dan Alat Uji Elektronik | Industri Alat Ukur, Alat Uji, Dan Peralatan Navigasi Dan Kontrol Lainnya | Industri Alat Ukur Waktu | Industri Peralatan Iradiasi, Perlengkapan, Dan Sejenisnya | Industri Peralatan Elektromedik Dan Elektroterapi | Industri Peralatan Fotografi | Industri Peralatan Sinematografi | Industri Lensa Bukan Kacamata | Industri Peralatan Fotografi Dan Instrumen Optik Bukan Kacamata Lainnya | Industri Media Magnetik Dan Media Optik | Industri Motor Listrik | Industri Generator Pembangkit Listrik | Industri Pengubah Tegangan/Transformator Dan Pengubah Arus/Rectifier | Industri Peralatan Pengontrol Dan Pendistribusian Listrik | Industri Batu Baterai | Industri Akumulator Listrik | Industri Baterai Kendaraan Listrik | Industri Kabel Serat Optik | Industri Kabel Dan Kawat Listrik Dan Elektronik Lainnya | Industri Perlengkapan Kabel | Industri Bola Lampu Pijar, Lampu Sorot, Dan Lampu Ultraviolet | Industri Lampu Gas Dan Discharge | Industri Peralatan Penerangan Untuk Kendaraan | Industri Lampu Led | Industri Peralatan Penerangan Lainnya | Industri Peralatan Elektrotermal Rumah Tangga | Industri Peralatan Rumah Tangga Bukan Listrik | Industri Peralatan Listrik Lainnya | Industri Mesin Uap, Turbin, Dan Kincir | Industri Motor Pembakaran Dalam | Industri Komponen Dan Suku Cadang Mesin Dan Turbin | Industri Peralatan Tenaga Zat Cair Dan Gas | Industri Pompa Lainnya, Kompresor, Keran, Dan Klep/Katup | Industri Bearing, Roda Gigi, Dan Elemen Penggerak Mesin | Industri Oven, Perapian Dan Tungku Pembakar Sejenis Yang Tidak Menggunakan Arus Listrik | Industri Oven, Perapian Dan Tungku Pembakar Sejenis Yang Menggunakan Arus Listrik | Industri Alat Pengangkat Dan Pemindah | Industri Mesin Kantor Dan Akuntansi Manual | Industri Mesin Kantor Dan Akuntansi Elektrik | Industri Mesin Kantor Dan Akuntansi Elektronik | Industri Peralatan Kantor | Industri Perkakas Tangan Yang Digerakkan Tenaga | Industri Mesin Untuk Pembungkus, Pembotolan, Dan Pengalengan | Industri Mesin Timbangan | Industri Mesin Pendingin | Industri Mesin Untuk Keperluan Umum Lainnya Ytdl | Industri Mesin Pertanian Dan Kehutanan | Industri Mesin Dan Perkakas Mesin Untuk Pengerjaan Logam Dan Bahan Lainnya | Industri Mesin Metalurgi | Industri Mesin Penambangan, Penggalian Dan Konstruksi | Industri Mesin Pengolahan Makanan, Minuman Dan Tembakau | Industri Mesin Jahit, Mesin Cuci, Dan Mesin Pengering Untuk Keperluan Niaga | Industri Mesin Tekstil | Industri Mesin Penyiapan Dan Pembuatan Produk Kulit | Industri Mesin Percetakan | Industri Mesin Pabrik Kertas | Industri Mesin Keperluan Khusus Lainnya Ytdl | Industri Kendaraan Bermotor Roda Empat Atau Lebih | Industri Karoseri Kendaraan Bermotor Roda Empat Atau Lebih; Industri Trailer Dan Semitrailer | Industri Suku Cadang Dan Aksesori Kendaraan Bermotor Roda Empat Atau Lebih | Industri Kendaraan Air Dan Bawah Air Berawak | Industri Bangunan Lepas Pantai Dan Bangunan Terapung | Industri Kendaraan Air Dan Bawah Air Tanpa Awak | Industri Kapal Dan Perahu Untuk Tujuan Wisata Atau Rekreasi Dan Olahraga | Industri Lokomotif Dan Gerbong Kereta | Industri Pesawat Udara Berawak Dan Mesin Terkait | Industri Wahana Antariksa Dan Mesin Terkait | Industri Kendaraan Tempur Militer | Industri Sepeda Motor Roda Dua Dan Tiga | Industri Alat Angkutan Lainnya Ytdl | Industri Furnitur Dari Logam | Industri Alat Permainan | Industri Mainan Termasuk Drone Rekreasi | Industri Peralatan Kedokteran Dan Kedokteran Gigi Serta Perlengkapannya | Industri Furnitur Untuk Operasi, Perawatan Kedokteran, Dan Kedokteran Gigi | Industri Peralatan Kedokteran Dan Kedokteran Gigi, Serta Perlengkapan Ortopedi Dan Prostetik | Industri Alat Tulis Dan Gambar Termasuk Perlengkapannya | Reparasi Dan Pemeliharaan Produk Logam Struktural, Tangki, Tandon Air, Dan Generator Uap | Reparasi Dan Pemeliharaan Produk Senjata Dan Amunisi | Reparasi Dan Pemeliharaan Mesin Untuk Keperluan Khusus | Reparasi Dan Pemeliharaan Peralatan Iradiasi, Elektromedik, Dan Elektroterapi | Reparasi Dan Pemeliharaan Baterai Dan Akumulator Listrik | Reparasi Dan Pemeliharaan Kapal, Perahu, Dan Bangunan Terapung | Reparasi Dan Pemeliharaan Lokomotif Dan Gerbong Kereta | Reparasi Dan Pemeliharaan Pesawat Udara | Pembongkaran Mesin, Peralatan, Dan Sistem Industri | Pembangkitan Tenaga Listrik Dari Sumber Energi Tidak Terbarukan Yang Menghasilkan Emisi | Pembangkitan Tenaga Listrik Dari Sumber Energi Tidak Terbarukan Yang Tidak Menghasilkan Emisi | Penyediaan Tenaga Listrik Dalam Satu Kesatuan Usaha | Produksi Gas Alam Dan Buatan | Pengadaan Uap/Air Panas Dan Udara Dingin | Pengumpulan Air Limbah | Pengolahan Dan Pembuangan Air Limbah | Pengumpulan Limbah Atau Sampah Tidak Berbahaya | Pengumpulan Limbah Berbahaya Selain Limbah Radiokatif | Pengumpulan Limbah Radioaktif | Pengolahan Sampah Tidak Berbahaya Untuk Menghasilkan Energi | Pengolahan Dan Pembuangan Limbah Atau Sampah Tidak Berbahaya Lainnya | Pengolahan Dan Pembuangan Limbah Atau Sampah Berbahaya Selain Limbah Radioaktif | Pengolahan Dan Pembuangan Limbah Radioaktif | Pemulihan Material Barang Logam | Pemulihan Material Barang Plastik | Pemulihan Material Lainnya | Aktivitas Penyimpanan Karbon | Aktivitas Remediasi Dan Pengelolaan Limbah Atau Sampah Lainnya | Konstruksi Konvensional Gedung Industri | Konstruksi Konvensional Gedung Perbelanjaan | Konstruksi Prapabrikasi Bangunan Gedung | Konstruksi Bangunan Sipil Sistem Pengolahan Limbah | Konstruksi Proyek Utilitas Lainnya | Konstruksi Bangunan Pelabuhan Bukan Perikanan | Konstruksi Bangunan Pelabuhan Perikanan | Konstruksi Reservoir Pembangkit Listrik Tenaga Air | Konstruksi Bangunan Sipil Pelindung Pantai | Konstruksi Bangunan Sipil Prasarana Perairan Dan Sejenis Lainnya | Konstruksi Bangunan Sipil Minyak Dan Gas Bumi | Konstruksi Bangunan Sipil Pertambangan | Konstruksi Bangunan Sipil Panas Bumi | Konstruksi Bangunan Sipil Fasilitas Pengolahan | Konstruksi Bangunan Sipil Fasilitas Militer Dan Bandar Antariksa | Konstruksi Bangunan Sipil Fasilitas Sumber Radiasi Pengion | Konstruksi Bangunan Sipil Reaktor Nuklir | Konstruksi Bangunan Sipil Lainnya Ytdl | Pemasangan Sistem Navigasi Laut, Sungai, Dan Udara | Pemasangan Sistem Pemanas Dan Geotermal | Pemasangan Konstruksi Lainnya Ytdl | Konstruksi Khusus Lainnya Ytdl | Perdagangan Besar Atas Dasar Balas Jasa (Fee) Atau Kontrak | Perdagangan Besar Padi Dan Palawija | Perdagangan Besar Buah Yang Mengandung Minyak | Perdagangan Besar Tembakau Rajangan | Perdagangan Besar Binatang Hidup | Perdagangan Besar Ikan Dan Biota Air Hidup Lainnya | Perdagangan Besar Hasil Kehutanan Dan Perburuan | Perdagangan Besar Kulit | Perdagangan Besar Hasil Pertanian Dan Hewan Hidup Lainnya | Perdagangan Besar Beras | Perdagangan Besar Buah-Buahan | Perdagangan Besar Sayuran | Perdagangan Besar Kopi, Teh, Dan Kakao | Perdagangan Besar Minyak Dan Lemak Nabati | Perdagangan Besar Bahan Makanan Dan Minuman Hasil Pertanian Lainnya | Perdagangan Besar Daging Sapi Dan Daging Sapi Olahan | Perdagangan Besar Daging Ayam Dan Daging Ayam Olahan | Perdagangan Besar Daging Dan Daging Olahan Lainnya | Perdagangan Besar Hasil Perikanan Dan Olahan Terkait | Perdagangan Besar Telur Dan Hasil Olahan Telur | Perdagangan Besar Susu Dan Produk Susu | Perdagangan Besar Minyak Dan Lemak Hewani | Perdagangan Besar Bahan Makanan Dan Minuman Hasil Peternakan Dan Perikanan Lainnya | Perdagangan Besar Gula, Cokelat, Dan Kembang Gula | Perdagangan Besar Produk Bakeri | Perdagangan Besar Minuman Beralkohol | Perdagangan Besar Minuman Nonalkohol Bukan Susu | Perdagangan Besar Rokok Dan Tembakau | Perdagangan Besar Makanan Dan Minuman Lainnya | Perdagangan Besar Tekstil | Perdagangan Besar Pakaian | Perdagangan Besar Alas Kaki | Perdagangan Besar Barang Jadi Tekstil | Perdagangan Besar Perlengkapan Jahit | Perdagangan Besar Furnitur, Karpet, Perlengkapan Pencahayaan Untuk Rumah Tangga, Perkantoran, Dan Pertokoan | Perdagangan Besar Alat Fotografi Dan Barang Optik | Perdagangan Besar Sediaan Farmasi Untuk Manusia | Perdagangan Besar Sediaan Farmasi Untuk Hewan | Perdagangan Besar Peralatan Masak, Peralatan Dapur, Dan Elektronik Rumah Tangga | Perdagangan Besar Berbagai Barang Dan Perlengkapan Rumah Tangga Lainnya Ytdl | Perdagangan Besar Komputer Dan Perlengkapan Komputer | Perdagangan Besar Suku Cadang Elektronik | Perdagangan Besar Peralatan Telekomunikasi | Perdagangan Besar Mesin, Peralatan Dan Perlengkapan Pertanian | Perdagangan Besar Mesin Kantor Dan Industri, Suku Cadang, Dan Perlengkapannya | Perdagangan Besar Alat Transportasi Laut, Suku Cadang, Dan Perlengkapannya | Perdagangan Besar Alat Transportasi Darat (Bukan Mobil, Sepeda Motor, Dan Sejenisnya), Suku Cadang, Dan Perlengkapannya | Perdagangan Besar Alat Transportasi Udara, Suku Cadang Dan Perlengkapannya | Perdagangan Besar Mesin, Peralatan, Dan Perlengkapan Lainnya Ytdl | Perdagangan Besar Mobil Baru | Perdagangan Besar Mobil Bekas | Perdagangan Besar Suku Cadang Dan Aksesori Mobil | Perdagangan Besar Sepeda Motor Baru | Perdagangan Besar Sepeda Motor Bekas | Perdagangan Besar Suku Cadang Sepeda Motor Dan Aksesorinya | Perdagangan Besar Bahan Bakar Padat, Cair, Dan Gas Beserta Produk Terkait | Perdagangan Besar Bijih Dan Konsentrat Logam | Perdagangan Besar Produk Logam Setengah Jadi | Perdagangan Besar Bahan Konstruksi Dari Logam | Perdagangan Besar Kaca Lembaran | Perdagangan Besar Bahan Konstruksi Dari Tanah Liat, Kapur, Semen, Atau Kaca | Perdagangan Besar Semen, Kapur, Pasir, Dan Batu | Perdagangan Besar Bahan Konstruksi Dari Porselen | Perdagangan Besar Bahan Konstruksi Dari Kayu | Perdagangan Besar Cat | Perdagangan Besar Berbagai Macam Material Bangunan | Perdagangan Besar Bahan Konstruksi, Perkakas, Perlengkapan Perpipaan, Dan Peralatan Pemanas Lainnya | Perdagangan Besar Mineral Bukan Logam | Perdagangan Besar Mineral Radioaktif | Perdagangan Besar Zat Radioaktif Dan Pembangkit Radiasi 
 Pengion | Perdagangan Besar Bahan Dan Barang Kimia | Perdagangan Besar Pupuk Dan Produk Agrokimia | Perdagangan Besar Bahan Berbahaya (B2) | Perdagangan Besar Alat Kesehatan Dan Laboratorium Untuk 
 Manusia | Perdagangan Besar Alat Kesehatan Untuk Hewan | Perdagangan Besar Karet Dan Plastik Dalam Bentuk Dasar | Perdagangan Besar Kertas Dan Karton | Perdagangan Besar Barang Bekas Dan Skrap | Perdagangan Besar Berbagai Macam Barang Di Grosir/Perkulakan Swalayan | Perdagangan Eceran Minuman Beralkohol | Perdagangan Eceran Bahan Bakar Di Sarana Pengisian Bahan 
 Bakar | Perdagangan Eceran Bahan Bakar Selain Di Sarana Pengisian 
 Bahan Bakar | Perdagangan Eceran Mesin Dan Peralatan Kantor | Perdagangan Eceran Bahan Dan Material Konstruksi | Perdagangan Eceran Kaca Lembaran | Perdagangan Eceran Minyak Tanah | Perdagangan Eceran Bahan Kimia | Perdagangan Eceran Bahan Kimia, Aromatik/Penyegar (Minyak Asiri), Dan Bahan Bakar Selain Bahan Bakar Untuk Kendaraan Bermotor Lainnya | Perdagangan Eceran Alat Transportasi Air Dan Perlengkapannya | Perdagangan Eceran Mobil Baru | Perdagangan Eceran Mobil Bekas | Perdagangan Eceran Suku Cadang Dan Aksesori Mobil | Perdagangan Eceran Sepeda Motor Baru | Perdagangan Eceran Sepeda Motor Bekas | Angkutan Kereta Wisata Antarkota | Transportasi Kereta Api Antarkota Lainnya Untuk Penumpang | Transportasi Kereta Api Untuk Barang | Angkutan Kereta Wisata Dalam Kota | Angkutan Kereta Api Perkotaan | Angkutan Perkotaan | Angkutan Perdesaan | Angkutan Bermotor Untuk Barang Umum | Angkutan Bermotor Untuk Barang Khusus | Angkutan Kereta Api Lainnya | Angkutan Pariwisata | Angkutan Khusus | Transportasi Melalui Saluran Pipa | Angkutan Laut Dalam Negeri Liner Dan Tramper Untuk Penumpang | Angkutan Laut Dalam Negeri Perintis Untuk Penumpang | Angkutan Laut Dalam Negeri Untuk Wisata | Angkutan Laut Luar Negeri Liner Dan Tramper Untuk Penumpang | Angkutan Laut Luar Negeri Untuk Wisata | Angkutan Laut Dalam Negeri Untuk Barang Umum | Angkutan Laut Dalam Negeri Untuk Barang Khusus | Angkutan Laut Dalam Negeri Perintis Untuk Barang | Angkutan Laut Dalam Negeri Pelayaran Rakyat Untuk Barang | Angkutan Laut Luar Negeri Untuk Barang Umum | Angkutan Laut Luar Negeri Untuk Barang Khusus | Angkutan Laut Luar Negeri Pelayaran Rakyat Untuk Barang | Angkutan Penyeberangan Umum Antarprovinsi Untuk Penumpang | Angkutan Penyeberangan Umum Antarkabupaten/Kota Untuk Penumpang | Angkutan Penyeberangan Umum Dalam Kabupaten/Kota Untuk Penumpang | Angkutan Penyeberangan Perintis Antarprovinsi Untuk Penumpang | Angkutan Penyeberangan Perintis Antarkabupaten/Kota Untuk Penumpang | Transportasi Pesisir Lainnya Untuk Penumpang | Angkutan Penyeberangan Umum Antarprovinsi Untuk Barang | Angkutan Penyeberangan Umum Antarkabupaten/Kota Untuk Barang | Angkutan Penyeberangan Umum Dalam Kabupaten/Kota Untuk Barang | Angkutan Penyeberangan Perintis Antarprovinsi Untuk Barang | Angkutan Penyeberangan Perintis Antarkabupaten/Kota Untuk Barang | Transportasi Pesisir Lainnya Untuk Barang | Angkutan Sungai Dan Danau Liner (Trayek Tetap Dan Teratur) Untuk Penumpang | Angkutan Sungai Dan Danau Tramper (Trayek Tidak Tetap Dan Tidak Teratur) Untuk Penumpang | Angkutan Sungai Dan Danau Untuk Wisata | Angkutan Sungai Dan Danau Untuk Barang Umum | Angkutan Sungai Dan Danau Untuk Barang Berbahaya | Angkutan Udara Niaga Berjadwal Untuk Penumpang | Angkutan Udara Niaga Tidak Berjadwal Untuk Penumpang | Transportasi Antariksa Untuk Penumpang | Angkutan Udara Niaga Berjadwal Khusus Kargo | Angkutan Udara Niaga Tidak Berjadwal Khusus Kargo | Transportasi Antariksa Untuk Barang | Pengelola Gudang Sistem Resi Gudang | Aktivitas Gudang Dingin | Aktivitas Gudang Berikat | Penyimpanan Minyak Dan Gas Bumi | Aktivitas Penyimpanan Barang Berbahaya Dan Beracun (B3) | Fasilitas Penyimpanan Sumber Radiasi Pengion | Penyimpanan Mineral Ikutan Radioaktif | Pergudangan Dan Penyimpanan Lainnya | Aktivitas Terminal Darat | Aktivitas Penyelenggaraan Prasarana Perkeretaapian | Aktivitas Jalan Tol | Aktivitas Perparkiran Di Badan Jalan (On Street Parking) | Aktivitas Perparkiran Di Luar Badan Jalan (Off Street Parking) | Aktivitas Jasa Terkait Transportasi Darat Lainnya | Aktivitas Pelayanan Kepelabuhanan Laut | Aktivitas Pelayanan Kepelabuhanan Sungai Dan Danau | Aktivitas Pelayanan Kepelabuhanan Penyeberangan | Aktivitas Pelabuhan Perikanan | Aktivitas Pengelolaan Kapal | Aktivitas Penyelamatan Kapal Dan Muatannya | Angkutan Perairan Pelabuhan | Aktivitas Jasa Terkait Transportasi Perairan Lainnya | Aktivitas Kebandarudaraan | Jasa Pelayanan Navigasi Penerbangan | Pelayanan Penumpang, Bagasi, Kargo, Pos, Dan Teknis 
 Penanganan Udara Di Darat | Aktivitas Pemeriksaan Dan Pengendalian Keamanan Muatan 
 Penerbangan | Aktivitas Jasa Terkait Angkutan Udara Lainnya | Penanganan Kargo (Bongkar Muat Barang) | Angkutan Multimoda | Aktivitas Tally Mandiri | Aktivitas Penunjang Angkutan Lainnya Ytdl | Jasa Pengurusan Transportasi (Jpt) | Jasa Keagenan Kapal/Agen Perkapalan | Aktivitas Perwakilan Operasional Transportasi Udara Khusus Kargo | Jasa Intermediasi Transportasi Lainnya Untuk Barang | Agen Penjualan Tiket Transportasi | Agen Pengurus Persetujuan Terbang | Aktivitas Perwakilan Operasional Transportasi Udara Untuk Penumpang | Jasa Intermediasi Transportasi Lainnya Untuk Penumpang | Aktivitas Pos | Aktivitas Kurir | Aktivitas Jasa Portal Intermediasi Pos Dan Kurir | Jasa Intermediasi Pos Dan Kurir Lainnya | Aktivitas Penyediaan Jasa Boga Lainnya | Aktivitas Bar | Aktivitas Kelab Malam Atau Diskotek Yang Utamanya Menyediakan Minuman | Penerbitan Jurnal Dan Terbitan Berkala | Aktivitas Penerbitan Lainnya | Penerbitan Perangkat Lunak Video Gim Dalam Jaringan (Game Online) | Penerbitan Perangkat Lunak Video Gim Lainnya | Penerbitan Perangkat Lunak (Software) Lainnya | Aktivitas Produksi Film, Video, Dan Program Televisi Oleh Pemerintah | Aktivitas Produksi Film, Video, Dan Program Televisi Oleh Swasta | Aktivitas Pascaproduksi Film, Video, Dan Program Televisi Oleh Pemerintah | Aktivitas Pascaproduksi Film, Video, Dan Program Televisi Oleh Swasta | Aktivitas Distribusi Film, Video, Dan Program Televisi Oleh Pemerintah | Aktivitas Distribusi Film, Video. Dan Program Televisi Oleh Swasta | Aktivitas Pemutaran Film | Aktivitas Perekaman Suara | Aktivitas Penerbitan Musik Dan Buku Musik | Aktivitas Penyiaran Radio Digital | Aktivitas Distribusi Dan Streaming Audio Atas Permintaan | Aktivitas Penyiaran Dan Pemrograman Televisi Analog | Aktivitas Pemrograman Dan Penyiaran Televisi Digital | Aktivitas Distribusi Dan Streaming Video Atas Permintaan | Aktivitas Kantor Berita Oleh Pemerintah | Aktivitas Kantor Berita Oleh Swasta | Aktivitas Situs Jejaring Sosial Dan Distribusi Konten Lainnya | Aktivitas Telekomunikasi Dengan Kabel | Aktivitas Telekomunikasi Dengan Nirkabel | "
Sarana Pelayanan Umum (SPU);Sarana Pelayanan Umum Skala Kecamatan;"Reparasi Dan Pemeliharaan Alat Angkutan Lainnya, Bukan Kendaraan Bermotor | Instalasi/Pemasangan Dan Perangkaian/Integrasi Mesin, Peralatan, Dan Sistem Industri | Pemasangan Perlengkapan Meteorologi, Klimatologi, Dan Geofisika | Pembangkitan Tenaga Listrik Dari Sumber Energi Terbarukan | Aktivitas Penyaluran Tenaga Listrik | Aktivitas Penyimpanan Tenaga Listrik | Pengoperasian Fasilitas Atau Stasiun Pengisian Daya Untuk Kendaraan Dan Peralatan Listrik | Pengoperasian Instalasi Penyediaan Tenaga Listrik | Pengoperasian Instalasi Pemanfaatan Tenaga Listrik | Distribusi Gas Alam Dan Buatan Melalui Jaringan | Pengadaan Uap/Air Panas Dan Udara Dingin | Aktivitas Broker Dan Agen Penjualan Tenaga Listrik | Aktivitas Broker Dan Agen Penjualan Gas Alam | Pengolahan Dan Penyediaan Air Minum | Penampungan Dan Penyediaan Air Baku | Aktivitas Penunjang Penyediaan Air | Pengumpulan Air Limbah | Pengumpulan Limbah Atau Sampah Tidak Berbahaya | Konstruksi Konvensional Gedung Kesehatan | Konstruksi Konvensional Gedung Pendidikan | Jasa Intermediasi Konstruksi Khusus | Perdagangan Besar Komputer Dan Perlengkapan Komputer | Perdagangan Besar Perangkat Lunak | Perdagangan Eceran Berbagai Macam Barang Yang Utamanya 
 Makanan, Minuman, Atau Tembakau Dengan Sistem Swalayan | Perdagangan Eceran Berbagai Macam Barang Yang Utamanya 
 Makanan, Minuman, Atau Tembakau Selain Dengan Sistem 
 Swalayan | Perdagangan Eceran Berbagai Macam Barang Yang Utamanya 
 Bukan Makanan, Minuman, Atau Tembakau Dengan Sistem 
 Swalayan | Perdagangan Eceran Berbagai Macam Barang Yang Utamanya 
 Bukan Makanan, Minuman, Atau Tembakau Selain Dengan Sistem 
 Swalayan | Perdagangan Eceran Padi Dan Palawija | Aktivitas Pos | Aktivitas Kurir | Aktivitas Jasa Portal Intermediasi Pos Dan Kurir | Jasa Intermediasi Pos Dan Kurir Lainnya | Aktivitas Hotel Bintang Lima | Aktivitas Hotel Bintang Empat | Aktivitas Hotel Bintang Tiga | Aktivitas Hotel Bintang Dua | Aktivitas Hotel Bintang Satu | Aktivitas Hotel Nonbintang | Aktivitas Rumah Tinggal Sewa (Homestay) | Aktivitas Hostel Remaja (Youth Hostel) | Aktivitas Vila | Aktivitas Apartemen Hotel | Aktivitas Penyediaan Akomodasi Jangka Pendek Lainnya | Aktivitas Penyediaan Bumi Perkemahan, Persinggahan Karavan, Dan Taman Karavan | Aktivitas Jasa Intermediasi Akomodasi | Aktivitas Jasa Manajemen Akomodasi | Penyediaan Akomodasi Lainnya Ytdl | Aktivitas Penyiaran Radio Analog | Aktivitas Telekomunikasi Dengan Satelit | Aktivitas Pengacara | Aktivitas Konsultan Hukum | Aktivitas Konsultan Kekayaan Intelektual | Aktivitas Notaris Dan Pejabat Pembuat Akta Tanah | Aktivitas Akuntansi, Pembukuan, Dan Pemeriksa | Aktivitas Konsultansi Pajak | Aktivitas Arsitektural | Pendidikan Taman Kanak-Kanak Umum Pemerintah | Pendidikan Taman Kanak-Kanak Umum Swasta | Pendidikan Prasekolah Keagamaan Islam | Pendidikan Prasekolah Keagamaan Protestan, Katolik, Hindu, Buddha, Atau Konghucu | Pendidikan Dasar Umum Pemerintah | Pendidikan Dasar Umum Swasta | Pendidikan Dasar Keagamaan Islam | Pendidikan Dasar Keagamaan Protestan, Katolik, Hindu, Buddha, Atau Konghucu | Pendidikan Menengah Pertama Umum Pemerintah | Pendidikan Menengah Pertama Umum Swasta | Pendidikan Menengah Pertama Keagamaan Islam | Pendidikan Menengah Pertama Keagamaan Protestan, Katolik, Hindu, Buddha, Atau Konghucu | Pendidikan Menengah Atas Umum Pemerintah | Pendidikan Menengah Atas Umum Swasta | Pendidikan Menengah Atas Keagamaan Islam | Pendidikan Menengah Atas Keagamaan Protestan, Katolik, Hindu, Buddha, Atau Konghucu | Pendidikan Menengah Kejuruan Umum Swasta | Pendidikan Menengah Kejuruan Keagamaan Islam | Pendidikan Pascamenengah Nontersier | Pendidikan Tinggi Umum Pemerintah | Pendidikan Tinggi Umum Swasta | Pendidikan Tinggi Keagamaan Pemerintah | Pendidikan Tinggi Keagamaan Swasta | Pendidikan Olahraga Dan Rekreasi | Pendidikan Kebudayaan | Kegiatan Sekolah Mengemudi | Pendidikan Pesantren Lainnya | Pendidikan Keagamaan Islam Nonformal | Pendidikan Keagamaan Lainnya Ytdl | Pendidikan Lainnya Pemerintah | Pelatihan Kerja Pemerintah | Pelatihan Kerja Teknik Swasta | Pelatihan Kerja Teknologi Informasi Dan Komunikasi Swasta | Pelatihan Kerja Industri Kreatif Swasta | Pelatihan Kerja Pariwisata Dan Perhotelan Swasta | Pelatihan Kerja Bisnis Dan Manajemen Swasta | Pelatihan Kerja Pekerjaan Domestik Swasta | Pelatihan Kerja Pertanian Dan Perikanan Swasta | Pendidikan Dan Pelatihan Personel Penerbangan | Pelatihan Kerja Swasta Lainnya | Pelatihan Kerja Teknik Perusahaan | Pelatihan Kerja Teknologi Informasi Dan Komunikasi Perusahaan | Pelatihan Kerja Industri Kreatif Perusahaan | Pelatihan Kerja Pariwisata Dan Perhotelan Perusahaan | Pelatihan Kerja Bisnis Dan Manajemen Perusahaan | Pelatihan Kerja Pekerjaan Domestik Perusahaan | Pelatihan Kerja Pertanian Dan Perikanan Perusahaan | Pelatihan Kerja Perusahaan Lainnya | Pendidikan Manajemen Dan Perbankan | Pendidikan Komputer (Teknologi Informasi Dan Komunikasi) Swasta | Pendidikan Bahasa Swasta | Pendidikan Kesehatan Swasta | Pendidikan Bimbingan Belajar Dan Konseling Swasta | Pendidikan Teknik Swasta | Pendidikan Kerajinan Dan Industri | Pendidikan Lainnya Swasta | Jasa Perantara Kursus Dan Tutor | Aktivitas Sertifikasi Profesi Hasil Pendidikan Dan Pelatihan Sendiri | Aktivitas Sertifikasi Profesi Hasil Pendidikan Dan Pelatihan Mitra | Aktivitas Sertifikasi Profesi Oleh Asosiasi | Aktivitas Sertifikasi Profesi Independen | Kegiatan Penunjang Pendidikan Lainnya";Pengumpulan Limbah Radioaktif | Perdagangan Besar Peralatan Dan Perlengkapan Olahraga | Perdagangan Eceran Perlengkapan Pakaian | Perdagangan Eceran Tas, Dompet, Koper, Ransel, Dan Sejenisnya | Perdagangan Eceran Sediaan Farmasi Untuk Manusia Di Apotek | Perdagangan Eceran Sediaan Farmasi Untuk Manusia Selain Di Apotek | Perdagangan Eceran Obat Bahan Alam Untuk Manusia | Perdagangan Eceran Kosmetik Untuk Manusia | Perdagangan Eceran Alat Kesehatan Untuk Manusia | Perdagangan Eceran Alat Fotografi Dan Perlengkapannya | Perdagangan Eceran Alat Optik Dan Perlengkapannya | Perdagangan Eceran Kacamata | Perdagangan Eceran Jam | Perdagangan Eceran Barang Perhiasan | Perdagangan Eceran Perlengkapan Rumah Tangga Bekas | Perdagangan Eceran Pakaian, Alas Kaki, Dan Perlengkapan Pakaian Bekas | Perdagangan Eceran Barang Perlengkapan Pribadi Bekas | Perdagangan Eceran Barang Listrik Dan Elektronik Bekas | Perdagangan Eceran Barang Antik | Perdagangan Eceran Hewan Ternak Dan Bibit Hewan | Perdagangan Eceran Pakan Ternak/Unggas/Ikan Dan Hewan Kesayangan | Perdagangan Eceran Bunga Potong/Florist | Perdagangan Eceran Pupuk Dan Pemberantas Hama | Perdagangan Eceran Perlengkapan Dan Media Tanaman Hias | Perdagangan Eceran Bahan Kimia | Perdagangan Eceran Bahan Kimia, Aromatik/Penyegar (Minyak Asiri), Dan Bahan Bakar Selain Bahan Bakar Untuk Kendaraan Bermotor Lainnya | Perdagangan Eceran Cendera Mata, Kerajinan, Dan Barang Barang Keagamaan | Perdagangan Eceran Berbagai Macam Mesin Dan Perlengkapannya;Industri Minyak Asiri Hulu | Industri Minyak Asiri Rantai Tengah | Industri Bahan Baku Obat Bahan Alam Untuk Manusia | Industri Produk Obat Bahan Alam Untuk Manusia | Industri Produk Obat Bahan Alam Untuk Hewan | Industri Bahan Baku Obat Bahan Alam Untuk Hewan | Pemulihan Material Barang Logam | Pemulihan Material Barang Plastik | Pemulihan Material Lainnya | Aktivitas Penangkapan Karbon | Aktivitas Penyimpanan Karbon | Aktivitas Remediasi Dan Pengelolaan Limbah Atau Sampah Lainnya | Konstruksi Konvensional Gedung Hunian | Perdagangan Besar Alat Tulis Dan Gambar | Perdagangan Besar Peralatan Masak, Peralatan Dapur, Dan Elektronik Rumah Tangga | Perdagangan Besar Alat Musik | Perdagangan Besar Tas, Dompet, Koper, Ransel, Dan Sejenisnya | Perdagangan Besar Berbagai Barang Dan Perlengkapan Rumah Tangga Lainnya Ytdl | Perdagangan Besar Kaca Lembaran | Perdagangan Besar Bahan Konstruksi Dari Porselen | Perdagangan Eceran Alat Tulis Menulis Dan Gambar | Perdagangan Eceran Hasil Pencetakan Dan Penerbitan | Perdagangan Eceran Kertas, Kertas Karton, Dan Barang Dari Kertas/Karton | Perdagangan Eceran Pakaian | Perdagangan Eceran Sepatu, Sandal, Dan Alas Kaki Lainnya | Perdagangan Eceran Obat Farmasi Untuk Hewan | Perdagangan Eceran Obat Tradisional Untuk Hewan | Perdagangan Eceran Kosmetik Untuk Hewan | Perdagangan Eceran Bahan Baku Farmasi Dan Alat Kesehatan Lainnya | Perdagangan Eceran Bahan Konstruksi Dan Saniter Bekas | Perdagangan Eceran Barang Bekas Lainnya | Perdagangan Eceran Hewan Kesayangan (Pet Animals) | Perdagangan Eceran Ikan Dan Biota Air Hidup Lainnya | Perdagangan Eceran Tanaman Dan Bibit Tanaman Selain Tanaman Kehutanan | Perdagangan Eceran Tanaman Dan Bibit Tanaman Kehutanan | Perdagangan Eceran Minyak Tanah | Perdagangan Eceran Gas Tabung Lpg | Perdagangan Eceran Aromatik/Penyegar (Minyak Asiri) | Perdagangan Eceran Lukisan | Perdagangan Eceran Alat Transportasi Darat Tidak Bermotor Dan Perlengkapannya | Aktivitas Penyediaan Makanan Di Bangunan Tidak Tetap | Aktivitas Jasa Boga Untuk Acara Tertentu (Event Catering) | Aktivitas Penyediaan Jasa Boga Lainnya | Aktivitas Penyediaan Minuman Keliling/Tempat Tidak Tetap | Aktivitas Jasa Intermediasi Penyediaan Makanan Dan Minuman | Penerbitan Buku | Pendidikan Menengah Kejuruan Umum Pemerintah;Industri Zat Pengatur Tumbuh | Industri Minyak Asiri Hulu | Industri Minyak Asiri Rantai Tengah | Industri Bahan Baku Obat Bahan Alam Untuk Manusia | Industri Produk Obat Bahan Alam Untuk Manusia | Industri Produk Obat Bahan Alam Untuk Hewan | Industri Bahan Baku Obat Bahan Alam Untuk Hewan | Perdagangan Besar Suku Cadang Sepeda Motor Dan Aksesorinya | Perdagangan Besar Bahan Konstruksi Dari Kayu | Angkutan Laut Luar Negeri Untuk Barang Umum | Angkutan Laut Luar Negeri Untuk Barang Khusus | Angkutan Laut Luar Negeri Pelayaran Rakyat Untuk Barang | Angkutan Penyeberangan Umum Antarprovinsi Untuk Penumpang | Angkutan Penyeberangan Umum Antarkabupaten/Kota Untuk Penumpang | Angkutan Penyeberangan Umum Dalam Kabupaten/Kota Untuk Penumpang | Angkutan Penyeberangan Perintis Antarprovinsi Untuk Penumpang | Angkutan Penyeberangan Perintis Antarkabupaten/Kota Untuk Penumpang | Transportasi Pesisir Lainnya Untuk Penumpang | Angkutan Penyeberangan Umum Antarprovinsi Untuk Barang | Angkutan Penyeberangan Umum Antarkabupaten/Kota Untuk Barang | Angkutan Penyeberangan Umum Dalam Kabupaten/Kota Untuk Barang | Angkutan Penyeberangan Perintis Antarprovinsi Untuk Barang | Angkutan Penyeberangan Perintis Antarkabupaten/Kota Untuk Barang | Transportasi Pesisir Lainnya Untuk Barang | Angkutan Sungai Dan Danau Liner (Trayek Tetap Dan Teratur) Untuk Penumpang | Angkutan Sungai Dan Danau Tramper (Trayek Tidak Tetap Dan Tidak Teratur) Untuk Penumpang | Angkutan Sungai Dan Danau Untuk Wisata | Angkutan Sungai Dan Danau Untuk Barang Umum | Angkutan Sungai Dan Danau Untuk Barang Berbahaya | Angkutan Udara Niaga Berjadwal Untuk Penumpang | Angkutan Udara Niaga Tidak Berjadwal Untuk Penumpang | Transportasi Antariksa Untuk Penumpang | Angkutan Udara Niaga Berjadwal Khusus Kargo | Angkutan Udara Niaga Tidak Berjadwal Khusus Kargo | Transportasi Antariksa Untuk Barang | Pengelola Gudang Sistem Resi Gudang | Aktivitas Gudang Dingin | Aktivitas Gudang Berikat | Penyimpanan Minyak Dan Gas Bumi | Aktivitas Penyimpanan Barang Berbahaya Dan Beracun (B3) | Fasilitas Penyimpanan Sumber Radiasi Pengion | Penyimpanan Mineral Ikutan Radioaktif | Pergudangan Dan Penyimpanan Lainnya | Aktivitas Terminal Darat | Aktivitas Penyelenggaraan Prasarana Perkeretaapian | Aktivitas Jalan Tol | Aktivitas Perparkiran Di Badan Jalan (On Street Parking) | Aktivitas Perparkiran Di Luar Badan Jalan (Off Street Parking) | Aktivitas Jasa Terkait Transportasi Darat Lainnya | Aktivitas Pelayanan Kepelabuhanan Laut | Aktivitas Penyediaan Makanan Di Bangunan Tidak Tetap | Aktivitas Jasa Boga Untuk Acara Tertentu (Event Catering) | Aktivitas Penyediaan Jasa Boga Lainnya | Aktivitas Penyediaan Minuman Keliling/Tempat Tidak Tetap | Aktivitas Jasa Intermediasi Penyediaan Makanan Dan Minuman | Penerbitan Buku;Konstruksi Konvensional Gedung Lainnya | Perdagangan Besar Alat Tulis Dan Gambar | Perdagangan Eceran Alat Tulis Menulis Dan Gambar | Perdagangan Eceran Hasil Pencetakan Dan Penerbitan | Perdagangan Eceran Kertas, Kertas Karton, Dan Barang Dari Kertas/Karton | Perdagangan Eceran Pakaian | Perdagangan Eceran Sepatu, Sandal, Dan Alas Kaki Lainnya;Perdagangan Besar Alat Tulis Dan Gambar | Perdagangan Eceran Alat Tulis Menulis Dan Gambar | Perdagangan Eceran Hasil Pencetakan Dan Penerbitan | Perdagangan Eceran Kertas, Kertas Karton, Dan Barang Dari Kertas/Karton | Perdagangan Eceran Pakaian | Perdagangan Eceran Sepatu, Sandal, Dan Alas Kaki Lainnya;-;Perdagangan Besar Alat Tulis Dan Gambar | Perdagangan Eceran Alat Tulis Menulis Dan Gambar | Perdagangan Eceran Hasil Pencetakan Dan Penerbitan | Perdagangan Eceran Kertas, Kertas Karton, Dan Barang Dari Kertas/Karton | Perdagangan Eceran Pakaian | Perdagangan Eceran Sepatu, Sandal, Dan Alas Kaki Lainnya;"Industri Minyak Pelumas | Industri Briket | Industri Kimia Dasar Organik Dari Sumber Daya Alam Hayati | Industri Pupuk Hara Mikro | Industri Pupuk Organik, Pupuk Hayati, Dan Media Tanam | Industri Biostimulan | Industri Perhiasan Imitasi Dan Barang Sejenis | Industri Alat Musik Tradisional | Industri Alat Musik Nontradisional | Industri Peralatan Dan Perlengkapan Olahraga | Industri Alat Permainan | Industri Mainan Termasuk Drone Rekreasi | Industri Peralatan Kedokteran Dan Kedokteran Gigi Serta Perlengkapannya | Industri Furnitur Untuk Operasi, Perawatan Kedokteran, Dan Kedokteran Gigi | Industri Peralatan Kedokteran Dan Kedokteran Gigi, Serta Perlengkapan Ortopedi Dan Prostetik | Industri Kacamata | Industri Peralatan Kedokteran Dan Kedokteran Gigi, Serta Perlengkapan Lainnya | Industri Alat Tulis Dan Gambar Termasuk Perlengkapannya | Industri Pita Mesin Tulis Atau Gambar | Industri Kerajinan Ytdl | Reparasi Dan Pemeliharaan Produk Logam Struktural, Tangki, Tandon Air, Dan Generator Uap | Reparasi Dan Pemeliharaan Produk Logam Pabrikasi Lainnya | Reparasi Dan Pemeliharaan Mesin Untuk Keperluan Umum | Reparasi Dan Pemeliharaan Mesin Untuk Keperluan Khusus | Reparasi Dan Pemeliharaan Alat Ukur, Alat Uji, Serta Peralatan Navigasi Dan Pengontrol | Reparasi Dan Pemeliharaan Peralatan Iradiasi, Elektromedik, Dan Elektroterapi | Reparasi Dan Pemeliharaan Peralatan Fotografi Dan Optik | Reparasi Dan Pemeliharaan Motor Listrik, Generator, Dan Transformator | Reparasi Dan Pemeliharaan Baterai Dan Akumulator Listrik | Reparasi Dan Pemeliharaan Peralatan Listrik Lainnya | Reparasi Dan Pemeliharaan Kapal, Perahu, Dan Bangunan Terapung | Reparasi Dan Pemeliharaan Lokomotif Dan Gerbong Kereta | Reparasi Dan Pemeliharaan Pesawat Udara | Reparasi Dan Pemeliharaan Peralatan Lainnya | Pembongkaran Mesin, Peralatan, Dan Sistem Industri | Pembangkitan Tenaga Listrik Dari Sumber Energi Tidak Terbarukan Yang Tidak Menghasilkan Emisi | Penyediaan Tenaga Listrik Dalam Satu Kesatuan Usaha | Aktivitas Penunjang Tenaga Listrik Lainnya | Produksi Es | Pengumpulan Limbah Berbahaya Selain Limbah Radiokatif | Produksi Kompos Sampah Organik | Pengolahan Dan Pembuangan Limbah Atau Sampah Tidak Berbahaya Lainnya | Konstruksi Konvensional Gedung Perkantoran | Konstruksi Konvensional Gedung Perbelanjaan | Konstruksi Jalan Pada Permukaan Tanah | Konstruksi Bangunan Sipil Jembatan, Jalan Layang, Fly Over, Dan Underpass | Konstruksi Jalan Rel | Konstruksi Terowongan | Konstruksi Jaringan Irigasi Dan Drainase | Konstruksi Bangunan Sipil Pengolahan Air Bersih | Konstruksi Bangunan Sipil Elektrikal | Konstruksi Bangunan Sipil Telekomunikasi Untuk Prasarana Transportasi | Konstruksi Sentral Telekomunikasi | Konstruksi Pengeboran/Penggalian Air Tanah | Konstruksi Bangunan Prasarana Sumber Daya Air | Konstruksi Bangunan Sipil Fasilitas Olahraga | Pembongkaran | Penyiapan Lahan | Pemasangan Jaringan Listrik | Pemasangan Jaringan Telekomunikasi | Pemasangan Sistem Elektronika | Pemasangan Sistem Persinyalan Dan Telekomunikasi Kereta Api | Pemasangan Perlengkapan Jalan Berbasis Listrik | Pemasangan Saluran Air (Plumbing) | Pemasangan Pendingin Dan Ventilasi Udara | Pemasangan Perlengkapan Mekanikal Bangunan | Pemasangan Kaca, Pintu, Kusen, Jendela, Dan Sejenisnya | Pengerjaan Lantai, Dinding, Dan Plafon | Pengecatan | Penyelesaian Konstruksi Bangunan Lainnya | Pemasangan Dan Rekayasa Struktur Bangunan | Pemasangan Perancah (Steger) | Pemasangan Rangka Dan Atap/Roof Covering | Pemasangan Kerangka Baja | Penyewaan Alat Konstruksi Dengan Operator | Perdagangan Besar Barang Percetakan Dan Penerbitan Dalam Berbagai Bentuk | Perdagangan Besar Suku Cadang Elektronik | Perdagangan Besar Disket, Flash Drive, Pita Audio Dan Video, Serta Cd Dan Dvd Kosong | Perdagangan Besar Mesin Kantor Dan Industri, Suku Cadang, Dan Perlengkapannya | Perdagangan Besar Mesin, Peralatan, Dan Perlengkapan Lainnya Ytdl | Perdagangan Besar Alat Kesehatan Dan Laboratorium Untuk 
 Manusia | Perdagangan Besar Alat Kesehatan Untuk Hewan | Perdagangan Besar Karet Dan Plastik Dalam Bentuk Dasar | Perdagangan Besar Kertas Dan Karton | Perdagangan Besar Barang Dari Kertas Dan Karton | Perdagangan Besar Barang Bekas Dan Skrap | Perdagangan Besar Produk Lainnya Ytdl | Perdagangan Besar Berbagai Macam Barang Di Grosir/Perkulakan Swalayan | Perdagangan Besar Berbagai Macam Barang Selain Di 
 Grosir/Perkulakan Swalayan | Aktivitas Penyediaan Minuman Keliling/Tempat Tidak Tetap | Aktivitas Jasa Intermediasi Penyediaan Makanan Dan Minuman | Penerbitan Buku | Aktivitas Agen Asuransi | Aktivitas Agen Penjaminan | Aktivitas Penunjang Lainnya Untuk Asuransi, Penjaminan, Dan Dana Pensiun | Aktivitas Penunjang Lainnya Untuk Asuransi, Penjamian, Dan Dana Pensiun Ytdl | Pengelolaan Gedung Perkantoran | Aktivitas Real Estat (Bangunan Dan Lahan) Nonhunian Lainnya Milik Sendiri Atau Sewa | Aktivitas Jasa Intermediasi Real Estat | Jasa Penaksir Real Estat | Pengelolaan Real Estat Hunian Atas Dasar Balas Jasa (Fee) Atau Kontrak | Aktivitas Real Estat Atas Dasar Balas Jasa (Fee) Atau Kontrak Lainnya Ytdl | Aktivitas Konsultansi Manajemen Dan Bisnis Pariwisata | Aktivitas Konsultansi Manajemen Dan Bisnis Industri | Aktivitas Konsultansi Manajemen Dan Bisnis Perdagangan | Aktivitas Konsultasi Manajemen Dan Bisnis Lainnya | Jasa Sertifikasi Teknis | Jasa Inspeksi Teknis | Jasa Verifikasi Dan Validasi Teknis | Jasa Pengujian Teknis | Penelitian Dan Pengembangan Ilmu Alam | Penelitian Dan Pengembangan Enjinering Dan Teknologi | Penelitian Dan Pengembangan Ilmu Kedokteran Dan Kesehatan | Penelitian Dan Pengembangan Bioteknologi | Penelitian Dan Pengembangan Ilmu Pertanian Dan Kedokteran Hewan | Penelitian Dan Pengembangan Ketenaganukliran | Penelitian Dan Pengembangan Eksperimental Ilmu Alam Dan Enjinering Lainnya | Penelitian Dan Pengembangan Ilmu Pengetahuan Sosial | Penelitian Dan Pengembangan Humaniora | Aktivitas Periklanan | Penelitian Pasar | Jajak Pendapat Opini Publik | Penyewaan Dan Sewa Guna Usaha Mesin Dan Peralatan Komunikasi Dan Multimedia | Aktivitas Jasa Intermediasi Untuk Penyewaan Dan Sewa Guna Usaha Barang Berwujud Dan Aset Tak Berwujud Nonfinansial Lainnya | Aktivitas Penempatan Awak Kapal | Aktivitas Penyediaan Informasi Lowongan Kerja | Aktivitas Penempatan Tenaga Kerja Lainnya | Aktivitas Penyediaan Tenaga Kerja Sementara Dan Penyediaan Sumber Daya Manusia Lainnya | Administrasi Pelayanan Pemerintah Bidang Pendidikan | Administrasi Pelayanan Pemerintah Bidang Kesehatan | Pendidikan Menengah Kejuruan Keagamaan Protestan, Katolik, Hindu, Buddha, Atau Konghucu";Industri Zat Pengatur Tumbuh | Pembangkitan Tenaga Listrik Dari Sumber Energi Tidak Terbarukan Yang Menghasilkan Emisi | Produksi Gas Alam Dan Buatan | Pengolahan Dan Pembuangan Air Limbah | Pengolahan Sampah Tidak Berbahaya Untuk Menghasilkan Energi | Konstruksi Bangunan Sipil Fasilitas Pengolahan | Perdagangan Besar Berbagai Macam Material Bangunan | Aktivitas Penyediaan Makanan Di Bangunan Tidak Tetap | Aktivitas Jasa Boga Untuk Acara Tertentu (Event Catering) | Aktivitas Penyediaan Jasa Boga Lainnya | Aktivitas Pialang Asuransi | Aktivitas Broker Penjaminan | Aktivitas Pengembangan Bangunan Dan Lahan Hunian | Aktivitas Penyewaan Bangunan Dan Lahan Hunian Milik Sendiri Atau Sewa | Penyewaan Tempat Penyelenggaraan Aktivitas Pertemuan, Perjalanan Insentif, Konvensi, Dan Pameran, Serta Acara Khusus | Penyewaan Gudang Dan Fasilitas Penyimpanan Mandiri;Industri Minyak Asiri Hulu | Industri Minyak Asiri Rantai Tengah | Industri Bahan Baku Obat Bahan Alam Untuk Manusia | Industri Produk Obat Bahan Alam Untuk Manusia | Industri Produk Obat Bahan Alam Untuk Hewan | Industri Bahan Baku Obat Bahan Alam Untuk Hewan | Perdagangan Besar Bahan Konstruksi, Perkakas, Perlengkapan Perpipaan, Dan Peralatan Pemanas Lainnya;Perdagangan Besar Mineral Bukan Logam;-;-;"nan | Pertanian Jagung | Pertanian Serealia Selain Padi Dan Jagung | Pertanian Kedelai | Pertanian Kacang Tanah | Pertanian Kacang Hijau | Pertanian Aneka Kacang Selain Kedelai, Kacang Tanah, Dan Kacang Hijau | Pertanian Biji-Bijian Penghasil Minyak Makan | Pertanian Biji-Bijian Penghasil Minyak Selain Minyak Makan | Pertanian Padi Hibrida | Pertanian Padi Inbrida | Pertanian Sayuran Daun | Pertanian Buah Semusim | Pertanian Sayuran Buah | Pertanian Sayuran Umbi | Pertanian Ubi Kayu | Pertanian Jamur | Pertanian Bit Gula Dan Tanaman Pemanis Selain Tebu | Pertanian Cabai | Pertanian Umbi Lainnya | Pertanian Tebu | Pertanian Tembakau | Pertanian Tanaman Berserat | Pertanian Tanaman Pakan Ternak | Pembenihan Tanaman Pakan Ternak Dan Pembenihan Bit (Bukan Bit Gula) | Pertanian Tanaman Bunga | Pertanian Pembenihan Tanaman Bunga | Pertanian Tanaman Semusim Lainnya Ytdl | Pertanian Buah Anggur | Pertanian Buah-Buahan Tropis Dan Subtropis | Pertanian Buah Jeruk | Pertanian Buah Apel Dan Buah Batu (Pome And Stone Fruits) | Pertanian Buah Beri | Pertanian Sayuran Tahunan | Pertanian Buah Semak Lainnya | Pertanian Kelapa | Pertanian Kelapa Sawit | Pertanian Buah Oleagin Lainnya | Pertanian Kopi | Pertanian Tanaman Teh | Pertanian Kakao | Pertanian Tanaman Untuk Bahan Minuman Lainnya | Pertanian Lada | Pertanian Cengkih | Pertanian Pala | Pertanian Tanaman Aromatik/Penyegar | Pertanian Tanaman Obat Rimpang | Pertanian Tanaman Obat Nonrimpang | Pertanian Tanaman Narkotika Dan Tanaman Obat Terlarang | Pertanian Tanaman Rempah-Rempah Dan Aromatik/Penyegar Lainnya | Pertanian Pohon Karet Dan Tanaman Penghasil Getah Lainnya | Pertanian Tanaman Tahunan Lainnya Ytdl | Pertanian Tanaman Hias | Penangkaran Tumbuhan Liar | Pembiakan Tanaman Lainnya | Budi Daya Dan Pembibitan Sapi Potong | Budi Daya Dan Pembibitan Sapi Perah | Budi Daya Dan Pembibitan Kerbau Potong | Budi Daya Dan Pembibitan Kerbau Perah | Peternakan Kuda Dan Sejenisnya | Peternakan Unta Dan Sejenisnya | Budi Daya Dan Pembibitan Domba Potong | Budi Daya Dan Pembibitan Kambing Potong | Budi Daya Dan Pembibitan Kambing Perah | Budi Daya Dan Pembibitan Domba Perah | Produksi Bulu Domba Mentah/Raw Wool | Peternakan Babi | Budi Daya Ayam Ras Pedaging | Budi Daya Ayam Ras Petelur | Pembibitan Ayam Lokal Dan Persilangannya | Budi Daya Ayam Lokal Dan Persilangannya | Budi Daya Dan Pembibitan Itik Dan Bebek | Budi Daya Dan Pembibitan Burung Puyuh | Budi Daya Dan Pembibitan Burung Merpati | Pembibitan Ayam Ras | Budi Daya Dan Pembibitan Unggas Lainnya | Budi Daya Dan Pembibitan Burung Unta | Budi Daya Dan Pembibitan Ulat Sutra | Budi Daya Dan Pembibitan Lebah | Budi Daya Dan Pembibitan Rusa | Budi Daya Dan Pembibitan Kelinci | Budi Daya Dan Pembibitan Cacing | Budi Daya Dan Pembibitan Burung Walet | Penangkaran Satwa Liar | Budi Daya Dan Pembibitan Hewan Lainnya | Jasa Pengolahan Lahan | Jasa Pemupukan | Jasa Pemanenan | Jasa Penyemprotan Dan Penyerbukan Melalui Udara | Jasa Pengendalian Organisme Pengganggu Tumbuhan (Opt) | Jasa Penanaman Benih | Jasa Penunjang Pertanian Lainnya | Jasa Perkawinan Ternak | Jasa Penetasan Telur | Jasa Penunjang Peternakan Lainnya | Jasa Pascapanen | Pemilihan Benih Tanaman Untuk Pembiakan | Perburuan, Penangkapan, Dan Kegiatan Jasa Terkait | Pengelolaan Hutan | Pemanfaatan Kayu Hutan | Pembenihan Tanaman Kehutanan | Pemanenan Kayu | Pemungutan Kayu | Pemungutan Hasil Hutan Bukan Kayu | Jasa Lingkungan Hutan | Jasa Penggunaan Kawasan Kehutanan | Jasa Penunjang Kehutanan Lainnya | Penangkapan Ikan Dan Biota Air Lainnya Di Laut | Penangkapan Ikan Dan Biota Air Lainnya Di Perairan Air Tawar | Pembudidayaan Ikan Bersirip (Selain Ikan Hias) Dan Biota Air Laut Lainnya Yang Tidak Dilindungi | Pembudidayaan Ikan Hias Air Laut Yang Tidak Dilindungi | Pembudidayaan Tumbuhan Air Laut Yang Tidak Dilindungi | Pengembangbiakan Ikan Dan Biota Air Laut Yang Dilindungi | Pembudidayaan Ikan Bersirip (Selain Ikan Hias) Dan Biota Air Tawar Lainnya Yang Tidak Dilindungi | Pembudidayaan Ikan Hias Air Tawar Yang Tidak Dilindungi | Pembudidayaan Tumbuhan Air Tawar Yang Tidak Dilindungi | Pengembangbiakan Biota Air Tawar Yang Dilindungi | Pembudidayaan Ikan Bersirip (Selain Ikan Hias) Dan Biota Air Payau Lainnya Yang Tidak Dilindungi | Pembudidayaan Ikan Hias Air Payau Yang Tidak Dilindungi | Pembudidayaan Tumbuhan Air Payau Yang Tidak Dilindungi | Pengembangbiakan Biota Air Payau Yang Dilindungi | Jasa Penunjang Kegiatan Penangkapan Dan Pembudidayaan Ikan | Pertambangan Batu Bara | Benefisiasi Atau Peningkatan Kualitas Batu Bara | Pertambangan Lignit | Pertambangan Minyak Bumi | Pertambangan Gas Alam | Pengusahaan Tenaga Panas Bumi | Pertambangan Pasir Besi | Pertambangan Bijih Besi | Pertambangan Bijih Uranium Dan Torium | Pertambangan Emas Dan Perak | Pertambangan Bijih Logam Mulia Lainnya | Pertambangan Bijih Timah | Pertambangan Bijih Timah Hitam | Pertambangan Bijih Bauksit | Pertambangan Bijih Tembaga | Pertambangan Bijih Nikel | Pertambangan Bijih Mangan | Pertambangan Bahan Galian Lainnya Yang Tidak Mengandung Bijih Besi Ytdl | Penggalian Batu Hias Dan Batu Bangunan | Penggalian Batu Kapur/Gamping | Penggalian Kerikil/Sirtu | Penggalian Pasir | Penggalian Tanah Dan Tanah Liat | Penggalian Gips | Penggalian Tras | Penggalian Batu Apung | Penggalian Batu, Pasir, Dan Tanah Liat Lainnya | Pertambangan Belerang | Pertambangan Fosfat | Pertambangan Nitrat | Pertambangan Yodium | Pertambangan Potash (Kalium Karbonat) | Pertambangan Mineral, Bahan Kimia, Dan Bahan Pupuk Lainnya | Ekstraksi Tanah Gambut | Ekstraksi Garam | Pertambangan Batu Mulia | Penggalian Feldspar Dan Kalsit | Pertambangan Aspal Alam | Penggalian Asbes | Penggalian Kuarsa/Pasir Kuarsa | Pertambangan Bijih Logam Tanah Jarang | Pertambangan Dan Penggalian Lainnya Ytdl | Aktivitas Penunjang Pertambangan Minyak Bumi Dan Gas Alam | AKTIVITAS PENUNJANG PERTAMBANGAN DAN PENGGALIAN LAINNYA | Kegiatan Rumah Potong Hewan Ruminansia | Kegiatan Rumah Potong Babi | Kegiatan Rumah Potong Unggas | Kegiatan Rumah Potong Hewan Lainnya | Pengolahan Dan Pengawetan Daging Dan Produk Daging | Pengolahan Dan Pengawetan Ikan Dengan Penggaraman Atau 
 Pengeringan | Pengolahan Dan Pengawetan Ikan Dengan Pengasapan Atau 
 Pemanggangan | Pengolahan Dan Pengawetan Ikan Dengan Pembekuan | Pengolahan Dan Pengawetan Ikan Dengan Pemindangan | Pengolahan Dan Pengawetan Ikan Dengan Fermentasi | Pengolahan Dan Pengawetan Ikan Dengan Pelumatan | Pengolahan Dan Pengawetan Ikan Dengan Pengalengan | Pengolahan Dan Pengawetan Ikan Menjadi Produk Olahan | Pengolahan Dan Pengawetan Ikan Dengan Metode Lainnya | Pengolahan Dan Pengawetan Biota Air Lainnya Dengan 
 Penggaraman Atau Pengeringan | Pengolahan Dan Pengawetan Biota Air Lainnya Dengan 
 Pengasapan Atau Pemanggangan | Pengolahan Dan Pengawetan Biota Air Lainnya Dengan 
 Pembekuan | Pengolahan Dan Pengawetan Biota Air Lainnya Dengan 
 Pemindangan | Pengolahan Dan Pengawetan Biota Air Lainnya Dengan 
 Fermentasi | Pengolahan Dan Pengawetan Biota Air Lainnya Dengan 
 Pelumatan | Pengolahan Dan Pengawetan Biota Air Lainnya Dengan 
 Pengalengan | Pengolahan Dan Pengawetan Rumput Laut | Pengolahan Dan Pengawetan Biota Air Lainnya Dengan Metode 
 Lainnya | Pengasinan Buah-Buahan Dan Sayuran | Pelumatan Buah-Buahan Dan Sayuran | Pengeringan Buah-Buahan Dan Sayuran | Pembekuan Buah-Buahan Dan Sayuran | Pengalengan Buah-Buahan Dan Sayuran | Pengolahan Sari Buah-Buahan Dan Sayuran | Pembuatan Tempe Kedelai | Pembuatan Tahu Kedelai | Pengolahan Dan Pengawetan Lainnya Untuk Buah-Buahan Dan Sayuran | Industri Minyak Mentah Dan Lemak Nabati Bukan Kelapa Dan Kelapa Sawit | Industri Margarin | Industri Minyak Mentah Dan Lemak Dari Hewan Selain Ikan | Industri Minyak Ikan | Industri Minyak Goreng Dan Minyak Makan Bukan Minyak Kelapa Dan Minyak Kelapa Sawit | Industri Minyak Mentah Dan Lemak Nabati Dan Hewani Bukan Kelapa Dan Kelapa Sawit Lainnya | Industri Kopra | Industri Minyak Mentah Kelapa | Industri Minyak Goreng Kelapa | Industri Minyak Mentah Kelapa Sawit (Crude Palm Oil) | Industri Minyak Mentah Inti Kelapa Sawit (Crude Palm Kernel Oil) | Industri Pemisahan/Fraksinasi Minyak Mentah Kelapa Sawit Dan Minyak Mentah Inti Kelapa Sawit | Industri Pemurnian Minyak Mentah Kelapa Sawit Dan Minyak Mentah Inti Kelapa Sawit | Industri Pemisahan/Fraksinasi Minyak Murni Kelapa Sawit | Industri Pemisahan/Fraksinasi Minyak Murni Inti Kelapa Sawit | Industri Minyak Goreng Kelapa Sawit | Industri Susu Segar Dan Krim | Industri Susu Bubuk Dan Susu Kental | Industri Es Krim | Industri Es Yang Dapat Dimakan Dan Es Pencuci Mulut | Industri Produk Susu Lainnya | Industri Produk Gilingan Gandum (Selain Tepung Terigu) Dan Serelia Selain Beras Dan Jagung | Industri Produk Gilingan Aneka Kacang | Industri Produk Gilingan Aneka Umbi, Tanaman Rimpang, Dan Sayuran | Industri Tepung Campuran Dan Adonan Tepung | Industri Makanan Sereal | Industri Tepung Terigu | Industri Pati Ubi Kayu | Industri Berbagai Macam Pati Palem | Industri Glukosa Dan Sejenisnya | Industri Pati Dan Produk Pati Lainnya | Industri Penggilingan Padi Dan Penyosohan Beras | Industri Pemipilan Jagung | Industri Tepung Beras Dan Tepung Jagung | Industri Pati Beras Dan Jagung | Industri Pemanis Dari Beras Dan Jagung | Industri Minyak Dari Beras Dan Jagung | Industri Produk Bakeri | Industri Gula Pasir | Industri Gula Merah | Industri Sirop | Industri Gula Lainnya | Industri Pengolahan Kakao; Industri Cokelat Dan Kembang Gula | Industri Pengolahan Kakao | Industri Cokelat Dan Kembang Gula Dari Cokelat | Industri Manisan Buah-Buahan Dan Sayuran Kering | Industri Kembang Gula Lainnya | Industri Makaroni, Mi, Couscous, Dan Produk Sejenisnya | Industri Makanan Dan Masakan Olahan | Pengolahan Kopi | Pengolahan Te | Industri Kecap | Industri Garam Konsumsi Beryodium | Industri Garam Industri Aneka Pangan | Industri Bumbu Masakan Lainnya | Industri Makanan Bayi Dan Makanan Khusus | Industri Kue Basah | Industri Produk Makanan Dari Kelapa | Industri Kerupuk, Keripik, Peyek, Dan Sejenisnya | Industri Sari Nabati Dan Krimer Nabati | Industri Dodol | Industri Infusi Herbal/Herb Infusion | Industri Bahan Makanan Dari Rumput Laut | Industri Produk Makanan Lainnya Ytdl | Industri Ransum Pakan Hewan | Industri Konsentrat Pakan Hewan | Industri Penyulingan, Pemurnian, Dan Pencampuran Minuman Beralkohol | Industri Minuman Beralkohol Hasil Fermentasi Anggur Dan Hasil Pertanian Lainnya | Industri Minuman Beralkohol Hasil Fermentasi Malt | Industri Malt | Industri Air Kemasan | Industri Air Minum Isi Ulang | Industri Minuman Ringan | Industri Minuman Lainnya | Industri Sigaret Kretek Tangan | Industri Sigaret Kretek Mesin | Industri Rokok Putih | Industri Pengeringan Dan Pengolahan Tembakau | Industri Bumbu Rokok | Industri Produk Tembakau Lainnya | Persiapan Serat Tekstil | Pemintalan Benang Selain Benang Jahit | Pemintalan Benang Jahit | Pertenunan Tekstil Dengan Mesin | Pertenunan Tekstil Bukan Dengan Mesin | Penyempurnaan Benang | Penyempurnaan Basah Kain | Industri Kain Batik | Penyempurnaan Tekstil Lainnya | Industri Kain Rajutan | Industri Kain Crocheted | Industri Bulu Tiruan Rajutan | Industri Barang Tekstil Untuk Keperluan Rumah Tangga | Industri Barang Tekstil Dengan Bahan Pengisi | Industri Karung Goni | Industri Karung Selain Karung Goni | Industri Barang Tekstil Bukan Pakaian Jadi Lainnya | Industri Karpet Dan Permadani | Industri Tali | Industri Barang Dari Tali | Industri Kain Narrow | Industri Kain Yang Dilapisi Dan Sejenisnya | Industri Kain Nirtenun/Nonwoven | Industri Kain Ban | Industri Kapuk | Industri Kain Tule, Kain Jaring, Dan Kain Bordir | Industri Tekstil Lainnya Ytdl | Industri Pakaian Jadi (Konfeksi) Dari Tekstil | Industri Pakaian Jadi (Konfeksi) Dari Kulit Dan Tiruan Kulit | Industri Penjahitan Dan Pembuatan (Bukan Konfeksi) Pakaian Sesuai Pesanan/Kustomisasi | Industri Perlengkapan Pakaian Dari Tekstil | Industri Perlengkapan Pakaian Dari Kulit Dan Tiruan Kulit | Industri Barang Dari Kulit Berbulu | Industri Pakaian Jadi Dan Perlengkapannya Dari Rajutan Dan Crocheted | Industri Hosiery Rajutan Dan Crocheted | Penyamakan Kulit | Pewarnaan Kulit Berbulu | Industri Kulit Komposisi | Industri Koper, Tas Tangan, Dan Sejenisnya | Industri Pelana, Alat Pengekang/Harness, Dan Barang Lainnya Untuk Hewan | Industri Barang Lainnya Dari Kulit Dan Kulit Komposisi | Industri Alas Kaki Untuk Keperluan Sehari-Hari | Industri Sepatu Olahraga | Industri Sepatu Teknik Lapangan/Keperluan Industri | Industri Alas Kaki Lainnya | Penggergajian Dan Penghalusan Kayu | Pengawetan Kayu | Pengawetan Rotan, Bambu, Dan Sejenisnya | Pengolahan Rotan | Industri Partikel Kayu Dan Sejenisnya | Industri Kayu Lapis | Industri Venir | Industri Kayu Laminasi | Industri Panel Kayu Lainnya | Industri Barang Bangunan Dari Kayu | Industri Bangunan Prafabrikasi Dari Kayu Dan Sejenisnya | Industri Wadah Dari Kayu | Industri Barang Anyaman Dari Rotan Dan Bambu | Industri Barang Anyaman Dari Tanaman Selain Rotan Dan Bambu | Industri Kerajinan Ukiran Dari Kayu Bukan Furnitur | Industri Alat Dapur Dan Alat Makan Dari Kayu, Rotan, Dan Bambu | Industri Kayu Bakar Dan Pelet Dari Kayu Dan Biomassa Lainnya | Industri Barang Lainnya Dari Kayu; Industri Barang Dari Gabus, Jerami, Rotan, Bambu, Dan Sejenisnya Ytdl | Industri Bubur Kertas (Pulp) | Industri Kertas Budaya | Industri Kertas Berharga | Industri Kertas Khusus | Industri Kertas Lainnya | Industri Kertas Dan Papan Kertas Bergelombang | Industri Kemasan Dan Kotak Dari Kertas Dan Karton | Industri Kertas Tisu | Industri Barang Dari Kertas Dan Papan Kertas Lainnya Ytdl | Pencetakan Umum | Pencetakan Khusus | Pencetakan Tiga Dimensi (3d) | Kegiatan Jasa Penunjang Pencetakan | Reproduksi Media Rekaman Suara Dan Perangkat Lunak | Reproduksi Media Rekaman Film Dan Video | Industri Produk Tanur Kokas | Industri Bahan Bakar Dari Pemurnian Dan Pengilangan Minyak Bumi | Industri Produk Dari Bahan Limbah Minyak Pelumas | Industri Minyak Pelumas Dasar (Bahan Baku Pelumas) | Industri Produk Dari Pencampuran Hasil Kilang Minyak Bumi Dengan Biofuel | Industri Produk Lainnya Dari Hasil Kilang Minyak Bumi | Industri Asam, Basa, Dan Garam Anorganik | Industri Gas Industri | Industri Kimia Dasar Zat Warna Dan Pigmen | Industri Kimia Dasar Radioaktif | Industri Kimia Dasar Dari Minyak Bumi, Gas Alam, Dan Batu Bara | Industri Kimia Dasar Anorganik Lainnya | Industri Senyawa Nitrogen; Pupuk Nitrogen, Fosfat, Dan Kalium | Industri Pupuk Hara Makro Primer Lainnya | Industri Damar Buatan (Resin Sintetis) Dan Bahan Baku Plastik | Industri Karet Buatan | Industri Bahan Baku Pemberantas Hama (Bahan Aktif) | Industri Pemberantas Hama (Formulasi) | Industri Cat | Industri Pernis | Industri Dempul | Industri Sediaan Pewarna Dan Pelapis Lainnya | Industri Bahan Dan Produk Pembersih | Industri Kosmetik Untuk Manusia, Cairan Lensa Kontak | Industri Kosmetik Untuk Hewan | Industri Perekat Gigi | Industri Parfum Sesuai Pesanan | Industri Perekat/Lem | Industri Bahan Peledak | Industri Tinta | Industri Korek Api | Industri Biofuel Cair | Industri Cairan Rokok Elektrik | Industri Barang Kimia Lainnya Ytdl | Industri Serat Filamen Dan Strip Buatan | Industri Serat Stapel Buatan | Industri Bahan Baku Farmasi Untuk Manusia | Industri Produk Farmasi Untuk Manusia | Industri Produk Farmasi Untuk Hewan | Industri Bahan Baku Farmasi Untuk Hewan | Industri Alat Diagnosis Medis, Perban, Kasa, Dan Penunjang Kesehatan Lainnya | Industri Ban Luar Dan Ban Dalam | Industri Pembentukan Kembali Ban Dan Vulkanisasi Ban | Industri Karet Asap | Industri Karet Lembaran Dan Crepe Rubber | Industri Karet Remah (Crumb Rubber) | Industri Karet Setengah Jadi Lainnya | Industri Barang Dari Karet Untuk Keperluan Rumah Tangga | Industri Barang Dari Karet Untuk Keperluan Industri | Industri Barang Dari Karet Untuk Keperluan Infrastruktur | Industri Barang Dari Karet Untuk Kesehatan | Industri Barang Lainnya Dari Karet Ytdl | Industri Barang Dari Plastik Untuk Bangunan | Industri Barang Dari Plastik Dan Bioplastik Untuk Pengemasan | Industri Pipa Plastik Dan Perlengkapannya | Industri Plastik Lembaran | Industri Perlengkapan Dan Peralatan Rumah Tangga Dari Plastik (Tidak Termasuk Furnitur) | Industri Barang Dan Peralatan Teknik/Industri Dari Plastik | Industri Barang Lainnya Dari Plastik | Industri Kaca Lembaran | Industri Kaca Pengaman | Industri Kaca Lainnya | Industri Perlengkapan Dan Peralatan Rumah Tangga Dari Kaca | Industri Peralatan Laboratorium Dan Kesehatan Dari Kaca | Industri Produk Lainnya Dari Kaca | Industri Bata, Mortar, Semen, Dan Sejenisnya Yang Tahan Api | Industri Produk Refraktori (Tahan Api) Lainnya | Industri Batu Bata Dari Tanah Liat Atau Keramik | Industri Genteng Dari Tanah Liat Atau Keramik | Industri Bahan Bangunan Lainnya Dari Tanah Liat Atau Keramik | Industri Perlengkapan Rumah Tangga Dari Porselen | Industri Perlengkapan Rumah Tangga Dari Tanah Liat Atau Keramik | Industri Alat Laboratorium Dan Alat Listrik Atau Teknik Dari Porselen | Industri Peralatan Sanitasi Dari Porselen | Industri Peralatan Sanitasi Dari Tanah Liat Atau Keramik | Industri Produk Bukan Bahan Bangunan Lainnya Dari Tanah Liat Atau Keramik Dan Porselen | Industri Semen | Industri Kapur | Industri Gips | Industri Barang Dari Semen | Industri Barang Dari Kapur | Industri Barang Dari Gips | Industri Barang Dari Asbes | Industri Mortar, Acian, Dan Beton Siap Pakai | Industri Barang Dari Batu Marmer | Industri Barang Dari Batu Granit | Industri Barang Dari Batu Lainnya | Industri Produk Abrasif | Industri Batuan Aspal Dan Barang Dari Aspal Atau Material Sejenis | Industri Produk Hasil Pemurnian Mineral Nonlogam | Industri Produk Mineral Nonlogam Lainnya Ytdl | Industri Besi Dan Baja Dasar | Penggilingan Baja | Industri Pipa Dan Sambungan Pipa Dari Besi Dan Baja | Industri Logam Dasar Mulia | Industri Logam Dasar Bukan Besi Lainnya | Penggilingan Logam Bukan Besi | Ekstrusi Logam Bukan Besi | Industri Pipa Dan Sambungan Pipa Dari Logam Bukan Besi Dan Baja | Industri Bahan Bakar Nuklir | Pengecoran Besi Dan Baja | Pengecoran Logam Bukan Besi Dan Baja | Industri Produk Logam Struktural Bukan Aluminium Untuk Konstruksi Ringan | Industri Produk Logam Struktural Aluminium Untuk Konstruksi Ringan | Industri Produk Logam Struktural Baja Untuk Konstruksi Berat | Industri Produk Logam Struktural Lainnya | Industri Tangki, Tandon Air, Dan Wadah Sejenisnya Dari Logam | Industri Generator Uap Bukan Ketel Pemanas | Industri Senjata Dan Amunisi | Penempaan, Pengepresan, Pencetakan, Dan Pembentukan Logam; Metalurgi Bubuk | Pengerjaan Dan Pelapisan Logam | Industri Perkakas Tangan | Industri Alat Potong | Industri Alat Makan Dari Logam | Industri Peralatan Umum | Industri Ember, Kaleng, Drum Dan Wadah Sejenisnya Dari Logam | Industri Barang Dari Kawat Logam Bukan Kabel | Industri Paku, Mur, Dan Baut Logam | Industri Brankas, Filling Kantor, Dan Sejenisnya | Industri Peralatan Dapur Dan Peralatan Meja Dari Logam | Industri Produk Rumah Tangga Dari Logam Bukan Peralatan Dapur Dan Peralatan Meja | Industri Profil Logam | Industri Lampu Dari Logam | Industri Produk Logam Lainnya Ytdl | Industri Sel Surya, Panel Surya, Dan Inverter Fotovoltaik | Industri Tabung Elektron Dan Konektor Elektronik | Industri Komponen Dan Papan Elektronik Lainnya Ytdl | Industri Komputer Dan Perakitan Komputer | Industri Perlengkapan Komputer | Industri Peralatan Telepon Dan Faksimili | Industri Peralatan Komunikasi Tanpa Kabel (Wireless) | Industri Kartu Cerdas (Smart Card) | Industri Peralatan Komunikasi Lainnya | Industri Televisi, Monitor Televisi, Dan Displai | Industri Peralatan Perekam, Penerima, Dan Pengganda Audio Dan Video, Bukan Televisi | Industri Peralatan Audio Dan Video Elektronik Lainnya | Industri Alat Ukur Dan Alat Uji Manual | Industri Alat Ukur Dan Alat Uji Elektrik | Industri Alat Ukur Dan Alat Uji Elektronik | Industri Alat Ukur, Alat Uji, Dan Peralatan Navigasi Dan Kontrol Lainnya | Industri Alat Ukur Waktu | Industri Peralatan Iradiasi, Perlengkapan, Dan Sejenisnya | Industri Peralatan Elektromedik Dan Elektroterapi | Industri Peralatan Fotografi | Industri Peralatan Sinematografi | Industri Lensa Bukan Kacamata | Industri Peralatan Fotografi Dan Instrumen Optik Bukan Kacamata Lainnya | Industri Media Magnetik Dan Media Optik | Industri Motor Listrik | Industri Generator Pembangkit Listrik | Industri Pengubah Tegangan/Transformator Dan Pengubah Arus/Rectifier | Industri Peralatan Pengontrol Dan Pendistribusian Listrik | Industri Batu Baterai | Industri Akumulator Listrik | Industri Baterai Kendaraan Listrik | Industri Kabel Serat Optik | Industri Kabel Dan Kawat Listrik Dan Elektronik Lainnya | Industri Perlengkapan Kabel | Industri Bola Lampu Pijar, Lampu Sorot, Dan Lampu Ultraviolet | Industri Lampu Gas Dan Discharge | Industri Peralatan Penerangan Untuk Kendaraan | Industri Lampu Led | Industri Peralatan Penerangan Lainnya | Industri Peralatan Listrik Rumah Tangga | Industri Peralatan Elektrotermal Rumah Tangga | Industri Peralatan Rumah Tangga Bukan Listrik | Industri Peralatan Listrik Lainnya | Industri Mesin Uap, Turbin, Dan Kincir | Industri Motor Pembakaran Dalam | Industri Komponen Dan Suku Cadang Mesin Dan Turbin | Industri Peralatan Tenaga Zat Cair Dan Gas | Industri Pompa Lainnya, Kompresor, Keran, Dan Klep/Katup | Industri Bearing, Roda Gigi, Dan Elemen Penggerak Mesin | Industri Oven, Perapian Dan Tungku Pembakar Sejenis Yang Tidak Menggunakan Arus Listrik | Industri Oven, Perapian Dan Tungku Pembakar Sejenis Yang Menggunakan Arus Listrik | Industri Alat Pengangkat Dan Pemindah | Industri Mesin Kantor Dan Akuntansi Manual | Industri Mesin Kantor Dan Akuntansi Elektrik | Industri Mesin Kantor Dan Akuntansi Elektronik | Industri Peralatan Kantor | Industri Perkakas Tangan Yang Digerakkan Tenaga | Industri Mesin Untuk Pembungkus, Pembotolan, Dan Pengalengan | Industri Mesin Timbangan | Industri Mesin Pendingin | Industri Mesin Untuk Keperluan Umum Lainnya Ytdl | Industri Mesin Pertanian Dan Kehutanan | Industri Mesin Dan Perkakas Mesin Untuk Pengerjaan Logam Dan Bahan Lainnya | Industri Mesin Metalurgi | Industri Mesin Penambangan, Penggalian Dan Konstruksi | Industri Mesin Pengolahan Makanan, Minuman Dan Tembakau | Industri Mesin Jahit, Mesin Cuci, Dan Mesin Pengering Untuk Keperluan Niaga | Industri Mesin Tekstil | Industri Mesin Penyiapan Dan Pembuatan Produk Kulit | Industri Mesin Percetakan | Industri Mesin Pabrik Kertas | Industri Mesin Keperluan Khusus Lainnya Ytdl | Industri Kendaraan Bermotor Roda Empat Atau Lebih | Industri Karoseri Kendaraan Bermotor Roda Empat Atau Lebih; Industri Trailer Dan Semitrailer | Industri Suku Cadang Dan Aksesori Kendaraan Bermotor Roda Empat Atau Lebih | Industri Kendaraan Air Dan Bawah Air Berawak | Industri Bangunan Lepas Pantai Dan Bangunan Terapung | Industri Kendaraan Air Dan Bawah Air Tanpa Awak | Industri Kapal Dan Perahu Untuk Tujuan Wisata Atau Rekreasi Dan Olahraga | Industri Lokomotif Dan Gerbong Kereta | Industri Pesawat Udara Berawak Dan Mesin Terkait | Industri Pesawat Udara Tanpa Awak Dan Mesin Terkait | Industri Wahana Antariksa Dan Mesin Terkait | Industri Kendaraan Tempur Militer | Industri Sepeda Motor Roda Dua Dan Tiga | Industri Komponen Dan Perlengkapan Sepeda Motor Roda Dua Dan Tiga | Industri Sepeda Dan Kursi Roda Termasuk Becak | Industri Perlengkapan Sepeda Dan Kursi Roda Termasuk Becak | Industri Alat Angkutan Lainnya Ytdl | Industri Furnitur Dari Kayu | Industri Furnitur Dari Rotan Dan Bambu | Industri Furnitur Dari Plastik | Industri Furnitur Dari Logam | Industri Furnitur Dari Bahan Lainnya Ytdl | Industri Permata | Industri Perhiasan Dari Logam Mulia | Industri Barang Berharga Dari Logam Mulia Bukan Perhiasan | Industri Perhiasan Dari Mutiara | Industri Barang Berharga Lainnya Dari Logam Mulia | Reparasi Dan Pemeliharaan Produk Senjata Dan Amunisi | Pengolahan Dan Pembuangan Limbah Atau Sampah Berbahaya Selain Limbah Radioaktif | Pengolahan Dan Pembuangan Limbah Radioaktif | Konstruksi Konvensional Gedung Industri | Konstruksi Konvensional Gedung Penginapan | Konstruksi Konvensional Gedung Hiburan Dan Olahraga | Konstruksi Prapabrikasi Bangunan Gedung | Konstruksi Bangunan Sipil Sistem Pengolahan Limbah | Konstruksi Proyek Utilitas Lainnya | Konstruksi Bangunan Pelabuhan Bukan Perikanan | Konstruksi Bangunan Pelabuhan Perikanan | Konstruksi Reservoir Pembangkit Listrik Tenaga Air | Konstruksi Bangunan Sipil Pelindung Pantai | Konstruksi Bangunan Sipil Prasarana Perairan Dan Sejenis Lainnya | Konstruksi Bangunan Sipil Minyak Dan Gas Bumi | Konstruksi Bangunan Sipil Pertambangan | Konstruksi Bangunan Sipil Panas Bumi | Konstruksi Bangunan Sipil Fasilitas Militer Dan Bandar Antariksa | Konstruksi Bangunan Sipil Fasilitas Sumber Radiasi Pengion | Konstruksi Bangunan Sipil Reaktor Nuklir | Konstruksi Bangunan Sipil Lainnya Ytdl | Pemasangan Sistem Navigasi Laut, Sungai, Dan Udara | Pemasangan Sistem Pemanas Dan Geotermal | Pemasangan Jaringan Penyaluran Gas | Pemasangan Konstruksi Lainnya Ytdl | Konstruksi Khusus Lainnya Ytdl | Perdagangan Besar Atas Dasar Balas Jasa (Fee) Atau Kontrak | Perdagangan Besar Padi Dan Palawija | Perdagangan Besar Buah Yang Mengandung Minyak | Perdagangan Besar Bunga Dan Tanaman Hias | Perdagangan Besar Tembakau Rajangan | Perdagangan Besar Binatang Hidup | Perdagangan Besar Ikan Dan Biota Air Hidup Lainnya | Perdagangan Besar Hasil Kehutanan Dan Perburuan | Perdagangan Besar Kulit | Perdagangan Besar Hasil Pertanian Dan Hewan Hidup Lainnya | Perdagangan Besar Beras | Perdagangan Besar Buah-Buahan | Perdagangan Besar Sayuran | Perdagangan Besar Kopi, Teh, Dan Kakao | Perdagangan Besar Minyak Dan Lemak Nabati | Perdagangan Besar Bahan Makanan Dan Minuman Hasil Pertanian Lainnya | Perdagangan Besar Daging Sapi Dan Daging Sapi Olahan | Perdagangan Besar Daging Ayam Dan Daging Ayam Olahan | Perdagangan Besar Daging Dan Daging Olahan Lainnya | Perdagangan Besar Hasil Perikanan Dan Olahan Terkait | Perdagangan Besar Telur Dan Hasil Olahan Telur | Perdagangan Besar Susu Dan Produk Susu | Perdagangan Besar Minyak Dan Lemak Hewani | Perdagangan Besar Bahan Makanan Dan Minuman Hasil Peternakan Dan Perikanan Lainnya | Perdagangan Besar Gula, Cokelat, Dan Kembang Gula | Perdagangan Besar Produk Bakeri | Perdagangan Besar Minuman Beralkohol | Perdagangan Besar Minuman Nonalkohol Bukan Susu | Perdagangan Besar Rokok Dan Tembakau | Perdagangan Besar Makanan Dan Minuman Lainnya | Perdagangan Besar Tekstil | Perdagangan Besar Pakaian | Perdagangan Besar Alas Kaki | Perdagangan Besar Barang Jadi Tekstil | Perdagangan Besar Perlengkapan Jahit | Perdagangan Besar Furnitur, Karpet, Perlengkapan Pencahayaan Untuk Rumah Tangga, Perkantoran, Dan Pertokoan | Perdagangan Besar Alat Fotografi Dan Barang Optik | Perdagangan Besar Sediaan Farmasi Untuk Manusia | Perdagangan Besar Sediaan Farmasi Untuk Hewan | Perdagangan Besar Perhiasan Dan Jam | Perdagangan Besar Alat Permainan Dan Mainan | Perdagangan Besar Peralatan Telekomunikasi | Perdagangan Besar Mesin, Peralatan Dan Perlengkapan Pertanian | Perdagangan Besar Alat Transportasi Laut, Suku Cadang, Dan Perlengkapannya | Perdagangan Besar Alat Transportasi Darat (Bukan Mobil, Sepeda Motor, Dan Sejenisnya), Suku Cadang, Dan Perlengkapannya | Perdagangan Besar Alat Transportasi Udara, Suku Cadang Dan Perlengkapannya | Perdagangan Besar Mobil Baru | Perdagangan Besar Mobil Bekas | Perdagangan Besar Suku Cadang Dan Aksesori Mobil | Perdagangan Besar Sepeda Motor Baru | Perdagangan Besar Sepeda Motor Bekas | Perdagangan Besar Bahan Bakar Padat, Cair, Dan Gas Beserta Produk Terkait | Perdagangan Besar Bijih Dan Konsentrat Logam | Perdagangan Besar Produk Logam Setengah Jadi | Perdagangan Besar Bahan Konstruksi Dari Logam | Perdagangan Besar Bahan Konstruksi Dari Tanah Liat, Kapur, Semen, Atau Kaca | Perdagangan Besar Semen, Kapur, Pasir, Dan Batu | Perdagangan Besar Cat | Perdagangan Besar Mineral Radioaktif | Perdagangan Besar Zat Radioaktif Dan Pembangkit Radiasi 
 Pengion | Perdagangan Besar Bahan Dan Barang Kimia | Perdagangan Besar Pupuk Dan Produk Agrokimia | Perdagangan Besar Bahan Berbahaya (B2) | Perdagangan Eceran Buah-Buahan | Perdagangan Eceran Sayuran | Perdagangan Eceran Hasil Peternakan | Perdagangan Eceran Hasil Perikanan | Perdagangan Eceran Hasil Kehutanan Dan Perburuan | Perdagangan Eceran Hasil Pertanian Lainnya | Perdagangan Eceran Minuman Beralkohol | Perdagangan Eceran Minuman Tidak Beralkohol | Perdagangan Eceran Rokok Dan Tembakau | Perdagangan Eceran Beras | Perdagangan Eceran Roti, Kue Kering, Serta Kue Basah Dan Sejenisnya | Perdagangan Eceran Kopi, Gula Pasir, Gula Merah, Dan Sejenisnya | Perdagangan Eceran Tahu, Tempe, Tauco, Dan Oncom | Perdagangan Eceran Daging Olahan | Perdagangan Eceran Ikan Olahan | Perdagangan Eceran Makanan Lainnya | Perdagangan Eceran Bahan Bakar Di Sarana Pengisian Bahan 
 Bakar | Perdagangan Eceran Bahan Bakar Selain Di Sarana Pengisian 
 Bahan Bakar | Perdagangan Eceran Minyak Pelumas | Perdagangan Eceran Komputer Dan Perlengkapannya | Perdagangan Eceran Peralatan Dan Produk Gim Video Serta 
 Sejenisnya | Perdagangan Eceran Perangkat Lunak (Software) | Perdagangan Eceran Telepon Beserta Aksesorisnya | Perdagangan Eceran Mesin Dan Peralatan Kantor | Perdagangan Eceran Peralatan Audio Dan Video | Perdagangan Eceran Tekstil | Perdagangan Eceran Perlengkapan Rumah Tangga Dari Tekstil | Perdagangan Eceran Perlengkapan Jahit Menjahit | Perdagangan Eceran Bahan Dan Material Konstruksi | Perdagangan Eceran Kaca Lembaran | Perdagangan Eceran Perkakas Dan Peralatan Pertukangan | Perdagangan Eceran Peralatan Keselamatan Dan Gawat Darurat | Perdagangan Eceran Cat, Pernis Dan Lakeri | Perdagangan Eceran Bahan-Bahan Energi Terbarukan | Perdagangan Eceran Karpet, Permadani, Serta Penutup Dinding Dan Lantai | Perdagangan Eceran Furnitur | Perdagangan Eceran Peralatan Listrik Rumah Tangga, Peralatan Penerangan, Dan Perlengkapannya | Perdagangan Eceran Barang Pecah Belah; Perlengkapan Dapur Dan Makan | Perdagangan Eceran Alat Musik | Perdagangan Eceran Peralatan Dan Perlengkapan Rumah Tangga Lainnya Ytdl | Perdagangan Eceran Peralatan Dan Perlengkapan Olahraga | Perdagangan Eceran Alat Permainan Dan Mainan | Perdagangan Eceran Khusus Barang Kesenian Dan Rekreasi 
 Ytdl | Perdagangan Eceran Alat Transportasi Air Dan Perlengkapannya | Perdagangan Eceran Alat-Alat Pertanian | Perdagangan Eceran Perlengkapan Pengendara Kendaraan Bermotor | Perdagangan Eceran Pembungkus Dari Plastik | Perdagangan Eceran Barang Baru Lainnya Ytdl | Perdagangan Eceran Mobil Baru | Perdagangan Eceran Mobil Bekas | Perdagangan Eceran Suku Cadang Dan Aksesori Mobil | Perdagangan Eceran Sepeda Motor Baru | Perdagangan Eceran Sepeda Motor Bekas | Perdagangan Eceran Suku Cadang Sepeda Motor Dan Aksesorinya | Platform Digital Intermediasi Perdagangan Eceran | Jasa Intermediasi Perdagangan Eceran Lainnya | Angkutan Kereta Wisata Antarkota | Transportasi Kereta Api Antarkota Lainnya Untuk Penumpang | Transportasi Kereta Api Untuk Barang | Angkutan Kereta Wisata Dalam Kota | Angkutan Kereta Api Perkotaan | Angkutan Perkotaan | Angkutan Perdesaan | Angkutan Bermotor Untuk Barang Umum | Angkutan Bermotor Untuk Barang Khusus | Angkutan Tidak Bermotor Untuk Barang | Angkutan Kereta Api Lainnya | Angkutan Pariwisata | Angkutan Taksi | Angkutan Khusus | Angkutan Sewa | Angkutan Ojek Motor | Angkutan Tidak Bermotor Untuk Penumpang | Transportasi Darat Lainnya Untuk Penumpang Ytdl | Transportasi Melalui Saluran Pipa | Angkutan Laut Dalam Negeri Liner Dan Tramper Untuk Penumpang | Angkutan Laut Dalam Negeri Perintis Untuk Penumpang | Angkutan Laut Dalam Negeri Untuk Wisata | Angkutan Laut Luar Negeri Liner Dan Tramper Untuk Penumpang | Angkutan Laut Luar Negeri Untuk Wisata | Angkutan Laut Dalam Negeri Untuk Barang Umum | Angkutan Laut Dalam Negeri Untuk Barang Khusus | Angkutan Laut Dalam Negeri Perintis Untuk Barang | Angkutan Laut Dalam Negeri Pelayaran Rakyat Untuk Barang | Aktivitas Pelayanan Kepelabuhanan Sungai Dan Danau | Aktivitas Pelayanan Kepelabuhanan Penyeberangan | Aktivitas Pelabuhan Perikanan | Aktivitas Pengelolaan Kapal | Aktivitas Penyelamatan Kapal Dan Muatannya | Angkutan Perairan Pelabuhan | Aktivitas Jasa Terkait Transportasi Perairan Lainnya | Aktivitas Kebandarudaraan | Jasa Pelayanan Navigasi Penerbangan | Pelayanan Penumpang, Bagasi, Kargo, Pos, Dan Teknis 
 Penanganan Udara Di Darat | Aktivitas Pemeriksaan Dan Pengendalian Keamanan Muatan 
 Penerbangan | Aktivitas Jasa Terkait Angkutan Udara Lainnya | Penanganan Kargo (Bongkar Muat Barang) | Angkutan Multimoda | Aktivitas Tally Mandiri | Aktivitas Penunjang Angkutan Lainnya Ytdl | Jasa Pengurusan Transportasi (Jpt) | Jasa Keagenan Kapal/Agen Perkapalan | Ak"
Sarana Pelayanan Umum (SPU);Sarana Pelayanan Umum Skala Kelurahan;"Reparasi Dan Pemeliharaan Peralatan Listrik Lainnya | Reparasi Dan Pemeliharaan Kapal, Perahu, Dan Bangunan Terapung | Reparasi Dan Pemeliharaan Lokomotif Dan Gerbong Kereta | Reparasi Dan Pemeliharaan Pesawat Udara | Reparasi Dan Pemeliharaan Alat Angkutan Lainnya, Bukan Kendaraan Bermotor | Reparasi Dan Pemeliharaan Peralatan Lainnya | Pembongkaran Mesin, Peralatan, Dan Sistem Industri | Pemasangan Perlengkapan Meteorologi, Klimatologi, Dan Geofisika | Pembangkitan Tenaga Listrik Dari Sumber Energi Tidak Terbarukan Yang Menghasilkan Emisi | Pembangkitan Tenaga Listrik Dari Sumber Energi Tidak Terbarukan Yang Tidak Menghasilkan Emisi | Pembangkitan Tenaga Listrik Dari Sumber Energi Terbarukan | Aktivitas Penyaluran Tenaga Listrik | Aktivitas Penyimpanan Tenaga Listrik | Pengoperasian Fasilitas Atau Stasiun Pengisian Daya Untuk Kendaraan Dan Peralatan Listrik | Penyediaan Tenaga Listrik Dalam Satu Kesatuan Usaha | Pengoperasian Instalasi Penyediaan Tenaga Listrik | Pengoperasian Instalasi Pemanfaatan Tenaga Listrik | Aktivitas Penunjang Tenaga Listrik Lainnya | Produksi Gas Alam Dan Buatan | Distribusi Gas Alam Dan Buatan Melalui Jaringan | Pengadaan Uap/Air Panas Dan Udara Dingin | Produksi Es | Aktivitas Broker Dan Agen Penjualan Tenaga Listrik | Aktivitas Broker Dan Agen Penjualan Gas Alam | Aktivitas Penunjang Penyediaan Air | Pengumpulan Air Limbah | Konstruksi Konvensional Gedung Kesehatan | Konstruksi Konvensional Gedung Pendidikan | Perdagangan Eceran Berbagai Macam Barang Yang Utamanya 
 Makanan, Minuman, Atau Tembakau Dengan Sistem Swalayan | Perdagangan Eceran Berbagai Macam Barang Yang Utamanya 
 Makanan, Minuman, Atau Tembakau Selain Dengan Sistem 
 Swalayan | Perdagangan Eceran Berbagai Macam Barang Yang Utamanya 
 Bukan Makanan, Minuman, Atau Tembakau Dengan Sistem 
 Swalayan | Perdagangan Eceran Berbagai Macam Barang Yang Utamanya 
 Bukan Makanan, Minuman, Atau Tembakau Selain Dengan Sistem 
 Swalayan | Perdagangan Eceran Padi Dan Palawija | Aktivitas Pos | Aktivitas Kurir | Aktivitas Jasa Portal Intermediasi Pos Dan Kurir | Jasa Intermediasi Pos Dan Kurir Lainnya | Aktivitas Hotel Bintang Lima | Aktivitas Hotel Bintang Empat | Aktivitas Hotel Bintang Tiga | Aktivitas Hotel Bintang Dua | Aktivitas Hotel Bintang Satu | Aktivitas Hotel Nonbintang | Aktivitas Rumah Tinggal Sewa (Homestay) | Aktivitas Hostel Remaja (Youth Hostel) | Aktivitas Vila | Aktivitas Apartemen Hotel | Aktivitas Penyediaan Akomodasi Jangka Pendek Lainnya | Aktivitas Penyediaan Bumi Perkemahan, Persinggahan Karavan, Dan Taman Karavan | Aktivitas Jasa Intermediasi Akomodasi | Aktivitas Jasa Manajemen Akomodasi | Penyediaan Akomodasi Lainnya Ytdl | Aktivitas Penyiaran Radio Analog | Aktivitas Telekomunikasi Dengan Satelit | Pendidikan Taman Kanak-Kanak Umum Pemerintah | Pendidikan Taman Kanak-Kanak Umum Swasta | Pendidikan Prasekolah Keagamaan Islam | Pendidikan Prasekolah Keagamaan Protestan, Katolik, Hindu, Buddha, Atau Konghucu | Pendidikan Dasar Umum Pemerintah | Pendidikan Dasar Umum Swasta | Pendidikan Dasar Keagamaan Islam | Pendidikan Dasar Keagamaan Protestan, Katolik, Hindu, Buddha, Atau Konghucu | Pendidikan Menengah Pertama Umum Pemerintah | Pendidikan Menengah Pertama Umum Swasta | Pendidikan Menengah Pertama Keagamaan Islam | Pendidikan Menengah Pertama Keagamaan Protestan, Katolik, Hindu, Buddha, Atau Konghucu | Pendidikan Menengah Atas Umum Pemerintah | Pendidikan Menengah Atas Umum Swasta | Pendidikan Menengah Atas Keagamaan Islam | Pendidikan Menengah Kejuruan Umum Swasta | Pendidikan Menengah Kejuruan Keagamaan Islam | Pendidikan Pesantren Lainnya | Pendidikan Keagamaan Lainnya Ytdl | Pendidikan Lainnya Pemerintah | Pelatihan Kerja Pemerintah | Pelatihan Kerja Teknik Swasta | Pelatihan Kerja Teknologi Informasi Dan Komunikasi Swasta | Pelatihan Kerja Industri Kreatif Swasta | Pelatihan Kerja Pariwisata Dan Perhotelan Swasta | Pelatihan Kerja Bisnis Dan Manajemen Swasta | Pelatihan Kerja Pekerjaan Domestik Swasta | Pelatihan Kerja Pertanian Dan Perikanan Swasta | Pendidikan Dan Pelatihan Personel Penerbangan | Pelatihan Kerja Swasta Lainnya | Pelatihan Kerja Teknik Perusahaan | Pelatihan Kerja Teknologi Informasi Dan Komunikasi Perusahaan | Pelatihan Kerja Industri Kreatif Perusahaan | Pelatihan Kerja Pariwisata Dan Perhotelan Perusahaan | Pelatihan Kerja Bisnis Dan Manajemen Perusahaan | Pelatihan Kerja Pekerjaan Domestik Perusahaan | Pelatihan Kerja Pertanian Dan Perikanan Perusahaan | Pelatihan Kerja Perusahaan Lainnya | Pendidikan Manajemen Dan Perbankan | Pendidikan Komputer (Teknologi Informasi Dan Komunikasi) Swasta | Pendidikan Bahasa Swasta | Pendidikan Kesehatan Swasta | Pendidikan Bimbingan Belajar Dan Konseling Swasta | Pendidikan Teknik Swasta | Pendidikan Kerajinan Dan Industri | Pendidikan Lainnya Swasta | Kegiatan Penunjang Pendidikan Lainnya";Penampungan Dan Penyediaan Air Baku | Pengolahan Dan Pembuangan Air Limbah | Pengumpulan Limbah Berbahaya Selain Limbah Radiokatif | Perdagangan Besar Barang Percetakan Dan Penerbitan Dalam Berbagai Bentuk | Perdagangan Besar Komputer Dan Perlengkapan Komputer | Perdagangan Besar Perangkat Lunak;Industri Minyak Asiri Hulu | Industri Minyak Asiri Rantai Tengah | Industri Bahan Baku Obat Bahan Alam Untuk Manusia | Industri Produk Obat Bahan Alam Untuk Manusia | Industri Produk Obat Bahan Alam Untuk Hewan | Industri Bahan Baku Obat Bahan Alam Untuk Hewan | Pengolahan Sampah Tidak Berbahaya Untuk Menghasilkan Energi | Produksi Kompos Sampah Organik | Pengolahan Dan Pembuangan Limbah Atau Sampah Tidak Berbahaya Lainnya | Aktivitas Penangkapan Karbon | Aktivitas Penyimpanan Karbon | Aktivitas Remediasi Dan Pengelolaan Limbah Atau Sampah Lainnya | Konstruksi Konvensional Gedung Hunian | Perdagangan Besar Alat Tulis Dan Gambar | Perdagangan Besar Peralatan Dan Perlengkapan Olahraga | Perdagangan Besar Suku Cadang Elektronik | Perdagangan Besar Disket, Flash Drive, Pita Audio Dan Video, Serta Cd Dan Dvd Kosong | Perdagangan Besar Mesin Kantor Dan Industri, Suku Cadang, Dan Perlengkapannya | Perdagangan Besar Mesin, Peralatan, Dan Perlengkapan Lainnya Ytdl | Perdagangan Eceran Alat Tulis Menulis Dan Gambar | Perdagangan Eceran Hasil Pencetakan Dan Penerbitan | Perdagangan Eceran Kertas, Kertas Karton, Dan Barang Dari Kertas/Karton | Perdagangan Eceran Pakaian | Perdagangan Eceran Sepatu, Sandal, Dan Alas Kaki Lainnya | Perdagangan Eceran Perlengkapan Pakaian | Perdagangan Eceran Tas, Dompet, Koper, Ransel, Dan Sejenisnya | Perdagangan Eceran Sediaan Farmasi Untuk Manusia Di Apotek | Perdagangan Eceran Sediaan Farmasi Untuk Manusia Selain Di Apotek | Perdagangan Eceran Obat Bahan Alam Untuk Manusia | Perdagangan Eceran Kosmetik Untuk Manusia | Perdagangan Eceran Alat Kesehatan Untuk Manusia | Perdagangan Eceran Obat Farmasi Untuk Hewan | Perdagangan Eceran Obat Tradisional Untuk Hewan | Perdagangan Eceran Kosmetik Untuk Hewan | Perdagangan Eceran Bahan Baku Farmasi Dan Alat Kesehatan Lainnya | Perdagangan Eceran Alat Fotografi Dan Perlengkapannya | Perdagangan Eceran Alat Optik Dan Perlengkapannya | Perdagangan Eceran Kacamata | Perdagangan Eceran Jam | Perdagangan Eceran Barang Perhiasan | Perdagangan Eceran Perlengkapan Rumah Tangga Bekas | Perdagangan Eceran Pakaian, Alas Kaki, Dan Perlengkapan Pakaian Bekas | Perdagangan Eceran Barang Perlengkapan Pribadi Bekas | Perdagangan Eceran Barang Listrik Dan Elektronik Bekas | Perdagangan Eceran Bahan Konstruksi Dan Saniter Bekas | Perdagangan Eceran Barang Antik | Perdagangan Eceran Barang Bekas Lainnya | Perdagangan Eceran Hewan Kesayangan (Pet Animals) | Perdagangan Eceran Hewan Ternak Dan Bibit Hewan | Perdagangan Eceran Ikan Dan Biota Air Hidup Lainnya | Perdagangan Eceran Pakan Ternak/Unggas/Ikan Dan Hewan Kesayangan | Perdagangan Eceran Bunga Potong/Florist | Perdagangan Eceran Tanaman Dan Bibit Tanaman Selain Tanaman Kehutanan | Perdagangan Eceran Pupuk Dan Pemberantas Hama | Perdagangan Eceran Perlengkapan Dan Media Tanaman Hias | Perdagangan Eceran Tanaman Dan Bibit Tanaman Kehutanan | Perdagangan Eceran Minyak Tanah | Perdagangan Eceran Gas Tabung Lpg | Perdagangan Eceran Bahan Kimia | Perdagangan Eceran Aromatik/Penyegar (Minyak Asiri) | Perdagangan Eceran Bahan Kimia, Aromatik/Penyegar (Minyak Asiri), Dan Bahan Bakar Selain Bahan Bakar Untuk Kendaraan Bermotor Lainnya | Perdagangan Eceran Cendera Mata, Kerajinan, Dan Barang Barang Keagamaan | Perdagangan Eceran Lukisan | Perdagangan Eceran Berbagai Macam Mesin Dan Perlengkapannya | Aktivitas Penyediaan Makanan Di Bangunan Tidak Tetap | Aktivitas Jasa Boga Untuk Acara Tertentu (Event Catering) | Aktivitas Penyediaan Jasa Boga Lainnya | Aktivitas Penyediaan Minuman Keliling/Tempat Tidak Tetap | Aktivitas Jasa Intermediasi Penyediaan Makanan Dan Minuman | Penerbitan Buku | Aktivitas Pengacara | Aktivitas Konsultan Hukum | Aktivitas Konsultan Kekayaan Intelektual | Aktivitas Notaris Dan Pejabat Pembuat Akta Tanah | Aktivitas Akuntansi, Pembukuan, Dan Pemeriksa | Aktivitas Konsultansi Pajak | Aktivitas Arsitektural | Pendidikan Menengah Atas Keagamaan Protestan, Katolik, Hindu, Buddha, Atau Konghucu;Industri Minyak Asiri Hulu | Industri Minyak Asiri Rantai Tengah | Industri Bahan Baku Obat Bahan Alam Untuk Manusia | Industri Produk Obat Bahan Alam Untuk Manusia | Industri Produk Obat Bahan Alam Untuk Hewan | Industri Bahan Baku Obat Bahan Alam Untuk Hewan | Perdagangan Besar Peralatan Masak, Peralatan Dapur, Dan Elektronik Rumah Tangga | Perdagangan Besar Alat Musik | Perdagangan Besar Tas, Dompet, Koper, Ransel, Dan Sejenisnya | Perdagangan Besar Berbagai Barang Dan Perlengkapan Rumah Tangga Lainnya Ytdl | Perdagangan Besar Kaca Lembaran | Perdagangan Besar Bahan Konstruksi Dari Porselen | Perdagangan Besar Bahan Konstruksi Dari Kayu | Angkutan Laut Luar Negeri Untuk Barang Umum | Angkutan Laut Luar Negeri Untuk Barang Khusus | Angkutan Laut Luar Negeri Pelayaran Rakyat Untuk Barang | Angkutan Penyeberangan Umum Antarprovinsi Untuk Penumpang | Angkutan Penyeberangan Umum Antarkabupaten/Kota Untuk Penumpang | Angkutan Penyeberangan Umum Dalam Kabupaten/Kota Untuk Penumpang | Angkutan Penyeberangan Perintis Antarprovinsi Untuk Penumpang | Angkutan Penyeberangan Perintis Antarkabupaten/Kota Untuk Penumpang | Transportasi Pesisir Lainnya Untuk Penumpang | Angkutan Penyeberangan Umum Antarprovinsi Untuk Barang | Angkutan Penyeberangan Umum Antarkabupaten/Kota Untuk Barang | Angkutan Penyeberangan Umum Dalam Kabupaten/Kota Untuk Barang | Angkutan Penyeberangan Perintis Antarprovinsi Untuk Barang | Angkutan Penyeberangan Perintis Antarkabupaten/Kota Untuk Barang | Transportasi Pesisir Lainnya Untuk Barang | Angkutan Sungai Dan Danau Liner (Trayek Tetap Dan Teratur) Untuk Penumpang | Angkutan Sungai Dan Danau Tramper (Trayek Tidak Tetap Dan Tidak Teratur) Untuk Penumpang | Angkutan Sungai Dan Danau Untuk Wisata | Angkutan Sungai Dan Danau Untuk Barang Umum | Angkutan Sungai Dan Danau Untuk Barang Berbahaya | Angkutan Udara Niaga Berjadwal Untuk Penumpang | Angkutan Udara Niaga Tidak Berjadwal Untuk Penumpang | Transportasi Antariksa Untuk Penumpang | Angkutan Udara Niaga Berjadwal Khusus Kargo | Angkutan Udara Niaga Tidak Berjadwal Khusus Kargo | Transportasi Antariksa Untuk Barang | Pengelola Gudang Sistem Resi Gudang | Aktivitas Gudang Dingin | Aktivitas Gudang Berikat | Penyimpanan Minyak Dan Gas Bumi | Aktivitas Penyimpanan Barang Berbahaya Dan Beracun (B3) | Fasilitas Penyimpanan Sumber Radiasi Pengion | Penyimpanan Mineral Ikutan Radioaktif | Pergudangan Dan Penyimpanan Lainnya | Aktivitas Terminal Darat | Aktivitas Penyelenggaraan Prasarana Perkeretaapian | Aktivitas Jalan Tol | Aktivitas Perparkiran Di Badan Jalan (On Street Parking) | Aktivitas Perparkiran Di Luar Badan Jalan (Off Street Parking) | Aktivitas Jasa Terkait Transportasi Darat Lainnya | Aktivitas Pelayanan Kepelabuhanan Laut | Aktivitas Penyediaan Makanan Di Bangunan Tidak Tetap | Aktivitas Jasa Boga Untuk Acara Tertentu (Event Catering) | Aktivitas Penyediaan Jasa Boga Lainnya | Aktivitas Penyediaan Minuman Keliling/Tempat Tidak Tetap | Aktivitas Jasa Intermediasi Penyediaan Makanan Dan Minuman | Penerbitan Buku;Konstruksi Konvensional Gedung Lainnya | Perdagangan Besar Alat Tulis Dan Gambar | Perdagangan Eceran Alat Tulis Menulis Dan Gambar | Perdagangan Eceran Hasil Pencetakan Dan Penerbitan | Perdagangan Eceran Kertas, Kertas Karton, Dan Barang Dari Kertas/Karton | Perdagangan Eceran Pakaian | Perdagangan Eceran Sepatu, Sandal, Dan Alas Kaki Lainnya | Perdagangan Eceran Perlengkapan Pakaian | Perdagangan Eceran Tas, Dompet, Koper, Ransel, Dan Sejenisnya | Perdagangan Eceran Sediaan Farmasi Untuk Manusia Di Apotek | Perdagangan Eceran Sediaan Farmasi Untuk Manusia Selain Di Apotek | Perdagangan Eceran Obat Bahan Alam Untuk Manusia | Perdagangan Eceran Kosmetik Untuk Manusia | Perdagangan Eceran Alat Kesehatan Untuk Manusia | Perdagangan Eceran Obat Farmasi Untuk Hewan | Perdagangan Eceran Obat Tradisional Untuk Hewan | Perdagangan Eceran Kosmetik Untuk Hewan | Perdagangan Eceran Bahan Baku Farmasi Dan Alat Kesehatan Lainnya | Perdagangan Eceran Alat Fotografi Dan Perlengkapannya | Perdagangan Eceran Alat Optik Dan Perlengkapannya | Perdagangan Eceran Kacamata | Perdagangan Eceran Jam | Perdagangan Eceran Barang Perhiasan | Perdagangan Eceran Perlengkapan Rumah Tangga Bekas | Perdagangan Eceran Pakaian, Alas Kaki, Dan Perlengkapan Pakaian Bekas | Perdagangan Eceran Barang Perlengkapan Pribadi Bekas | Perdagangan Eceran Barang Listrik Dan Elektronik Bekas | Perdagangan Eceran Bahan Konstruksi Dan Saniter Bekas | Perdagangan Eceran Barang Antik | Perdagangan Eceran Barang Bekas Lainnya | Perdagangan Eceran Hewan Kesayangan (Pet Animals) | Perdagangan Eceran Hewan Ternak Dan Bibit Hewan | Perdagangan Eceran Ikan Dan Biota Air Hidup Lainnya | Perdagangan Eceran Pakan Ternak/Unggas/Ikan Dan Hewan Kesayangan | Perdagangan Eceran Bunga Potong/Florist | Perdagangan Eceran Tanaman Dan Bibit Tanaman Selain Tanaman Kehutanan | Perdagangan Eceran Pupuk Dan Pemberantas Hama | Perdagangan Eceran Perlengkapan Dan Media Tanaman Hias | Perdagangan Eceran Tanaman Dan Bibit Tanaman Kehutanan | Perdagangan Eceran Minyak Tanah | Perdagangan Eceran Gas Tabung Lpg | Perdagangan Eceran Bahan Kimia | Perdagangan Eceran Aromatik/Penyegar (Minyak Asiri) | Perdagangan Eceran Bahan Kimia, Aromatik/Penyegar (Minyak Asiri), Dan Bahan Bakar Selain Bahan Bakar Untuk Kendaraan Bermotor Lainnya | Perdagangan Eceran Cendera Mata, Kerajinan, Dan Barang Barang Keagamaan | Perdagangan Eceran Lukisan | Perdagangan Eceran Berbagai Macam Mesin Dan Perlengkapannya;Perdagangan Besar Alat Tulis Dan Gambar | Perdagangan Eceran Alat Tulis Menulis Dan Gambar | Perdagangan Eceran Hasil Pencetakan Dan Penerbitan | Perdagangan Eceran Kertas, Kertas Karton, Dan Barang Dari Kertas/Karton | Perdagangan Eceran Pakaian | Perdagangan Eceran Sepatu, Sandal, Dan Alas Kaki Lainnya | Perdagangan Eceran Perlengkapan Pakaian | Perdagangan Eceran Tas, Dompet, Koper, Ransel, Dan Sejenisnya | Perdagangan Eceran Sediaan Farmasi Untuk Manusia Di Apotek | Perdagangan Eceran Sediaan Farmasi Untuk Manusia Selain Di Apotek | Perdagangan Eceran Obat Bahan Alam Untuk Manusia | Perdagangan Eceran Kosmetik Untuk Manusia | Perdagangan Eceran Alat Kesehatan Untuk Manusia | Perdagangan Eceran Obat Farmasi Untuk Hewan | Perdagangan Eceran Obat Tradisional Untuk Hewan | Perdagangan Eceran Kosmetik Untuk Hewan | Perdagangan Eceran Bahan Baku Farmasi Dan Alat Kesehatan Lainnya | Perdagangan Eceran Alat Fotografi Dan Perlengkapannya | Perdagangan Eceran Alat Optik Dan Perlengkapannya | Perdagangan Eceran Kacamata | Perdagangan Eceran Jam | Perdagangan Eceran Barang Perhiasan | Perdagangan Eceran Perlengkapan Rumah Tangga Bekas | Perdagangan Eceran Pakaian, Alas Kaki, Dan Perlengkapan Pakaian Bekas | Perdagangan Eceran Barang Perlengkapan Pribadi Bekas | Perdagangan Eceran Barang Listrik Dan Elektronik Bekas | Perdagangan Eceran Bahan Konstruksi Dan Saniter Bekas | Perdagangan Eceran Barang Antik | Perdagangan Eceran Barang Bekas Lainnya | Perdagangan Eceran Hewan Kesayangan (Pet Animals) | Perdagangan Eceran Hewan Ternak Dan Bibit Hewan | Perdagangan Eceran Ikan Dan Biota Air Hidup Lainnya | Perdagangan Eceran Pakan Ternak/Unggas/Ikan Dan Hewan Kesayangan | Perdagangan Eceran Bunga Potong/Florist | Perdagangan Eceran Tanaman Dan Bibit Tanaman Selain Tanaman Kehutanan | Perdagangan Eceran Pupuk Dan Pemberantas Hama | Perdagangan Eceran Perlengkapan Dan Media Tanaman Hias | Perdagangan Eceran Tanaman Dan Bibit Tanaman Kehutanan | Perdagangan Eceran Minyak Tanah | Perdagangan Eceran Gas Tabung Lpg | Perdagangan Eceran Bahan Kimia | Perdagangan Eceran Aromatik/Penyegar (Minyak Asiri) | Perdagangan Eceran Bahan Kimia, Aromatik/Penyegar (Minyak Asiri), Dan Bahan Bakar Selain Bahan Bakar Untuk Kendaraan Bermotor Lainnya | Perdagangan Eceran Cendera Mata, Kerajinan, Dan Barang Barang Keagamaan | Perdagangan Eceran Lukisan | Perdagangan Eceran Berbagai Macam Mesin Dan Perlengkapannya;-;Perdagangan Besar Alat Tulis Dan Gambar | Perdagangan Eceran Alat Tulis Menulis Dan Gambar | Perdagangan Eceran Hasil Pencetakan Dan Penerbitan | Perdagangan Eceran Kertas, Kertas Karton, Dan Barang Dari Kertas/Karton | Perdagangan Eceran Pakaian | Perdagangan Eceran Sepatu, Sandal, Dan Alas Kaki Lainnya | Perdagangan Eceran Perlengkapan Pakaian;"Industri Perhiasan Imitasi Dan Barang Sejenis | Industri Alat Musik Tradisional | Industri Alat Musik Nontradisional | Industri Peralatan Dan Perlengkapan Olahraga | Industri Alat Permainan | Industri Mainan Termasuk Drone Rekreasi | Industri Peralatan Kedokteran Dan Kedokteran Gigi Serta Perlengkapannya | Industri Furnitur Untuk Operasi, Perawatan Kedokteran, Dan Kedokteran Gigi | Industri Peralatan Kedokteran Dan Kedokteran Gigi, Serta Perlengkapan Ortopedi Dan Prostetik | Industri Kacamata | Industri Peralatan Kedokteran Dan Kedokteran Gigi, Serta Perlengkapan Lainnya | Industri Alat Tulis Dan Gambar Termasuk Perlengkapannya | Industri Pita Mesin Tulis Atau Gambar | Industri Kerajinan Ytdl | Reparasi Dan Pemeliharaan Produk Logam Struktural, Tangki, Tandon Air, Dan Generator Uap | Reparasi Dan Pemeliharaan Produk Logam Pabrikasi Lainnya | Reparasi Dan Pemeliharaan Mesin Untuk Keperluan Umum | Reparasi Dan Pemeliharaan Mesin Untuk Keperluan Khusus | Reparasi Dan Pemeliharaan Alat Ukur, Alat Uji, Serta Peralatan Navigasi Dan Pengontrol | Reparasi Dan Pemeliharaan Peralatan Iradiasi, Elektromedik, Dan Elektroterapi | Reparasi Dan Pemeliharaan Peralatan Fotografi Dan Optik | Reparasi Dan Pemeliharaan Motor Listrik, Generator, Dan Transformator | Reparasi Dan Pemeliharaan Baterai Dan Akumulator Listrik | Instalasi/Pemasangan Dan Perangkaian/Integrasi Mesin, Peralatan, Dan Sistem Industri | Pengolahan Dan Penyediaan Air Minum | Pengumpulan Limbah Atau Sampah Tidak Berbahaya | Konstruksi Konvensional Gedung Perkantoran | Konstruksi Konvensional Gedung Perbelanjaan | Konstruksi Jalan Pada Permukaan Tanah | Konstruksi Bangunan Sipil Jembatan, Jalan Layang, Fly Over, Dan Underpass | Konstruksi Jalan Rel | Konstruksi Terowongan | Konstruksi Jaringan Irigasi Dan Drainase | Konstruksi Bangunan Sipil Pengolahan Air Bersih | Konstruksi Bangunan Sipil Elektrikal | Konstruksi Bangunan Sipil Telekomunikasi Untuk Prasarana Transportasi | Konstruksi Sentral Telekomunikasi | Konstruksi Pengeboran/Penggalian Air Tanah | Konstruksi Bangunan Prasarana Sumber Daya Air | Konstruksi Bangunan Sipil Fasilitas Olahraga | Pembongkaran | Penyiapan Lahan | Pemasangan Jaringan Listrik | Pemasangan Jaringan Telekomunikasi | Pemasangan Sistem Elektronika | Pemasangan Sistem Persinyalan Dan Telekomunikasi Kereta Api | Pemasangan Perlengkapan Jalan Berbasis Listrik | Pemasangan Saluran Air (Plumbing) | Pemasangan Pendingin Dan Ventilasi Udara | Pemasangan Perlengkapan Mekanikal Bangunan | Pemasangan Kaca, Pintu, Kusen, Jendela, Dan Sejenisnya | Pengerjaan Lantai, Dinding, Dan Plafon | Pengecatan | Penyelesaian Konstruksi Bangunan Lainnya | Jasa Intermediasi Konstruksi Khusus | Pemasangan Dan Rekayasa Struktur Bangunan | Pemasangan Perancah (Steger) | Pemasangan Rangka Dan Atap/Roof Covering | Pemasangan Kerangka Baja | Penyewaan Alat Konstruksi Dengan Operator | Perdagangan Besar Alat Kesehatan Dan Laboratorium Untuk 
 Manusia | Perdagangan Besar Alat Kesehatan Untuk Hewan | Perdagangan Besar Karet Dan Plastik Dalam Bentuk Dasar | Perdagangan Besar Kertas Dan Karton | Perdagangan Besar Barang Dari Kertas Dan Karton | Perdagangan Besar Barang Bekas Dan Skrap | Perdagangan Besar Produk Lainnya Ytdl | Perdagangan Besar Berbagai Macam Barang Di Grosir/Perkulakan Swalayan | Perdagangan Besar Berbagai Macam Barang Selain Di 
 Grosir/Perkulakan Swalayan | Aktivitas Penyediaan Minuman Keliling/Tempat Tidak Tetap | Aktivitas Jasa Intermediasi Penyediaan Makanan Dan Minuman | Penerbitan Buku | Pengelolaan Real Estat Hunian Atas Dasar Balas Jasa (Fee) Atau Kontrak | Penelitian Dan Pengembangan Ilmu Alam | Penelitian Dan Pengembangan Enjinering Dan Teknologi | Penelitian Dan Pengembangan Ilmu Kedokteran Dan Kesehatan | Penelitian Dan Pengembangan Bioteknologi | Penelitian Dan Pengembangan Ilmu Pertanian Dan Kedokteran Hewan | Penelitian Dan Pengembangan Ketenaganukliran | Penelitian Dan Pengembangan Eksperimental Ilmu Alam Dan Enjinering Lainnya | Penelitian Dan Pengembangan Ilmu Pengetahuan Sosial | Penelitian Dan Pengembangan Humaniora | Aktivitas Periklanan | Penelitian Pasar | Jajak Pendapat Opini Publik | Penyewaan Dan Sewa Guna Usaha Mesin Dan Peralatan Komunikasi Dan Multimedia | Aktivitas Jasa Intermediasi Untuk Penyewaan Dan Sewa Guna Usaha Barang Berwujud Dan Aset Tak Berwujud Nonfinansial Lainnya | Aktivitas Penempatan Awak Kapal | Aktivitas Penyediaan Informasi Lowongan Kerja | Aktivitas Penempatan Tenaga Kerja Lainnya | Aktivitas Penyediaan Tenaga Kerja Sementara Dan Penyediaan Sumber Daya Manusia Lainnya | Administrasi Pelayanan Pemerintah Bidang Pendidikan";Konstruksi Bangunan Sipil Fasilitas Pengolahan | Perdagangan Besar Berbagai Macam Material Bangunan | Aktivitas Agen Asuransi | Aktivitas Agen Penjaminan | Aktivitas Penunjang Lainnya Untuk Asuransi, Penjaminan, Dan Dana Pensiun | Aktivitas Penunjang Lainnya Untuk Asuransi, Penjamian, Dan Dana Pensiun Ytdl | Aktivitas Pengembangan Bangunan Dan Lahan Hunian | Aktivitas Penyewaan Bangunan Dan Lahan Hunian Milik Sendiri Atau Sewa | Pengelolaan Gedung Perkantoran;Industri Minyak Asiri Hulu | Industri Minyak Asiri Rantai Tengah | Industri Bahan Baku Obat Bahan Alam Untuk Manusia | Industri Produk Obat Bahan Alam Untuk Manusia | Industri Produk Obat Bahan Alam Untuk Hewan | Industri Bahan Baku Obat Bahan Alam Untuk Hewan | Perdagangan Besar Bahan Konstruksi, Perkakas, Perlengkapan Perpipaan, Dan Peralatan Pemanas Lainnya | Aktivitas Penyediaan Makanan Di Bangunan Tidak Tetap | Aktivitas Jasa Boga Untuk Acara Tertentu (Event Catering) | Aktivitas Penyediaan Jasa Boga Lainnya;Perdagangan Besar Mineral Bukan Logam;-;-;"nan | Pertanian Jagung | Pertanian Serealia Selain Padi Dan Jagung | Pertanian Kedelai | Pertanian Kacang Tanah | Pertanian Kacang Hijau | Pertanian Aneka Kacang Selain Kedelai, Kacang Tanah, Dan Kacang Hijau | Pertanian Biji-Bijian Penghasil Minyak Makan | Pertanian Biji-Bijian Penghasil Minyak Selain Minyak Makan | Pertanian Padi Hibrida | Pertanian Padi Inbrida | Pertanian Sayuran Daun | Pertanian Buah Semusim | Pertanian Sayuran Buah | Pertanian Sayuran Umbi | Pertanian Ubi Kayu | Pertanian Jamur | Pertanian Bit Gula Dan Tanaman Pemanis Selain Tebu | Pertanian Cabai | Pertanian Umbi Lainnya | Pertanian Tebu | Pertanian Tembakau | Pertanian Tanaman Berserat | Pertanian Tanaman Pakan Ternak | Pembenihan Tanaman Pakan Ternak Dan Pembenihan Bit (Bukan Bit Gula) | Pertanian Tanaman Bunga | Pertanian Pembenihan Tanaman Bunga | Pertanian Tanaman Semusim Lainnya Ytdl | Pertanian Buah Anggur | Pertanian Buah-Buahan Tropis Dan Subtropis | Pertanian Buah Jeruk | Pertanian Buah Apel Dan Buah Batu (Pome And Stone Fruits) | Pertanian Buah Beri | Pertanian Sayuran Tahunan | Pertanian Buah Semak Lainnya | Pertanian Kelapa | Pertanian Kelapa Sawit | Pertanian Buah Oleagin Lainnya | Pertanian Kopi | Pertanian Tanaman Teh | Pertanian Kakao | Pertanian Tanaman Untuk Bahan Minuman Lainnya | Pertanian Lada | Pertanian Cengkih | Pertanian Pala | Pertanian Tanaman Aromatik/Penyegar | Pertanian Tanaman Obat Rimpang | Pertanian Tanaman Obat Nonrimpang | Pertanian Tanaman Narkotika Dan Tanaman Obat Terlarang | Pertanian Tanaman Rempah-Rempah Dan Aromatik/Penyegar Lainnya | Pertanian Pohon Karet Dan Tanaman Penghasil Getah Lainnya | Pertanian Tanaman Tahunan Lainnya Ytdl | Pertanian Tanaman Hias | Penangkaran Tumbuhan Liar | Pembiakan Tanaman Lainnya | Budi Daya Dan Pembibitan Sapi Potong | Budi Daya Dan Pembibitan Sapi Perah | Budi Daya Dan Pembibitan Kerbau Potong | Budi Daya Dan Pembibitan Kerbau Perah | Peternakan Kuda Dan Sejenisnya | Peternakan Unta Dan Sejenisnya | Budi Daya Dan Pembibitan Domba Potong | Budi Daya Dan Pembibitan Kambing Potong | Budi Daya Dan Pembibitan Kambing Perah | Budi Daya Dan Pembibitan Domba Perah | Produksi Bulu Domba Mentah/Raw Wool | Peternakan Babi | Budi Daya Ayam Ras Pedaging | Budi Daya Ayam Ras Petelur | Pembibitan Ayam Lokal Dan Persilangannya | Budi Daya Ayam Lokal Dan Persilangannya | Budi Daya Dan Pembibitan Itik Dan Bebek | Budi Daya Dan Pembibitan Burung Puyuh | Budi Daya Dan Pembibitan Burung Merpati | Pembibitan Ayam Ras | Budi Daya Dan Pembibitan Unggas Lainnya | Budi Daya Dan Pembibitan Burung Unta | Budi Daya Dan Pembibitan Ulat Sutra | Budi Daya Dan Pembibitan Lebah | Budi Daya Dan Pembibitan Rusa | Budi Daya Dan Pembibitan Kelinci | Budi Daya Dan Pembibitan Cacing | Budi Daya Dan Pembibitan Burung Walet | Penangkaran Satwa Liar | Budi Daya Dan Pembibitan Hewan Lainnya | Jasa Pengolahan Lahan | Jasa Pemupukan | Jasa Pemanenan | Jasa Penyemprotan Dan Penyerbukan Melalui Udara | Jasa Pengendalian Organisme Pengganggu Tumbuhan (Opt) | Jasa Penanaman Benih | Jasa Penunjang Pertanian Lainnya | Jasa Perkawinan Ternak | Jasa Penetasan Telur | Jasa Penunjang Peternakan Lainnya | Jasa Pascapanen | Pemilihan Benih Tanaman Untuk Pembiakan | Perburuan, Penangkapan, Dan Kegiatan Jasa Terkait | Pengelolaan Hutan | Pemanfaatan Kayu Hutan | Pembenihan Tanaman Kehutanan | Pemanenan Kayu | Pemungutan Kayu | Pemungutan Hasil Hutan Bukan Kayu | Jasa Lingkungan Hutan | Jasa Penggunaan Kawasan Kehutanan | Jasa Penunjang Kehutanan Lainnya | Penangkapan Ikan Dan Biota Air Lainnya Di Laut | Penangkapan Ikan Dan Biota Air Lainnya Di Perairan Air Tawar | Pembudidayaan Ikan Bersirip (Selain Ikan Hias) Dan Biota Air Laut Lainnya Yang Tidak Dilindungi | Pembudidayaan Ikan Hias Air Laut Yang Tidak Dilindungi | Pembudidayaan Tumbuhan Air Laut Yang Tidak Dilindungi | Pengembangbiakan Ikan Dan Biota Air Laut Yang Dilindungi | Pembudidayaan Ikan Bersirip (Selain Ikan Hias) Dan Biota Air Tawar Lainnya Yang Tidak Dilindungi | Pembudidayaan Ikan Hias Air Tawar Yang Tidak Dilindungi | Pembudidayaan Tumbuhan Air Tawar Yang Tidak Dilindungi | Pengembangbiakan Biota Air Tawar Yang Dilindungi | Pembudidayaan Ikan Bersirip (Selain Ikan Hias) Dan Biota Air Payau Lainnya Yang Tidak Dilindungi | Pembudidayaan Ikan Hias Air Payau Yang Tidak Dilindungi | Pembudidayaan Tumbuhan Air Payau Yang Tidak Dilindungi | Pengembangbiakan Biota Air Payau Yang Dilindungi | Jasa Penunjang Kegiatan Penangkapan Dan Pembudidayaan Ikan | Pertambangan Batu Bara | Benefisiasi Atau Peningkatan Kualitas Batu Bara | Pertambangan Lignit | Pertambangan Minyak Bumi | Pertambangan Gas Alam | Pengusahaan Tenaga Panas Bumi | Pertambangan Pasir Besi | Pertambangan Bijih Besi | Pertambangan Bijih Uranium Dan Torium | Pertambangan Emas Dan Perak | Pertambangan Bijih Logam Mulia Lainnya | Pertambangan Bijih Timah | Pertambangan Bijih Timah Hitam | Pertambangan Bijih Bauksit | Pertambangan Bijih Tembaga | Pertambangan Bijih Nikel | Pertambangan Bijih Mangan | Pertambangan Bahan Galian Lainnya Yang Tidak Mengandung Bijih Besi Ytdl | Penggalian Batu Hias Dan Batu Bangunan | Penggalian Batu Kapur/Gamping | Penggalian Kerikil/Sirtu | Penggalian Pasir | Penggalian Tanah Dan Tanah Liat | Penggalian Gips | Penggalian Tras | Penggalian Batu Apung | Penggalian Batu, Pasir, Dan Tanah Liat Lainnya | Pertambangan Belerang | Pertambangan Fosfat | Pertambangan Nitrat | Pertambangan Yodium | Pertambangan Potash (Kalium Karbonat) | Pertambangan Mineral, Bahan Kimia, Dan Bahan Pupuk Lainnya | Ekstraksi Tanah Gambut | Ekstraksi Garam | Pertambangan Batu Mulia | Penggalian Feldspar Dan Kalsit | Pertambangan Aspal Alam | Penggalian Asbes | Penggalian Kuarsa/Pasir Kuarsa | Pertambangan Bijih Logam Tanah Jarang | Pertambangan Dan Penggalian Lainnya Ytdl | Aktivitas Penunjang Pertambangan Minyak Bumi Dan Gas Alam | AKTIVITAS PENUNJANG PERTAMBANGAN DAN PENGGALIAN LAINNYA | Kegiatan Rumah Potong Hewan Ruminansia | Kegiatan Rumah Potong Babi | Kegiatan Rumah Potong Unggas | Kegiatan Rumah Potong Hewan Lainnya | Pengolahan Dan Pengawetan Daging Dan Produk Daging | Pengolahan Dan Pengawetan Ikan Dengan Penggaraman Atau 
 Pengeringan | Pengolahan Dan Pengawetan Ikan Dengan Pengasapan Atau 
 Pemanggangan | Pengolahan Dan Pengawetan Ikan Dengan Pembekuan | Pengolahan Dan Pengawetan Ikan Dengan Pemindangan | Pengolahan Dan Pengawetan Ikan Dengan Fermentasi | Pengolahan Dan Pengawetan Ikan Dengan Pelumatan | Pengolahan Dan Pengawetan Ikan Dengan Pengalengan | Pengolahan Dan Pengawetan Ikan Menjadi Produk Olahan | Pengolahan Dan Pengawetan Ikan Dengan Metode Lainnya | Pengolahan Dan Pengawetan Biota Air Lainnya Dengan 
 Penggaraman Atau Pengeringan | Pengolahan Dan Pengawetan Biota Air Lainnya Dengan 
 Pengasapan Atau Pemanggangan | Pengolahan Dan Pengawetan Biota Air Lainnya Dengan 
 Pembekuan | Pengolahan Dan Pengawetan Biota Air Lainnya Dengan 
 Pemindangan | Pengolahan Dan Pengawetan Biota Air Lainnya Dengan 
 Fermentasi | Pengolahan Dan Pengawetan Biota Air Lainnya Dengan 
 Pelumatan | Pengolahan Dan Pengawetan Biota Air Lainnya Dengan 
 Pengalengan | Pengolahan Dan Pengawetan Rumput Laut | Pengolahan Dan Pengawetan Biota Air Lainnya Dengan Metode 
 Lainnya | Pengasinan Buah-Buahan Dan Sayuran | Pelumatan Buah-Buahan Dan Sayuran | Pengeringan Buah-Buahan Dan Sayuran | Pembekuan Buah-Buahan Dan Sayuran | Pengalengan Buah-Buahan Dan Sayuran | Pengolahan Sari Buah-Buahan Dan Sayuran | Pembuatan Tempe Kedelai | Pembuatan Tahu Kedelai | Pengolahan Dan Pengawetan Lainnya Untuk Buah-Buahan Dan Sayuran | Industri Minyak Mentah Dan Lemak Nabati Bukan Kelapa Dan Kelapa Sawit | Industri Margarin | Industri Minyak Mentah Dan Lemak Dari Hewan Selain Ikan | Industri Minyak Ikan | Industri Minyak Goreng Dan Minyak Makan Bukan Minyak Kelapa Dan Minyak Kelapa Sawit | Industri Minyak Mentah Dan Lemak Nabati Dan Hewani Bukan Kelapa Dan Kelapa Sawit Lainnya | Industri Kopra | Industri Minyak Mentah Kelapa | Industri Minyak Goreng Kelapa | Industri Minyak Mentah Kelapa Sawit (Crude Palm Oil) | Industri Minyak Mentah Inti Kelapa Sawit (Crude Palm Kernel Oil) | Industri Pemisahan/Fraksinasi Minyak Mentah Kelapa Sawit Dan Minyak Mentah Inti Kelapa Sawit | Industri Pemurnian Minyak Mentah Kelapa Sawit Dan Minyak Mentah Inti Kelapa Sawit | Industri Pemisahan/Fraksinasi Minyak Murni Kelapa Sawit | Industri Pemisahan/Fraksinasi Minyak Murni Inti Kelapa Sawit | Industri Minyak Goreng Kelapa Sawit | Industri Susu Segar Dan Krim | Industri Susu Bubuk Dan Susu Kental | Industri Es Krim | Industri Es Yang Dapat Dimakan Dan Es Pencuci Mulut | Industri Produk Susu Lainnya | Industri Produk Gilingan Gandum (Selain Tepung Terigu) Dan Serelia Selain Beras Dan Jagung | Industri Produk Gilingan Aneka Kacang | Industri Produk Gilingan Aneka Umbi, Tanaman Rimpang, Dan Sayuran | Industri Tepung Campuran Dan Adonan Tepung | Industri Makanan Sereal | Industri Tepung Terigu | Industri Pati Ubi Kayu | Industri Berbagai Macam Pati Palem | Industri Glukosa Dan Sejenisnya | Industri Pati Dan Produk Pati Lainnya | Industri Penggilingan Padi Dan Penyosohan Beras | Industri Pemipilan Jagung | Industri Tepung Beras Dan Tepung Jagung | Industri Pati Beras Dan Jagung | Industri Pemanis Dari Beras Dan Jagung | Industri Minyak Dari Beras Dan Jagung | Industri Produk Bakeri | Industri Gula Pasir | Industri Gula Merah | Industri Sirop | Industri Gula Lainnya | Industri Pengolahan Kakao; Industri Cokelat Dan Kembang Gula | Industri Pengolahan Kakao | Industri Cokelat Dan Kembang Gula Dari Cokelat | Industri Manisan Buah-Buahan Dan Sayuran Kering | Industri Kembang Gula Lainnya | Industri Makaroni, Mi, Couscous, Dan Produk Sejenisnya | Industri Makanan Dan Masakan Olahan | Pengolahan Kopi | Pengolahan Te | Industri Kecap | Industri Garam Konsumsi Beryodium | Industri Garam Industri Aneka Pangan | Industri Bumbu Masakan Lainnya | Industri Makanan Bayi Dan Makanan Khusus | Industri Kue Basah | Industri Produk Makanan Dari Kelapa | Industri Kerupuk, Keripik, Peyek, Dan Sejenisnya | Industri Sari Nabati Dan Krimer Nabati | Industri Dodol | Industri Infusi Herbal/Herb Infusion | Industri Bahan Makanan Dari Rumput Laut | Industri Produk Makanan Lainnya Ytdl | Industri Ransum Pakan Hewan | Industri Konsentrat Pakan Hewan | Industri Penyulingan, Pemurnian, Dan Pencampuran Minuman Beralkohol | Industri Minuman Beralkohol Hasil Fermentasi Anggur Dan Hasil Pertanian Lainnya | Industri Minuman Beralkohol Hasil Fermentasi Malt | Industri Malt | Industri Air Kemasan | Industri Air Minum Isi Ulang | Industri Minuman Ringan | Industri Minuman Lainnya | Industri Sigaret Kretek Tangan | Industri Sigaret Kretek Mesin | Industri Rokok Putih | Industri Pengeringan Dan Pengolahan Tembakau | Industri Bumbu Rokok | Industri Produk Tembakau Lainnya | Persiapan Serat Tekstil | Pemintalan Benang Selain Benang Jahit | Pemintalan Benang Jahit | Pertenunan Tekstil Dengan Mesin | Pertenunan Tekstil Bukan Dengan Mesin | Penyempurnaan Benang | Penyempurnaan Basah Kain | Industri Kain Batik | Penyempurnaan Tekstil Lainnya | Industri Kain Rajutan | Industri Kain Crocheted | Industri Bulu Tiruan Rajutan | Industri Barang Tekstil Untuk Keperluan Rumah Tangga | Industri Barang Tekstil Dengan Bahan Pengisi | Industri Karung Goni | Industri Karung Selain Karung Goni | Industri Barang Tekstil Bukan Pakaian Jadi Lainnya | Industri Karpet Dan Permadani | Industri Tali | Industri Barang Dari Tali | Industri Kain Narrow | Industri Kain Yang Dilapisi Dan Sejenisnya | Industri Kain Nirtenun/Nonwoven | Industri Kain Ban | Industri Kapuk | Industri Kain Tule, Kain Jaring, Dan Kain Bordir | Industri Tekstil Lainnya Ytdl | Industri Pakaian Jadi (Konfeksi) Dari Tekstil | Industri Pakaian Jadi (Konfeksi) Dari Kulit Dan Tiruan Kulit | Industri Penjahitan Dan Pembuatan (Bukan Konfeksi) Pakaian Sesuai Pesanan/Kustomisasi | Industri Perlengkapan Pakaian Dari Tekstil | Industri Perlengkapan Pakaian Dari Kulit Dan Tiruan Kulit | Industri Barang Dari Kulit Berbulu | Industri Pakaian Jadi Dan Perlengkapannya Dari Rajutan Dan Crocheted | Industri Hosiery Rajutan Dan Crocheted | Penyamakan Kulit | Pewarnaan Kulit Berbulu | Industri Kulit Komposisi | Industri Koper, Tas Tangan, Dan Sejenisnya | Industri Pelana, Alat Pengekang/Harness, Dan Barang Lainnya Untuk Hewan | Industri Barang Lainnya Dari Kulit Dan Kulit Komposisi | Industri Alas Kaki Untuk Keperluan Sehari-Hari | Industri Sepatu Olahraga | Industri Sepatu Teknik Lapangan/Keperluan Industri | Industri Alas Kaki Lainnya | Penggergajian Dan Penghalusan Kayu | Pengawetan Kayu | Pengawetan Rotan, Bambu, Dan Sejenisnya | Pengolahan Rotan | Industri Partikel Kayu Dan Sejenisnya | Industri Kayu Lapis | Industri Venir | Industri Kayu Laminasi | Industri Panel Kayu Lainnya | Industri Barang Bangunan Dari Kayu | Industri Bangunan Prafabrikasi Dari Kayu Dan Sejenisnya | Industri Wadah Dari Kayu | Industri Barang Anyaman Dari Rotan Dan Bambu | Industri Barang Anyaman Dari Tanaman Selain Rotan Dan Bambu | Industri Kerajinan Ukiran Dari Kayu Bukan Furnitur | Industri Alat Dapur Dan Alat Makan Dari Kayu, Rotan, Dan Bambu | Industri Kayu Bakar Dan Pelet Dari Kayu Dan Biomassa Lainnya | Industri Barang Lainnya Dari Kayu; Industri Barang Dari Gabus, Jerami, Rotan, Bambu, Dan Sejenisnya Ytdl | Industri Bubur Kertas (Pulp) | Industri Kertas Budaya | Industri Kertas Berharga | Industri Kertas Khusus | Industri Kertas Lainnya | Industri Kertas Dan Papan Kertas Bergelombang | Industri Kemasan Dan Kotak Dari Kertas Dan Karton | Industri Kertas Tisu | Industri Barang Dari Kertas Dan Papan Kertas Lainnya Ytdl | Pencetakan Umum | Pencetakan Khusus | Pencetakan Tiga Dimensi (3d) | Kegiatan Jasa Penunjang Pencetakan | Reproduksi Media Rekaman Suara Dan Perangkat Lunak | Reproduksi Media Rekaman Film Dan Video | Industri Produk Tanur Kokas | Industri Bahan Bakar Dari Pemurnian Dan Pengilangan Minyak Bumi | Industri Minyak Pelumas | Industri Produk Dari Bahan Limbah Minyak Pelumas | Industri Minyak Pelumas Dasar (Bahan Baku Pelumas) | Industri Briket | Industri Produk Dari Pencampuran Hasil Kilang Minyak Bumi Dengan Biofuel | Industri Produk Lainnya Dari Hasil Kilang Minyak Bumi | Industri Asam, Basa, Dan Garam Anorganik | Industri Gas Industri | Industri Kimia Dasar Zat Warna Dan Pigmen | Industri Kimia Dasar Radioaktif | Industri Kimia Dasar Organik Dari Sumber Daya Alam Hayati | Industri Kimia Dasar Dari Minyak Bumi, Gas Alam, Dan Batu Bara | Industri Kimia Dasar Anorganik Lainnya | Industri Senyawa Nitrogen; Pupuk Nitrogen, Fosfat, Dan Kalium | Industri Pupuk Hara Makro Primer Lainnya | Industri Pupuk Hara Mikro | Industri Pupuk Organik, Pupuk Hayati, Dan Media Tanam | Industri Biostimulan | Industri Damar Buatan (Resin Sintetis) Dan Bahan Baku Plastik | Industri Karet Buatan | Industri Bahan Baku Pemberantas Hama (Bahan Aktif) | Industri Pemberantas Hama (Formulasi) | Industri Zat Pengatur Tumbuh | Industri Cat | Industri Pernis | Industri Dempul | Industri Sediaan Pewarna Dan Pelapis Lainnya | Industri Bahan Dan Produk Pembersih | Industri Kosmetik Untuk Manusia, Cairan Lensa Kontak | Industri Kosmetik Untuk Hewan | Industri Perekat Gigi | Industri Parfum Sesuai Pesanan | Industri Perekat/Lem | Industri Bahan Peledak | Industri Tinta | Industri Korek Api | Industri Biofuel Cair | Industri Cairan Rokok Elektrik | Industri Barang Kimia Lainnya Ytdl | Industri Serat Filamen Dan Strip Buatan | Industri Serat Stapel Buatan | Industri Bahan Baku Farmasi Untuk Manusia | Industri Produk Farmasi Untuk Manusia | Industri Produk Farmasi Untuk Hewan | Industri Bahan Baku Farmasi Untuk Hewan | Industri Alat Diagnosis Medis, Perban, Kasa, Dan Penunjang Kesehatan Lainnya | Industri Ban Luar Dan Ban Dalam | Industri Pembentukan Kembali Ban Dan Vulkanisasi Ban | Industri Karet Asap | Industri Karet Lembaran Dan Crepe Rubber | Industri Karet Remah (Crumb Rubber) | Industri Karet Setengah Jadi Lainnya | Industri Barang Dari Karet Untuk Keperluan Rumah Tangga | Industri Barang Dari Karet Untuk Keperluan Industri | Industri Barang Dari Karet Untuk Keperluan Infrastruktur | Industri Barang Dari Karet Untuk Kesehatan | Industri Barang Lainnya Dari Karet Ytdl | Industri Barang Dari Plastik Untuk Bangunan | Industri Barang Dari Plastik Dan Bioplastik Untuk Pengemasan | Industri Pipa Plastik Dan Perlengkapannya | Industri Plastik Lembaran | Industri Perlengkapan Dan Peralatan Rumah Tangga Dari Plastik (Tidak Termasuk Furnitur) | Industri Barang Dan Peralatan Teknik/Industri Dari Plastik | Industri Barang Lainnya Dari Plastik | Industri Kaca Lembaran | Industri Kaca Pengaman | Industri Kaca Lainnya | Industri Perlengkapan Dan Peralatan Rumah Tangga Dari Kaca | Industri Peralatan Laboratorium Dan Kesehatan Dari Kaca | Industri Produk Lainnya Dari Kaca | Industri Bata, Mortar, Semen, Dan Sejenisnya Yang Tahan Api | Industri Produk Refraktori (Tahan Api) Lainnya | Industri Batu Bata Dari Tanah Liat Atau Keramik | Industri Genteng Dari Tanah Liat Atau Keramik | Industri Bahan Bangunan Lainnya Dari Tanah Liat Atau Keramik | Industri Perlengkapan Rumah Tangga Dari Porselen | Industri Perlengkapan Rumah Tangga Dari Tanah Liat Atau Keramik | Industri Alat Laboratorium Dan Alat Listrik Atau Teknik Dari Porselen | Industri Peralatan Sanitasi Dari Porselen | Industri Peralatan Sanitasi Dari Tanah Liat Atau Keramik | Industri Produk Bukan Bahan Bangunan Lainnya Dari Tanah Liat Atau Keramik Dan Porselen | Industri Semen | Industri Kapur | Industri Gips | Industri Barang Dari Semen | Industri Barang Dari Kapur | Industri Barang Dari Gips | Industri Barang Dari Asbes | Industri Mortar, Acian, Dan Beton Siap Pakai | Industri Barang Dari Batu Marmer | Industri Barang Dari Batu Granit | Industri Barang Dari Batu Lainnya | Industri Produk Abrasif | Industri Batuan Aspal Dan Barang Dari Aspal Atau Material Sejenis | Industri Produk Hasil Pemurnian Mineral Nonlogam | Industri Produk Mineral Nonlogam Lainnya Ytdl | Industri Besi Dan Baja Dasar | Penggilingan Baja | Industri Pipa Dan Sambungan Pipa Dari Besi Dan Baja | Industri Logam Dasar Mulia | Industri Logam Dasar Bukan Besi Lainnya | Penggilingan Logam Bukan Besi | Ekstrusi Logam Bukan Besi | Industri Pipa Dan Sambungan Pipa Dari Logam Bukan Besi Dan Baja | Industri Bahan Bakar Nuklir | Pengecoran Besi Dan Baja | Pengecoran Logam Bukan Besi Dan Baja | Industri Produk Logam Struktural Bukan Aluminium Untuk Konstruksi Ringan | Industri Produk Logam Struktural Aluminium Untuk Konstruksi Ringan | Industri Produk Logam Struktural Baja Untuk Konstruksi Berat | Industri Produk Logam Struktural Lainnya | Industri Tangki, Tandon Air, Dan Wadah Sejenisnya Dari Logam | Industri Generator Uap Bukan Ketel Pemanas | Industri Senjata Dan Amunisi | Penempaan, Pengepresan, Pencetakan, Dan Pembentukan Logam; Metalurgi Bubuk | Pengerjaan Dan Pelapisan Logam | Industri Perkakas Tangan | Industri Alat Potong | Industri Alat Makan Dari Logam | Industri Peralatan Umum | Industri Ember, Kaleng, Drum Dan Wadah Sejenisnya Dari Logam | Industri Barang Dari Kawat Logam Bukan Kabel | Industri Paku, Mur, Dan Baut Logam | Industri Brankas, Filling Kantor, Dan Sejenisnya | Industri Peralatan Dapur Dan Peralatan Meja Dari Logam | Industri Produk Rumah Tangga Dari Logam Bukan Peralatan Dapur Dan Peralatan Meja | Industri Profil Logam | Industri Lampu Dari Logam | Industri Produk Logam Lainnya Ytdl | Industri Sel Surya, Panel Surya, Dan Inverter Fotovoltaik | Industri Tabung Elektron Dan Konektor Elektronik | Industri Komponen Dan Papan Elektronik Lainnya Ytdl | Industri Komputer Dan Perakitan Komputer | Industri Perlengkapan Komputer | Industri Peralatan Telepon Dan Faksimili | Industri Peralatan Komunikasi Tanpa Kabel (Wireless) | Industri Kartu Cerdas (Smart Card) | Industri Peralatan Komunikasi Lainnya | Industri Televisi, Monitor Televisi, Dan Displai | Industri Peralatan Perekam, Penerima, Dan Pengganda Audio Dan Video, Bukan Televisi | Industri Peralatan Audio Dan Video Elektronik Lainnya | Industri Alat Ukur Dan Alat Uji Manual | Industri Alat Ukur Dan Alat Uji Elektrik | Industri Alat Ukur Dan Alat Uji Elektronik | Industri Alat Ukur, Alat Uji, Dan Peralatan Navigasi Dan Kontrol Lainnya | Industri Alat Ukur Waktu | Industri Peralatan Iradiasi, Perlengkapan, Dan Sejenisnya | Industri Peralatan Elektromedik Dan Elektroterapi | Industri Peralatan Fotografi | Industri Peralatan Sinematografi | Industri Lensa Bukan Kacamata | Industri Peralatan Fotografi Dan Instrumen Optik Bukan Kacamata Lainnya | Industri Media Magnetik Dan Media Optik | Industri Motor Listrik | Industri Generator Pembangkit Listrik | Industri Pengubah Tegangan/Transformator Dan Pengubah Arus/Rectifier | Industri Peralatan Pengontrol Dan Pendistribusian Listrik | Industri Batu Baterai | Industri Akumulator Listrik | Industri Baterai Kendaraan Listrik | Industri Kabel Serat Optik | Industri Kabel Dan Kawat Listrik Dan Elektronik Lainnya | Industri Perlengkapan Kabel | Industri Bola Lampu Pijar, Lampu Sorot, Dan Lampu Ultraviolet | Industri Lampu Gas Dan Discharge | Industri Peralatan Penerangan Untuk Kendaraan | Industri Lampu Led | Industri Peralatan Penerangan Lainnya | Industri Peralatan Listrik Rumah Tangga | Industri Peralatan Elektrotermal Rumah Tangga | Industri Peralatan Rumah Tangga Bukan Listrik | Industri Peralatan Listrik Lainnya | Industri Mesin Uap, Turbin, Dan Kincir | Industri Motor Pembakaran Dalam | Industri Komponen Dan Suku Cadang Mesin Dan Turbin | Industri Peralatan Tenaga Zat Cair Dan Gas | Industri Pompa Lainnya, Kompresor, Keran, Dan Klep/Katup | Industri Bearing, Roda Gigi, Dan Elemen Penggerak Mesin | Industri Oven, Perapian Dan Tungku Pembakar Sejenis Yang Tidak Menggunakan Arus Listrik | Industri Oven, Perapian Dan Tungku Pembakar Sejenis Yang Menggunakan Arus Listrik | Industri Alat Pengangkat Dan Pemindah | Industri Mesin Kantor Dan Akuntansi Manual | Industri Mesin Kantor Dan Akuntansi Elektrik | Industri Mesin Kantor Dan Akuntansi Elektronik | Industri Peralatan Kantor | Industri Perkakas Tangan Yang Digerakkan Tenaga | Industri Mesin Untuk Pembungkus, Pembotolan, Dan Pengalengan | Industri Mesin Timbangan | Industri Mesin Pendingin | Industri Mesin Untuk Keperluan Umum Lainnya Ytdl | Industri Mesin Pertanian Dan Kehutanan | Industri Mesin Dan Perkakas Mesin Untuk Pengerjaan Logam Dan Bahan Lainnya | Industri Mesin Metalurgi | Industri Mesin Penambangan, Penggalian Dan Konstruksi | Industri Mesin Pengolahan Makanan, Minuman Dan Tembakau | Industri Mesin Jahit, Mesin Cuci, Dan Mesin Pengering Untuk Keperluan Niaga | Industri Mesin Tekstil | Industri Mesin Penyiapan Dan Pembuatan Produk Kulit | Industri Mesin Percetakan | Industri Mesin Pabrik Kertas | Industri Mesin Keperluan Khusus Lainnya Ytdl | Industri Kendaraan Bermotor Roda Empat Atau Lebih | Industri Karoseri Kendaraan Bermotor Roda Empat Atau Lebih; Industri Trailer Dan Semitrailer | Industri Suku Cadang Dan Aksesori Kendaraan Bermotor Roda Empat Atau Lebih | Industri Kendaraan Air Dan Bawah Air Berawak | Industri Bangunan Lepas Pantai Dan Bangunan Terapung | Industri Kendaraan Air Dan Bawah Air Tanpa Awak | Industri Kapal Dan Perahu Untuk Tujuan Wisata Atau Rekreasi Dan Olahraga | Industri Lokomotif Dan Gerbong Kereta | Industri Pesawat Udara Berawak Dan Mesin Terkait | Industri Pesawat Udara Tanpa Awak Dan Mesin Terkait | Industri Wahana Antariksa Dan Mesin Terkait | Industri Kendaraan Tempur Militer | Industri Sepeda Motor Roda Dua Dan Tiga | Industri Komponen Dan Perlengkapan Sepeda Motor Roda Dua Dan Tiga | Industri Sepeda Dan Kursi Roda Termasuk Becak | Industri Perlengkapan Sepeda Dan Kursi Roda Termasuk Becak | Industri Alat Angkutan Lainnya Ytdl | Industri Furnitur Dari Kayu | Industri Furnitur Dari Rotan Dan Bambu | Industri Furnitur Dari Plastik | Industri Furnitur Dari Logam | Industri Furnitur Dari Bahan Lainnya Ytdl | Industri Permata | Industri Perhiasan Dari Logam Mulia | Industri Barang Berharga Dari Logam Mulia Bukan Perhiasan | Industri Perhiasan Dari Mutiara | Industri Barang Berharga Lainnya Dari Logam Mulia | Reparasi Dan Pemeliharaan Produk Senjata Dan Amunisi | Pengumpulan Limbah Radioaktif | Pengolahan Dan Pembuangan Limbah Atau Sampah Berbahaya Selain Limbah Radioaktif | Pengolahan Dan Pembuangan Limbah Radioaktif | Pemulihan Material Barang Logam | Pemulihan Material Barang Plastik | Pemulihan Material Lainnya | Konstruksi Konvensional Gedung Industri | Konstruksi Konvensional Gedung Penginapan | Konstruksi Konvensional Gedung Hiburan Dan Olahraga | Konstruksi Prapabrikasi Bangunan Gedung | Konstruksi Bangunan Sipil Sistem Pengolahan Limbah | Konstruksi Proyek Utilitas Lainnya | Konstruksi Bangunan Pelabuhan Bukan Perikanan | Konstruksi Bangunan Pelabuhan Perikanan | Konstruksi Reservoir Pembangkit Listrik Tenaga Air | Konstruksi Bangunan Sipil Pelindung Pantai | Konstruksi Bangunan Sipil Prasarana Perairan Dan Sejenis Lainnya | Konstruksi Bangunan Sipil Minyak Dan Gas Bumi | Konstruksi Bangunan Sipil Pertambangan | Konstruksi Bangunan Sipil Panas Bumi | Konstruksi Bangunan Sipil Fasilitas Militer Dan Bandar Antariksa | Konstruksi Bangunan Sipil Fasilitas Sumber Radiasi Pengion | Konstruksi Bangunan Sipil Reaktor Nuklir | Konstruksi Bangunan Sipil Lainnya Ytdl | Pemasangan Sistem Navigasi Laut, Sungai, Dan Udara | Pemasangan Sistem Pemanas Dan Geotermal | Pemasangan Jaringan Penyaluran Gas | Pemasangan Konstruksi Lainnya Ytdl | Konstruksi Khusus Lainnya Ytdl | Perdagangan Besar Atas Dasar Balas Jasa (Fee) Atau Kontrak | Perdagangan Besar Padi Dan Palawija | Perdagangan Besar Buah Yang Mengandung Minyak | Perdagangan Besar Bunga Dan Tanaman Hias | Perdagangan Besar Tembakau Rajangan | Perdagangan Besar Binatang Hidup | Perdagangan Besar Ikan Dan Biota Air Hidup Lainnya | Perdagangan Besar Hasil Kehutanan Dan Perburuan | Perdagangan Besar Kulit | Perdagangan Besar Hasil Pertanian Dan Hewan Hidup Lainnya | Perdagangan Besar Beras | Perdagangan Besar Buah-Buahan | Perdagangan Besar Sayuran | Perdagangan Besar Kopi, Teh, Dan Kakao | Perdagangan Besar Minyak Dan Lemak Nabati | Perdagangan Besar Bahan Makanan Dan Minuman Hasil Pertanian Lainnya | Perdagangan Besar Daging Sapi Dan Daging Sapi Olahan | Perdagangan Besar Daging Ayam Dan Daging Ayam Olahan | Perdagangan Besar Daging Dan Daging Olahan Lainnya | Perdagangan Besar Hasil Perikanan Dan Olahan Terkait | Perdagangan Besar Telur Dan Hasil Olahan Telur | Perdagangan Besar Susu Dan Produk Susu | Perdagangan Besar Minyak Dan Lemak Hewani | Perdagangan Besar Bahan Makanan Dan Minuman Hasil Peternakan Dan Perikanan Lainnya | Perdagangan Besar Gula, Cokelat, Dan Kembang Gula | Perdagangan Besar Produk Bakeri | Perdagangan Besar Minuman Beralkohol | Perdagangan Besar Minuman Nonalkohol Bukan Susu | Perdagangan Besar Rokok Dan Tembakau | Perdagangan Besar Makanan Dan Minuman Lainnya | Perdagangan Besar Tekstil | Perdagangan Besar Pakaian | Perdagangan Besar Alas Kaki | Perdagangan Besar Barang Jadi Tekstil | Perdagangan Besar Perlengkapan Jahit | Perdagangan Besar Furnitur, Karpet, Perlengkapan Pencahayaan Untuk Rumah Tangga, Perkantoran, Dan Pertokoan | Perdagangan Besar Alat Fotografi Dan Barang Optik | Perdagangan Besar Sediaan Farmasi Untuk Manusia | Perdagangan Besar Sediaan Farmasi Untuk Hewan | Perdagangan Besar Perhiasan Dan Jam | Perdagangan Besar Alat Permainan Dan Mainan | Perdagangan Besar Peralatan Telekomunikasi | Perdagangan Besar Mesin, Peralatan Dan Perlengkapan Pertanian | Perdagangan Besar Alat Transportasi Laut, Suku Cadang, Dan Perlengkapannya | Perdagangan Besar Alat Transportasi Darat (Bukan Mobil, Sepeda Motor, Dan Sejenisnya), Suku Cadang, Dan Perlengkapannya | Perdagangan Besar Alat Transportasi Udara, Suku Cadang Dan Perlengkapannya | Perdagangan Besar Mobil Baru | Perdagangan Besar Mobil Bekas | Perdagangan Besar Suku Cadang Dan Aksesori Mobil | Perdagangan Besar Sepeda Motor Baru | Perdagangan Besar Sepeda Motor Bekas | Perdagangan Besar Suku Cadang Sepeda Motor Dan Aksesorinya | Perdagangan Besar Bahan Bakar Padat, Cair, Dan Gas Beserta Produk Terkait | Perdagangan Besar Bijih Dan Konsentrat Logam | Perdagangan Besar Produk Logam Setengah Jadi | Perdagangan Besar Bahan Konstruksi Dari Logam | Perdagangan Besar Bahan Konstruksi Dari Tanah Liat, Kapur, Semen, Atau Kaca | Perdagangan Besar Semen, Kapur, Pasir, Dan Batu | Perdagangan Besar Cat | Perdagangan Besar Mineral Radioaktif | Perdagangan Besar Zat Radioaktif Dan Pembangkit Radiasi 
 Pengion | Perdagangan Besar Bahan Dan Barang Kimia | Perdagangan Besar Pupuk Dan Produk Agrokimia | Perdagangan Besar Bahan Berbahaya (B2) | Perdagangan Eceran Buah-Buahan | Perdagangan Eceran Sayuran | Perdagangan Eceran Hasil Peternakan | Perdagangan Eceran Hasil Perikanan | Perdagangan Eceran Hasil Kehutanan Dan Perburuan | Perdagangan Eceran Hasil Pertanian Lainnya | Perdagangan Eceran Minuman Beralkohol | Perdagangan Eceran Minuman Tidak Beralkohol | Perdagangan Eceran Rokok Dan Tembakau | Perdagangan Eceran Beras | Perdagangan Eceran Roti, Kue Kering, Serta Kue Basah Dan Sejenisnya | Perdagangan Eceran Kopi, Gula Pasir, Gula Merah, Dan Sejenisnya | Perdagangan Eceran Tahu, Tempe, Tauco, Dan Oncom | Perdagangan Eceran Daging Olahan | Perdagangan Eceran Ikan Olahan | Perdagangan Eceran Makanan Lainnya | Perdagangan Eceran Bahan Bakar Di Sarana Pengisian Bahan 
 Bakar | Perdagangan Eceran Bahan Bakar Selain Di Sarana Pengisian 
 Bahan Bakar | Perdagangan Eceran Minyak Pelumas | Perdagangan Eceran Komputer Dan Perlengkapannya | Perdagangan Eceran Peralatan Dan Produk Gim Video Serta 
 Sejenisnya | Perdagangan Eceran Perangkat Lunak (Software) | Perdagangan Eceran Telepon Beserta Aksesorisnya | Perdagangan Eceran Mesin Dan Peralatan Kantor | Perdagangan Eceran Peralatan Audio Dan Video | Perdagangan Eceran Tekstil | Perdagangan Eceran Perlengkapan Rumah Tangga Dari Tekstil | Perdagangan Eceran Perlengkapan Jahit Menjahit | Perdagangan Eceran Bahan Dan Material Konstruksi | Perdagangan Eceran Kaca Lembaran | Perdagangan Eceran Perkakas Dan Peralatan Pertukangan | Perdagangan Eceran Peralatan Keselamatan Dan Gawat Darurat | Perdagangan Eceran Cat, Pernis Dan Lakeri | Perdagangan Eceran Bahan-Bahan Energi Terbarukan | Perdagangan Eceran Karpet, Permadani, Serta Penutup Dinding Dan Lantai | Perdagangan Eceran Furnitur | Perdagangan Eceran Peralatan Listrik Rumah Tangga, Peralatan Penerangan, Dan Perlengkapannya | Perdagangan Eceran Barang Pecah Belah; Perlengkapan Dapur Dan Makan | Perdagangan Eceran Alat Musik | Perdagangan Eceran Peralatan Dan Perlengkapan Rumah Tangga Lainnya Ytdl | Perdagangan Eceran Peralatan Dan Perlengkapan Olahraga | Perdagangan Eceran Alat Permainan Dan Mainan | Perdagangan Eceran Khusus Barang Kesenian Dan Rekreasi 
 Ytdl | Perdagangan Eceran Tas, Dompet, Koper, Ransel, Dan Sejenisnya | Perdagangan Eceran Sediaan Farmasi Untuk Manusia Di Apotek | Perdagangan Eceran Sediaan Farmasi Untuk Manusia Selain Di Apotek | Perdagangan Eceran Obat Bahan Alam Untuk Manusia | Perdagangan Eceran Kosmetik Untuk Manusia | Perdagangan Eceran Alat Kesehatan Untuk Manusia | Perdagangan Eceran Obat Farmasi Untuk Hewan | Perdagangan Eceran Obat Tradisional Untuk Hewan | Perdagangan Eceran Kosmetik Untuk Hewan | Perdagangan Eceran Bahan Baku Farmasi Dan Alat Kesehatan Lainnya | Perdagangan Eceran Alat Fotografi Dan Perlengkapannya | Perdagangan Eceran Alat Optik Dan Perlengkapannya | Perdagangan Eceran Kacamata | Perdagangan Eceran Jam | Perdagangan Eceran Barang Perhiasan | Perdagangan Eceran Perlengkapan Rumah Tangga Bekas | Perdagangan Eceran Pakaian, Alas Kaki, Dan Perlengkapan Pakaian Bekas | Perdagangan Eceran Barang Perlengkapan Pribadi Bekas | Perdagangan Eceran Barang Listrik Dan Elektronik Bekas | Perdagangan Eceran Bahan Konstruksi Dan Saniter Bekas | Perdagangan Eceran Barang Antik | Perdagangan Eceran Barang Bekas Lainnya | Perdagangan Eceran Hewan Kesayangan (Pet Animals) | Perdagangan Eceran Hewan Ternak Dan Bibit Hewan | Perdagangan Eceran Ikan Dan Biota Air Hidup Lainnya | Perdagangan Eceran Pakan Ternak/Unggas/Ikan Dan Hewan Kesayangan | Perdagangan Eceran Bunga Potong/Florist | Perdagangan Eceran Tanaman Dan Bibit Tanaman Selain Tanaman Kehutanan | Perdagangan Eceran Pupuk Dan Pemberantas Hama | Perdagangan Eceran Perlengkapan Dan Media Tanaman Hias | Perdagangan Eceran Tanaman Dan Bibit Tanaman Kehutanan | Perdagangan Eceran Minyak Tanah | Perdagangan Eceran Gas Tabung Lpg | Perdagangan Eceran Bahan Kimia | Perdagangan Eceran Aromatik/Penyegar (Minyak Asiri) | Perdagangan Eceran Bahan Kimia, Aromatik/Penyegar (Minyak Asiri), Dan Bahan Bakar Selain Bahan Bakar Untuk Kendaraan Bermotor Lainnya | Perdagangan Eceran Cendera Mata, Kerajinan, Dan Barang Barang Keagamaan | Perdagangan Eceran Lukisan | Perdagangan Eceran Berbaga"
Sarana Pelayanan Umum (SPU);Sarana Pelayanan Umum Skala RW;"Pertanian Jagung | Pertanian Serealia Selain Padi Dan Jagung | Pertanian Kedelai | Pertanian Kacang Tanah | Pertanian Kacang Hijau | Pertanian Aneka Kacang Selain Kedelai, Kacang Tanah, Dan Kacang Hijau | Pertanian Biji-Bijian Penghasil Minyak Makan | Pertanian Biji-Bijian Penghasil Minyak Selain Minyak Makan | Pertanian Padi Hibrida | Pertanian Padi Inbrida | Pertanian Sayuran Daun | Pertanian Buah Semusim | Pertanian Sayuran Buah | Pertanian Sayuran Umbi | Pertanian Ubi Kayu | Pertanian Jamur | Pertanian Bit Gula Dan Tanaman Pemanis Selain Tebu | Pertanian Cabai | Pertanian Umbi Lainnya | Pertanian Tebu | Pertanian Tembakau | Pertanian Tanaman Berserat | Pertanian Tanaman Pakan Ternak | Pembenihan Tanaman Pakan Ternak Dan Pembenihan Bit (Bukan Bit Gula) | Pertanian Tanaman Bunga | Pertanian Pembenihan Tanaman Bunga | Pertanian Tanaman Semusim Lainnya Ytdl | Pertanian Buah Anggur | Pertanian Buah-Buahan Tropis Dan Subtropis | Pertanian Buah Jeruk | Pertanian Buah Apel Dan Buah Batu (Pome And Stone Fruits) | Pertanian Buah Beri | Pertanian Sayuran Tahunan | Pertanian Buah Semak Lainnya | Pertanian Kelapa | Pertanian Kelapa Sawit | Pertanian Buah Oleagin Lainnya | Pertanian Kopi | Pertanian Tanaman Teh | Pertanian Kakao | Pertanian Tanaman Untuk Bahan Minuman Lainnya | Pertanian Lada | Pertanian Cengkih | Pertanian Pala | Pertanian Tanaman Aromatik/Penyegar | Pertanian Tanaman Obat Rimpang | Pertanian Tanaman Obat Nonrimpang | Pertanian Tanaman Rempah-Rempah Dan Aromatik/Penyegar Lainnya | Pertanian Pohon Karet Dan Tanaman Penghasil Getah Lainnya | Pertanian Tanaman Tahunan Lainnya Ytdl | Pertanian Tanaman Hias | Pembiakan Tanaman Lainnya | Budi Daya Dan Pembibitan Lebah | Budi Daya Dan Pembibitan Cacing | Jasa Pengolahan Lahan | Jasa Pemupukan | Jasa Pemanenan | Jasa Penanaman Benih | Industri Barang Berharga Dari Logam Mulia Bukan Perhiasan | Industri Kacamata | Industri Kerajinan Ytdl | Aktivitas Penyaluran Tenaga Listrik | Pengoperasian Fasilitas Atau Stasiun Pengisian Daya Untuk Kendaraan Dan Peralatan Listrik | Pengoperasian Instalasi Pemanfaatan Tenaga Listrik | Aktivitas Broker Dan Agen Penjualan Tenaga Listrik | Aktivitas Penunjang Penyediaan Air | Konstruksi Konvensional Gedung Hunian | Konstruksi Konvensional Gedung Perkantoran | Konstruksi Konvensional Gedung Kesehatan | Konstruksi Konvensional Gedung Pendidikan | Perdagangan Besar Alat Tulis Dan Gambar | Perdagangan Besar Barang Percetakan Dan Penerbitan Dalam Berbagai Bentuk | Perdagangan Besar Peralatan Dan Perlengkapan Olahraga | Perdagangan Besar Alat Musik | Perdagangan Besar Alat Permainan Dan Mainan | Perdagangan Besar Tas, Dompet, Koper, Ransel, Dan Sejenisnya | Perdagangan Besar Perangkat Lunak | Perdagangan Besar Disket, Flash Drive, Pita Audio Dan Video, Serta Cd Dan Dvd Kosong | Perdagangan Besar Barang Dari Kertas Dan Karton | Perdagangan Besar Produk Lainnya Ytdl | Perdagangan Besar Berbagai Macam Barang Selain Di 
 Grosir/Perkulakan Swalayan | Perdagangan Eceran Berbagai Macam Barang Yang Utamanya 
 Makanan, Minuman, Atau Tembakau Dengan Sistem Swalayan | Perdagangan Eceran Berbagai Macam Barang Yang Utamanya 
 Makanan, Minuman, Atau Tembakau Selain Dengan Sistem 
 Swalayan | Perdagangan Eceran Berbagai Macam Barang Yang Utamanya 
 Bukan Makanan, Minuman, Atau Tembakau Dengan Sistem 
 Swalayan | Perdagangan Eceran Berbagai Macam Barang Yang Utamanya 
 Bukan Makanan, Minuman, Atau Tembakau Selain Dengan Sistem 
 Swalayan | Perdagangan Eceran Padi Dan Palawija | Perdagangan Eceran Buah-Buahan | Perdagangan Eceran Sayuran | Perdagangan Eceran Hasil Peternakan | Perdagangan Eceran Hasil Perikanan | Perdagangan Eceran Hasil Pertanian Lainnya | Perdagangan Eceran Minuman Tidak Beralkohol | Perdagangan Eceran Beras | Perdagangan Eceran Roti, Kue Kering, Serta Kue Basah Dan Sejenisnya | Perdagangan Eceran Kopi, Gula Pasir, Gula Merah, Dan Sejenisnya | Perdagangan Eceran Tahu, Tempe, Tauco, Dan Oncom | Perdagangan Eceran Daging Olahan | Perdagangan Eceran Ikan Olahan | Perdagangan Eceran Makanan Lainnya | Perdagangan Eceran Komputer Dan Perlengkapannya | Perdagangan Eceran Peralatan Dan Produk Gim Video Serta 
 Sejenisnya | Perdagangan Eceran Perangkat Lunak (Software) | Perdagangan Eceran Telepon Beserta Aksesorisnya | Perdagangan Eceran Peralatan Audio Dan Video | Perdagangan Eceran Tekstil | Perdagangan Eceran Perlengkapan Rumah Tangga Dari Tekstil | Perdagangan Eceran Perlengkapan Jahit Menjahit | Perdagangan Eceran Perkakas Dan Peralatan Pertukangan | Perdagangan Eceran Peralatan Keselamatan Dan Gawat Darurat | Perdagangan Eceran Karpet, Permadani, Serta Penutup Dinding Dan Lantai | Perdagangan Eceran Furnitur | Perdagangan Eceran Peralatan Listrik Rumah Tangga, Peralatan Penerangan, Dan Perlengkapannya | Perdagangan Eceran Barang Pecah Belah; Perlengkapan Dapur Dan Makan | Perdagangan Eceran Alat Musik | Perdagangan Eceran Peralatan Dan Perlengkapan Rumah Tangga Lainnya Ytdl | Perdagangan Eceran Alat Tulis Menulis Dan Gambar | Perdagangan Eceran Hasil Pencetakan Dan Penerbitan | Perdagangan Eceran Kertas, Kertas Karton, Dan Barang Dari Kertas/Karton | Perdagangan Eceran Peralatan Dan Perlengkapan Olahraga | Perdagangan Eceran Alat Permainan Dan Mainan | Perdagangan Eceran Khusus Barang Kesenian Dan Rekreasi 
 Ytdl | Perdagangan Eceran Pakaian | Perdagangan Eceran Sepatu, Sandal, Dan Alas Kaki Lainnya | Perdagangan Eceran Perlengkapan Pakaian | Perdagangan Eceran Tas, Dompet, Koper, Ransel, Dan Sejenisnya | Perdagangan Eceran Sediaan Farmasi Untuk Manusia Di Apotek | Perdagangan Eceran Sediaan Farmasi Untuk Manusia Selain Di Apotek | Perdagangan Eceran Obat Bahan Alam Untuk Manusia | Perdagangan Eceran Kosmetik Untuk Manusia | Perdagangan Eceran Alat Kesehatan Untuk Manusia | Perdagangan Eceran Obat Farmasi Untuk Hewan | Perdagangan Eceran Obat Tradisional Untuk Hewan | Perdagangan Eceran Kosmetik Untuk Hewan | Perdagangan Eceran Alat Fotografi Dan Perlengkapannya | Perdagangan Eceran Alat Optik Dan Perlengkapannya | Perdagangan Eceran Kacamata | Perdagangan Eceran Jam | Perdagangan Eceran Barang Perhiasan | Perdagangan Eceran Perlengkapan Rumah Tangga Bekas | Perdagangan Eceran Pakaian, Alas Kaki, Dan Perlengkapan Pakaian Bekas | Perdagangan Eceran Barang Perlengkapan Pribadi Bekas | Perdagangan Eceran Barang Antik | Perdagangan Eceran Barang Bekas Lainnya | Perdagangan Eceran Hewan Kesayangan (Pet Animals) | Perdagangan Eceran Ikan Dan Biota Air Hidup Lainnya | Perdagangan Eceran Pakan Ternak/Unggas/Ikan Dan Hewan Kesayangan | Perdagangan Eceran Bunga Potong/Florist | Perdagangan Eceran Tanaman Dan Bibit Tanaman Selain Tanaman Kehutanan | Perdagangan Eceran Perlengkapan Dan Media Tanaman Hias | Perdagangan Eceran Tanaman Dan Bibit Tanaman Kehutanan | Perdagangan Eceran Aromatik/Penyegar (Minyak Asiri) | Perdagangan Eceran Cendera Mata, Kerajinan, Dan Barang Barang Keagamaan | Perdagangan Eceran Lukisan | Perdagangan Eceran Alat Transportasi Darat Tidak Bermotor Dan Perlengkapannya | Perdagangan Eceran Pembungkus Dari Plastik | Perdagangan Eceran Barang Baru Lainnya Ytdl | Platform Digital Intermediasi Perdagangan Eceran | Jasa Intermediasi Perdagangan Eceran Lainnya | Angkutan Tidak Bermotor Untuk Barang | Angkutan Taksi | Angkutan Sewa | Angkutan Ojek Motor | Angkutan Tidak Bermotor Untuk Penumpang | Transportasi Darat Lainnya Untuk Penumpang Ytdl | Aktivitas Pos | Aktivitas Kurir | Aktivitas Jasa Portal Intermediasi Pos Dan Kurir | Jasa Intermediasi Pos Dan Kurir Lainnya | Aktivitas Hotel Bintang Lima | Aktivitas Hotel Bintang Empat | Aktivitas Hotel Bintang Tiga | Aktivitas Hotel Bintang Dua | Aktivitas Hotel Bintang Satu | Aktivitas Hotel Nonbintang | Aktivitas Rumah Tinggal Sewa (Homestay) | Aktivitas Hostel Remaja (Youth Hostel) | Aktivitas Vila | Aktivitas Apartemen Hotel | Aktivitas Penyediaan Akomodasi Jangka Pendek Lainnya | Aktivitas Penyediaan Bumi Perkemahan, Persinggahan Karavan, Dan Taman Karavan | Aktivitas Jasa Intermediasi Akomodasi | Aktivitas Jasa Manajemen Akomodasi | Penyediaan Akomodasi Lainnya Ytdl | Aktivitas Penyiaran Radio Analog | Aktivitas Telekomunikasi Dengan Satelit | Aktivitas Desain Interior | Aktivitas Desain Grafis/Komunikasi Visual | Aktivitas Desain Konten Gim | Aktivitas Fotografi Lainnya | Aktivitas Penerjemah Atau Interpreter | Penyewaan Peralatan Dan Perlengkapan Acara | Penyewaan Alat Musik | Penyewaan Bunga Dan Tanaman Hias | Penyewaan Barang Pribadi Dan Barang Rumah Tangga Lainnya Ytdl | Penyewaan Dan Sewa Guna Usaha Mesin Dan Peralatan Kantor | Sewa Guna Usaha Kekayaan Intelektual Dan Produk Sejenis, Bukan Karya Berhak Cipta | Aktivitas Penempatan Tenaga Kerja Untuk Usaha Di Dalam Negeri | Aktivitas Penyediaan Informasi Lowongan Kerja | Aktivitas Penempatan Tenaga Kerja Lainnya | Aktivitas Penyediaan Tenaga Kerja Sementara Dan Penyediaan Sumber Daya Manusia Lainnya | Aktivitas Agen Perjalanan | Aktivitas Biro Perjalanan Wisata | Jasa Informasi Pariwisata | Jasa Informasi Daya Tarik Wisata | Jasa Pramuwisata | Aktivitas Jasa Lanskap | Aktivitas Administrasi Kantor Dan Penunjang Kantor | Administrasi Pelayanan Pemerintah Bidang Pendidikan | Administrasi Pelayanan Pemerintah Bidang Kesehatan | Administrasi Pelayanan Pemerintah Bidang Perumahan | Administrasi Pelayanan Pemerintah Bidang Kesejahteraan 
 Sosial | Administrasi Pelayanan Pemerintah Bidang Keagamaan | Administrasi Pelayanan Pemerintah Bidang Lingkungan Hidup | Kegiatan Lembaga Pemerintahan Bidang Komunikasi Dan Informatika | Kegiatan Lembaga Pemerintahan Bidang Penanggulangan Bencana Dan Pemadam Kebakaran | Aktivitas Jaminan Sosial Wajib | Pendidikan Taman Kanak-Kanak Umum Pemerintah | Pendidikan Taman Kanak-Kanak Umum Swasta | Pendidikan Prasekolah Keagamaan Islam | Pendidikan Prasekolah Keagamaan Protestan, Katolik, Hindu, Buddha, Atau Konghucu | Pendidikan Dasar Umum Pemerintah | Pendidikan Dasar Umum Swasta | Pendidikan Dasar Keagamaan Islam | Pendidikan Dasar Keagamaan Protestan, Katolik, Hindu, Buddha, Atau Konghucu | Pendidikan Menengah Kejuruan Umum Pemerintah | Pendidikan Pascamenengah Nontersier | Pendidikan Olahraga Dan Rekreasi | Pendidikan Kebudayaan | Pendidikan Pesantren Lainnya | Pendidikan Keagamaan Islam Nonformal | Pendidikan Keagamaan Lainnya Ytdl | Pendidikan Lainnya Pemerintah | Pelatihan Kerja Pemerintah | Pelatihan Kerja Teknologi Informasi Dan Komunikasi Swasta | Pelatihan Kerja Industri Kreatif Swasta | Pelatihan Kerja Bisnis Dan Manajemen Swasta | Pelatihan Kerja Pekerjaan Domestik Swasta | Pelatihan Kerja Swasta Lainnya | Pelatihan Kerja Teknologi Informasi Dan Komunikasi Perusahaan | Pelatihan Kerja Industri Kreatif Perusahaan | Pelatihan Kerja Bisnis Dan Manajemen Perusahaan | Pelatihan Kerja Pekerjaan Domestik Perusahaan | Pelatihan Kerja Perusahaan Lainnya | Pendidikan Manajemen Dan Perbankan | Pendidikan Komputer (Teknologi Informasi Dan Komunikasi) Swasta | Pendidikan Bahasa Swasta | Pendidikan Kesehatan Swasta | Pendidikan Bimbingan Belajar Dan Konseling Swasta | Pendidikan Kerajinan Dan Industri | Pendidikan Lainnya Swasta | Jasa Perantara Kursus Dan Tutor | Aktivitas Sertifikasi Profesi Hasil Pendidikan Dan Pelatihan Sendiri | Aktivitas Sertifikasi Profesi Hasil Pendidikan Dan Pelatihan Mitra | Aktivitas Sertifikasi Profesi Oleh Asosiasi | Aktivitas Sertifikasi Profesi Independen | Kegiatan Penunjang Pendidikan Lainnya";Perdagangan Eceran Rokok Dan Tembakau | Penyewaan Tempat Penyelenggaraan Aktivitas Pertemuan, Perjalanan Insentif, Konvensi, Dan Pameran, Serta Acara Khusus | Kegiatan Sekolah Mengemudi;Industri Minyak Asiri Hulu | Industri Minyak Asiri Rantai Tengah | Industri Bahan Baku Obat Bahan Alam Untuk Manusia | Industri Produk Obat Bahan Alam Untuk Manusia | Industri Produk Obat Bahan Alam Untuk Hewan | Industri Bahan Baku Obat Bahan Alam Untuk Hewan | Industri Komponen Dan Perlengkapan Sepeda Motor Roda Dua Dan Tiga | Industri Sepeda Dan Kursi Roda Termasuk Becak | Industri Furnitur Dari Kayu | Industri Furnitur Dari Rotan Dan Bambu | Industri Furnitur Dari Plastik | Industri Furnitur Dari Bahan Lainnya Ytdl | Industri Perhiasan Dari Logam Mulia | Industri Perhiasan Dari Mutiara | Industri Barang Berharga Lainnya Dari Logam Mulia | Industri Alat Tulis Dan Gambar Termasuk Perlengkapannya | Reparasi Dan Pemeliharaan Peralatan Fotografi Dan Optik | Reparasi Dan Pemeliharaan Peralatan Lainnya | Pembangkitan Tenaga Listrik Dari Sumber Energi Terbarukan | Produksi Es | Produksi Kompos Sampah Organik | Konstruksi Konvensional Gedung Perbelanjaan | Perdagangan Besar Komputer Dan Perlengkapan Komputer | Perdagangan Besar Mesin Kantor Dan Industri, Suku Cadang, Dan Perlengkapannya | Perdagangan Besar Cat | Aktivitas Penyediaan Makanan Di Bangunan Tidak Tetap | Aktivitas Jasa Boga Untuk Acara Tertentu (Event Catering) | Aktivitas Penyediaan Jasa Boga Lainnya | Aktivitas Penyediaan Minuman Keliling/Tempat Tidak Tetap | Aktivitas Jasa Intermediasi Penyediaan Makanan Dan Minuman | Penerbitan Buku | Penyewaan Tempat Penyelenggaraan Aktivitas Pertemuan, Perjalanan Insentif, Konvensi, Dan Pameran, Serta Acara Khusus;"Industri Minyak Asiri Hulu | Industri Minyak Asiri Rantai Tengah | Industri Bahan Baku Obat Bahan Alam Untuk Manusia | Industri Produk Obat Bahan Alam Untuk Manusia | Industri Produk Obat Bahan Alam Untuk Hewan | Industri Bahan Baku Obat Bahan Alam Untuk Hewan | Perdagangan Eceran Bahan Bakar Di Sarana Pengisian Bahan 
 Bakar | Aktivitas Penyediaan Makanan Di Bangunan Tidak Tetap | Aktivitas Jasa Boga Untuk Acara Tertentu (Event Catering) | Aktivitas Penyediaan Jasa Boga Lainnya | Aktivitas Penyediaan Minuman Keliling/Tempat Tidak Tetap | Aktivitas Jasa Intermediasi Penyediaan Makanan Dan Minuman | Penerbitan Buku | Penyewaan Tempat Penyelenggaraan Aktivitas Pertemuan, Perjalanan Insentif, Konvensi, Dan Pameran, Serta Acara Khusus | Aktivitas Jasa Intermediasi Untuk Penyewaan Dan Sewa Guna Usaha Barang Berwujud Dan Aset Tak Berwujud Nonfinansial Lainnya";Konstruksi Konvensional Gedung Lainnya | Angkutan Laut Luar Negeri Pelayaran Rakyat Untuk Barang | Angkutan Penyeberangan Umum Antarprovinsi Untuk Penumpang | Angkutan Penyeberangan Umum Antarkabupaten/Kota Untuk Penumpang | Angkutan Penyeberangan Umum Dalam Kabupaten/Kota Untuk Penumpang | Angkutan Penyeberangan Perintis Antarprovinsi Untuk Penumpang | Angkutan Penyeberangan Perintis Antarkabupaten/Kota Untuk Penumpang | Transportasi Pesisir Lainnya Untuk Penumpang | Angkutan Penyeberangan Umum Antarprovinsi Untuk Barang | Angkutan Penyeberangan Umum Antarkabupaten/Kota Untuk Barang | Angkutan Penyeberangan Umum Dalam Kabupaten/Kota Untuk Barang | Angkutan Penyeberangan Perintis Antarprovinsi Untuk Barang | Angkutan Penyeberangan Perintis Antarkabupaten/Kota Untuk Barang | Transportasi Pesisir Lainnya Untuk Barang | Angkutan Sungai Dan Danau Liner (Trayek Tetap Dan Teratur) Untuk Penumpang | Angkutan Sungai Dan Danau Tramper (Trayek Tidak Tetap Dan Tidak Teratur) Untuk Penumpang | Angkutan Sungai Dan Danau Untuk Wisata | Angkutan Sungai Dan Danau Untuk Barang Umum | Angkutan Sungai Dan Danau Untuk Barang Berbahaya | Angkutan Udara Niaga Berjadwal Untuk Penumpang | Angkutan Udara Niaga Tidak Berjadwal Untuk Penumpang | Transportasi Antariksa Untuk Penumpang | Angkutan Udara Niaga Berjadwal Khusus Kargo | Angkutan Udara Niaga Tidak Berjadwal Khusus Kargo | Transportasi Antariksa Untuk Barang | Pengelola Gudang Sistem Resi Gudang | Aktivitas Gudang Dingin | Aktivitas Gudang Berikat | Penyimpanan Minyak Dan Gas Bumi | Aktivitas Penyimpanan Barang Berbahaya Dan Beracun (B3) | Fasilitas Penyimpanan Sumber Radiasi Pengion | Penyimpanan Mineral Ikutan Radioaktif | Pergudangan Dan Penyimpanan Lainnya | Aktivitas Terminal Darat | Aktivitas Penyelenggaraan Prasarana Perkeretaapian | Aktivitas Jalan Tol | Aktivitas Perparkiran Di Badan Jalan (On Street Parking) | Aktivitas Perparkiran Di Luar Badan Jalan (Off Street Parking) | Aktivitas Jasa Terkait Transportasi Darat Lainnya | Aktivitas Pelayanan Kepelabuhanan Laut;-;-;-;"Budi Daya Dan Pembibitan Sapi Potong | Budi Daya Dan Pembibitan Sapi Perah | Budi Daya Dan Pembibitan Kerbau Potong | Budi Daya Dan Pembibitan Kerbau Perah | Peternakan Kuda Dan Sejenisnya | Peternakan Unta Dan Sejenisnya | Budi Daya Dan Pembibitan Domba Potong | Budi Daya Dan Pembibitan Kambing Potong | Budi Daya Dan Pembibitan Kambing Perah | Budi Daya Dan Pembibitan Domba Perah | Budi Daya Ayam Ras Pedaging | Budi Daya Ayam Ras Petelur | Pembibitan Ayam Lokal Dan Persilangannya | Budi Daya Ayam Lokal Dan Persilangannya | Budi Daya Dan Pembibitan Itik Dan Bebek | Budi Daya Dan Pembibitan Burung Puyuh | Budi Daya Dan Pembibitan Burung Merpati | Pembibitan Ayam Ras | Budi Daya Dan Pembibitan Unggas Lainnya | Budi Daya Dan Pembibitan Burung Unta | Budi Daya Dan Pembibitan Rusa | Budi Daya Dan Pembibitan Kelinci | Budi Daya Dan Pembibitan Hewan Lainnya | Jasa Penunjang Pertanian Lainnya | Jasa Perkawinan Ternak | Jasa Penetasan Telur | Jasa Penunjang Peternakan Lainnya | Jasa Pascapanen | Industri Komponen Dan Perlengkapan Sepeda Motor Roda Dua Dan Tiga | Industri Sepeda Dan Kursi Roda Termasuk Becak | Industri Furnitur Dari Kayu | Industri Furnitur Dari Rotan Dan Bambu | Industri Furnitur Dari Plastik | Industri Furnitur Dari Bahan Lainnya Ytdl | Industri Perhiasan Dari Logam Mulia | Industri Barang Berharga Dari Logam Mulia Bukan Perhiasan | Industri Perhiasan Dari Mutiara | Industri Barang Berharga Lainnya Dari Logam Mulia | Industri Kacamata | Industri Alat Tulis Dan Gambar Termasuk Perlengkapannya | Industri Kerajinan Ytdl | Reparasi Dan Pemeliharaan Peralatan Fotografi Dan Optik | Reparasi Dan Pemeliharaan Peralatan Lainnya | Pengoperasian Fasilitas Atau Stasiun Pengisian Daya Untuk Kendaraan Dan Peralatan Listrik | Produksi Es | Konstruksi Konvensional Gedung Perbelanjaan | Konstruksi Jalan Pada Permukaan Tanah | Konstruksi Bangunan Sipil Jembatan, Jalan Layang, Fly Over, Dan Underpass | Konstruksi Jalan Rel | Konstruksi Terowongan | Konstruksi Jaringan Irigasi Dan Drainase | Konstruksi Bangunan Sipil Pengolahan Air Bersih | Konstruksi Bangunan Sipil Elektrikal | Konstruksi Bangunan Sipil Telekomunikasi Untuk Prasarana Transportasi | Konstruksi Sentral Telekomunikasi | Konstruksi Pengeboran/Penggalian Air Tanah | Konstruksi Bangunan Prasarana Sumber Daya Air | Konstruksi Bangunan Sipil Fasilitas Olahraga | Pembongkaran | Penyiapan Lahan | Pemasangan Jaringan Listrik | Pemasangan Jaringan Telekomunikasi | Pemasangan Sistem Elektronika | Pemasangan Sistem Persinyalan Dan Telekomunikasi Kereta Api | Pemasangan Perlengkapan Jalan Berbasis Listrik | Pemasangan Saluran Air (Plumbing) | Pemasangan Pendingin Dan Ventilasi Udara | Pemasangan Perlengkapan Mekanikal Bangunan | Pemasangan Kaca, Pintu, Kusen, Jendela, Dan Sejenisnya | Pengerjaan Lantai, Dinding, Dan Plafon | Pengecatan | Penyelesaian Konstruksi Bangunan Lainnya | Jasa Intermediasi Konstruksi Khusus | Pemasangan Dan Rekayasa Struktur Bangunan | Pemasangan Perancah (Steger) | Pemasangan Rangka Dan Atap/Roof Covering | Pemasangan Kerangka Baja | Penyewaan Alat Konstruksi Dengan Operator | Perdagangan Besar Peralatan Masak, Peralatan Dapur, Dan Elektronik Rumah Tangga | Perdagangan Besar Perhiasan Dan Jam | Perdagangan Besar Berbagai Barang Dan Perlengkapan Rumah Tangga Lainnya Ytdl | Perdagangan Besar Komputer Dan Perlengkapan Komputer | Perdagangan Besar Mesin Kantor Dan Industri, Suku Cadang, Dan Perlengkapannya | Perdagangan Besar Mesin, Peralatan, Dan Perlengkapan Lainnya Ytdl | Perdagangan Besar Cat | Perdagangan Besar Kertas Dan Karton | Perdagangan Eceran Hasil Kehutanan Dan Perburuan | Perdagangan Eceran Rokok Dan Tembakau | Perdagangan Eceran Minyak Pelumas | Perdagangan Eceran Mesin Dan Peralatan Kantor | Perdagangan Eceran Cat, Pernis Dan Lakeri | Perdagangan Eceran Bahan-Bahan Energi Terbarukan | Perdagangan Eceran Bahan Baku Farmasi Dan Alat Kesehatan Lainnya | Perdagangan Eceran Barang Listrik Dan Elektronik Bekas | Perdagangan Eceran Pupuk Dan Pemberantas Hama | Perdagangan Eceran Gas Tabung Lpg | Penyewaan Tempat Penyelenggaraan Aktivitas Pertemuan, Perjalanan Insentif, Konvensi, Dan Pameran, Serta Acara Khusus | Pengujian Dan Analisis Teknis Lainnya | Penelitian Dan Pengembangan Ilmu Pengetahuan Sosial | Penelitian Dan Pengembangan Humaniora | Aktivitas Periklanan | Penelitian Pasar | Jajak Pendapat Opini Publik | Aktivitas Kehumasan | Aktivitas Desain Peralatan Rumah Tangga Dan Furnitur | Aktivitas Desain Tekstil, Mode/Fesyen, Dan Garmen | Aktivitas Desain Peralatan Olahraga Dan Permainan | Aktivitas Desain Pengemasan | Aktivitas Desain Industri Lainnya | Aktivitas Desain Interior | Aktivitas Desain Grafis/Komunikasi Visual | Aktivitas Desain Khusus Film, Video, Program Televisi, Animasi Dan Komik | Aktivitas Desain Konten Gim | Aktivitas Desain Khusus Lainya Ytdl | Aktivitas Fotografi Lainnya | Aktivitas Penerjemah Atau Interpreter | Aktivitas Broker Dan Layanan Pemasaran Paten | Semua Aktivitas Profesional, Ilmiah Dan Teknis Ytdl Lainnya | Aktivitas Personel Kesehatan Hewan Mandiri | Penyewaan Dan Sewa Guna Usaha Alat Rekreasi Dan Olahraga | Penyewaan Peralatan Dan Perlengkapan Acara | Penyewaan Alat Musik | Penyewaan Barang Hasil Pencetakan Dan Penerbitan | Penyewaan Bunga Dan Tanaman Hias | Penyewaan Barang Pribadi Dan Barang Rumah Tangga Lainnya Ytdl | Penyewaan Dan Sewa Guna Usaha Alat Transportasi Darat Bukan Kendaraan Bermotor | Penyewaan Dan Sewa Guna Usaha Mesin Dan Peralatan Kantor | Penyewaan Dan Sewa Guna Usaha Mesin Dan Peralatan Komunikasi Dan Multimedia | Penyewaan Dan Sewa Guna Usaha Mesin, Peralatan, Dan Barang Berwujud Lainnya Ytdl | Sewa Guna Usaha Kekayaan Intelektual Dan Produk Sejenis, Bukan Karya Berhak Cipta | Aktivitas Jasa Intermediasi Untuk Penyewaan Dan Sewa Guna Usaha Mobil | Aktivitas Jasa Intermediasi Untuk Penyewaan Dan Sewa Guna Usaha Barang Berwujud Dan Aset Tak Berwujud Nonfinansial Lainnya | Aktivitas Penempatan Tenaga Kerja Untuk Usaha Di Dalam Negeri | Aktivitas Penempatan Tenaga Kerja Luar Negeri | Aktivitas Penempatan Awak Kapal | Aktivitas Penyediaan Informasi Lowongan Kerja | Aktivitas Penempatan Tenaga Kerja Lainnya | Aktivitas Penyediaan Tenaga Kerja Sementara Dan Penyediaan Sumber Daya Manusia Lainnya | Aktivitas Agen Perjalanan | Aktivitas Biro Perjalanan Wisata | Aktivitas Biro Perjalanan Ibadah Umrah Dan Haji Khusus | Aktivitas Biro Perjalanan Lainnya | Jasa Informasi Pariwisata | Jasa Informasi Daya Tarik Wisata | Jasa Pramuwisata | Aktivitas Terkait Perjalanan Lainnya Ytdl | Aktivitas Kebersihan Umum Bangunan | Aktivitas Kebersihan Lainnya | Aktivitas Jasa Lanskap | Aktivitas Administrasi Kantor Dan Penunjang Kantor | Jasa Intermediasi Untuk Aktivitas Penunjang Usaha Ytdl 
 Selain Intermediasi Finansial | Aktivitas Jasa Penunjang Usaha Lainnya Ytdl | Lembaga Legislatif | Penyelenggaraan Pemerintahan Negara Dan Kesekretariatan Negara | Lembaga Eksekutif Perencanaan | Lembaga Pemerintah Nonkementerian Dengan Tugas Khusus | Kegiatan Administrasi Pemerintahan Lainnya | Administrasi Pelayanan Pemerintah Bidang 
 Kebudayaan/Kesenian/Rekreasi/Olahraga | Administrasi Pelayanan Pemerintah Bidang Sosial Lainnya 
 Bukan Kesehatan, Pendidikan, Keagamaan, Dan Kebudayaan | Kegiatan Lembaga Pemerintahan Bidang Pertanian | Kegiatan Lembaga Pemerintahan Bidang Perdagangan Dan Pariwisata | Kegiatan Lembaga Pemerintahan Bidang Ketenagakerjaan | Kegiatan Lembaga Pemerintahan Untuk Menciptakan Efisiensi Produksi Dan Bisnis Lainnya | Pertahanan Sipil | Pendidikan Menengah Pertama Umum Pemerintah | Pendidikan Menengah Pertama Umum Swasta | Pendidikan Menengah Pertama Keagamaan Islam | Pendidikan Menengah Pertama Keagamaan Protestan, Katolik, Hindu, Buddha, Atau Konghucu | Pendidikan Menengah Atas Umum Pemerintah | Pendidikan Menengah Atas Umum Swasta | Pendidikan Menengah Atas Keagamaan Islam | Pendidikan Menengah Atas Keagamaan Protestan, Katolik, Hindu, Buddha, Atau Konghucu | Pendidikan Menengah Kejuruan Umum Swasta | Pendidikan Menengah Kejuruan Keagamaan Islam | Pendidikan Menengah Kejuruan Keagamaan Protestan, Katolik, Hindu, Buddha, Atau Konghucu | Pelatihan Kerja Teknik Swasta | Pelatihan Kerja Pariwisata Dan Perhotelan Swasta | Pelatihan Kerja Pertanian Dan Perikanan Swasta | Pelatihan Kerja Teknik Perusahaan | Pelatihan Kerja Pariwisata Dan Perhotelan Perusahaan | Pelatihan Kerja Pertanian Dan Perikanan Perusahaan | Pendidikan Teknik Swasta";"Penangkaran Tumbuhan Liar | Produksi Bulu Domba Mentah/Raw Wool | Budi Daya Dan Pembibitan Ulat Sutra | Budi Daya Dan Pembibitan Burung Walet | Jasa Penyemprotan Dan Penyerbukan Melalui Udara | Jasa Pengendalian Organisme Pengganggu Tumbuhan (Opt) | Pemasangan Perlengkapan Meteorologi, Klimatologi, Dan Geofisika | Pembangkitan Tenaga Listrik Dari Sumber Energi Terbarukan | Aktivitas Penyaluran Tenaga Listrik | Pengoperasian Instalasi Penyediaan Tenaga Listrik | Pengoperasian Instalasi Pemanfaatan Tenaga Listrik | Distribusi Gas Alam Dan Buatan Melalui Jaringan | Pengolahan Dan Penyediaan Air Minum | Penampungan Dan Penyediaan Air Baku | Aktivitas Penunjang Penyediaan Air | Aktivitas Penangkapan Karbon | Konstruksi Konvensional Gedung Kesehatan | Konstruksi Konvensional Gedung Pendidikan | Perdagangan Besar Suku Cadang Elektronik | Perdagangan Besar Peralatan Telekomunikasi | Perdagangan Besar Mesin, Peralatan Dan Perlengkapan Pertanian | Perdagangan Besar Alat Transportasi Darat (Bukan Mobil, Sepeda Motor, Dan Sejenisnya), Suku Cadang, Dan Perlengkapannya | Perdagangan Besar Suku Cadang Dan Aksesori Mobil | Perdagangan Besar Sepeda Motor Baru | Perdagangan Besar Sepeda Motor Bekas | Perdagangan Besar Suku Cadang Sepeda Motor Dan Aksesorinya | Perdagangan Besar Bahan Konstruksi Dari Logam | Perdagangan Besar Kaca Lembaran | Perdagangan Besar Bahan Konstruksi Dari Tanah Liat, Kapur, Semen, Atau Kaca | Perdagangan Besar Bahan Konstruksi Dari Porselen | Perdagangan Besar Bahan Konstruksi Dari Kayu | Perdagangan Besar Berbagai Macam Material Bangunan | Perdagangan Besar Bahan Konstruksi, Perkakas, Perlengkapan Perpipaan, Dan Peralatan Pemanas Lainnya | Perdagangan Besar Alat Kesehatan Dan Laboratorium Untuk 
 Manusia | Perdagangan Besar Alat Kesehatan Untuk Hewan | Perdagangan Besar Karet Dan Plastik Dalam Bentuk Dasar | Perdagangan Besar Berbagai Macam Barang Di Grosir/Perkulakan Swalayan | Perdagangan Eceran Bahan Bakar Di Sarana Pengisian Bahan 
 Bakar | Perdagangan Eceran Bahan Dan Material Konstruksi | Perdagangan Eceran Kaca Lembaran | Aktivitas Penyediaan Minuman Keliling/Tempat Tidak Tetap | Aktivitas Jasa Intermediasi Penyediaan Makanan Dan Minuman | Penerbitan Buku | Penyewaan Tempat Penyelenggaraan Aktivitas Pertemuan, Perjalanan Insentif, Konvensi, Dan Pameran, Serta Acara Khusus | Kegiatan Lembaga Pemerintahan Bidang Perindustrian | Kegiatan Lembaga Pemerintahan Bidang Konstruksi | Kegiatan Lembaga Pemerintahan Bidang Perhubungan | Kepolisian | Aktivitas Lembaga Peradilan | Pendidikan Tinggi Umum Pemerintah | Pendidikan Tinggi Umum Swasta | Pendidikan Tinggi Keagamaan Pemerintah | Pendidikan Tinggi Keagamaan Swasta | Kegiatan Sekolah Mengemudi";Industri Minyak Asiri Hulu | Industri Minyak Asiri Rantai Tengah | Industri Bahan Baku Obat Bahan Alam Untuk Manusia | Industri Produk Obat Bahan Alam Untuk Manusia | Industri Produk Obat Bahan Alam Untuk Hewan | Industri Bahan Baku Obat Bahan Alam Untuk Hewan;Aktivitas Penyediaan Makanan Di Bangunan Tidak Tetap | Aktivitas Jasa Boga Untuk Acara Tertentu (Event Catering) | Aktivitas Penyediaan Jasa Boga Lainnya;-;Produksi Kompos Sampah Organik;"nan | Pertanian Tanaman Narkotika Dan Tanaman Obat Terlarang | Peternakan Babi | Penangkaran Satwa Liar | Pemilihan Benih Tanaman Untuk Pembiakan | Perburuan, Penangkapan, Dan Kegiatan Jasa Terkait | Pengelolaan Hutan | Pemanfaatan Kayu Hutan | Pembenihan Tanaman Kehutanan | Pemanenan Kayu | Pemungutan Kayu | Pemungutan Hasil Hutan Bukan Kayu | Jasa Lingkungan Hutan | Jasa Penggunaan Kawasan Kehutanan | Jasa Penunjang Kehutanan Lainnya | Penangkapan Ikan Dan Biota Air Lainnya Di Laut | Penangkapan Ikan Dan Biota Air Lainnya Di Perairan Air Tawar | Pembudidayaan Ikan Bersirip (Selain Ikan Hias) Dan Biota Air Laut Lainnya Yang Tidak Dilindungi | Pembudidayaan Ikan Hias Air Laut Yang Tidak Dilindungi | Pembudidayaan Tumbuhan Air Laut Yang Tidak Dilindungi | Pengembangbiakan Ikan Dan Biota Air Laut Yang Dilindungi | Pembudidayaan Ikan Bersirip (Selain Ikan Hias) Dan Biota Air Tawar Lainnya Yang Tidak Dilindungi | Pembudidayaan Ikan Hias Air Tawar Yang Tidak Dilindungi | Pembudidayaan Tumbuhan Air Tawar Yang Tidak Dilindungi | Pengembangbiakan Biota Air Tawar Yang Dilindungi | Pembudidayaan Ikan Bersirip (Selain Ikan Hias) Dan Biota Air Payau Lainnya Yang Tidak Dilindungi | Pembudidayaan Ikan Hias Air Payau Yang Tidak Dilindungi | Pembudidayaan Tumbuhan Air Payau Yang Tidak Dilindungi | Pengembangbiakan Biota Air Payau Yang Dilindungi | Jasa Penunjang Kegiatan Penangkapan Dan Pembudidayaan Ikan | Pertambangan Batu Bara | Benefisiasi Atau Peningkatan Kualitas Batu Bara | Pertambangan Lignit | Pertambangan Minyak Bumi | Pertambangan Gas Alam | Pengusahaan Tenaga Panas Bumi | Pertambangan Pasir Besi | Pertambangan Bijih Besi | Pertambangan Bijih Uranium Dan Torium | Pertambangan Emas Dan Perak | Pertambangan Bijih Logam Mulia Lainnya | Pertambangan Bijih Timah | Pertambangan Bijih Timah Hitam | Pertambangan Bijih Bauksit | Pertambangan Bijih Tembaga | Pertambangan Bijih Nikel | Pertambangan Bijih Mangan | Pertambangan Bahan Galian Lainnya Yang Tidak Mengandung Bijih Besi Ytdl | Penggalian Batu Hias Dan Batu Bangunan | Penggalian Batu Kapur/Gamping | Penggalian Kerikil/Sirtu | Penggalian Pasir | Penggalian Tanah Dan Tanah Liat | Penggalian Gips | Penggalian Tras | Penggalian Batu Apung | Penggalian Batu, Pasir, Dan Tanah Liat Lainnya | Pertambangan Belerang | Pertambangan Fosfat | Pertambangan Nitrat | Pertambangan Yodium | Pertambangan Potash (Kalium Karbonat) | Pertambangan Mineral, Bahan Kimia, Dan Bahan Pupuk Lainnya | Ekstraksi Tanah Gambut | Ekstraksi Garam | Pertambangan Batu Mulia | Penggalian Feldspar Dan Kalsit | Pertambangan Aspal Alam | Penggalian Asbes | Penggalian Kuarsa/Pasir Kuarsa | Pertambangan Bijih Logam Tanah Jarang | Pertambangan Dan Penggalian Lainnya Ytdl | Aktivitas Penunjang Pertambangan Minyak Bumi Dan Gas Alam | AKTIVITAS PENUNJANG PERTAMBANGAN DAN PENGGALIAN LAINNYA | Kegiatan Rumah Potong Hewan Ruminansia | Kegiatan Rumah Potong Babi | Kegiatan Rumah Potong Unggas | Kegiatan Rumah Potong Hewan Lainnya | Pengolahan Dan Pengawetan Daging Dan Produk Daging | Pengolahan Dan Pengawetan Ikan Dengan Penggaraman Atau 
 Pengeringan | Pengolahan Dan Pengawetan Ikan Dengan Pengasapan Atau 
 Pemanggangan | Pengolahan Dan Pengawetan Ikan Dengan Pembekuan | Pengolahan Dan Pengawetan Ikan Dengan Pemindangan | Pengolahan Dan Pengawetan Ikan Dengan Fermentasi | Pengolahan Dan Pengawetan Ikan Dengan Pelumatan | Pengolahan Dan Pengawetan Ikan Dengan Pengalengan | Pengolahan Dan Pengawetan Ikan Menjadi Produk Olahan | Pengolahan Dan Pengawetan Ikan Dengan Metode Lainnya | Pengolahan Dan Pengawetan Biota Air Lainnya Dengan 
 Penggaraman Atau Pengeringan | Pengolahan Dan Pengawetan Biota Air Lainnya Dengan 
 Pengasapan Atau Pemanggangan | Pengolahan Dan Pengawetan Biota Air Lainnya Dengan 
 Pembekuan | Pengolahan Dan Pengawetan Biota Air Lainnya Dengan 
 Pemindangan | Pengolahan Dan Pengawetan Biota Air Lainnya Dengan 
 Fermentasi | Pengolahan Dan Pengawetan Biota Air Lainnya Dengan 
 Pelumatan | Pengolahan Dan Pengawetan Biota Air Lainnya Dengan 
 Pengalengan | Pengolahan Dan Pengawetan Rumput Laut | Pengolahan Dan Pengawetan Biota Air Lainnya Dengan Metode 
 Lainnya | Pengasinan Buah-Buahan Dan Sayuran | Pelumatan Buah-Buahan Dan Sayuran | Pengeringan Buah-Buahan Dan Sayuran | Pembekuan Buah-Buahan Dan Sayuran | Pengalengan Buah-Buahan Dan Sayuran | Pengolahan Sari Buah-Buahan Dan Sayuran | Pembuatan Tempe Kedelai | Pembuatan Tahu Kedelai | Pengolahan Dan Pengawetan Lainnya Untuk Buah-Buahan Dan Sayuran | Industri Minyak Mentah Dan Lemak Nabati Bukan Kelapa Dan Kelapa Sawit | Industri Margarin | Industri Minyak Mentah Dan Lemak Dari Hewan Selain Ikan | Industri Minyak Ikan | Industri Minyak Goreng Dan Minyak Makan Bukan Minyak Kelapa Dan Minyak Kelapa Sawit | Industri Minyak Mentah Dan Lemak Nabati Dan Hewani Bukan Kelapa Dan Kelapa Sawit Lainnya | Industri Kopra | Industri Minyak Mentah Kelapa | Industri Minyak Goreng Kelapa | Industri Minyak Mentah Kelapa Sawit (Crude Palm Oil) | Industri Minyak Mentah Inti Kelapa Sawit (Crude Palm Kernel Oil) | Industri Pemisahan/Fraksinasi Minyak Mentah Kelapa Sawit Dan Minyak Mentah Inti Kelapa Sawit | Industri Pemurnian Minyak Mentah Kelapa Sawit Dan Minyak Mentah Inti Kelapa Sawit | Industri Pemisahan/Fraksinasi Minyak Murni Kelapa Sawit | Industri Pemisahan/Fraksinasi Minyak Murni Inti Kelapa Sawit | Industri Minyak Goreng Kelapa Sawit | Industri Susu Segar Dan Krim | Industri Susu Bubuk Dan Susu Kental | Industri Es Krim | Industri Es Yang Dapat Dimakan Dan Es Pencuci Mulut | Industri Produk Susu Lainnya | Industri Produk Gilingan Gandum (Selain Tepung Terigu) Dan Serelia Selain Beras Dan Jagung | Industri Produk Gilingan Aneka Kacang | Industri Produk Gilingan Aneka Umbi, Tanaman Rimpang, Dan Sayuran | Industri Tepung Campuran Dan Adonan Tepung | Industri Makanan Sereal | Industri Tepung Terigu | Industri Pati Ubi Kayu | Industri Berbagai Macam Pati Palem | Industri Glukosa Dan Sejenisnya | Industri Pati Dan Produk Pati Lainnya | Industri Penggilingan Padi Dan Penyosohan Beras | Industri Pemipilan Jagung | Industri Tepung Beras Dan Tepung Jagung | Industri Pati Beras Dan Jagung | Industri Pemanis Dari Beras Dan Jagung | Industri Minyak Dari Beras Dan Jagung | Industri Produk Bakeri | Industri Gula Pasir | Industri Gula Merah | Industri Sirop | Industri Gula Lainnya | Industri Pengolahan Kakao; Industri Cokelat Dan Kembang Gula | Industri Pengolahan Kakao | Industri Cokelat Dan Kembang Gula Dari Cokelat | Industri Manisan Buah-Buahan Dan Sayuran Kering | Industri Kembang Gula Lainnya | Industri Makaroni, Mi, Couscous, Dan Produk Sejenisnya | Industri Makanan Dan Masakan Olahan | Pengolahan Kopi | Pengolahan Te | Industri Kecap | Industri Garam Konsumsi Beryodium | Industri Garam Industri Aneka Pangan | Industri Bumbu Masakan Lainnya | Industri Makanan Bayi Dan Makanan Khusus | Industri Kue Basah | Industri Produk Makanan Dari Kelapa | Industri Kerupuk, Keripik, Peyek, Dan Sejenisnya | Industri Sari Nabati Dan Krimer Nabati | Industri Dodol | Industri Infusi Herbal/Herb Infusion | Industri Bahan Makanan Dari Rumput Laut | Industri Produk Makanan Lainnya Ytdl | Industri Ransum Pakan Hewan | Industri Konsentrat Pakan Hewan | Industri Penyulingan, Pemurnian, Dan Pencampuran Minuman Beralkohol | Industri Minuman Beralkohol Hasil Fermentasi Anggur Dan Hasil Pertanian Lainnya | Industri Minuman Beralkohol Hasil Fermentasi Malt | Industri Malt | Industri Air Kemasan | Industri Air Minum Isi Ulang | Industri Minuman Ringan | Industri Minuman Lainnya | Industri Sigaret Kretek Tangan | Industri Sigaret Kretek Mesin | Industri Rokok Putih | Industri Pengeringan Dan Pengolahan Tembakau | Industri Bumbu Rokok | Industri Produk Tembakau Lainnya | Persiapan Serat Tekstil | Pemintalan Benang Selain Benang Jahit | Pemintalan Benang Jahit | Pertenunan Tekstil Dengan Mesin | Pertenunan Tekstil Bukan Dengan Mesin | Penyempurnaan Benang | Penyempurnaan Basah Kain | Industri Kain Batik | Penyempurnaan Tekstil Lainnya | Industri Kain Rajutan | Industri Kain Crocheted | Industri Bulu Tiruan Rajutan | Industri Barang Tekstil Untuk Keperluan Rumah Tangga | Industri Barang Tekstil Dengan Bahan Pengisi | Industri Karung Goni | Industri Karung Selain Karung Goni | Industri Barang Tekstil Bukan Pakaian Jadi Lainnya | Industri Karpet Dan Permadani | Industri Tali | Industri Barang Dari Tali | Industri Kain Narrow | Industri Kain Yang Dilapisi Dan Sejenisnya | Industri Kain Nirtenun/Nonwoven | Industri Kain Ban | Industri Kapuk | Industri Kain Tule, Kain Jaring, Dan Kain Bordir | Industri Tekstil Lainnya Ytdl | Industri Pakaian Jadi (Konfeksi) Dari Tekstil | Industri Pakaian Jadi (Konfeksi) Dari Kulit Dan Tiruan Kulit | Industri Penjahitan Dan Pembuatan (Bukan Konfeksi) Pakaian Sesuai Pesanan/Kustomisasi | Industri Perlengkapan Pakaian Dari Tekstil | Industri Perlengkapan Pakaian Dari Kulit Dan Tiruan Kulit | Industri Barang Dari Kulit Berbulu | Industri Pakaian Jadi Dan Perlengkapannya Dari Rajutan Dan Crocheted | Industri Hosiery Rajutan Dan Crocheted | Penyamakan Kulit | Pewarnaan Kulit Berbulu | Industri Kulit Komposisi | Industri Koper, Tas Tangan, Dan Sejenisnya | Industri Pelana, Alat Pengekang/Harness, Dan Barang Lainnya Untuk Hewan | Industri Barang Lainnya Dari Kulit Dan Kulit Komposisi | Industri Alas Kaki Untuk Keperluan Sehari-Hari | Industri Sepatu Olahraga | Industri Sepatu Teknik Lapangan/Keperluan Industri | Industri Alas Kaki Lainnya | Penggergajian Dan Penghalusan Kayu | Pengawetan Kayu | Pengawetan Rotan, Bambu, Dan Sejenisnya | Pengolahan Rotan | Industri Partikel Kayu Dan Sejenisnya | Industri Kayu Lapis | Industri Venir | Industri Kayu Laminasi | Industri Panel Kayu Lainnya | Industri Barang Bangunan Dari Kayu | Industri Bangunan Prafabrikasi Dari Kayu Dan Sejenisnya | Industri Wadah Dari Kayu | Industri Barang Anyaman Dari Rotan Dan Bambu | Industri Barang Anyaman Dari Tanaman Selain Rotan Dan Bambu | Industri Kerajinan Ukiran Dari Kayu Bukan Furnitur | Industri Alat Dapur Dan Alat Makan Dari Kayu, Rotan, Dan Bambu | Industri Kayu Bakar Dan Pelet Dari Kayu Dan Biomassa Lainnya | Industri Barang Lainnya Dari Kayu; Industri Barang Dari Gabus, Jerami, Rotan, Bambu, Dan Sejenisnya Ytdl | Industri Bubur Kertas (Pulp) | Industri Kertas Budaya | Industri Kertas Berharga | Industri Kertas Khusus | Industri Kertas Lainnya | Industri Kertas Dan Papan Kertas Bergelombang | Industri Kemasan Dan Kotak Dari Kertas Dan Karton | Industri Kertas Tisu | Industri Barang Dari Kertas Dan Papan Kertas Lainnya Ytdl | Pencetakan Umum | Pencetakan Khusus | Pencetakan Tiga Dimensi (3d) | Kegiatan Jasa Penunjang Pencetakan | Reproduksi Media Rekaman Suara Dan Perangkat Lunak | Reproduksi Media Rekaman Film Dan Video | Industri Produk Tanur Kokas | Industri Bahan Bakar Dari Pemurnian Dan Pengilangan Minyak Bumi | Industri Minyak Pelumas | Industri Produk Dari Bahan Limbah Minyak Pelumas | Industri Minyak Pelumas Dasar (Bahan Baku Pelumas) | Industri Briket | Industri Produk Dari Pencampuran Hasil Kilang Minyak Bumi Dengan Biofuel | Industri Produk Lainnya Dari Hasil Kilang Minyak Bumi | Industri Asam, Basa, Dan Garam Anorganik | Industri Gas Industri | Industri Kimia Dasar Zat Warna Dan Pigmen | Industri Kimia Dasar Radioaktif | Industri Kimia Dasar Organik Dari Sumber Daya Alam Hayati | Industri Kimia Dasar Dari Minyak Bumi, Gas Alam, Dan Batu Bara | Industri Kimia Dasar Anorganik Lainnya | Industri Senyawa Nitrogen; Pupuk Nitrogen, Fosfat, Dan Kalium | Industri Pupuk Hara Makro Primer Lainnya | Industri Pupuk Hara Mikro | Industri Pupuk Organik, Pupuk Hayati, Dan Media Tanam | Industri Biostimulan | Industri Damar Buatan (Resin Sintetis) Dan Bahan Baku Plastik | Industri Karet Buatan | Industri Bahan Baku Pemberantas Hama (Bahan Aktif) | Industri Pemberantas Hama (Formulasi) | Industri Zat Pengatur Tumbuh | Industri Cat | Industri Pernis | Industri Dempul | Industri Sediaan Pewarna Dan Pelapis Lainnya | Industri Bahan Dan Produk Pembersih | Industri Kosmetik Untuk Manusia, Cairan Lensa Kontak | Industri Kosmetik Untuk Hewan | Industri Perekat Gigi | Industri Parfum Sesuai Pesanan | Industri Perekat/Lem | Industri Bahan Peledak | Industri Tinta | Industri Korek Api | Industri Biofuel Cair | Industri Cairan Rokok Elektrik | Industri Barang Kimia Lainnya Ytdl | Industri Serat Filamen Dan Strip Buatan | Industri Serat Stapel Buatan | Industri Bahan Baku Farmasi Untuk Manusia | Industri Produk Farmasi Untuk Manusia | Industri Produk Farmasi Untuk Hewan | Industri Bahan Baku Farmasi Untuk Hewan | Industri Alat Diagnosis Medis, Perban, Kasa, Dan Penunjang Kesehatan Lainnya | Industri Ban Luar Dan Ban Dalam | Industri Pembentukan Kembali Ban Dan Vulkanisasi Ban | Industri Karet Asap | Industri Karet Lembaran Dan Crepe Rubber | Industri Karet Remah (Crumb Rubber) | Industri Karet Setengah Jadi Lainnya | Industri Barang Dari Karet Untuk Keperluan Rumah Tangga | Industri Barang Dari Karet Untuk Keperluan Industri | Industri Barang Dari Karet Untuk Keperluan Infrastruktur | Industri Barang Dari Karet Untuk Kesehatan | Industri Barang Lainnya Dari Karet Ytdl | Industri Barang Dari Plastik Untuk Bangunan | Industri Barang Dari Plastik Dan Bioplastik Untuk Pengemasan | Industri Pipa Plastik Dan Perlengkapannya | Industri Plastik Lembaran | Industri Perlengkapan Dan Peralatan Rumah Tangga Dari Plastik (Tidak Termasuk Furnitur) | Industri Barang Dan Peralatan Teknik/Industri Dari Plastik | Industri Barang Lainnya Dari Plastik | Industri Kaca Lembaran | Industri Kaca Pengaman | Industri Kaca Lainnya | Industri Perlengkapan Dan Peralatan Rumah Tangga Dari Kaca | Industri Peralatan Laboratorium Dan Kesehatan Dari Kaca | Industri Produk Lainnya Dari Kaca | Industri Bata, Mortar, Semen, Dan Sejenisnya Yang Tahan Api | Industri Produk Refraktori (Tahan Api) Lainnya | Industri Batu Bata Dari Tanah Liat Atau Keramik | Industri Genteng Dari Tanah Liat Atau Keramik | Industri Bahan Bangunan Lainnya Dari Tanah Liat Atau Keramik | Industri Perlengkapan Rumah Tangga Dari Porselen | Industri Perlengkapan Rumah Tangga Dari Tanah Liat Atau Keramik | Industri Alat Laboratorium Dan Alat Listrik Atau Teknik Dari Porselen | Industri Peralatan Sanitasi Dari Porselen | Industri Peralatan Sanitasi Dari Tanah Liat Atau Keramik | Industri Produk Bukan Bahan Bangunan Lainnya Dari Tanah Liat Atau Keramik Dan Porselen | Industri Semen | Industri Kapur | Industri Gips | Industri Barang Dari Semen | Industri Barang Dari Kapur | Industri Barang Dari Gips | Industri Barang Dari Asbes | Industri Mortar, Acian, Dan Beton Siap Pakai | Industri Barang Dari Batu Marmer | Industri Barang Dari Batu Granit | Industri Barang Dari Batu Lainnya | Industri Produk Abrasif | Industri Batuan Aspal Dan Barang Dari Aspal Atau Material Sejenis | Industri Produk Hasil Pemurnian Mineral Nonlogam | Industri Produk Mineral Nonlogam Lainnya Ytdl | Industri Besi Dan Baja Dasar | Penggilingan Baja | Industri Pipa Dan Sambungan Pipa Dari Besi Dan Baja | Industri Logam Dasar Mulia | Industri Logam Dasar Bukan Besi Lainnya | Penggilingan Logam Bukan Besi | Ekstrusi Logam Bukan Besi | Industri Pipa Dan Sambungan Pipa Dari Logam Bukan Besi Dan Baja | Industri Bahan Bakar Nuklir | Pengecoran Besi Dan Baja | Pengecoran Logam Bukan Besi Dan Baja | Industri Produk Logam Struktural Bukan Aluminium Untuk Konstruksi Ringan | Industri Produk Logam Struktural Aluminium Untuk Konstruksi Ringan | Industri Produk Logam Struktural Baja Untuk Konstruksi Berat | Industri Produk Logam Struktural Lainnya | Industri Tangki, Tandon Air, Dan Wadah Sejenisnya Dari Logam | Industri Generator Uap Bukan Ketel Pemanas | Industri Senjata Dan Amunisi | Penempaan, Pengepresan, Pencetakan, Dan Pembentukan Logam; Metalurgi Bubuk | Pengerjaan Dan Pelapisan Logam | Industri Perkakas Tangan | Industri Alat Potong | Industri Alat Makan Dari Logam | Industri Peralatan Umum | Industri Ember, Kaleng, Drum Dan Wadah Sejenisnya Dari Logam | Industri Barang Dari Kawat Logam Bukan Kabel | Industri Paku, Mur, Dan Baut Logam | Industri Brankas, Filling Kantor, Dan Sejenisnya | Industri Peralatan Dapur Dan Peralatan Meja Dari Logam | Industri Produk Rumah Tangga Dari Logam Bukan Peralatan Dapur Dan Peralatan Meja | Industri Profil Logam | Industri Lampu Dari Logam | Industri Produk Logam Lainnya Ytdl | Industri Sel Surya, Panel Surya, Dan Inverter Fotovoltaik | Industri Tabung Elektron Dan Konektor Elektronik | Industri Komponen Dan Papan Elektronik Lainnya Ytdl | Industri Komputer Dan Perakitan Komputer | Industri Perlengkapan Komputer | Industri Peralatan Telepon Dan Faksimili | Industri Peralatan Komunikasi Tanpa Kabel (Wireless) | Industri Kartu Cerdas (Smart Card) | Industri Peralatan Komunikasi Lainnya | Industri Televisi, Monitor Televisi, Dan Displai | Industri Peralatan Perekam, Penerima, Dan Pengganda Audio Dan Video, Bukan Televisi | Industri Peralatan Audio Dan Video Elektronik Lainnya | Industri Alat Ukur Dan Alat Uji Manual | Industri Alat Ukur Dan Alat Uji Elektrik | Industri Alat Ukur Dan Alat Uji Elektronik | Industri Alat Ukur, Alat Uji, Dan Peralatan Navigasi Dan Kontrol Lainnya | Industri Alat Ukur Waktu | Industri Peralatan Iradiasi, Perlengkapan, Dan Sejenisnya | Industri Peralatan Elektromedik Dan Elektroterapi | Industri Peralatan Fotografi | Industri Peralatan Sinematografi | Industri Lensa Bukan Kacamata | Industri Peralatan Fotografi Dan Instrumen Optik Bukan Kacamata Lainnya | Industri Media Magnetik Dan Media Optik | Industri Motor Listrik | Industri Generator Pembangkit Listrik | Industri Pengubah Tegangan/Transformator Dan Pengubah Arus/Rectifier | Industri Peralatan Pengontrol Dan Pendistribusian Listrik | Industri Batu Baterai | Industri Akumulator Listrik | Industri Baterai Kendaraan Listrik | Industri Kabel Serat Optik | Industri Kabel Dan Kawat Listrik Dan Elektronik Lainnya | Industri Perlengkapan Kabel | Industri Bola Lampu Pijar, Lampu Sorot, Dan Lampu Ultraviolet | Industri Lampu Gas Dan Discharge | Industri Peralatan Penerangan Untuk Kendaraan | Industri Lampu Led | Industri Peralatan Penerangan Lainnya | Industri Peralatan Listrik Rumah Tangga | Industri Peralatan Elektrotermal Rumah Tangga | Industri Peralatan Rumah Tangga Bukan Listrik | Industri Peralatan Listrik Lainnya | Industri Mesin Uap, Turbin, Dan Kincir | Industri Motor Pembakaran Dalam | Industri Komponen Dan Suku Cadang Mesin Dan Turbin | Industri Peralatan Tenaga Zat Cair Dan Gas | Industri Pompa Lainnya, Kompresor, Keran, Dan Klep/Katup | Industri Bearing, Roda Gigi, Dan Elemen Penggerak Mesin | Industri Oven, Perapian Dan Tungku Pembakar Sejenis Yang Tidak Menggunakan Arus Listrik | Industri Oven, Perapian Dan Tungku Pembakar Sejenis Yang Menggunakan Arus Listrik | Industri Alat Pengangkat Dan Pemindah | Industri Mesin Kantor Dan Akuntansi Manual | Industri Mesin Kantor Dan Akuntansi Elektrik | Industri Mesin Kantor Dan Akuntansi Elektronik | Industri Peralatan Kantor | Industri Perkakas Tangan Yang Digerakkan Tenaga | Industri Mesin Untuk Pembungkus, Pembotolan, Dan Pengalengan | Industri Mesin Timbangan | Industri Mesin Pendingin | Industri Mesin Untuk Keperluan Umum Lainnya Ytdl | Industri Mesin Pertanian Dan Kehutanan | Industri Mesin Dan Perkakas Mesin Untuk Pengerjaan Logam Dan Bahan Lainnya | Industri Mesin Metalurgi | Industri Mesin Penambangan, Penggalian Dan Konstruksi | Industri Mesin Pengolahan Makanan, Minuman Dan Tembakau | Industri Mesin Jahit, Mesin Cuci, Dan Mesin Pengering Untuk Keperluan Niaga | Industri Mesin Tekstil | Industri Mesin Penyiapan Dan Pembuatan Produk Kulit | Industri Mesin Percetakan | Industri Mesin Pabrik Kertas | Industri Mesin Keperluan Khusus Lainnya Ytdl | Industri Kendaraan Bermotor Roda Empat Atau Lebih | Industri Karoseri Kendaraan Bermotor Roda Empat Atau Lebih; Industri Trailer Dan Semitrailer | Industri Suku Cadang Dan Aksesori Kendaraan Bermotor Roda Empat Atau Lebih | Industri Kendaraan Air Dan Bawah Air Berawak | Industri Bangunan Lepas Pantai Dan Bangunan Terapung | Industri Kendaraan Air Dan Bawah Air Tanpa Awak | Industri Kapal Dan Perahu Untuk Tujuan Wisata Atau Rekreasi Dan Olahraga | Industri Lokomotif Dan Gerbong Kereta | Industri Pesawat Udara Berawak Dan Mesin Terkait | Industri Pesawat Udara Tanpa Awak Dan Mesin Terkait | Industri Wahana Antariksa Dan Mesin Terkait | Industri Kendaraan Tempur Militer | Industri Sepeda Motor Roda Dua Dan Tiga | Industri Perlengkapan Sepeda Dan Kursi Roda Termasuk Becak | Industri Alat Angkutan Lainnya Ytdl | Industri Furnitur Dari Logam | Industri Permata | Industri Perhiasan Imitasi Dan Barang Sejenis | Industri Alat Musik Tradisional | Industri Alat Musik Nontradisional | Industri Peralatan Dan Perlengkapan Olahraga | Industri Alat Permainan | Industri Mainan Termasuk Drone Rekreasi | Industri Peralatan Kedokteran Dan Kedokteran Gigi Serta Perlengkapannya | Industri Furnitur Untuk Operasi, Perawatan Kedokteran, Dan Kedokteran Gigi | Industri Peralatan Kedokteran Dan Kedokteran Gigi, Serta Perlengkapan Ortopedi Dan Prostetik | Industri Peralatan Kedokteran Dan Kedokteran Gigi, Serta Perlengkapan Lainnya | Industri Pita Mesin Tulis Atau Gambar | Reparasi Dan Pemeliharaan Produk Logam Struktural, Tangki, Tandon Air, Dan Generator Uap | Reparasi Dan Pemeliharaan Produk Senjata Dan Amunisi | Reparasi Dan Pemeliharaan Produk Logam Pabrikasi Lainnya | Reparasi Dan Pemeliharaan Mesin Untuk Keperluan Umum | Reparasi Dan Pemeliharaan Mesin Untuk Keperluan Khusus | Reparasi Dan Pemeliharaan Alat Ukur, Alat Uji, Serta Peralatan Navigasi Dan Pengontrol | Reparasi Dan Pemeliharaan Peralatan Iradiasi, Elektromedik, Dan Elektroterapi | Reparasi Dan Pemeliharaan Motor Listrik, Generator, Dan Transformator | Reparasi Dan Pemeliharaan Baterai Dan Akumulator Listrik | Reparasi Dan Pemeliharaan Peralatan Listrik Lainnya | Reparasi Dan Pemeliharaan Kapal, Perahu, Dan Bangunan Terapung | Reparasi Dan Pemeliharaan Lokomotif Dan Gerbong Kereta | Reparasi Dan Pemeliharaan Pesawat Udara | Reparasi Dan Pemeliharaan Alat Angkutan Lainnya, Bukan Kendaraan Bermotor | Instalasi/Pemasangan Dan Perangkaian/Integrasi Mesin, Peralatan, Dan Sistem Industri | Pembongkaran Mesin, Peralatan, Dan Sistem Industri | Pembangkitan Tenaga Listrik Dari Sumber Energi Tidak Terbarukan Yang Menghasilkan Emisi | Pembangkitan Tenaga Listrik Dari Sumber Energi Tidak Terbarukan Yang Tidak Menghasilkan Emisi | Aktivitas Penyimpanan Tenaga Listrik | Penyediaan Tenaga Listrik Dalam Satu Kesatuan Usaha | Aktivitas Penunjang Tenaga Listrik Lainnya | Produksi Gas Alam Dan Buatan | Pengadaan Uap/Air Panas Dan Udara Dingin | Aktivitas Broker Dan Agen Penjualan Gas Alam | Pengumpulan Air Limbah | Pengolahan Dan Pembuangan Air Limbah | Pengumpulan Limbah Atau Sampah Tidak Berbahaya | Pengumpulan Limbah Berbahaya Selain Limbah Radiokatif | Pengumpulan Limbah Radioaktif | Pengolahan Sampah Tidak Berbahaya Untuk Menghasilkan Energi | Pengolahan Dan Pembuangan Limbah Atau Sampah Tidak Berbahaya Lainnya | Pengolahan Dan Pembuangan Limbah Atau Sampah Berbahaya Selain Limbah Radioaktif | Pengolahan Dan Pembuangan Limbah Radioaktif | Pemulihan Material Barang Logam | Pemulihan Material Barang Plastik | Pemulihan Material Lainnya | Aktivitas Penyimpanan Karbon | Aktivitas Remediasi Dan Pengelolaan Limbah Atau Sampah Lainnya | Konstruksi Konvensional Gedung Industri | Konstruksi Konvensional Gedung Penginapan | Konstruksi Konvensional Gedung Hiburan Dan Olahraga | Konstruksi Prapabrikasi Bangunan Gedung | Konstruksi Bangunan Sipil Sistem Pengolahan Limbah | Konstruksi Proyek Utilitas Lainnya | Konstruksi Bangunan Pelabuhan Bukan Perikanan | Konstruksi Bangunan Pelabuhan Perikanan | Konstruksi Reservoir Pembangkit Listrik Tenaga Air | Konstruksi Bangunan Sipil Pelindung Pantai | Konstruksi Bangunan Sipil Prasarana Perairan Dan Sejenis Lainnya | Konstruksi Bangunan Sipil Minyak Dan Gas Bumi | Konstruksi Bangunan Sipil Pertambangan | Konstruksi Bangunan Sipil Panas Bumi | Konstruksi Bangunan Sipil Fasilitas Pengolahan | Konstruksi Bangunan Sipil Fasilitas Militer Dan Bandar Antariksa | Konstruksi Bangunan Sipil Fasilitas Sumber Radiasi Pengion | Konstruksi Bangunan Sipil Reaktor Nuklir | Konstruksi Bangunan Sipil Lainnya Ytdl | Pemasangan Sistem Navigasi Laut, Sungai, Dan Udara | Pemasangan Sistem Pemanas Dan Geotermal | Pemasangan Jaringan Penyaluran Gas | Pemasangan Konstruksi Lainnya Ytdl | Konstruksi Khusus Lainnya Ytdl | Perdagangan Besar Atas Dasar Balas Jasa (Fee) Atau Kontrak | Perdagangan Besar Padi Dan Palawija | Perdagangan Besar Buah Yang Mengandung Minyak | Perdagangan Besar Bunga Dan Tanaman Hias | Perdagangan Besar Tembakau Rajangan | Perdagangan Besar Binatang Hidup | Perdagangan Besar Ikan Dan Biota Air Hidup Lainnya | Perdagangan Besar Hasil Kehutanan Dan Perburuan | Perdagangan Besar Kulit | Perdagangan Besar Hasil Pertanian Dan Hewan Hidup Lainnya | Perdagangan Besar Beras | Perdagangan Besar Buah-Buahan | Perdagangan Besar Sayuran | Perdagangan Besar Kopi, Teh, Dan Kakao | Perdagangan Besar Minyak Dan Lemak Nabati | Perdagangan Besar Bahan Makanan Dan Minuman Hasil Pertanian Lainnya | Perdagangan Besar Daging Sapi Dan Daging Sapi Olahan | Perdagangan Besar Daging Ayam Dan Daging Ayam Olahan | Perdagangan Besar Daging Dan Daging Olahan Lainnya | Perdagangan Besar Hasil Perikanan Dan Olahan Terkait | Perdagangan Besar Telur Dan Hasil Olahan Telur | Perdagangan Besar Susu Dan Produk Susu | Perdagangan Besar Minyak Dan Lemak Hewani | Perdagangan Besar Bahan Makanan Dan Minuman Hasil Peternakan Dan Perikanan Lainnya | Perdagangan Besar Gula, Cokelat, Dan Kembang Gula | Perdagangan Besar Produk Bakeri | Perdagangan Besar Minuman Beralkohol | Perdagangan Besar Minuman Nonalkohol Bukan Susu | Perdagangan Besar Rokok Dan Tembakau | Perdagangan Besar Makanan Dan Minuman Lainnya | Perdagangan Besar Tekstil | Perdagangan Besar Pakaian | Perdagangan Besar Alas Kaki | Perdagangan Besar Barang Jadi Tekstil | Perdagangan Besar Perlengkapan Jahit | Perdagangan Besar Furnitur, Karpet, Perlengkapan Pencahayaan Untuk Rumah Tangga, Perkantoran, Dan Pertokoan | Perdagangan Besar Alat Fotografi Dan Barang Optik | Perdagangan Besar Sediaan Farmasi Untuk Manusia | Perdagangan Besar Sediaan Farmasi Untuk Hewan | Perdagangan Besar Alat Transportasi Laut, Suku Cadang, Dan Perlengkapannya | Perdagangan Besar Alat Transportasi Udara, Suku Cadang Dan Perlengkapannya | Perdagangan Besar Mobil Baru | Perdagangan Besar Mobil Bekas | Perdagangan Besar Bahan Bakar Padat, Cair, Dan Gas Beserta Produk Terkait | Perdagangan Besar Bijih Dan Konsentrat Logam | Perdagangan Besar Produk Logam Setengah Jadi | Perdagangan Besar Semen, Kapur, Pasir, Dan Batu | Perdagangan Besar Mineral Bukan Logam | Perdagangan Besar Mineral Radioaktif | Perdagangan Besar Zat Radioaktif Dan Pembangkit Radiasi 
 Pengion | Perdagangan Besar Bahan Dan Barang Kimia | Perdagangan Besar Pupuk Dan Produk Agrokimia | Perdagangan Besar Bahan Berbahaya (B2) | Perdagangan Besar Barang Bekas Dan Skrap | Perdagangan Eceran Minuman Beralkohol | Perdagangan Eceran Bahan Bakar Selain Di Sarana Pengisian 
 Bahan Bakar | Perdagangan Eceran Bahan Konstruksi Dan Saniter Bekas | Perdagangan Eceran Hewan Ternak Dan Bibit Hewan | Perdagangan Eceran Minyak Tanah | Perdagangan Eceran Bahan Kimia | Perdagangan Eceran Bahan Kimia, Aromatik/Penyegar (Minyak Asiri), Dan Bahan Bakar Selain Bahan Bakar Untuk Kendaraan Bermotor Lainnya | Perdagangan Eceran Berbagai Macam Mesin Dan Perlengkapannya | Perdagangan Eceran Alat Transportasi Air Dan Perlengkapannya | Perdagangan Eceran Alat-Alat Pertanian | Perdagangan Eceran Perlengkapan Pengendara Kendaraan Bermotor | Perdagangan Eceran Mobil Baru | Perdagangan Eceran Mobil Bekas | Perdagangan Eceran Suku Cadang Dan Aksesori Mobil | Perdagangan Eceran Sepeda Motor Baru | Perdagangan Eceran Sepeda Motor Bekas | Perdagangan Eceran Suku Cadang Sepeda Motor Dan Aksesorinya | Angkutan Kereta Wisata Antarkota | Transportasi Kereta Api Antarkota Lainnya Untuk Penumpang | Transportasi Kereta Api Untuk Barang | Angkutan Kereta Wisata Dalam Kota | Angkutan Kereta Api Perkotaan | Angkutan Perkotaan | Angkutan Perdesaan | Angkutan Bermotor Untuk Barang Umum | Angkutan Bermotor Untuk Barang Khusus | Angkutan Kereta Api Lainnya | Angkutan Pariwisata | Angkutan Khusus | Transportasi Melalui Saluran Pipa | Angkutan Laut Dalam Negeri Liner Dan Tramper Untuk Penumpang | Angkutan Laut Dalam Negeri Perintis Untuk Penumpang | Angkutan Laut Dalam Negeri Untuk Wisata | Angkutan Laut Luar Negeri Liner Dan Tramper Untuk Penumpang | Angkutan Laut Luar Negeri Untuk Wisata | Angkutan Laut Dalam Negeri Untuk Barang Umum | Angkutan Laut Dalam Negeri Untuk Barang Khusus | Angkutan Laut Dalam Negeri Perintis Untuk Barang | Angkutan Laut Dalam Negeri Pelayaran Rakyat Untuk Barang | Angkutan Laut Luar Negeri Untuk Barang Umum | Angkutan Laut Luar Negeri Untuk Barang Khusus | Aktivitas Pelayanan Kepelabuhanan Sungai Dan Danau | Aktivitas Pelayanan Kepelabuhanan Penyeberangan | Aktivitas Pelabuhan Perikanan | Aktivitas Pengelolaan Kapal | Aktivitas Penyelamatan Kapal Dan Muatannya | Angkutan Perairan Pelabuhan | Aktivitas Jasa Terkait Transportasi Perairan Lainnya | Aktivitas Kebandarudaraan | Jasa Pelayanan Navigasi Penerbangan | Pelayanan Penumpang, Bagasi, Kargo, Pos, Dan Teknis 
 Penanganan Udara Di Darat | Aktivitas Pemeriksaan Dan Pengendalian Keamanan Muatan 
 Penerbangan | Aktivitas Jasa Terkait Angkutan Udara Lainnya | Penanganan Kargo (Bongkar Muat Barang) | Angkutan Multimoda | Aktivitas Tally Mandiri | Aktivitas Penunjang Angkutan Lainnya Ytdl | Jasa Pengurusan Transportasi (Jpt) | Jasa Keagenan Kapal/Agen Perkapalan | Aktivitas Perwakilan Operasional Transportasi Udara Khusus Kargo | Jasa Intermediasi Transportasi Lainnya Untuk Barang | Agen Penjualan Tiket Transportasi | Agen Pengurus Persetujuan Terbang | Aktivitas Perwakilan Operasional Transportasi Udara Untuk Penumpang | Jasa Intermediasi Transportasi Lainnya Untuk Penumpang | Aktivitas Penyediaan Makanan Di Bangunan Tetap | Aktivitas Bar | Aktivitas Kelab Malam Atau Diskotek Yang Utamanya Menyediakan Minuman | Aktivitas Rumah Minum/Kafe | Aktivitas Kedai Minuman | Aktivitas Rumah/Kedai Obat Bahan Alam | Penerbitan Surat Kabar | Penerbitan Jurnal Dan Terbitan Berkala | Aktivitas Penerbitan Lainnya | Penerbitan Perangkat Lunak Video Gim Dalam Jaringan (Game Online) | Penerbitan Perangkat Lunak Video Gim Lainnya | Penerbitan Perangkat Lunak (Software) Lainnya | Aktivitas Produksi Film, Video, Dan Program Televisi Oleh Pemerintah | Aktivitas Produksi Film, Video, Dan Program Televisi Oleh Swasta | Aktivitas Pascaproduksi Film, Video, Dan Program Televisi Oleh Pemerintah | Aktivitas Pascaproduksi Film, Video, Dan Program Televisi Oleh Swasta | Aktivitas Distribusi Film, Video, Dan Program Televisi Oleh Pemerintah | Aktivitas Distribusi Film, Video. Dan Program Televisi Oleh Swasta | Aktivitas Pemutaran Film | Aktivitas Perekaman Suara | Aktivitas Penerbitan Musik Dan Buku Musik | Aktivitas Penyiaran Radio Digital | Aktivitas Distribusi Dan Streaming Audio Atas Permintaan | Aktivitas Penyiaran Dan Pemrograman Televisi Analog | Aktivitas Pemrograman Dan Penyiaran Televisi Digital | Aktivitas Distribusi Dan Streaming Video Atas Permintaan | Aktivitas Kantor Berita Oleh Pemerintah | Aktivitas Kantor Berita Oleh Swasta | Aktivitas Situs Jejaring Sosial Dan Distribusi Konten Lainnya | Aktivitas Telekomunikasi Dengan Kabel | Aktivitas Telekomunikasi Dengan Nirkabel | Aktivitas Jasa Akses Internet (Internet Service Provider | Aktivitas Jasa Sistem Komunikasi Data | Aktivitias Jasa Televisi Protokol Internet (Iptv) | Aktivitas Jasa Gerbang Akses Internet (Network Access Point) | Aktivitas Jasa Teleponi Dasar | Aktivitas Penjualan Kembali Jasa Telekomunikasi | Aktivitas Penjualan Kembali Dan Jasa Intermediasi Untuk Telekomunikasi Lainnya | Aktivitas Jasa Panggilan Premium (Premium Call) | Aktivitas Jasa Konten Sms Premium | Aktivitas Jasa Internet Teleponi Untuk Keperluan Publik (Itkp) | Aktivitas Jasa Panggilan Terkelola (Calling Card) | Aktivitas Jasa Telekomunikasi Khusus Berbasis Satelit | Aktivitas Telekomunikasi Lainnya Ytdl | Pengembangan Video Gim, Perangkat Lunak Video Gim, Dan Perangkat Lunak Pendukungnya | Aktivitas Pengembangan Aplikasi Perdagangan Melalui Internet (E-Commerce) | Aktivitas Pengembangan Aplikasi Dan Produksi Konten Berbasis Media Imersif | Aktivitas Pengembangan Aplikasi Berbasis Teknologi 
 Blockchain | Aktivitas Penyediaan Dan Pengelolaan Identitas Digital | Aktivitas Pengembangan Komponen Dasar Kecerdasan Buatan | Aktivitas Pemrograman Komputer Lainnya Ytdl | Aktivitas Konsultansi Dan Manajemen Keamanan Siber | Aktivitas Penyediaan Dan Pengelolaan Identitas Digital | Aktivitas Penyediaan Sertifik"
