{
"type": "FeatureCollection",
"name": "polaruangwunut",
"crs": { "type": "name", "properties": { "name": "urn:ogc:def:crs:OGC:1.3:CRS84" } },
"features": [
{ "type": "Feature", "properties": { "OBJECTID": 1, "ZONA": "Pertanian", "SUB_ZONA": "Tanaman Pangan", "KODE": "P-1", "KEPADATAN": 0.0, "JUML_RUMH": 0.0, "LUAS_BID": 3299.3037235500001, "Shape_Leng": 247.77901658799999, "Shape_Area": 1164.79930528 }, "geometry": { "type": "MultiPolygon", "coordinates": [ [ [ [ 110.642519519599375, -7.591571599105588, 0.0 ], [ 110.642504194289501, -7.591633125234494, 0.0 ], [ 110.642482083449039, -7.591632093040724, 0.0 ], [ 110.642429744347197, -7.591636806139644, 0.0 ], [ 110.642278863202591, -7.591661153836568, 0.0 ], [ 110.642063723556646, -7.591697933243893, 0.0 ], [ 110.641989072993994, -7.591710695646381, 0.0 ], [ 110.641956472694162, -7.591717032341356, 0.0 ], [ 110.641930347854824, -7.591724507776809, 0.0 ], [ 110.641905911907884, -7.591736379837975, 0.0 ], [ 110.641883902177298, -7.591752288214905, 0.0 ], [ 110.641864981746679, -7.591771755848979, 0.0 ], [ 110.641850848772776, -7.591789081821164, 0.0 ], [ 110.641732390429226, -7.591908618005148, 0.0 ], [ 110.641722577176793, -7.591917170630235, 0.0 ], [ 110.641711620205044, -7.591924206277032, 0.0 ], [ 110.641699753529338, -7.591929574077596, 0.0 ], [ 110.641687230171215, -7.591933161171002, 0.0 ], [ 110.641674316721307, -7.591934889985194, 0.0 ], [ 110.641661287894763, -7.591934724564443, 0.0 ], [ 110.641732594676213, -7.591798794266606, 0.0 ], [ 110.641774881361769, -7.591712669293224, 0.0 ], [ 110.641773017668541, -7.59164565556239, 0.0 ], [ 110.641828167052026, -7.591552264032998, 0.0 ], [ 110.642108815606178, -7.59165167612168, 0.0 ], [ 110.642145890341766, -7.591515242665893, 0.0 ], [ 110.642172239499999, -7.591529189993403, 0.0 ], [ 110.642413969951775, -7.591586828219214, 0.0 ], [ 110.642519519599375, -7.591571599105588, 0.0 ] ] ] ] } },
{ "type": "Feature", "properties": { "OBJECTID": 2, "ZONA": "Perikanan", "SUB_ZONA": "Perikanan Budidaya", "KODE": "IK-2", "KEPADATAN": 0.0, "JUML_RUMH": 0.0, "LUAS_BID": 15517.928054600001, "Shape_Leng": 1367.7087456500001, "Shape_Area": 15517.9180392 }, "geometry": { "type": "MultiPolygon", "coordinates": [ [ [ [ 110.651065963915897, -7.593888603229664, 0.0 ], [ 110.651119437769992, -7.593896855017466, 0.0 ], [ 110.651133592709158, -7.593898028737464, 0.0 ], [ 110.651147772825851, -7.59389720973941, 0.0 ], [ 110.651204067694323, -7.593889960589078, 0.0 ], [ 110.651281349717834, -7.593880009178268, 0.0 ], [ 110.651359010456275, -7.593879333379238, 0.0 ], [ 110.651436844348808, -7.593878655896092, 0.0 ], [ 110.651482834301305, -7.59387825588527, 0.0 ], [ 110.651517829187284, -7.593878283952473, 0.0 ], [ 110.651586429208848, -7.593878338964074, 0.0 ], [ 110.65169292691084, -7.593878424345053, 0.0 ], [ 110.651706726511023, -7.593878435406512, 0.0 ], [ 110.651720315420732, -7.593881157254423, 0.0 ], [ 110.651737286146854, -7.593884559325248, 0.0 ], [ 110.651566523151629, -7.594422937448018, 0.0 ], [ 110.651354507897139, -7.594409867493364, 0.0 ], [ 110.651318598127432, -7.59440549499695, 0.0 ], [ 110.651255574965518, -7.594397820814187, 0.0 ], [ 110.651105700716258, -7.594349834079978, 0.0 ], [ 110.651012783990339, -7.594313861233333, 0.0 ], [ 110.650886907559055, -7.594250935051361, 0.0 ], [ 110.650809005849609, -7.594185056929005, 0.0 ], [ 110.650764946309906, -7.594151296037835, 0.0 ], [ 110.650719113741204, -7.59411617688262, 0.0 ], [ 110.65065035075402, -7.594079895023241, 0.0 ], [ 110.650611223194417, -7.594059249627269, 0.0 ], [ 110.650573341620358, -7.59404487742377, 0.0 ], [ 110.650524300125326, -7.59402627105853, 0.0 ], [ 110.650486164866635, -7.593990400052607, 0.0 ], [ 110.650473368568015, -7.593978362777945, 0.0 ], [ 110.650423667572028, -7.593954699401275, 0.0 ], [ 110.650422729646579, -7.593954252700405, 0.0 ], [ 110.650410429681642, -7.593948396656883, 0.0 ], [ 110.650342966033975, -7.593928704455224, 0.0 ], [ 110.65034107812177, -7.593928152965734, 0.0 ], [ 110.650339899875689, -7.593927809190739, 0.0 ], [ 110.650372004564744, -7.593922344367552, 0.0 ], [ 110.650383120613711, -7.593921409859536, 0.0 ], [ 110.650446846987208, -7.593921461129933, 0.0 ], [ 110.65046178250897, -7.59392034244935, 0.0 ], [ 110.650476377158327, -7.593916988335284, 0.0 ], [ 110.650554083159605, -7.593892826815268, 0.0 ], [ 110.650578468283612, -7.593885401022003, 0.0 ], [ 110.650631017083214, -7.593869395541736, 0.0 ], [ 110.650642439020572, -7.593866867444595, 0.0 ], [ 110.650654115153756, -7.593866138714159, 0.0 ], [ 110.650665763527115, -7.593867229928535, 0.0 ], [ 110.650686731977856, -7.593870855061178, 0.0 ], [ 110.650703771053429, -7.593873801330521, 0.0 ], [ 110.650762561272145, -7.593892878643603, 0.0 ], [ 110.650770708731912, -7.593894835415505, 0.0 ], [ 110.650779061206009, -7.593895505168301, 0.0 ], [ 110.650787417454211, -7.59389486874453, 0.0 ], [ 110.650836162771171, -7.593887309643683, 0.0 ], [ 110.650874924825715, -7.593874452670254, 0.0 ], [ 110.650905261804539, -7.593864389431213, 0.0 ], [ 110.650921514992348, -7.593862723632101, 0.0 ], [ 110.650948572508057, -7.593859953907329, 0.0 ], [ 110.65096087204941, -7.593859600155758, 0.0 ], [ 110.650973091263708, -7.593861051833928, 0.0 ], [ 110.651010264247745, -7.593868262060322, 0.0 ], [ 110.651020208946036, -7.59387079466438, 0.0 ], [ 110.651029792830244, -7.593874456769423, 0.0 ], [ 110.651052101441536, -7.593884496265886, 0.0 ], [ 110.651058893145077, -7.593887017291452, 0.0 ], [ 110.651065963915897, -7.593888603229664, 0.0 ] ] ], [ [ [ 110.646069116288061, -7.593859777911373, 0.0 ], [ 110.646232895700919, -7.593959501991625, 0.0 ], [ 110.646250260848745, -7.593968301176953, 0.0 ], [ 110.646264788744332, -7.593975662521506, 0.0 ], [ 110.64634595441656, -7.594009116656084, 0.0 ], [ 110.64642761672539, -7.594042778323466, 0.0 ], [ 110.646677217051817, -7.594130625598643, 0.0 ], [ 110.646790233133927, -7.594170401261097, 0.0 ], [ 110.646926000914235, -7.594218182613264, 0.0 ], [ 110.647090321876433, -7.594270136315384, 0.0 ], [ 110.647254329293162, -7.594321990201299, 0.0 ], [ 110.647264784458031, -7.594324412044776, 0.0 ], [ 110.647314207461179, -7.594345277759039, 0.0 ], [ 110.647401033037653, -7.594381936616322, 0.0 ], [ 110.647422473903873, -7.594390989626023, 0.0 ], [ 110.647517969003871, -7.594260650927295, 0.0 ], [ 110.647585086265678, -7.594169044893897, 0.0 ], [ 110.647604474209871, -7.594180901257728, 0.0 ], [ 110.647732388281042, -7.59425911882762, 0.0 ], [ 110.647909305197899, -7.594333201547424, 0.0 ], [ 110.647917596736875, -7.594337455157315, 0.0 ], [ 110.64792513211799, -7.59434293201872, 0.0 ], [ 110.647931731041012, -7.594349503538639, 0.0 ], [ 110.647937234078512, -7.594357014004286, 0.0 ], [ 110.647960068392948, -7.594393844321387, 0.0 ], [ 110.647963243274134, -7.594398157103647, 0.0 ], [ 110.647967062265835, -7.59440191139207, 0.0 ], [ 110.647971429346612, -7.594405016653259, 0.0 ], [ 110.647976234890763, -7.5944073895792, 0.0 ], [ 110.647981356558716, -7.594408973988276, 0.0 ], [ 110.647986665653207, -7.594409728166644, 0.0 ], [ 110.64800159046969, -7.594410648432491, 0.0 ], [ 110.648153653348402, -7.59442003877636, 0.0 ], [ 110.648203109933874, -7.594423091899741, 0.0 ], [ 110.648214420617634, -7.59442474373159, 0.0 ], [ 110.648225298276003, -7.59442824502984, 0.0 ], [ 110.648235442915194, -7.594433501477817, 0.0 ], [ 110.648283144252972, -7.594463503516604, 0.0 ], [ 110.648294910470796, -7.59447241839638, 0.0 ], [ 110.648304949964782, -7.594483233255159, 0.0 ], [ 110.648312961119032, -7.594495618590466, 0.0 ], [ 110.648318700371078, -7.594509203337263, 0.0 ], [ 110.648319957839306, -7.594514689583495, 0.0 ], [ 110.648321994905828, -7.59452357216447, 0.0 ], [ 110.648323309881349, -7.594533033981458, 0.0 ], [ 110.648323911464388, -7.594535721000111, 0.0 ], [ 110.648324942865202, -7.594538273587798, 0.0 ], [ 110.648326377847326, -7.594540625690684, 0.0 ], [ 110.648328178387558, -7.594542713054518, 0.0 ], [ 110.648330294671567, -7.594544478651915, 0.0 ], [ 110.648332671437601, -7.594545875401218, 0.0 ], [ 110.648335245254586, -7.594546868877977, 0.0 ], [ 110.648337946340405, -7.59454743098446, 0.0 ], [ 110.648366028680101, -7.594550908212867, 0.0 ], [ 110.648395122636927, -7.594554511086891, 0.0 ], [ 110.648413753773227, -7.594556172455994, 0.0 ], [ 110.64848404862758, -7.594562440016229, 0.0 ], [ 110.648562822814384, -7.594569463396443, 0.0 ], [ 110.64856904822129, -7.59457048967584, 0.0 ], [ 110.648575050780138, -7.594572428472063, 0.0 ], [ 110.648580699076163, -7.594575235355577, 0.0 ], [ 110.648585865334027, -7.59457884961779, 0.0 ], [ 110.648590435393615, -7.594583189756334, 0.0 ], [ 110.648603047915245, -7.594597099367205, 0.0 ], [ 110.648605175749324, -7.594599156239737, 0.0 ], [ 110.648607556755479, -7.594600914813491, 0.0 ], [ 110.648610149255546, -7.594602346108951, 0.0 ], [ 110.648612907034959, -7.594603425665725, 0.0 ], [ 110.648687328081763, -7.59462701787662, 0.0 ], [ 110.648703999926497, -7.594632304014879, 0.0 ], [ 110.648769189510276, -7.59466035092353, 0.0 ], [ 110.648780838301036, -7.594664295159661, 0.0 ], [ 110.648792967297538, -7.594666339311138, 0.0 ], [ 110.648805267406061, -7.594666430663811, 0.0 ], [ 110.648828472129082, -7.594664750663576, 0.0 ], [ 110.648868173556522, -7.594661875507601, 0.0 ], [ 110.648883036559866, -7.594659665929291, 0.0 ], [ 110.648846652007691, -7.59467733145185, 0.0 ], [ 110.648836918354505, -7.594680603505441, 0.0 ], [ 110.648798007316785, -7.594693684500125, 0.0 ], [ 110.648759321165599, -7.594706688785737, 0.0 ], [ 110.648545823556162, -7.594732842337179, 0.0 ], [ 110.648477183260511, -7.594739815208074, 0.0 ], [ 110.648462539045042, -7.594717100809408, 0.0 ], [ 110.648454313332735, -7.594704340816752, 0.0 ], [ 110.648435396904986, -7.594678910196588, 0.0 ], [ 110.648413251810169, -7.594656221386285, 0.0 ], [ 110.648388274791998, -7.594636679043052, 0.0 ], [ 110.648360909778944, -7.594620633588895, 0.0 ], [ 110.648345161104317, -7.594612762058897, 0.0 ], [ 110.648323784993849, -7.59460207461294, 0.0 ], [ 110.648274633747775, -7.594576906256758, 0.0 ], [ 110.648253007115855, -7.594569950803227, 0.0 ], [ 110.648185368384844, -7.59454819573746, 0.0 ], [ 110.648162007116767, -7.594542839034702, 0.0 ], [ 110.648154278687969, -7.594541751831671, 0.0 ], [ 110.648045607523841, -7.59452646003631, 0.0 ], [ 110.648025737360214, -7.594525625316646, 0.0 ], [ 110.647959761240344, -7.594522850959529, 0.0 ], [ 110.64788674775248, -7.594519782335881, 0.0 ], [ 110.647755386574275, -7.594514259376392, 0.0 ], [ 110.647738402747549, -7.594514715976044, 0.0 ], [ 110.647635190686628, -7.594517493394273, 0.0 ], [ 110.647625946882641, -7.594517043569531, 0.0 ], [ 110.647616876453441, -7.59451520810532, 0.0 ], [ 110.64757909709293, -7.594504541692819, 0.0 ], [ 110.647463761667453, -7.594462787892092, 0.0 ], [ 110.647453558393721, -7.594458297537896, 0.0 ], [ 110.647444052436853, -7.594452481670131, 0.0 ], [ 110.647421199529063, -7.59443629056824, 0.0 ], [ 110.647414108445815, -7.594440726184111, 0.0 ], [ 110.647418661710773, -7.594434511960746, 0.0 ], [ 110.647400112353168, -7.594421511101062, 0.0 ], [ 110.64738156299596, -7.594408511145167, 0.0 ], [ 110.647341208884953, -7.594380228203093, 0.0 ], [ 110.6471662885928, -7.594363577139626, 0.0 ], [ 110.647123225016827, -7.594359477996932, 0.0 ], [ 110.647054856402335, -7.594370192109215, 0.0 ], [ 110.646983176678461, -7.59438801061697, 0.0 ], [ 110.646982882894221, -7.59438808364732, 0.0 ], [ 110.646914523063373, -7.59438802810045, 0.0 ], [ 110.64685116022909, -7.594360148843484, 0.0 ], [ 110.646824607634514, -7.594348465725083, 0.0 ], [ 110.646767053003217, -7.594334058207136, 0.0 ], [ 110.646754644959771, -7.594334049024043, 0.0 ], [ 110.646684301593666, -7.594333990924147, 0.0 ], [ 110.646583553700154, -7.594341088448224, 0.0 ], [ 110.646497198298519, -7.594348199467884, 0.0 ], [ 110.646392870791189, -7.594333753843959, 0.0 ], [ 110.64630294074928, -7.59431214135968, 0.0 ], [ 110.646302803709816, -7.594312323968417, 0.0 ], [ 110.646296230377132, -7.594321053914223, 0.0 ], [ 110.646270524223539, -7.594355194447076, 0.0 ], [ 110.646234513409695, -7.594394654422642, 0.0 ], [ 110.646220107139854, -7.594412591796228, 0.0 ], [ 110.646112163881739, -7.594419685160052, 0.0 ], [ 110.646072601920352, -7.59440170292741, 0.0 ], [ 110.646070175193628, -7.594376063121952, 0.0 ], [ 110.646066199867249, -7.594334047783557, 0.0 ], [ 110.646065467356635, -7.594326306901754, 0.0 ], [ 110.646065534913319, -7.594243739091304, 0.0 ], [ 110.646043994989085, -7.594186281338385, 0.0 ], [ 110.646018829602312, -7.594161131368904, 0.0 ], [ 110.646011841544762, -7.594157086833546, 0.0 ], [ 110.645968872967188, -7.594132218146548, 0.0 ], [ 110.645950502135094, -7.59412158550022, 0.0 ], [ 110.645892956382383, -7.594096410042551, 0.0 ], [ 110.645856994613936, -7.594074840543324, 0.0 ], [ 110.645792258511122, -7.594042477942852, 0.0 ], [ 110.645763488021018, -7.594028094663309, 0.0 ], [ 110.645684380939514, -7.593970589958869, 0.0 ], [ 110.645626736037386, -7.593917094550235, 0.0 ], [ 110.645583716383896, -7.593877168547722, 0.0 ], [ 110.645385221421009, -7.593873761052656, 0.0 ], [ 110.645364246723204, -7.593873401107807, 0.0 ], [ 110.645263502781106, -7.59387690724621, 0.0 ], [ 110.645184334869569, -7.593894792613622, 0.0 ], [ 110.644956558732858, -7.593924907369218, 0.0 ], [ 110.644953803780226, -7.593904937047924, 0.0 ], [ 110.644937493381732, -7.593795145918601, 0.0 ], [ 110.644937256885626, -7.593791692131137, 0.0 ], [ 110.644937568852598, -7.593788242410058, 0.0 ], [ 110.644908521926297, -7.593753959525899, 0.0 ], [ 110.644947626115282, -7.59374856324023, 0.0 ], [ 110.644949213561304, -7.593748482222762, 0.0 ], [ 110.644950908219926, -7.593748110025893, 0.0 ], [ 110.64530962502603, -7.593698538436572, 0.0 ], [ 110.645640892678998, -7.593652758675676, 0.0 ], [ 110.645666139491794, -7.593649268682162, 0.0 ], [ 110.645678310685653, -7.593648436465311, 0.0 ], [ 110.645687353179568, -7.593647818790437, 0.0 ], [ 110.645741256047799, -7.593647862739034, 0.0 ], [ 110.645795158916371, -7.593647906680943, 0.0 ], [ 110.645834288560792, -7.593647938575454, 0.0 ], [ 110.645858651062355, -7.593705868102655, 0.0 ], [ 110.645862083277876, -7.593712519386036, 0.0 ], [ 110.645866974549094, -7.593721995882146, 0.0 ], [ 110.645871402666984, -7.593728031974518, 0.0 ], [ 110.645877713414592, -7.593736634017214, 0.0 ], [ 110.645883029675502, -7.593741907388067, 0.0 ], [ 110.645890605957675, -7.593749424090266, 0.0 ], [ 110.645896680827818, -7.593753807996135, 0.0 ], [ 110.645905337859034, -7.593760053773153, 0.0 ], [ 110.645959724067353, -7.59379317046356, 0.0 ], [ 110.646069116288061, -7.593859777911373, 0.0 ] ] ] ] } },
{ "type": "Feature", "properties": { "OBJECTID": 3, "ZONA": "Badan Air", "SUB_ZONA": "Badan Air", "KODE": "BA", "KEPADATAN": 0.0, "JUML_RUMH": 0.0, "LUAS_BID": 9553.4652412800006, "Shape_Leng": 1321.72724862, "Shape_Area": 9553.4652411900006 }, "geometry": { "type": "MultiPolygon", "coordinates": [ [ [ [ 110.648447983544372, -7.586609988657512, 0.0 ], [ 110.648446762436009, -7.586632317551592, 0.0 ], [ 110.648438041701681, -7.586791749434865, 0.0 ], [ 110.6481872317609, -7.586845009524757, 0.0 ], [ 110.648063407597235, -7.586871305203168, 0.0 ], [ 110.647988514310171, -7.586887208203449, 0.0 ], [ 110.647970054086372, -7.586897626415235, 0.0 ], [ 110.647855205972306, -7.586962440787418, 0.0 ], [ 110.647844533793631, -7.586968463728054, 0.0 ], [ 110.647719678480456, -7.586981829646459, 0.0 ], [ 110.647617619240663, -7.58699275632022, 0.0 ], [ 110.647493816503925, -7.587006009051878, 0.0 ], [ 110.64734905902526, -7.587021506147657, 0.0 ], [ 110.647312006324626, -7.587025472430894, 0.0 ], [ 110.64711255634225, -7.587027497856105, 0.0 ], [ 110.646973278592824, -7.587028911712069, 0.0 ], [ 110.646875464610545, -7.587029904200703, 0.0 ], [ 110.646818825706276, -7.58711099690845, 0.0 ], [ 110.646723630116412, -7.587082713714972, 0.0 ], [ 110.646693911292303, -7.58707562046534, 0.0 ], [ 110.64666359510295, -7.587071804840381, 0.0 ], [ 110.646582684547781, -7.58706607295595, 0.0 ], [ 110.646358417706452, -7.587063978417364, 0.0 ], [ 110.646299844153972, -7.586986358753123, 0.0 ], [ 110.646240483179923, -7.586876140947411, 0.0 ], [ 110.646165728036934, -7.586737344723993, 0.0 ], [ 110.64616343694972, -7.586733221701735, 0.0 ], [ 110.646075999094876, -7.586575875360978, 0.0 ], [ 110.646000065603474, -7.586439231901472, 0.0 ], [ 110.645998075954253, -7.586435650952976, 0.0 ], [ 110.645912142897586, -7.586441493181364, 0.0 ], [ 110.645858951379822, -7.586445109708407, 0.0 ], [ 110.645819633207935, -7.586454700361331, 0.0 ], [ 110.645749153730648, -7.58647188923084, 0.0 ], [ 110.645682931307363, -7.586488039507931, 0.0 ], [ 110.645614403993008, -7.586504751435164, 0.0 ], [ 110.645604653105991, -7.586507129709221, 0.0 ], [ 110.645535133616931, -7.586519916850416, 0.0 ], [ 110.645452178976868, -7.586535176035111, 0.0 ], [ 110.645362767882958, -7.58655162033514, 0.0 ], [ 110.645345570022343, -7.586554784922206, 0.0 ], [ 110.645303218353646, -7.586549115000166, 0.0 ], [ 110.645213079997333, -7.586537047065395, 0.0 ], [ 110.645138405536002, -7.586527051403946, 0.0 ], [ 110.645078936634292, -7.586519089821485, 0.0 ], [ 110.645057773946462, -7.586516257572539, 0.0 ], [ 110.645009474809029, -7.58649469514422, 0.0 ], [ 110.644934215957875, -7.586461097292241, 0.0 ], [ 110.64485721176078, -7.586426720084278, 0.0 ], [ 110.644789233414741, -7.586396372795805, 0.0 ], [ 110.644778188580247, -7.586390291490048, 0.0 ], [ 110.644714544640891, -7.586355250370329, 0.0 ], [ 110.644659089418766, -7.586324717003164, 0.0 ], [ 110.644591118724563, -7.586287293348652, 0.0 ], [ 110.644525827470559, -7.586251345395777, 0.0 ], [ 110.644458381449567, -7.586214210703632, 0.0 ], [ 110.644444439473901, -7.586212361248695, 0.0 ], [ 110.644372790716901, -7.58620286001092, 0.0 ], [ 110.644327741486109, -7.586196885668572, 0.0 ], [ 110.644251439066011, -7.58618676641195, 0.0 ], [ 110.644204161807451, -7.586180495349344, 0.0 ], [ 110.644162580464894, -7.586223719918714, 0.0 ], [ 110.644093734288646, -7.586295283625395, 0.0 ], [ 110.644072380480452, -7.586300001502426, 0.0 ], [ 110.643983109031723, -7.58631971922149, 0.0 ], [ 110.643921006085208, -7.586333436630952, 0.0 ], [ 110.643914982008269, -7.586332475583337, 0.0 ], [ 110.643839906750969, -7.586320494777692, 0.0 ], [ 110.64375546000953, -7.586307017384282, 0.0 ], [ 110.64370996128757, -7.586299756331029, 0.0 ], [ 110.643682755909325, -7.586250305484321, 0.0 ], [ 110.64362972105468, -7.586153903297437, 0.0 ], [ 110.643604582236108, -7.586108205333438, 0.0 ], [ 110.643590380016818, -7.585878437366495, 0.0 ], [ 110.643531112821719, -7.585894306271642, 0.0 ], [ 110.643465627204705, -7.585911839881803, 0.0 ], [ 110.643465408951002, -7.585912670989899, 0.0 ], [ 110.643381106683137, -7.585855968531952, 0.0 ], [ 110.643387029632123, -7.585850924156262, 0.0 ], [ 110.643444161338536, -7.585808241574809, 0.0 ], [ 110.643466064807555, -7.585794329366157, 0.0 ], [ 110.643489822923669, -7.585783879507866, 0.0 ], [ 110.643514891566909, -7.58577713126102, 0.0 ], [ 110.643540693142498, -7.585774242449434, 0.0 ], [ 110.643566636538139, -7.585775273193862, 0.0 ], [ 110.64364011993608, -7.585783794620353, 0.0 ], [ 110.643652900969514, -7.585786317043486, 0.0 ], [ 110.643665120126343, -7.585790827220175, 0.0 ], [ 110.643676470183166, -7.585797211829278, 0.0 ], [ 110.643686662087461, -7.585805308718531, 0.0 ], [ 110.643695441269386, -7.585814914154408, 0.0 ], [ 110.643702584012587, -7.58582578643724, 0.0 ], [ 110.643707911048551, -7.585837650435244, 0.0 ], [ 110.643711287549237, -7.585850206629972, 0.0 ], [ 110.643712627655262, -7.585863136547391, 0.0 ], [ 110.64371430788924, -7.585934253216217, 0.0 ], [ 110.643711457920034, -7.585990216669284, 0.0 ], [ 110.643712346362719, -7.58602543538232, 0.0 ], [ 110.643718562983281, -7.586060114821581, 0.0 ], [ 110.643729966114208, -7.5860934552433, 0.0 ], [ 110.643746292583231, -7.586124691177178, 0.0 ], [ 110.643755545905037, -7.586136486026054, 0.0 ], [ 110.64376663364807, -7.586146582716356, 0.0 ], [ 110.643779247819609, -7.586154700583327, 0.0 ], [ 110.643793038679178, -7.586160615915073, 0.0 ], [ 110.643804371851445, -7.58616439719512, 0.0 ], [ 110.643848975021882, -7.586175918868244, 0.0 ], [ 110.643894745525088, -7.586181182869249, 0.0 ], [ 110.643940805908542, -7.586180091691868, 0.0 ], [ 110.643986274091773, -7.586172663609599, 0.0 ], [ 110.644030278770174, -7.586159041733871, 0.0 ], [ 110.644079402578015, -7.586140025651893, 0.0 ], [ 110.644199832080048, -7.586108888956427, 0.0 ], [ 110.644224062580975, -7.586103864067463, 0.0 ], [ 110.644248666442508, -7.586101208514926, 0.0 ], [ 110.644332237157116, -7.586096273760248, 0.0 ], [ 110.644384799488989, -7.586095979338677, 0.0 ], [ 110.6444370916048, -7.58610128751044, 0.0 ], [ 110.644488517960696, -7.58611213627912, 0.0 ], [ 110.644538488501667, -7.586128403047836, 0.0 ], [ 110.644586432263196, -7.586149900107469, 0.0 ], [ 110.644639298408734, -7.586177083605323, 0.0 ], [ 110.64474997767833, -7.586233699731478, 0.0 ], [ 110.644764589656177, -7.586242098710403, 0.0 ], [ 110.644778311186911, -7.586251877314278, 0.0 ], [ 110.644852192640656, -7.586310175685933, 0.0 ], [ 110.644880213028657, -7.586329914270703, 0.0 ], [ 110.644910214985913, -7.586346495761457, 0.0 ], [ 110.645017612850566, -7.586398455202201, 0.0 ], [ 110.645069162212394, -7.586419668409276, 0.0 ], [ 110.645122895197773, -7.586434535216946, 0.0 ], [ 110.645178031449291, -7.586442840607919, 0.0 ], [ 110.645233768775853, -7.58644446271668, 0.0 ], [ 110.64528929584003, -7.586439378267304, 0.0 ], [ 110.645394206596407, -7.586423360000813, 0.0 ], [ 110.645545928589442, -7.586387158506308, 0.0 ], [ 110.645707653292703, -7.586345459976564, 0.0 ], [ 110.645837390525429, -7.586316151278694, 0.0 ], [ 110.645958071000052, -7.586300641411269, 0.0 ], [ 110.64597212482613, -7.586299864077779, 0.0 ], [ 110.645986143438975, -7.586301131012324, 0.0 ], [ 110.64599982951809, -7.58630441212255, 0.0 ], [ 110.646012893026366, -7.586309639330718, 0.0 ], [ 110.646040294088351, -7.586322986649113, 0.0 ], [ 110.646073786158652, -7.586341928175511, 0.0 ], [ 110.646104697705979, -7.586364823224311, 0.0 ], [ 110.646132563050756, -7.58639132678125, 0.0 ], [ 110.646156961885112, -7.586421038691077, 0.0 ], [ 110.64617752470555, -7.586453511802999, 0.0 ], [ 110.64623957593372, -7.586566304362301, 0.0 ], [ 110.646251511860569, -7.586587999902552, 0.0 ], [ 110.646272850535382, -7.586629546340812, 0.0 ], [ 110.646295033693633, -7.586666054181944, 0.0 ], [ 110.646322201178378, -7.586699038305912, 0.0 ], [ 110.646332211012492, -7.586708157136581, 0.0 ], [ 110.646353798737607, -7.586727824366685, 0.0 ], [ 110.64638918320523, -7.586751826592502, 0.0 ], [ 110.646437300537912, -7.586779675390096, 0.0 ], [ 110.646646304980464, -7.586880297130616, 0.0 ], [ 110.646699018772807, -7.586902270923611, 0.0 ], [ 110.646753793318794, -7.586918469887718, 0.0 ], [ 110.646809995099147, -7.586928703550761, 0.0 ], [ 110.646866972402179, -7.586932856504281, 0.0 ], [ 110.646924067117141, -7.586930878462985, 0.0 ], [ 110.647060854217145, -7.586918768030631, 0.0 ], [ 110.647364029570994, -7.586878022179615, 0.0 ], [ 110.647716079875963, -7.586825380989576, 0.0 ], [ 110.647907218762967, -7.586779674761988, 0.0 ], [ 110.648053852010548, -7.586743821951139, 0.0 ], [ 110.648205241575823, -7.586704970714144, 0.0 ], [ 110.648318456563842, -7.586658417917699, 0.0 ], [ 110.648412635984243, -7.586616317307303, 0.0 ], [ 110.648423665439651, -7.586612385070684, 0.0 ], [ 110.648435173027252, -7.586610211678061, 0.0 ], [ 110.648446879489327, -7.586609850272506, 0.0 ], [ 110.648447983544372, -7.586609988657512, 0.0 ] ] ] ] } },
{ "type": "Feature", "properties": { "OBJECTID": 4, "ZONA": "Badan Jalan", "SUB_ZONA": "Badan Jalan", "KODE": "BJ", "KEPADATAN": 0.0, "JUML_RUMH": 0.0, "LUAS_BID": 0.03933851305, "Shape_Leng": 11.531908377900001, "Shape_Area": 0.03933851335 }, "geometry": { "type": "MultiPolygon", "coordinates": [ [ [ [ 110.645817138475678, -7.589702511764401, 0.0 ], [ 110.64576807270366, -7.589684531727745, 0.0 ], [ 110.645771762259884, -7.589685752266452, 0.0 ], [ 110.645817138475678, -7.589702511764401, 0.0 ] ] ] ] } },
{ "type": "Feature", "properties": { "OBJECTID": 5, "ZONA": "Badan Jalan", "SUB_ZONA": "Badan Jalan", "KODE": "BJ", "KEPADATAN": 0.0, "JUML_RUMH": 0.0, "LUAS_BID": 0.13098390066000001, "Shape_Leng": 40.238211800499997, "Shape_Area": 0.13098390327000001 }, "geometry": { "type": "MultiPolygon", "coordinates": [ [ [ [ 110.64736928492168, -7.58872216712739, 0.0 ], [ 110.64738439531385, -7.588718719453955, 0.0 ], [ 110.647547388714017, -7.58868295157587, 0.0 ], [ 110.64736928492168, -7.58872216712739, 0.0 ] ] ] ] } },
{ "type": "Feature", "properties": { "OBJECTID": 6, "ZONA": "Badan Jalan", "SUB_ZONA": "Badan Jalan", "KODE": "BJ", "KEPADATAN": 0.0, "JUML_RUMH": 0.0, "LUAS_BID": 160.269678623, "Shape_Leng": 78.008562889299995, "Shape_Area": 160.26967863900001 }, "geometry": { "type": "MultiPolygon", "coordinates": [ [ [ [ 110.647401033037653, -7.594381936616322, 0.0 ], [ 110.647314207461179, -7.594345277759039, 0.0 ], [ 110.647332700468624, -7.594340656015474, 0.0 ], [ 110.647352445795661, -7.594332251529573, 0.0 ], [ 110.647370621587996, -7.594320858020277, 0.0 ], [ 110.647386777966105, -7.594306753725936, 0.0 ], [ 110.647545882615589, -7.594144060010938, 0.0 ], [ 110.647546446890956, -7.594143572912937, 0.0 ], [ 110.647547083609012, -7.594143186279414, 0.0 ], [ 110.647547777350965, -7.594142909143436, 0.0 ], [ 110.647548506351342, -7.594142751437462, 0.0 ], [ 110.647549251568023, -7.594142718573379, 0.0 ], [ 110.647549993058249, -7.594142808725898, 0.0 ], [ 110.647550708159571, -7.594143020067519, 0.0 ], [ 110.647551378744566, -7.594143348060766, 0.0 ], [ 110.647551984877822, -7.5941437818348, 0.0 ], [ 110.647552510250179, -7.594144310521702, 0.0 ], [ 110.647560832533685, -7.594154214924867, 0.0 ], [ 110.647561547890106, -7.594155225894259, 0.0 ], [ 110.647562086383289, -7.594156340744132, 0.0 ], [ 110.647562431718768, -7.594157530515487, 0.0 ], [ 110.647562575765534, -7.594158760828597, 0.0 ], [ 110.647562514018816, -7.594159997306677, 0.0 ], [ 110.647562248319005, -7.594161206482635, 0.0 ], [ 110.647561785039983, -7.594162353988507, 0.0 ], [ 110.647561138709506, -7.594163411794867, 0.0 ], [ 110.647401033037653, -7.594381936616322, 0.0 ] ] ] ] } },
{ "type": "Feature", "properties": { "OBJECTID": 7, "ZONA": "Badan Jalan", "SUB_ZONA": "Badan Jalan", "KODE": "BJ", "KEPADATAN": 0.0, "JUML_RUMH": 0.0, "LUAS_BID": 34.949552611000001, "Shape_Leng": 27.6954206351, "Shape_Area": 34.949552612300003 }, "geometry": { "type": "MultiPolygon", "coordinates": [ [ [ [ 110.642393491812712, -7.58933880039916, 0.0 ], [ 110.642384570723664, -7.589345099624273, 0.0 ], [ 110.642369015337138, -7.589354920255034, 0.0 ], [ 110.64235260049729, -7.58936369993907, 0.0 ], [ 110.642336130888992, -7.589370739212066, 0.0 ], [ 110.642319413027934, -7.589376510092973, 0.0 ], [ 110.642303520228864, -7.589381056883504, 0.0 ], [ 110.642317324562129, -7.58933894579153, 0.0 ], [ 110.64232304650352, -7.589336969521722, 0.0 ], [ 110.642336866245699, -7.589331063286785, 0.0 ], [ 110.642350730748348, -7.589323648289148, 0.0 ], [ 110.642364388650734, -7.589315023730014, 0.0 ], [ 110.642375848643127, -7.589306932859571, 0.0 ], [ 110.642375618483641, -7.589307905067724, 0.0 ], [ 110.642375312620658, -7.589312726098474, 0.0 ], [ 110.642375819944206, -7.589317529706998, 0.0 ], [ 110.642377128780609, -7.589322181104884, 0.0 ], [ 110.642379199351709, -7.589326547289697, 0.0 ], [ 110.642381975554812, -7.589330503386599, 0.0 ], [ 110.64238537679779, -7.589333939878014, 0.0 ], [ 110.642389307973275, -7.589336759898241, 0.0 ], [ 110.642393491812712, -7.58933880039916, 0.0 ] ] ] ] } },
{ "type": "Feature", "properties": { "OBJECTID": 8, "ZONA": "Badan Jalan", "SUB_ZONA": "Badan Jalan", "KODE": "BJ", "KEPADATAN": 0.0, "JUML_RUMH": 0.0, "LUAS_BID": 534.91666835299998, "Shape_Leng": 276.34545812200003, "Shape_Area": 534.91666830899999 }, "geometry": { "type": "MultiPolygon", "coordinates": [ [ [ [ 110.641640145663416, -7.589279292625511, 0.0 ], [ 110.641673614943258, -7.589286358559094, 0.0 ], [ 110.641789215858708, -7.589312722116518, 0.0 ], [ 110.641822020602618, -7.589319839955611, 0.0 ], [ 110.64185483228178, -7.589326246817173, 0.0 ], [ 110.641871659035559, -7.58932911636041, 0.0 ], [ 110.64190588868162, -7.589334274290151, 0.0 ], [ 110.641957671242849, -7.589341187037996, 0.0 ], [ 110.642012231556819, -7.589347988092913, 0.0 ], [ 110.642044394323136, -7.589351998237893, 0.0 ], [ 110.642096303682408, -7.589357964003932, 0.0 ], [ 110.64213066186602, -7.58936116818156, 0.0 ], [ 110.642147554430736, -7.589362292880367, 0.0 ], [ 110.642164319565936, -7.589362941677309, 0.0 ], [ 110.642180877641309, -7.589362938118483, 0.0 ], [ 110.642196964040352, -7.589362167107566, 0.0 ], [ 110.64221314436314, -7.589360731324856, 0.0 ], [ 110.642229384062134, -7.589358750143266, 0.0 ], [ 110.642245608734754, -7.589356303102477, 0.0 ], [ 110.642261735854603, -7.589353427221372, 0.0 ], [ 110.642274715292899, -7.589350735088265, 0.0 ], [ 110.642277671141613, -7.589350121517817, 0.0 ], [ 110.642293298594495, -7.589346341573183, 0.0 ], [ 110.642308479584926, -7.589341998626964, 0.0 ], [ 110.642317324562129, -7.58933894579153, 0.0 ], [ 110.642303520228864, -7.589381056883504, 0.0 ], [ 110.642302572664079, -7.58938132747064, 0.0 ], [ 110.642285635892989, -7.589385426551043, 0.0 ], [ 110.642268616189568, -7.589388956596935, 0.0 ], [ 110.642251508041383, -7.589392006250266, 0.0 ], [ 110.642234295108949, -7.58939460172969, 0.0 ], [ 110.642216952936536, -7.589396717687513, 0.0 ], [ 110.642199441704193, -7.589398271776366, 0.0 ], [ 110.642181752466186, -7.589399119259962, 0.0 ], [ 110.642163620624075, -7.589399123332578, 0.0 ], [ 110.642145644378701, -7.58939842921547, 0.0 ], [ 110.642127765544373, -7.589397238576673, 0.0 ], [ 110.642092540767322, -7.589393952275285, 0.0 ], [ 110.642067216981516, -7.589391042276559, 0.0 ], [ 110.642040073023139, -7.589387923634516, 0.0 ], [ 110.641953018175187, -7.589377069646115, 0.0 ], [ 110.641900776947708, -7.589370095914518, 0.0 ], [ 110.641865896479786, -7.589364839756134, 0.0 ], [ 110.641848293829185, -7.589361839317426, 0.0 ], [ 110.641814684517342, -7.589355274405435, 0.0 ], [ 110.641781323251351, -7.58934803580124, 0.0 ], [ 110.641733491102755, -7.589337128151479, 0.0 ], [ 110.641665822026951, -7.589321696746511, 0.0 ], [ 110.641633066978301, -7.5893147815572, 0.0 ], [ 110.641599485517162, -7.589308530532652, 0.0 ], [ 110.641564900849019, -7.589302965236288, 0.0 ], [ 110.641550132286667, -7.589300794790639, 0.0 ], [ 110.641530097329834, -7.589297852034613, 0.0 ], [ 110.641372276452188, -7.589276242303596, 0.0 ], [ 110.641319531699494, -7.589268677412899, 0.0 ], [ 110.641284245389343, -7.589263091615446, 0.0 ], [ 110.641249199981289, -7.58925670186395, 0.0 ], [ 110.641197470585666, -7.589245831645465, 0.0 ], [ 110.641111925085255, -7.589226361939142, 0.0 ], [ 110.641110347100721, -7.589225985245983, 0.0 ], [ 110.641116911995965, -7.589202305779304, 0.0 ], [ 110.641120615354723, -7.589191228933773, 0.0 ], [ 110.641205239972479, -7.589210488021254, 0.0 ], [ 110.641256197120043, -7.5892211974951, 0.0 ], [ 110.641290346994069, -7.589227422782473, 0.0 ], [ 110.641324951666846, -7.589232902183981, 0.0 ], [ 110.641377321151197, -7.589240411586395, 0.0 ], [ 110.641535203653817, -7.589262030411396, 0.0 ], [ 110.641570429569555, -7.58926720547055, 0.0 ], [ 110.641605697680504, -7.589272879876417, 0.0 ], [ 110.641640145663416, -7.589279292625511, 0.0 ] ] ] ] } },
{ "type": "Feature", "properties": { "OBJECTID": 9, "ZONA": "Badan Jalan", "SUB_ZONA": "Badan Jalan", "KODE": "BJ", "KEPADATAN": 0.0, "JUML_RUMH": 0.0, "LUAS_BID": 9.6484892090999992, "Shape_Leng": 12.8794202661, "Shape_Area": 9.6484892090700001 }, "geometry": { "type": "MultiPolygon", "coordinates": [ [ [ [ 110.641120615354723, -7.589191228933773, 0.0 ], [ 110.641116911995965, -7.589202305779304, 0.0 ], [ 110.641110347100721, -7.589225985245983, 0.0 ], [ 110.641089175279859, -7.589220931203133, 0.0 ], [ 110.64109884895484, -7.589186037812762, 0.0 ], [ 110.641120176669233, -7.589191129070544, 0.0 ], [ 110.641120615354723, -7.589191228933773, 0.0 ] ] ] ] } },
{ "type": "Feature", "properties": { "OBJECTID": 10, "ZONA": "Badan Jalan", "SUB_ZONA": "Badan Jalan", "KODE": "BJ", "KEPADATAN": 0.0, "JUML_RUMH": 0.0, "LUAS_BID": 3854.7834315700002, "Shape_Leng": 1654.1922241499999, "Shape_Area": 3854.7834315599998 }, "geometry": { "type": "MultiPolygon", "coordinates": [ [ [ [ 110.643115546060812, -7.587901675389301, 0.0 ], [ 110.64306895506391, -7.588811117444001, 0.0 ], [ 110.643084975115357, -7.588808328280562, 0.0 ], [ 110.643103119358244, -7.588806449938791, 0.0 ], [ 110.643121145901318, -7.588805487814759, 0.0 ], [ 110.643139077639461, -7.588805161514933, 0.0 ], [ 110.643157018082164, -7.588805273026569, 0.0 ], [ 110.643172884022249, -7.588805780839583, 0.0 ], [ 110.643210131179856, -7.588806972855263, 0.0 ], [ 110.643273273366333, -7.588809802555138, 0.0 ], [ 110.643364569098267, -7.588813893676122, 0.0 ], [ 110.643372348784055, -7.588814242883855, 0.0 ], [ 110.643459865669527, -7.588817679605187, 0.0 ], [ 110.643476938089591, -7.588818349407414, 0.0 ], [ 110.6435162219707, -7.588819890416475, 0.0 ], [ 110.643549697136947, -7.588820911063164, 0.0 ], [ 110.643588069339273, -7.588822081354991, 0.0 ], [ 110.643649564475268, -7.588823645081137, 0.0 ], [ 110.643677950542042, -7.588824366661824, 0.0 ], [ 110.643731806615833, -7.588825449224162, 0.0 ], [ 110.643767545979614, -7.588825799624295, 0.0 ], [ 110.643769544020316, -7.588825782265611, 0.0 ], [ 110.643803120894248, -7.588825491370053, 0.0 ], [ 110.643838757372819, -7.588824180010787, 0.0 ], [ 110.643885705078148, -7.588821453237337, 0.0 ], [ 110.643892552543321, -7.588821056318167, 0.0 ], [ 110.643964307218042, -7.588815812573256, 0.0 ], [ 110.643999752216104, -7.588812538157502, 0.0 ], [ 110.644017121439902, -7.588810563259916, 0.0 ], [ 110.644022664681245, -7.58880980706672, 0.0 ], [ 110.644034253448552, -7.588808223631379, 0.0 ], [ 110.644049359483077, -7.58880569510051, 0.0 ], [ 110.644064062515511, -7.588802666924298, 0.0 ], [ 110.644078217589339, -7.588799028628311, 0.0 ], [ 110.644091657106742, -7.588794642582906, 0.0 ], [ 110.644104299645221, -7.588789306100953, 0.0 ], [ 110.644115960294826, -7.588782988276266, 0.0 ], [ 110.644127540258552, -7.588775571349697, 0.0 ], [ 110.644146121839015, -7.588762194606483, 0.0 ], [ 110.644175548495951, -7.588741006851198, 0.0 ], [ 110.644187904079018, -7.588732951036566, 0.0 ], [ 110.644200658988424, -7.588725454563917, 0.0 ], [ 110.644214040642055, -7.588718669584728, 0.0 ], [ 110.644228183866829, -7.588712898330951, 0.0 ], [ 110.644244056777524, -7.588708232954771, 0.0 ], [ 110.644260179549761, -7.588705090150162, 0.0 ], [ 110.644271362848826, -7.58870379764363, 0.0 ], [ 110.64427640281346, -7.588703214710109, 0.0 ], [ 110.644292691360675, -7.5887024275037, 0.0 ], [ 110.644309211197722, -7.588702596601583, 0.0 ], [ 110.6443255944816, -7.588703461190696, 0.0 ], [ 110.644388879698369, -7.588708745810196, 0.0 ], [ 110.64440394409759, -7.588709441974847, 0.0 ], [ 110.644405400006249, -7.588709445879189, 0.0 ], [ 110.644419520326053, -7.588709483659001, 0.0 ], [ 110.644434788971253, -7.588708743554673, 0.0 ], [ 110.644449607767214, -7.588707146467423, 0.0 ], [ 110.644463761965298, -7.588704567392955, 0.0 ], [ 110.644477083996492, -7.58870083342411, 0.0 ], [ 110.644489759914848, -7.588695686010084, 0.0 ], [ 110.64450197643059, -7.588689171435922, 0.0 ], [ 110.644513640029118, -7.588681460586307, 0.0 ], [ 110.644524615553493, -7.588672652851924, 0.0 ], [ 110.644535444617148, -7.588662253883474, 0.0 ], [ 110.644557723655538, -7.58863822990191, 0.0 ], [ 110.644569908823385, -7.588625727139191, 0.0 ], [ 110.644583470857228, -7.588613438072227, 0.0 ], [ 110.6445977348029, -7.588601952824269, 0.0 ], [ 110.644612511255005, -7.588591195257736, 0.0 ], [ 110.644627700564953, -7.588581078453763, 0.0 ], [ 110.644642560921753, -7.588571915686996, 0.0 ], [ 110.64468651860598, -7.588546245936237, 0.0 ], [ 110.644700471941562, -7.588537660437491, 0.0 ], [ 110.644712922861544, -7.58852940387362, 0.0 ], [ 110.6447248537267, -7.588520778730122, 0.0 ], [ 110.644736129481217, -7.588511761378262, 0.0 ], [ 110.644746579728903, -7.588502310069282, 0.0 ], [ 110.644756046809746, -7.588492328791505, 0.0 ], [ 110.644765212438159, -7.58848072178, 0.0 ], [ 110.644773828679917, -7.588468034279522, 0.0 ], [ 110.644782180043663, -7.588454444720077, 0.0 ], [ 110.644806776442266, -7.588412430093022, 0.0 ], [ 110.644815035080313, -7.588399152528917, 0.0 ], [ 110.644823636240133, -7.588386059773831, 0.0 ], [ 110.644832721325514, -7.588373172748046, 0.0 ], [ 110.644842432588163, -7.588360583832432, 0.0 ], [ 110.644852932162152, -7.588348460502245, 0.0 ], [ 110.644864058300499, -7.588337268471701, 0.0 ], [ 110.644875809270985, -7.588326909142701, 0.0 ], [ 110.644888122539172, -7.588317361659377, 0.0 ], [ 110.644901018943742, -7.588308640511562, 0.0 ], [ 110.64491454826306, -7.588300845241052, 0.0 ], [ 110.64492908306373, -7.588294004193247, 0.0 ], [ 110.644944127183635, -7.588288461598777, 0.0 ], [ 110.644959675994485, -7.588284334141557, 0.0 ], [ 110.644975784593825, -7.588281867905768, 0.0 ], [ 110.644994055449615, -7.588281432353969, 0.0 ], [ 110.645012135039067, -7.588283190193767, 0.0 ], [ 110.645029865878215, -7.588286831033878, 0.0 ], [ 110.645047126591223, -7.588292231755651, 0.0 ], [ 110.64506245735592, -7.588298634958657, 0.0 ], [ 110.645103954726267, -7.588319289994788, 0.0 ], [ 110.645117120244834, -7.588325098944488, 0.0 ], [ 110.64513124732477, -7.588330147042316, 0.0 ], [ 110.645145976130337, -7.588334358011807, 0.0 ], [ 110.645161249403131, -7.588337910003734, 0.0 ], [ 110.645176935588964, -7.588340931357646, 0.0 ], [ 110.645192849686012, -7.588343503332597, 0.0 ], [ 110.645226095519376, -7.588347781872688, 0.0 ], [ 110.645259764482731, -7.58835123127751, 0.0 ], [ 110.645286725920073, -7.58835357707697, 0.0 ], [ 110.645372634855676, -7.588361049132032, 0.0 ], [ 110.645396446275925, -7.588363120988869, 0.0 ], [ 110.645454697937666, -7.588368880761475, 0.0 ], [ 110.645512606955023, -7.588374606778435, 0.0 ], [ 110.645530077568566, -7.588376101779212, 0.0 ], [ 110.645561761806434, -7.588378815947878, 0.0 ], [ 110.645595329664332, -7.588380643375396, 0.0 ], [ 110.645630055943684, -7.588381538242469, 0.0 ], [ 110.645682516617853, -7.588381742908786, 0.0 ], [ 110.645717406294381, -7.588381262976712, 0.0 ], [ 110.645769970070376, -7.588379550962008, 0.0 ], [ 110.645822556252298, -7.588377045663436, 0.0 ], [ 110.645845246411568, -7.588375633136779, 0.0 ], [ 110.645873898313994, -7.588373848264359, 0.0 ], [ 110.6459371028063, -7.58836918518737, 0.0 ], [ 110.645955667242404, -7.588367818141504, 0.0 ], [ 110.645988646270553, -7.58836580340919, 0.0 ], [ 110.646005375345453, -7.588365065342576, 0.0 ], [ 110.646037996983964, -7.588364417099929, 0.0 ], [ 110.646054550429454, -7.588364493893581, 0.0 ], [ 110.646087199655426, -7.588365585131219, 0.0 ], [ 110.646103790278232, -7.588366760084444, 0.0 ], [ 110.646120357777647, -7.588368497652175, 0.0 ], [ 110.646136976345431, -7.588370975187785, 0.0 ], [ 110.646153625002526, -7.588374350067001, 0.0 ], [ 110.64617000563716, -7.588378449276997, 0.0 ], [ 110.646186143756125, -7.588383121777683, 0.0 ], [ 110.646202088389728, -7.588388273535128, 0.0 ], [ 110.646217872220205, -7.588393847588917, 0.0 ], [ 110.646233528808182, -7.588399821352464, 0.0 ], [ 110.646279008457327, -7.588418555528214, 0.0 ], [ 110.646293698020017, -7.588424215526552, 0.0 ], [ 110.646308231336221, -7.588429158988828, 0.0 ], [ 110.646323853931364, -7.588433468338165, 0.0 ], [ 110.646339601537008, -7.588436781872261, 0.0 ], [ 110.646355362680609, -7.588439059699949, 0.0 ], [ 110.646371007822992, -7.588440183219022, 0.0 ], [ 110.646385801824508, -7.588440068612465, 0.0 ], [ 110.646400556818037, -7.58843887664725, 0.0 ], [ 110.646415079652584, -7.588436676817127, 0.0 ], [ 110.646429106511135, -7.588433484285051, 0.0 ], [ 110.646442336456289, -7.58842925538767, 0.0 ], [ 110.646454505768503, -7.588423885886685, 0.0 ], [ 110.646465923910299, -7.588416970792585, 0.0 ], [ 110.646476507372384, -7.588408641198179, 0.0 ], [ 110.646486101878196, -7.58839909778959, 0.0 ], [ 110.646494477042822, -7.588388490535913, 0.0 ], [ 110.646502009760212, -7.588375989361002, 0.0 ], [ 110.646508584501859, -7.588362080822227, 0.0 ], [ 110.646514400474842, -7.588347050016786, 0.0 ], [ 110.646519575264804, -7.588331221775984, 0.0 ], [ 110.646524197516626, -7.588314836783852, 0.0 ], [ 110.646528316033098, -7.58829807960954, 0.0 ], [ 110.646531946145004, -7.588281048862161, 0.0 ], [ 110.646534793540908, -7.588265578742527, 0.0 ], [ 110.646539790120727, -7.588233738806713, 0.0 ], [ 110.646549156869639, -7.588168931348418, 0.0 ], [ 110.646554841402491, -7.588136117764303, 0.0 ], [ 110.64655818456167, -7.588119677458456, 0.0 ], [ 110.646561962726395, -7.588103403039928, 0.0 ], [ 110.646566340009855, -7.588087259364396, 0.0 ], [ 110.646571540272873, -7.588071314455503, 0.0 ], [ 110.64657785167293, -7.588055719608313, 0.0 ], [ 110.646585266332892, -7.58804124007096, 0.0 ], [ 110.646593885945066, -7.588027680541864, 0.0 ], [ 110.646603773875881, -7.588015153237438, 0.0 ], [ 110.646615156591395, -7.588003866389572, 0.0 ], [ 110.646628381833665, -7.587994274367981, 0.0 ], [ 110.646644666805642, -7.587986727320299, 0.0 ], [ 110.64666191830888, -7.587982321676624, 0.0 ], [ 110.646679657005905, -7.587980782966881, 0.0 ], [ 110.646697583753252, -7.58798209195226, 0.0 ], [ 110.646713855895243, -7.587985821994306, 0.0 ], [ 110.646729385080391, -7.587991272802721, 0.0 ], [ 110.646744346731538, -7.587997880981566, 0.0 ], [ 110.646758907039967, -7.588005286652518, 0.0 ], [ 110.646773244775645, -7.588013268344519, 0.0 ], [ 110.646801088328999, -7.588029989974187, 0.0 ], [ 110.64686053118777, -7.58806685007384, 0.0 ], [ 110.64687559073964, -7.588075694390955, 0.0 ], [ 110.64689073404314, -7.588084110920458, 0.0 ], [ 110.646905977554695, -7.588091929619138, 0.0 ], [ 110.646920021862982, -7.588098447496223, 0.0 ], [ 110.646934301324322, -7.588104526854019, 0.0 ], [ 110.64696384720078, -7.588115910260241, 0.0 ], [ 110.646993818977336, -7.588126399404117, 0.0 ], [ 110.647039466984282, -7.588141014288141, 0.0 ], [ 110.647089105823312, -7.588155359230437, 0.0 ], [ 110.647139068964123, -7.588168892138842, 0.0 ], [ 110.647189107155498, -7.588181553110251, 0.0 ], [ 110.647222391209127, -7.588189008330771, 0.0 ], [ 110.64723878802512, -7.588192168584367, 0.0 ], [ 110.647271551848036, -7.58819724620522, 0.0 ], [ 110.647321503975334, -7.588203169051994, 0.0 ], [ 110.647407629630337, -7.588211715493933, 0.0 ], [ 110.64744288484043, -7.58821432296978, 0.0 ], [ 110.647460017966509, -7.588215019800741, 0.0 ], [ 110.647476855155134, -7.5882150994837, 0.0 ], [ 110.647493196235246, -7.588214346572015, 0.0 ], [ 110.647509015129089, -7.588212500532365, 0.0 ], [ 110.647523782422226, -7.588209551890126, 0.0 ], [ 110.64757093817154, -7.588197280909442, 0.0 ], [ 110.647587932258418, -7.588193937874076, 0.0 ], [ 110.647604689403707, -7.58819211791888, 0.0 ], [ 110.647621554975089, -7.588191852983234, 0.0 ], [ 110.647638448187266, -7.588193269639564, 0.0 ], [ 110.647655203854328, -7.58819660746143, 0.0 ], [ 110.647670774144089, -7.588201702779713, 0.0 ], [ 110.647685455101694, -7.588207927167776, 0.0 ], [ 110.647724499142143, -7.588226781713391, 0.0 ], [ 110.647735941073307, -7.58823182302972, 0.0 ], [ 110.647747412450613, -7.588236327967686, 0.0 ], [ 110.647758798307763, -7.58824009381356, 0.0 ], [ 110.647773519426352, -7.588243757432268, 0.0 ], [ 110.647788544273624, -7.588246262559823, 0.0 ], [ 110.647803808432613, -7.58824767336753, 0.0 ], [ 110.647819197700741, -7.588247962626161, 0.0 ], [ 110.647833706674774, -7.588247185603938, 0.0 ], [ 110.647848510071768, -7.58824554496834, 0.0 ], [ 110.647863535223877, -7.588243217953541, 0.0 ], [ 110.64787870586801, -7.588240343799452, 0.0 ], [ 110.647893858724672, -7.588237047202604, 0.0 ], [ 110.647924829956665, -7.588229197212793, 0.0 ], [ 110.647939612812891, -7.588224945103209, 0.0 ], [ 110.647955883079348, -7.588219860196364, 0.0 ], [ 110.647988657390997, -7.588208709126382, 0.0 ], [ 110.648021369703301, -7.588196876872715, 0.0 ], [ 110.64808694103742, -7.588172276260618, 0.0 ], [ 110.648133200042025, -7.588154618763606, 0.0 ], [ 110.648123091895144, -7.588197217903207, 0.0 ], [ 110.648099799162864, -7.588206108029415, 0.0 ], [ 110.648033930387243, -7.588230819662886, 0.0 ], [ 110.648000688494932, -7.588242843254632, 0.0 ], [ 110.647967154286533, -7.588254252413319, 0.0 ], [ 110.647950055227142, -7.588259595352633, 0.0 ], [ 110.647934032832609, -7.588264204663229, 0.0 ], [ 110.64790218298252, -7.588272268321991, 0.0 ], [ 110.647894256565763, -7.588273992319925, 0.0 ], [ 110.647885952958887, -7.588275799231469, 0.0 ], [ 110.647869699731984, -7.588278878747924, 0.0 ], [ 110.647853292830149, -7.588281419928284, 0.0 ], [ 110.647836683433255, -7.588283259008273, 0.0 ], [ 110.647819830028695, -7.588284164387863, 0.0 ], [ 110.64780179187612, -7.588283825042208, 0.0 ], [ 110.647783877177815, -7.588282169666334, 0.0 ], [ 110.647766131251615, -7.588279210056191, 0.0 ], [ 110.64774869104842, -7.588274869435473, 0.0 ], [ 110.647735057565171, -7.58827035912771, 0.0 ], [ 110.647721973053009, -7.588265220597628, 0.0 ], [ 110.647709273286864, -7.588259626482485, 0.0 ], [ 110.647670457604292, -7.588240881571758, 0.0 ], [ 110.647658009601187, -7.588235604253886, 0.0 ], [ 110.647645970268201, -7.588231664201086, 0.0 ], [ 110.647633365901797, -7.58822915288909, 0.0 ], [ 110.647620319799216, -7.588228061372198, 0.0 ], [ 110.647606940842806, -7.588228270337168, 0.0 ], [ 110.64759341128169, -7.588229738322071, 0.0 ], [ 110.647579028459376, -7.588232568781404, 0.0 ], [ 110.647531923485346, -7.588244824426478, 0.0 ], [ 110.647514688172919, -7.588248268574297, 0.0 ], [ 110.647496142133804, -7.588250430807101, 0.0 ], [ 110.647477607130867, -7.588251285964194, 0.0 ], [ 110.64745919437307, -7.588251197767369, 0.0 ], [ 110.647440806627557, -7.588250451977594, 0.0 ], [ 110.647404494448239, -7.588247764947975, 0.0 ], [ 110.647317569277675, -7.588239140064796, 0.0 ], [ 110.64726662910914, -7.588233098823586, 0.0 ], [ 110.647232563649979, -7.588227819334783, 0.0 ], [ 110.647214979445764, -7.588224430169376, 0.0 ], [ 110.647180678431511, -7.588216747983958, 0.0 ], [ 110.647129862582389, -7.588203889187084, 0.0 ], [ 110.64707931212503, -7.588190199312573, 0.0 ], [ 110.647028881150376, -7.588175623968705, 0.0 ], [ 110.64698227607775, -7.588160704375567, 0.0 ], [ 110.646951311011094, -7.588149866170194, 0.0 ], [ 110.646920652247331, -7.588138052195168, 0.0 ], [ 110.646905258121336, -7.588131499753415, 0.0 ], [ 110.646890035750189, -7.588124435471753, 0.0 ], [ 110.646873617847746, -7.588116014288867, 0.0 ], [ 110.646857568409288, -7.588107094994124, 0.0 ], [ 110.646841762223318, -7.588097810455641, 0.0 ], [ 110.646782167137331, -7.588060858869527, 0.0 ], [ 110.646755055713584, -7.588044574734033, 0.0 ], [ 110.646741834332659, -7.588037214473891, 0.0 ], [ 110.646728761950257, -7.588030567124743, 0.0 ], [ 110.646716009657993, -7.588024933138274, 0.0 ], [ 110.646703748533398, -7.588020630152744, 0.0 ], [ 110.646692167786313, -7.588017974012057, 0.0 ], [ 110.646679906600269, -7.588017079393777, 0.0 ], [ 110.646668024590141, -7.58801811178806, 0.0 ], [ 110.646656902603013, -7.588020950293852, 0.0 ], [ 110.646646853385207, -7.588025608733707, 0.0 ], [ 110.646638735008921, -7.588031497129718, 0.0 ], [ 110.64663089612452, -7.588039268134243, 0.0 ], [ 110.646623516477092, -7.588048616153339, 0.0 ], [ 110.646616790346741, -7.588059198518107, 0.0 ], [ 110.646610873871609, -7.588070754843246, 0.0 ], [ 110.646605634356689, -7.588083701116841, 0.0 ], [ 110.646601104801576, -7.588097591419504, 0.0 ], [ 110.646597138520491, -7.588112212156748, 0.0 ], [ 110.646593624175438, -7.588127358808433, 0.0 ], [ 110.646590483086925, -7.588142798839636, 0.0 ], [ 110.646584975256872, -7.588174594942169, 0.0 ], [ 110.646575648632933, -7.588239118403405, 0.0 ], [ 110.646570544521481, -7.58827164661964, 0.0 ], [ 110.646567520470029, -7.58828808085291, 0.0 ], [ 110.646563668312695, -7.588306152564378, 0.0 ], [ 110.646559269650652, -7.588324050156767, 0.0 ], [ 110.646554280094193, -7.588341735602609, 0.0 ], [ 110.646548576372453, -7.588359185283238, 0.0 ], [ 110.646541940968604, -7.58837633298919, 0.0 ], [ 110.646534027667599, -7.588393074415038, 0.0 ], [ 110.64652437620623, -7.588409088973623, 0.0 ], [ 110.646513240477773, -7.588423191902605, 0.0 ], [ 110.646500619278811, -7.588435746832481, 0.0 ], [ 110.646486637712471, -7.588446753864838, 0.0 ], [ 110.646471315872731, -7.588456029390969, 0.0 ], [ 110.646455237940756, -7.588463125225859, 0.0 ], [ 110.646438687360074, -7.588468415181619, 0.0 ], [ 110.646421842434208, -7.588472249466442, 0.0 ], [ 110.646404746506079, -7.588474837972577, 0.0 ], [ 110.646387407687413, -7.588476238598226, 0.0 ], [ 110.646369845077885, -7.588476375376148, 0.0 ], [ 110.646351456890997, -7.588475053337305, 0.0 ], [ 110.646333257426008, -7.588472425272055, 0.0 ], [ 110.646315272848753, -7.588468643167124, 0.0 ], [ 110.646297540292935, -7.588463749566906, 0.0 ], [ 110.646281310393121, -7.588458231235484, 0.0 ], [ 110.646265555071025, -7.588452156987494, 0.0 ], [ 110.646220133417955, -7.588433447280425, 0.0 ], [ 110.646205346840276, -7.588427806196377, 0.0 ], [ 110.646190451167172, -7.588422544936651, 0.0 ], [ 110.646175503468058, -7.588417716011974, 0.0 ], [ 110.646160539952874, -7.588413382770703, 0.0 ], [ 110.646145600428241, -7.588409644746415, 0.0 ], [ 110.646130681169524, -7.588406622242077, 0.0 ], [ 110.646115779389035, -7.588404398474556, 0.0 ], [ 110.646100611473614, -7.588402807679254, 0.0 ], [ 110.646085308067654, -7.588401725133716, 0.0 ], [ 110.646053860885644, -7.588400672865625, 0.0 ], [ 110.646038275623624, -7.588400602287384, 0.0 ], [ 110.646006536971299, -7.588401233157646, 0.0 ], [ 110.645990553102507, -7.588401937457803, 0.0 ], [ 110.645958110774671, -7.588403917349427, 0.0 ], [ 110.645876365409592, -7.588409947491614, 0.0 ], [ 110.645824550103072, -7.588413174355685, 0.0 ], [ 110.645790926855597, -7.588414776072951, 0.0 ], [ 110.645771425408697, -7.588415704543158, 0.0 ], [ 110.645718248787347, -7.588417436863296, 0.0 ], [ 110.645682695510075, -7.58841792530013, 0.0 ], [ 110.645629516849922, -7.588417718239389, 0.0 ], [ 110.64559387497647, -7.588416800011962, 0.0 ], [ 110.645559222934779, -7.588414915617983, 0.0 ], [ 110.645509268564325, -7.588410636145445, 0.0 ], [ 110.645481178826628, -7.588407858870929, 0.0 ], [ 110.645393084306335, -7.588399149430789, 0.0 ], [ 110.645256337235949, -7.588387253332723, 0.0 ], [ 110.645221924966648, -7.588383726433771, 0.0 ], [ 110.645187629461446, -7.588379314066988, 0.0 ], [ 110.64517059683665, -7.588376559363274, 0.0 ], [ 110.645164430585069, -7.58837537298115, 0.0 ], [ 110.645153694257914, -7.588373304545505, 0.0 ], [ 110.64513686021229, -7.588369388552529, 0.0 ], [ 110.645120130223361, -7.588364606079099, 0.0 ], [ 110.645103657690754, -7.588358721161305, 0.0 ], [ 110.645088520242609, -7.588352043132379, 0.0 ], [ 110.645047347281505, -7.588331548465938, 0.0 ], [ 110.645034673595177, -7.588326254608071, 0.0 ], [ 110.64502076261104, -7.588321901382645, 0.0 ], [ 110.645006708095224, -7.588319017038691, 0.0 ], [ 110.644992723945975, -7.588317657833273, 0.0 ], [ 110.644978980461417, -7.588317984916429, 0.0 ], [ 110.644967109582268, -7.588319802427415, 0.0 ], [ 110.64495509343719, -7.588322992031032, 0.0 ], [ 110.644943125245305, -7.588327401015034, 0.0 ], [ 110.644931378238013, -7.588332930019746, 0.0 ], [ 110.644920281420525, -7.588339323406093, 0.0 ], [ 110.644909442199136, -7.5883466541226, 0.0 ], [ 110.644898961318148, -7.588354778427123, 0.0 ], [ 110.644888963057909, -7.588363594206357, 0.0 ], [ 110.644879553518166, -7.588373059937391, 0.0 ], [ 110.644870542087219, -7.58838346492254, 0.0 ], [ 110.644861932541104, -7.58839462644458, 0.0 ], [ 110.644853637068167, -7.588406394275498, 0.0 ], [ 110.644845607749986, -7.588418611887983, 0.0 ], [ 110.644837842921106, -7.588431099274041, 0.0 ], [ 110.64481329554819, -7.588473028010122, 0.0 ], [ 110.644804310569484, -7.588487650055605, 0.0 ], [ 110.644794501687556, -7.588502093230272, 0.0 ], [ 110.644783513822645, -7.588516008989913, 0.0 ], [ 110.644771961697657, -7.588528188445198, 0.0 ], [ 110.644759666168966, -7.588539307153106, 0.0 ], [ 110.644746842831623, -7.588549563387486, 0.0 ], [ 110.644733603953185, -7.588559132723907, 0.0 ], [ 110.644720030117412, -7.588568135534123, 0.0 ], [ 110.644705195175206, -7.588577262142157, 0.0 ], [ 110.644661252000176, -7.58860292376551, 0.0 ], [ 110.644647304089091, -7.588611523740179, 0.0 ], [ 110.644633273976581, -7.588620869001341, 0.0 ], [ 110.644619820056818, -7.588630664297312, 0.0 ], [ 110.644607065602031, -7.588640931438222, 0.0 ], [ 110.644595122046667, -7.58865175644805, 0.0 ], [ 110.644584032910075, -7.588663133030552, 0.0 ], [ 110.64456134556491, -7.58868759719846, 0.0 ], [ 110.644548598551907, -7.588699838084809, 0.0 ], [ 110.644535064882703, -7.588710699784263, 0.0 ], [ 110.644520578580227, -7.588720278948555, 0.0 ], [ 110.644505180511104, -7.588728487869076, 0.0 ], [ 110.644488859063443, -7.588735115774687, 0.0 ], [ 110.644471939030808, -7.588739858095476, 0.0 ], [ 110.644454818171852, -7.588742976573344, 0.0 ], [ 110.644437618575409, -7.588744830416838, 0.0 ], [ 110.644420351823115, -7.58874566748378, 0.0 ], [ 110.644404045825468, -7.588745624298216, 0.0 ], [ 110.644403056785777, -7.588745622584796, 0.0 ], [ 110.64438652746459, -7.588744857380242, 0.0 ], [ 110.644373968138126, -7.588743809582448, 0.0 ], [ 110.644323124399193, -7.588739563618207, 0.0 ], [ 110.644308068238374, -7.588738769765403, 0.0 ], [ 110.644293383232537, -7.588738619355031, 0.0 ], [ 110.644279370204359, -7.588739295353535, 0.0 ], [ 110.644269756282881, -7.588740407328452, 0.0 ], [ 110.644265752598145, -7.588740869899206, 0.0 ], [ 110.644252674491227, -7.588743419997199, 0.0 ], [ 110.644240200132998, -7.588747085906327, 0.0 ], [ 110.644229143822201, -7.588751598735228, 0.0 ], [ 110.644218091148062, -7.588757201556771, 0.0 ], [ 110.644207034110707, -7.588763700789423, 0.0 ], [ 110.644196086240825, -7.588770837823073, 0.0 ], [ 110.644147958265492, -7.588805489967653, 0.0 ], [ 110.644144075299508, -7.588807977032322, 0.0 ], [ 110.644134430015768, -7.588814154491952, 0.0 ], [ 110.644120052146917, -7.588821941805657, 0.0 ], [ 110.644104380692141, -7.588828559373721, 0.0 ], [ 110.644088387656623, -7.588833778234414, 0.0 ], [ 110.644072255894869, -7.588837924177565, 0.0 ], [ 110.644056025979907, -7.58884126679407, 0.0 ], [ 110.64403971407269, -7.588843996958422, 0.0 ], [ 110.644021631894844, -7.588846467874365, 0.0 ], [ 110.644021328174745, -7.58884650109427, 0.0 ], [ 110.644003475716374, -7.588848529869654, 0.0 ], [ 110.643967303610467, -7.588851871531886, 0.0 ], [ 110.643894930628093, -7.588857160902972, 0.0 ], [ 110.643884513921947, -7.588857764755804, 0.0 ], [ 110.64384047908176, -7.588860323858471, 0.0 ], [ 110.643803946907667, -7.588861666143426, 0.0 ], [ 110.643768593187019, -7.588861974578826, 0.0 ], [ 110.643767525268814, -7.58886198365399, 0.0 ], [ 110.643731261923477, -7.588861627397029, 0.0 ], [ 110.643677123008374, -7.588860538270749, 0.0 ], [ 110.643648084239473, -7.588859800777501, 0.0 ], [ 110.643587053238235, -7.588858250999725, 0.0 ], [ 110.643548214173236, -7.588857066756596, 0.0 ], [ 110.643514955663974, -7.588856051714621, 0.0 ], [ 110.643458491484481, -7.588853834482603, 0.0 ], [ 110.643370823202446, -7.588850393113713, 0.0 ], [ 110.643363210313581, -7.588850052183747, 0.0 ], [ 110.643272180182791, -7.588845972134713, 0.0 ], [ 110.643208736123512, -7.588843127713825, 0.0 ], [ 110.643171150830526, -7.58884192456572, 0.0 ], [ 110.643156324668567, -7.58884145107452, 0.0 ], [ 110.643139296203316, -7.588841346643183, 0.0 ], [ 110.643122445083108, -7.588841652120556, 0.0 ], [ 110.643105959733504, -7.588842532290488, 0.0 ], [ 110.643089967812443, -7.588844187164659, 0.0 ], [ 110.643074519873082, -7.588846875487588, 0.0 ], [ 110.643067022942674, -7.588848830410446, 0.0 ], [ 110.643060467208699, -7.588850540066628, 0.0 ], [ 110.643046360194234, -7.588855252076271, 0.0 ], [ 110.643032197182819, -7.588860809799214, 0.0 ], [ 110.643018021834706, -7.58886703597833, 0.0 ], [ 110.643003876869372, -7.588873794965298, 0.0 ], [ 110.642989809505423, -7.588880991820556, 0.0 ], [ 110.642983468096091, -7.588884438398776, 0.0 ], [ 110.642975870557819, -7.588888567789685, 0.0 ], [ 110.642962109905923, -7.588896499395203, 0.0 ], [ 110.642947174274212, -7.588905646662995, 0.0 ], [ 110.642917324691382, -7.588925130705711, 0.0 ], [ 110.642872822553883, -7.588955668142991, 0.0 ], [ 110.64286210370031, -7.588963186147892, 0.0 ], [ 110.642769347543435, -7.589028251536849, 0.0 ], [ 110.642754789746334, -7.589038723377767, 0.0 ], [ 110.642725623352902, -7.58905970410306, 0.0 ], [ 110.642697158207696, -7.589081188335586, 0.0 ], [ 110.642683587399119, -7.589091946824674, 0.0 ], [ 110.642649220232045, -7.589120507970875, 0.0 ], [ 110.642642919947932, -7.589125742884453, 0.0 ], [ 110.64258928944848, -7.58917202653173, 0.0 ], [ 110.642482255783094, -7.589265903788299, 0.0 ], [ 110.642441648037433, -7.589300911981383, 0.0 ], [ 110.642413882633178, -7.589323594401077, 0.0 ], [ 110.642399438600904, -7.589334600915146, 0.0 ], [ 110.642393491812712, -7.58933880039916, 0.0 ], [ 110.642389307973275, -7.589336759898241, 0.0 ], [ 110.64238537679779, -7.589333939878014, 0.0 ], [ 110.642381975554812, -7.589330503386599, 0.0 ], [ 110.642379199351709, -7.589326547289697, 0.0 ], [ 110.642377128780609, -7.589322181104884, 0.0 ], [ 110.642375819944206, -7.589317529706998, 0.0 ], [ 110.642375312620658, -7.589312726098474, 0.0 ], [ 110.642375618483641, -7.589307905067724, 0.0 ], [ 110.642375848643127, -7.589306932859571, 0.0 ], [ 110.642377953965308, -7.589305446597039, 0.0 ], [ 110.642391385653781, -7.589295211741624, 0.0 ], [ 110.64241830377189, -7.589273220611629, 0.0 ], [ 110.642458430705247, -7.589238626311804, 0.0 ], [ 110.642565458923997, -7.589144755388333, 0.0 ], [ 110.642619454113486, -7.589098157258235, 0.0 ], [ 110.642649823389519, -7.589072918880283, 0.0 ], [ 110.64266070215298, -7.589063876835803, 0.0 ], [ 110.642674938801477, -7.589052590634019, 0.0 ], [ 110.64270408065039, -7.58903059588494, 0.0 ], [ 110.642748316434663, -7.588998775586915, 0.0 ], [ 110.642756242420674, -7.588993215462725, 0.0 ], [ 110.642852121616826, -7.588925958189054, 0.0 ], [ 110.642864290722457, -7.588917608279639, 0.0 ], [ 110.642897122632874, -7.588895081050518, 0.0 ], [ 110.642927759520731, -7.588875082058839, 0.0 ], [ 110.642943553175982, -7.588865410853883, 0.0 ], [ 110.6429581264794, -7.588857009547189, 0.0 ], [ 110.642972861729291, -7.588849001854747, 0.0 ], [ 110.642985293900423, -7.588842642180627, 0.0 ], [ 110.643027559728083, -7.587875208228326, 0.0 ], [ 110.643115546060812, -7.587901675389301, 0.0 ] ] ] ] } },
{ "type": "Feature", "properties": { "OBJECTID": 11, "ZONA": "Badan Jalan", "SUB_ZONA": "Badan Jalan", "KODE": "BJ", "KEPADATAN": 0.0, "JUML_RUMH": 0.0, "LUAS_BID": 495.81382635400001, "Shape_Leng": 367.57151452699998, "Shape_Area": 495.813826318 }, "geometry": { "type": "MultiPolygon", "coordinates": [ [ [ [ 110.639569755443816, -7.588707739249633, 0.0 ], [ 110.639638798981537, -7.588729314949276, 0.0 ], [ 110.63967740866029, -7.588741381153832, 0.0 ], [ 110.639795221623572, -7.58877819739334, 0.0 ], [ 110.639911376967902, -7.588814495727767, 0.0 ], [ 110.640010885236023, -7.588845591718672, 0.0 ], [ 110.640104078353147, -7.588874713242685, 0.0 ], [ 110.640223384992552, -7.588911996451795, 0.0 ], [ 110.640338599664986, -7.588947999011664, 0.0 ], [ 110.640453295947168, -7.588983841006812, 0.0 ], [ 110.64052791610662, -7.58900715973648, 0.0 ], [ 110.640551700061977, -7.589015013755994, 0.0 ], [ 110.640552127834795, -7.58901515431576, 0.0 ], [ 110.640663579738984, -7.589051954212832, 0.0 ], [ 110.640770464828904, -7.589087247842046, 0.0 ], [ 110.64087127683888, -7.589120533743214, 0.0 ], [ 110.640900676227602, -7.589130242198769, 0.0 ], [ 110.640951441030438, -7.589146583312236, 0.0 ], [ 110.640985284676248, -7.589156944903285, 0.0 ], [ 110.641002148741947, -7.589161810864781, 0.0 ], [ 110.641018746562779, -7.589166340111105, 0.0 ], [ 110.641052345096483, -7.589174934897479, 0.0 ], [ 110.64109884895484, -7.589186037812762, 0.0 ], [ 110.641089175279859, -7.589220931203133, 0.0 ], [ 110.641043624009114, -7.589210056116608, 0.0 ], [ 110.641009459907067, -7.589201317942691, 0.0 ], [ 110.6409923291571, -7.58919664262244, 0.0 ], [ 110.640974928542818, -7.589191622442982, 0.0 ], [ 110.64094055560642, -7.589181098498464, 0.0 ], [ 110.640889413779234, -7.589164634052603, 0.0 ], [ 110.640516475996506, -7.589041495350304, 0.0 ], [ 110.640359355777832, -7.588986373861179, 0.0 ], [ 110.640190527355685, -7.588927144086727, 0.0 ], [ 110.640077327412925, -7.588887429955516, 0.0 ], [ 110.639980046313539, -7.588853301943966, 0.0 ], [ 110.639851262008932, -7.58880812128573, 0.0 ], [ 110.639767430149675, -7.588778711675086, 0.0 ], [ 110.639698018131455, -7.58875435870435, 0.0 ], [ 110.639586427836349, -7.588715211130244, 0.0 ], [ 110.639527443498537, -7.58869451665816, 0.0 ], [ 110.639569755443816, -7.588707739249633, 0.0 ] ] ] ] } },
{ "type": "Feature", "properties": { "OBJECTID": 12, "ZONA": "Badan Jalan", "SUB_ZONA": "Badan Jalan", "KODE": "BJ", "KEPADATAN": 0.0, "JUML_RUMH": 0.0, "LUAS_BID": 0.84166607020999995, "Shape_Leng": 4.4145536888399999, "Shape_Area": 0.84166606979000003 }, "geometry": { "type": "MultiPolygon", "coordinates": [ [ [ [ 110.644852932162152, -7.588348460502245, 0.0 ], [ 110.644842432588163, -7.588360583832432, 0.0 ], [ 110.644843105788823, -7.588346659646276, 0.0 ], [ 110.644852932162152, -7.588348460502245, 0.0 ] ] ] ] } },
{ "type": "Feature", "properties": { "OBJECTID": 13, "ZONA": "Badan Jalan", "SUB_ZONA": "Badan Jalan", "KODE": "BJ", "KEPADATAN": 0.0, "JUML_RUMH": 0.0, "LUAS_BID": 24.198550533199999, "Shape_Leng": 21.7777845044, "Shape_Area": 24.198550534500001 }, "geometry": { "type": "MultiPolygon", "coordinates": [ [ [ [ 110.648174312144306, -7.588177668466408, 0.0 ], [ 110.648123091895144, -7.588197217903207, 0.0 ], [ 110.648133200042025, -7.588154618763606, 0.0 ], [ 110.648184420285659, -7.588135069325324, 0.0 ], [ 110.648174312144306, -7.588177668466408, 0.0 ] ] ] ] } },
{ "type": "Feature", "properties": { "OBJECTID": 14, "ZONA": "Badan Jalan", "SUB_ZONA": "Badan Jalan", "KODE": "BJ", "KEPADATAN": 0.0, "JUML_RUMH": 0.0, "LUAS_BID": 11536.4978307, "Shape_Leng": 5683.4645389699999, "Shape_Area": 11536.497533 }, "geometry": { "type": "MultiPolygon", "coordinates": [ [ [ [ 110.654323332981619, -7.588166148072585, 0.0 ], [ 110.6542381861629, -7.588212140416156, 0.0 ], [ 110.654198118233182, -7.58822971846864, 0.0 ], [ 110.65415571228435, -7.588240532190035, 0.0 ], [ 110.654112105353761, -7.588244296644243, 0.0 ], [ 110.654068468783166, -7.588240907834249, 0.0 ], [ 110.654025970130562, -7.588230458953901, 0.0 ], [ 110.653985752328779, -7.588213228612067, 0.0 ], [ 110.653948891079821, -7.588189678084985, 0.0 ], [ 110.653916377639675, -7.588160439543175, 0.0 ], [ 110.653889081663621, -7.588126298835241, 0.0 ], [ 110.653826963750845, -7.588034005387359, 0.0 ], [ 110.653752649398811, -7.587895003564841, 0.0 ], [ 110.653661883539783, -7.587757753419166, 0.0 ], [ 110.653617706032648, -7.58771103585931, 0.0 ], [ 110.653498833597368, -7.587585326244672, 0.0 ], [ 110.653498428675107, -7.587584947817249, 0.0 ], [ 110.653498608966459, -7.587585086358113, 0.0 ], [ 110.653502643354102, -7.587588150593243, 0.0 ], [ 110.653706374441313, -7.587754950351415, 0.0 ], [ 110.653740330420874, -7.587798585174931, 0.0 ], [ 110.653780468292865, -7.587870362065518, 0.0 ], [ 110.653854660794281, -7.588003034601853, 0.0 ], [ 110.65392173326191, -7.588111983073056, 0.0 ], [ 110.653943637199021, -7.58813467051095, 0.0 ], [ 110.653974080071094, -7.588166201359445, 0.0 ], [ 110.653987639826695, -7.588180246350263, 0.0 ], [ 110.654079963001777, -7.588207841854032, 0.0 ], [ 110.654150721580635, -7.588206703218432, 0.0 ], [ 110.654240694797082, -7.588173267266877, 0.0 ], [ 110.654319763984716, -7.58812291464919, 0.0 ], [ 110.65435971781676, -7.588093804297311, 0.0 ], [ 110.654362314765734, -7.58809191221924, 0.0 ], [ 110.654400649614445, -7.588055848151587, 0.0 ], [ 110.654434167946917, -7.588015287318126, 0.0 ], [ 110.654462343460182, -7.587970865205301, 0.0 ], [ 110.654484734112188, -7.587923277971814, 0.0 ], [ 110.65450099119586, -7.587873271601075, 0.0 ], [ 110.654510857534532, -7.587821631044978, 0.0 ], [ 110.65451417927909, -7.587769164855757, 0.0 ], [ 110.654510904102793, -7.587716695234395, 0.0 ], [ 110.654501970585599, -7.587645664130653, 0.0 ], [ 110.654513831287218, -7.587566791660588, 0.0 ], [ 110.654517568071455, -7.587550873521502, 0.0 ], [ 110.654523895089213, -7.587535793250794, 0.0 ], [ 110.654532636140317, -7.587521964995477, 0.0 ], [ 110.65453811745725, -7.587515841880691, 0.0 ], [ 110.654533743006652, -7.587525403191405, 0.0 ], [ 110.654530738126979, -7.587536372176197, 0.0 ], [ 110.654529539718055, -7.587547680900376, 0.0 ], [ 110.654527974244544, -7.587611144280546, 0.0 ], [ 110.654552038310868, -7.587751078464685, 0.0 ], [ 110.654546004636217, -7.587821164174889, 0.0 ], [ 110.654541183186495, -7.587855807591135, 0.0 ], [ 110.654532766024943, -7.587889759782794, 0.0 ], [ 110.6545208431953, -7.587922649048225, 0.0 ], [ 110.654492987812915, -7.587988514847522, 0.0 ], [ 110.654473392838383, -7.588027145570323, 0.0 ], [ 110.65444864116138, -7.588062708459744, 0.0 ], [ 110.654419207448413, -7.588094521856194, 0.0 ], [ 110.654385654243598, -7.58812197653443, 0.0 ], [ 110.654323332981619, -7.588166148072585, 0.0 ] ] ], [ [ [ 110.655132952346989, -7.588208061345354, 0.0 ], [ 110.655131747828008, -7.588209986191963, 0.0 ], [ 110.655110396670068, -7.588203412123902, 0.0 ], [ 110.655104081410528, -7.588201468649202, 0.0 ], [ 110.655098760388483, -7.588199829894171, 0.0 ], [ 110.65506490398522, -7.588186881441636, 0.0 ], [ 110.65493792183257, -7.588142065727205, 0.0 ], [ 110.6549196072651, -7.588131371993349, 0.0 ], [ 110.654891506547358, -7.588108164086886, 0.0 ], [ 110.65486752763249, -7.588080734264376, 0.0 ], [ 110.654848299088158, -7.588049803052797, 0.0 ], [ 110.654834324306947, -7.588016180430837, 0.0 ], [ 110.654821258761345, -7.587975774352627, 0.0 ], [ 110.654753409204076, -7.587750827715748, 0.0 ], [ 110.654722402097534, -7.587633320136757, 0.0 ], [ 110.654704831078945, -7.587566731693377, 0.0 ], [ 110.6546988778464, -7.587549629029598, 0.0 ], [ 110.654690370902443, -7.587533635134004, 0.0 ], [ 110.654679510291814, -7.587519128270141, 0.0 ], [ 110.654666553199462, -7.587506451469182, 0.0 ], [ 110.654651803985175, -7.587495904381023, 0.0 ], [ 110.654635610566643, -7.587487731512165, 0.0 ], [ 110.654627733474783, -7.58748448875136, 0.0 ], [ 110.654634777343887, -7.587485595191336, 0.0 ], [ 110.654650316811015, -7.587490776170833, 0.0 ], [ 110.654664782752491, -7.587498453779234, 0.0 ], [ 110.654677775553139, -7.587508414223863, 0.0 ], [ 110.654688936439783, -7.587520384043756, 0.0 ], [ 110.654697957451759, -7.587534031926642, 0.0 ], [ 110.654704588683046, -7.587548981378519, 0.0 ], [ 110.654773465376877, -7.587746548801654, 0.0 ], [ 110.654815741267598, -7.587893099793688, 0.0 ], [ 110.65482438756402, -7.58792307282181, 0.0 ], [ 110.654840143976415, -7.587965448447361, 0.0 ], [ 110.654862117936815, -7.588004972416243, 0.0 ], [ 110.654865769363667, -7.588009691674636, 0.0 ], [ 110.65488980522025, -7.58804074248408, 0.0 ], [ 110.654920656916673, -7.588070115320611, 0.0 ], [ 110.654922577334531, -7.588071944049769, 0.0 ], [ 110.654959686948686, -7.588097863728265, 0.0 ], [ 110.654994987520752, -7.588115296319002, 0.0 ], [ 110.655000283286114, -7.588117911976802, 0.0 ], [ 110.655043444755307, -7.588131629452864, 0.0 ], [ 110.655135440890888, -7.588153338523064, 0.0 ], [ 110.655142484330071, -7.588155000353, 0.0 ], [ 110.655153484444909, -7.588158295332441, 0.0 ], [ 110.655162805236856, -7.588159817857201, 0.0 ], [ 110.655142741132266, -7.588192242978874, 0.0 ], [ 110.655132952346989, -7.588208061345354, 0.0 ] ] ], [ [ [ 110.640205790668077, -7.585881496111144, 0.0 ], [ 110.640313867458275, -7.585883546573505, 0.0 ], [ 110.640325599264571, -7.585883204402577, 0.0 ], [ 110.640325825905194, -7.585883197353533, 0.0 ], [ 110.640341580123987, -7.585882736393272, 0.0 ], [ 110.64036908287639, -7.585879256693742, 0.0 ], [ 110.640629553243841, -7.585833454508506, 0.0 ], [ 110.640746492116165, -7.585821585643983, 0.0 ], [ 110.64082718364908, -7.585827543653904, 0.0 ], [ 110.640873158324752, -7.585834645290991, 0.0 ], [ 110.640918800318886, -7.585849380194968, 0.0 ], [ 110.640961521047359, -7.58587115826803, 0.0 ], [ 110.641000235843251, -7.585899425932283, 0.0 ], [ 110.641032943612188, -7.585932433935536, 0.0 ], [ 110.641087863139816, -7.585997491490818, 0.0 ], [ 110.64108939278367, -7.585999302769171, 0.0 ], [ 110.641091136160796, -7.586001367499513, 0.0 ], [ 110.64116601375315, -7.586094170671925, 0.0 ], [ 110.641201858853961, -7.586135114206137, 0.0 ], [ 110.641221721378713, -7.586157802377355, 0.0 ], [ 110.641237057721938, -7.586172626224418, 0.0 ], [ 110.641242812788278, -7.58617657845293, 0.0 ], [ 110.64125339515202, -7.586183846241785, 0.0 ], [ 110.641271373069387, -7.586192206501559, 0.0 ], [ 110.641291953170267, -7.586197878757726, 0.0 ], [ 110.641362948664934, -7.586211221609815, 0.0 ], [ 110.641393873228751, -7.58621478392097, 0.0 ], [ 110.641424990920257, -7.586213925824837, 0.0 ], [ 110.641595514156663, -7.586197053486609, 0.0 ], [ 110.641719572506375, -7.586184778657542, 0.0 ], [ 110.641723604219308, -7.586184379451228, 0.0 ], [ 110.641765675490461, -7.586176018921322, 0.0 ], [ 110.641830916285699, -7.586163055186938, 0.0 ], [ 110.64185805572869, -7.586156041899157, 0.0 ], [ 110.641884222236897, -7.58614600206921, 0.0 ], [ 110.641984516537079, -7.586100827895041, 0.0 ], [ 110.64209332227378, -7.586034865865035, 0.0 ], [ 110.64212002206871, -7.586021228135698, 0.0 ], [ 110.642149676934693, -7.586011179400022, 0.0 ], [ 110.642180480374932, -7.586005531367043, 0.0 ], [ 110.642211779581459, -7.586004405614641, 0.0 ], [ 110.642242910042057, -7.586007826019179, 0.0 ], [ 110.642271932099163, -7.586015385744453, 0.0 ], [ 110.642324827434948, -7.586033358447512, 0.0 ], [ 110.642327903366009, -7.586034404834455, 0.0 ], [ 110.642369934157443, -7.586048687055377, 0.0 ], [ 110.642391789063893, -7.586057409566064, 0.0 ], [ 110.642412612303957, -7.586068358244209, 0.0 ], [ 110.642503186469838, -7.58612219678908, 0.0 ], [ 110.642572282909669, -7.58616945239976, 0.0 ], [ 110.642603298539754, -7.586187906404478, 0.0 ], [ 110.64263534409551, -7.586201852946517, 0.0 ], [ 110.64266999910916, -7.586211978072103, 0.0 ], [ 110.642729315707513, -7.58622531653557, 0.0 ], [ 110.64275460850935, -7.586229305597665, 0.0 ], [ 110.642760915452328, -7.586231328842184, 0.0 ], [ 110.642796195487847, -7.586236560823601, 0.0 ], [ 110.642831859240871, -7.586235994009046, 0.0 ], [ 110.642866462504614, -7.586229733950138, 0.0 ], [ 110.642870820612629, -7.586229285250568, 0.0 ], [ 110.642916615245809, -7.586218465464389, 0.0 ], [ 110.642961725142683, -7.586201408197788, 0.0 ], [ 110.643032027347786, -7.586169480802209, 0.0 ], [ 110.643060331942792, -7.58615444860146, 0.0 ], [ 110.643085636322624, -7.586136690318779, 0.0 ], [ 110.643109380002798, -7.586115190414891, 0.0 ], [ 110.643261916280508, -7.585958834595888, 0.0 ], [ 110.643281524239939, -7.58593631818688, 0.0 ], [ 110.643298459605816, -7.585911738102014, 0.0 ], [ 110.643329006000755, -7.585861539487349, 0.0 ], [ 110.643338880771509, -7.585847426560464, 0.0 ], [ 110.643351249008532, -7.585833826751989, 0.0 ], [ 110.643364370395091, -7.585822651770773, 0.0 ], [ 110.643423529461629, -7.585778454818228, 0.0 ], [ 110.643448917673766, -7.585762331113905, 0.0 ], [ 110.64347771797209, -7.585749662895092, 0.0 ], [ 110.64350810736363, -7.585741482574647, 0.0 ], [ 110.64353938493872, -7.58573797953464, 0.0 ], [ 110.643569455669294, -7.585739174672106, 0.0 ], [ 110.643645740000949, -7.585748019509944, 0.0 ], [ 110.643662771103948, -7.585751382128988, 0.0 ], [ 110.643680410624967, -7.585757892196308, 0.0 ], [ 110.643696795082874, -7.585767108571145, 0.0 ], [ 110.643711509474457, -7.585778798442802, 0.0 ], [ 110.643724183268873, -7.58579266571814, 0.0 ], [ 110.643734494024855, -7.585808361879147, 0.0 ], [ 110.64374218461343, -7.585825487806149, 0.0 ], [ 110.643747059574679, -7.585843614579612, 0.0 ], [ 110.643748844880179, -7.585860846025676, 0.0 ], [ 110.643750590820162, -7.585934746972011, 0.0 ], [ 110.643747742693265, -7.585990680576684, 0.0 ], [ 110.643748526654718, -7.586021773524044, 0.0 ], [ 110.643753417654594, -7.586049058036, 0.0 ], [ 110.643753597232148, -7.586050059526632, 0.0 ], [ 110.643753772300073, -7.586051032972333, 0.0 ], [ 110.643763393834362, -7.586079165309472, 0.0 ], [ 110.643776901776789, -7.58610500777977, 0.0 ], [ 110.64378222936449, -7.58611179902706, 0.0 ], [ 110.643788837622736, -7.586117817023156, 0.0 ], [ 110.643796355203776, -7.586122656222735, 0.0 ], [ 110.643805970201143, -7.586126778922329, 0.0 ], [ 110.643814676940451, -7.586129684250038, 0.0 ], [ 110.643855626621274, -7.586140262192151, 0.0 ], [ 110.643896398932952, -7.586144950420755, 0.0 ], [ 110.643937429730343, -7.586143979049878, 0.0 ], [ 110.643977932123022, -7.586137362812727, 0.0 ], [ 110.643992213761464, -7.58613294217775, 0.0 ], [ 110.643992663519498, -7.586132803244241, 0.0 ], [ 110.644018335105542, -7.586124855116649, 0.0 ], [ 110.644068259638345, -7.586105530332917, 0.0 ], [ 110.64419158976942, -7.586073642517689, 0.0 ], [ 110.644218409787356, -7.58606808063183, 0.0 ], [ 110.644245643751958, -7.586065141390985, 0.0 ], [ 110.644331063890974, -7.586060096888456, 0.0 ], [ 110.644386538037296, -7.586059786756388, 0.0 ], [ 110.644442692593103, -7.58606548704428, 0.0 ], [ 110.644497918501884, -7.58607713764071, 0.0 ], [ 110.644551580390868, -7.586094605057127, 0.0 ], [ 110.644597899320502, -7.586115374428983, 0.0 ], [ 110.644602180240113, -7.586117293776814, 0.0 ], [ 110.644604567059659, -7.586118520496062, 0.0 ], [ 110.644655874611757, -7.586144902186129, 0.0 ], [ 110.644767309612106, -7.58620190607513, 0.0 ], [ 110.644784224928827, -7.586211628491086, 0.0 ], [ 110.644800109105574, -7.586222949319597, 0.0 ], [ 110.644873911741385, -7.586281183399689, 0.0 ], [ 110.644899512157593, -7.586299216728063, 0.0 ], [ 110.644926923486679, -7.586314368712945, 0.0 ], [ 110.64503244917573, -7.58636542206525, 0.0 ], [ 110.645080961741414, -7.586385385409408, 0.0 ], [ 110.645130473921029, -7.586399083703347, 0.0 ], [ 110.645181278344154, -7.586406737897089, 0.0 ], [ 110.645232636273462, -7.586408231604312, 0.0 ], [ 110.64526561778834, -7.586405212864699, 0.0 ], [ 110.645284892289084, -7.586403446608902, 0.0 ], [ 110.645387235391809, -7.586387821540684, 0.0 ], [ 110.64553717476646, -7.586352044641187, 0.0 ], [ 110.645699111631856, -7.586310292013535, 0.0 ], [ 110.645831056688735, -7.586280483991362, 0.0 ], [ 110.645954748090944, -7.586264586712401, 0.0 ], [ 110.645972760049816, -7.586263590984472, 0.0 ], [ 110.645992044366707, -7.586265332574071, 0.0 ], [ 110.646010872239529, -7.586269848065379, 0.0 ], [ 110.646027615097864, -7.586276547266958, 0.0 ], [ 110.64605720458114, -7.586290961932528, 0.0 ], [ 110.646093607114267, -7.586311547595405, 0.0 ], [ 110.646128101859631, -7.586337096812554, 0.0 ], [ 110.646159197417347, -7.586366673059906, 0.0 ], [ 110.64618642547066, -7.586399830011001, 0.0 ], [ 110.646208775496973, -7.586435126790955, 0.0 ], [ 110.646338315710437, -7.586617081425049, 0.0 ], [ 110.646354163814223, -7.586639341873382, 0.0 ], [ 110.64646922217662, -7.586727988761443, 0.0 ], [ 110.646653843385792, -7.58681190523104, 0.0 ], [ 110.646712464361215, -7.586831454183167, 0.0 ], [ 110.646804911902009, -7.58686228599396, 0.0 ], [ 110.647139345606732, -7.586871709763551, 0.0 ], [ 110.647358922279068, -7.586842199415654, 0.0 ], [ 110.64761828098959, -7.586803416923098, 0.0 ], [ 110.647709154718044, -7.586789829931891, 0.0 ], [ 110.647898677818901, -7.586744509548632, 0.0 ], [ 110.648045019995067, -7.586708730678186, 0.0 ], [ 110.648193761897318, -7.586670556623893, 0.0 ], [ 110.648304132108166, -7.586625172025684, 0.0 ], [ 110.64839910321966, -7.586582718376493, 0.0 ], [ 110.648414136211173, -7.586577361081924, 0.0 ], [ 110.648431215348239, -7.586574135671293, 0.0 ], [ 110.648448589648623, -7.586573597935863, 0.0 ], [ 110.648449964732066, -7.586573770008512, 0.0 ], [ 110.648465834841346, -7.586575760196453, 0.0 ], [ 110.648482535770682, -7.58658057327153, 0.0 ], [ 110.648494677921249, -7.586586235658381, 0.0 ], [ 110.648498284591284, -7.586587916525533, 0.0 ], [ 110.648511519211269, -7.586596822629834, 0.0 ], [ 110.648553578335751, -7.5866301605789, 0.0 ], [ 110.648643256960057, -7.586721871844768, 0.0 ], [ 110.648667808708026, -7.586751068148258, 0.0 ], [ 110.648742882818553, -7.58685528575446, 0.0 ], [ 110.648800919569126, -7.586952603202387, 0.0 ], [ 110.648819551172139, -7.58698905830596, 0.0 ], [ 110.648830816486139, -7.587020708788625, 0.0 ], [ 110.648845802082405, -7.587110694409488, 0.0 ], [ 110.648847799709799, -7.587240844514633, 0.0 ], [ 110.648850506780093, -7.58727868520281, 0.0 ], [ 110.648861135823196, -7.587361616287109, 0.0 ], [ 110.648862053782864, -7.587368777497415, 0.0 ], [ 110.648874162015915, -7.587463247393521, 0.0 ], [ 110.648881625871041, -7.587500903774226, 0.0 ], [ 110.648894140277392, -7.587537199256796, 0.0 ], [ 110.648920162586748, -7.587598710206189, 0.0 ], [ 110.648936276120338, -7.587630356459342, 0.0 ], [ 110.648955956217833, -7.587658378319603, 0.0 ], [ 110.648979392783417, -7.587683355760483, 0.0 ], [ 110.64900611844071, -7.587704795420898, 0.0 ], [ 110.649009504568085, -7.58770680174656, 0.0 ], [ 110.649035603211615, -7.587722265399046, 0.0 ], [ 110.649067259027035, -7.587735422392888, 0.0 ], [ 110.649100454239004, -7.587744002666284, 0.0 ], [ 110.649135556042737, -7.58774794952807, 0.0 ], [ 110.649176332718383, -7.587746417543805, 0.0 ], [ 110.649215163503087, -7.587738724860846, 0.0 ], [ 110.649252290327198, -7.5877250136901, 0.0 ], [ 110.649286786420845, -7.587705630634234, 0.0 ], [ 110.649317783828508, -7.587681059836154, 0.0 ], [ 110.649345482348778, -7.58765085732044, 0.0 ], [ 110.649467225040482, -7.587494933942048, 0.0 ], [ 110.64948470782015, -7.587470184894049, 0.0 ], [ 110.649499736032567, -7.587443878934208, 0.0 ], [ 110.64957002231283, -7.587305895725395, 0.0 ], [ 110.649660020337961, -7.587128787314931, 0.0 ], [ 110.649663286373126, -7.587122358548744, 0.0 ], [ 110.649670922553895, -7.587107331874514, 0.0 ], [ 110.64967814192066, -7.587078617114315, 0.0 ], [ 110.649696649844344, -7.587039456581897, 0.0 ], [ 110.649721236476083, -7.586996507234142, 0.0 ], [ 110.649753129932876, -7.586956796654465, 0.0 ], [ 110.649790840786409, -7.586922539805495, 0.0 ], [ 110.649833445503177, -7.586894569943339, 0.0 ], [ 110.649879902815826, -7.586873577309629, 0.0 ], [ 110.64989724609822, -7.586868812498817, 0.0 ], [ 110.649929071885296, -7.586860070250279, 0.0 ], [ 110.649978335128125, -7.586854542354865, 0.0 ], [ 110.650015456312588, -7.586853294994945, 0.0 ], [ 110.650058495319911, -7.58685439429061, 0.0 ], [ 110.650102167400718, -7.586860723333182, 0.0 ], [ 110.650144782860494, -7.586872160457253, 0.0 ], [ 110.65018474301155, -7.586888147170403, 0.0 ], [ 110.650222156289047, -7.58690575098805, 0.0 ], [ 110.650244019457247, -7.586917983703864, 0.0 ], [ 110.650263946599679, -7.586933153766226, 0.0 ], [ 110.650337141448901, -7.586997484083491, 0.0 ], [ 110.650557120916062, -7.587212392690989, 0.0 ], [ 110.650559480424633, -7.587216038141085, 0.0 ], [ 110.650570194189569, -7.587232588377026, 0.0 ], [ 110.650607894733952, -7.587290825983338, 0.0 ], [ 110.650627580013932, -7.587318163027327, 0.0 ], [ 110.65065075817833, -7.587344411981071, 0.0 ], [ 110.650682462239971, -7.587382076050675, 0.0 ], [ 110.650696667914019, -7.587396507903295, 0.0 ], [ 110.650708655419706, -7.587409639935077, 0.0 ], [ 110.650719752396412, -7.587424272815351, 0.0 ], [ 110.650730345550087, -7.587436392432358, 0.0 ], [ 110.650742519177996, -7.587446931248824, 0.0 ], [ 110.650756037741715, -7.587455687359359, 0.0 ], [ 110.650770640293288, -7.587462491402169, 0.0 ], [ 110.650850308942424, -7.58749308687416, 0.0 ], [ 110.650914981414161, -7.587518242049856, 0.0 ], [ 110.650940903393888, -7.587526896850784, 0.0 ], [ 110.65096754632691, -7.587532992333494, 0.0 ], [ 110.651216048659919, -7.587577241814449, 0.0 ], [ 110.651257985675329, -7.58758248931246, 0.0 ], [ 110.651280242758261, -7.587582957630087, 0.0 ], [ 110.651289824762031, -7.587583159793433, 0.0 ], [ 110.651290359613711, -7.587583171076993, 0.0 ], [ 110.651300242585435, -7.587583378908777, 0.0 ], [ 110.651336992054283, -7.587582251446696, 0.0 ], [ 110.6513697163698, -7.587581247392559, 0.0 ], [ 110.651370680871182, -7.587581323243985, 0.0 ], [ 110.651401500577492, -7.587580270623573, 0.0 ], [ 110.651497422786861, -7.587576996123063, 0.0 ], [ 110.651645232448416, -7.587571950437361, 0.0 ], [ 110.651725982304242, -7.587561330490614, 0.0 ], [ 110.651727965124962, -7.587561069757121, 0.0 ], [ 110.651732350540243, -7.587560493448348, 0.0 ], [ 110.651803370337177, -7.587551152878834, 0.0 ], [ 110.651994997330135, -7.58753989800011, 0.0 ], [ 110.651995789686566, -7.587539851597232, 0.0 ], [ 110.652000697945539, -7.587539563353185, 0.0 ], [ 110.652189239205029, -7.587522482382487, 0.0 ], [ 110.652460777828267, -7.587483211046002, 0.0 ], [ 110.652712305097481, -7.587458969955829, 0.0 ], [ 110.653135292001537, -7.587418203573445, 0.0 ], [ 110.653166454472313, -7.587417024462655, 0.0 ], [ 110.653188698514583, -7.587417925954672, 0.0 ], [ 110.653210527310222, -7.5874222852354, 0.0 ], [ 110.653231405178317, -7.587429995140063, 0.0 ], [ 110.653250818260815, -7.587440866206684, 0.0 ], [ 110.653286483458928, -7.587464688107294, 0.0 ], [ 110.653293361830592, -7.587468685400725, 0.0 ], [ 110.653279263446734, -7.587465061360278, 0.0 ], [ 110.65322878772092, -7.587458624992067, 0.0 ], [ 110.65317790170451, -7.587458514761663, 0.0 ], [ 110.652962109428955, -7.587471524717105, 0.0 ], [ 110.652113332670652, -7.587561751794742, 0.0 ], [ 110.652089531613214, -7.58756370016479, 0.0 ], [ 110.651998051683307, -7.587575731747031, 0.0 ], [ 110.651728517698061, -7.587611178120359, 0.0 ], [ 110.651651747981873, -7.587621273898852, 0.0 ], [ 110.651497682439285, -7.587633961695094, 0.0 ], [ 110.651436089584266, -7.58763903302579, 0.0 ], [ 110.651403909137798, -7.587640102648811, 0.0 ], [ 110.651371778370603, -7.58763801902458, 0.0 ], [ 110.651365295817058, -7.58763784377088, 0.0 ], [ 110.651358879446704, -7.587638787506787, 0.0 ], [ 110.651352722376501, -7.587640821441301, 0.0 ], [ 110.651347010495115, -7.587643886927317, 0.0 ], [ 110.6513419134033, -7.587647888217795, 0.0 ], [ 110.651337586214638, -7.587652707844744, 0.0 ], [ 110.651334156868273, -7.587658201181704, 0.0 ], [ 110.651331729751462, -7.587664200969397, 0.0 ], [ 110.651330377529746, -7.587670530877568, 0.0 ], [ 110.651328126489929, -7.587688655484416, 0.0 ], [ 110.651312265936809, -7.587832315316296, 0.0 ], [ 110.651306261111884, -7.587883938978994, 0.0 ], [ 110.651301685108081, -7.587917418380026, 0.0 ], [ 110.651298964753678, -7.587934071800906, 0.0 ], [ 110.651295780362233, -7.587950583738794, 0.0 ], [ 110.651291912534063, -7.587966973917996, 0.0 ], [ 110.651287068509305, -7.587983175166511, 0.0 ], [ 110.651280876773143, -7.58799897823379, 0.0 ], [ 110.651274060669991, -7.588012229045821, 0.0 ], [ 110.651265957044288, -7.588024638492024, 0.0 ], [ 110.651256440864259, -7.588036117825469, 0.0 ], [ 110.651245307426535, -7.588046448883744, 0.0 ], [ 110.651230992506839, -7.588056171337005, 0.0 ], [ 110.651215860540304, -7.588063952860362, 0.0 ], [ 110.651200444961262, -7.588070439735059, 0.0 ], [ 110.651184918451136, -7.588076213729549, 0.0 ], [ 110.651128652335672, -7.588095974763968, 0.0 ], [ 110.651100397457171, -7.58810684205193, 0.0 ], [ 110.651086550623646, -7.588112800110939, 0.0 ], [ 110.651073057873091, -7.588119224300293, 0.0 ], [ 110.651060096821041, -7.58812619798176, 0.0 ], [ 110.651046191653165, -7.588134795488934, 0.0 ], [ 110.651032468946099, -7.588144212670399, 0.0 ], [ 110.650964048389625, -7.588194803882624, 0.0 ], [ 110.650936331190309, -7.588214531723289, 0.0 ], [ 110.650907958301687, -7.588233451266588, 0.0 ], [ 110.6508780309278, -7.588250946692238, 0.0 ], [ 110.650862340617806, -7.588258602925539, 0.0 ], [ 110.650845865163404, -7.588265229142336, 0.0 ], [ 110.650829112441187, -7.588270563428973, 0.0 ], [ 110.650812143245943, -7.588274536183394, 0.0 ], [ 110.650794934187161, -7.588276924865847, 0.0 ], [ 110.650777617978051, -7.588277286350165, 0.0 ], [ 110.650762655958658, -7.58827553396665, 0.0 ], [ 110.650748273899765, -7.588271817351442, 0.0 ], [ 110.650734568908348, -7.588266004517367, 0.0 ], [ 110.650721801426982, -7.588257768224192, 0.0 ], [ 110.650709684223443, -7.588245808393405, 0.0 ], [ 110.650700123224496, -7.588231914864538, 0.0 ], [ 110.650692913929831, -7.588216741467908, 0.0 ], [ 110.650687950115213, -7.588200484407067, 0.0 ], [ 110.650685452759006, -7.588183414322032, 0.0 ], [ 110.650685483481965, -7.588167808031357, 0.0 ], [ 110.650687161970225, -7.588152614637609, 0.0 ], [ 110.650689962489267, -7.588137757735685, 0.0 ], [ 110.650701534299017, -7.588091980184073, 0.0 ], [ 110.650704004260817, -7.588078958361843, 0.0 ], [ 110.650704863769803, -7.588067592393698, 0.0 ], [ 110.650704088141552, -7.588059263517797, 0.0 ], [ 110.650702090036006, -7.588052622467148, 0.0 ], [ 110.650699301620719, -7.588047984374579, 0.0 ], [ 110.650694210447995, -7.588043512679734, 0.0 ], [ 110.650686487030853, -7.588039717287822, 0.0 ], [ 110.650676202716198, -7.588036932941955, 0.0 ], [ 110.650664891956751, -7.588035565211484, 0.0 ], [ 110.65065220505123, -7.588035335211937, 0.0 ], [ 110.650638649748871, -7.588036138422553, 0.0 ], [ 110.650624619566983, -7.588037879276425, 0.0 ], [ 110.65061043183681, -7.588040507373284, 0.0 ], [ 110.650596353984284, -7.588044028355346, 0.0 ], [ 110.650580891524058, -7.588049061547564, 0.0 ], [ 110.650565664796829, -7.588055178587464, 0.0 ], [ 110.6505508207444, -7.588062278282814, 0.0 ], [ 110.650536518925733, -7.588070351716316, 0.0 ], [ 110.650523381521324, -7.588079038469974, 0.0 ], [ 110.650510518069765, -7.588088629095436, 0.0 ], [ 110.650497890653156, -7.58809892908257, 0.0 ], [ 110.650485496691999, -7.58810976475448, 0.0 ], [ 110.650451436866874, -7.588141245796712, 0.0 ], [ 110.650439413920225, -7.588151784166289, 0.0 ], [ 110.650427189308857, -7.588161709084016, 0.0 ], [ 110.650414631480146, -7.588171148891134, 0.0 ], [ 110.650401768520197, -7.58818012441502, 0.0 ], [ 110.650388584104661, -7.588188643783521, 0.0 ], [ 110.650375038360238, -7.588196688873434, 0.0 ], [ 110.650359305687871, -7.588205156441481, 0.0 ], [ 110.650343355952742, -7.588212994262983, 0.0 ], [ 110.650327190834275, -7.58822036787316, 0.0 ], [ 110.650294771844557, -7.588233881205066, 0.0 ], [ 110.650261691975771, -7.588246279589208, 0.0 ], [ 110.650211902259116, -7.588263672154479, 0.0 ], [ 110.650179229030201, -7.588275436765078, 0.0 ], [ 110.650147166054012, -7.588288138080166, 0.0 ], [ 110.650085102368692, -7.588314807837156, 0.0 ], [ 110.650070523106152, -7.588320668485871, 0.0 ], [ 110.650055640525935, -7.588326064852477, 0.0 ], [ 110.650040331555886, -7.588330727280004, 0.0 ], [ 110.650023906456113, -7.588334481538434, 0.0 ], [ 110.650007408012513, -7.588337007349396, 0.0 ], [ 110.649990917804715, -7.588338316537793, 0.0 ], [ 110.649974438635894, -7.588338305986448, 0.0 ], [ 110.649957988831602, -7.58833673509808, 0.0 ], [ 110.649940968701344, -7.588333057037769, 0.0 ], [ 110.649924583138841, -7.588327154278582, 0.0 ], [ 110.64990925838849, -7.588318819115794, 0.0 ], [ 110.649895547378208, -7.588308131595687, 0.0 ], [ 110.649873186795446, -7.588286515494924, 0.0 ], [ 110.649862972825815, -7.588277458086882, 0.0 ], [ 110.649852678806454, -7.588269860568385, 0.0 ], [ 110.649842176653323, -7.588264045763014, 0.0 ], [ 110.649830509145445, -7.588259901639414, 0.0 ], [ 110.649817480643307, -7.588257212755488, 0.0 ], [ 110.649803281689373, -7.588255771216565, 0.0 ], [ 110.649788268680609, -7.588255422630392, 0.0 ], [ 110.649783146535299, -7.58825562836212, 0.0 ], [ 110.649772700078657, -7.588256047803589, 0.0 ], [ 110.649758388293137, -7.588257366878851, 0.0 ], [ 110.649743501230063, -7.588259338580071, 0.0 ], [ 110.649729029942137, -7.588261716761577, 0.0 ], [ 110.64971421196914, -7.58826457046005, 0.0 ], [ 110.64969941543319, -7.588267819466481, 0.0 ], [ 110.649684724647258, -7.588271458421449, 0.0 ], [ 110.64967022298778, -7.58827551905163, 0.0 ], [ 110.649654648154765, -7.588280482468598, 0.0 ], [ 110.649639297694222, -7.588286002368053, 0.0 ], [ 110.649624234166438, -7.588292067945726, 0.0 ], [ 110.649609565436961, -7.588298695570574, 0.0 ], [ 110.649595341286656, -7.588305982974874, 0.0 ], [ 110.649583260450044, -7.588312971793171, 0.0 ], [ 110.649571183682298, -7.588320533198651, 0.0 ], [ 110.649534172516624, -7.588344738247646, 0.0 ], [ 110.64952062745256, -7.588353038395424, 0.0 ], [ 110.649506692960514, -7.588360860623008, 0.0 ], [ 110.649492207836687, -7.58836800579802, 0.0 ], [ 110.649477030003368, -7.588374165352077, 0.0 ], [ 110.649460097957032, -7.588379264255765, 0.0 ], [ 110.64944289520605, -7.588382808007892, 0.0 ], [ 110.64942554491175, -7.588384955909716, 0.0 ], [ 110.649408036153289, -7.588385760416689, 0.0 ], [ 110.649390445147972, -7.588385138371052, 0.0 ], [ 110.649374526802148, -7.588383293808532, 0.0 ], [ 110.649359004417647, -7.588380575763175, 0.0 ], [ 110.649343820598702, -7.588377334252105, 0.0 ], [ 110.649298326962068, -7.588366737769931, 0.0 ], [ 110.649266466324647, -7.588360158560403, 0.0 ], [ 110.649250621340954, -7.588357281049089, 0.0 ], [ 110.649234736207177, -7.588354727336047, 0.0 ], [ 110.649218906948079, -7.588352582527025, 0.0 ], [ 110.649203143452795, -7.588350948844905, 0.0 ], [ 110.64918649473924, -7.588349846327235, 0.0 ], [ 110.649169686953158, -7.588349271037003, 0.0 ], [ 110.649152802683844, -7.588349107257613, 0.0 ], [ 110.649118511243358, -7.588349682926828, 0.0 ], [ 110.649085489251419, -7.588351024872567, 0.0 ], [ 110.649002079873981, -7.588355471288147, 0.0 ], [ 110.648968424979373, -7.588356978247909, 0.0 ], [ 110.648917623824147, -7.588358321204981, 0.0 ], [ 110.648849898933761, -7.588358980213125, 0.0 ], [ 110.648799006910011, -7.588358352054471, 0.0 ], [ 110.648780610985114, -7.588357619882799, 0.0 ], [ 110.648762282468979, -7.588356487950849, 0.0 ], [ 110.648743920844595, -7.588354821398551, 0.0 ], [ 110.648725512675298, -7.588352421212601, 0.0 ], [ 110.648707127987549, -7.588349013369004, 0.0 ], [ 110.648690423808105, -7.588344767454005, 0.0 ], [ 110.648674098467012, -7.588339525023295, 0.0 ], [ 110.648658133820206, -7.588333302344265, 0.0 ], [ 110.648642531745509, -7.588326019817516, 0.0 ], [ 110.64862741292059, -7.588317545475364, 0.0 ], [ 110.648614048640624, -7.588308603085773, 0.0 ], [ 110.648601422863194, -7.588298953024927, 0.0 ], [ 110.648589376773444, -7.588288804117076, 0.0 ], [ 110.648577692747139, -7.588278222218997, 0.0 ], [ 110.648553747218685, -7.588254835460107, 0.0 ], [ 110.6485160712067, -7.588216882384355, 0.0 ], [ 110.648503533333127, -7.588205043365373, 0.0 ], [ 110.648491726789658, -7.588194631422708, 0.0 ], [ 110.648479623431555, -7.588184681468134, 0.0 ], [ 110.648467269442577, -7.588175255048785, 0.0 ], [ 110.648454710053713, -7.588166470698096, 0.0 ], [ 110.648441980490077, -7.588158488551016, 0.0 ], [ 110.648429086941007, -7.588151501283058, 0.0 ], [ 110.648414901915444, -7.588145200433392, 0.0 ], [ 110.648400251859712, -7.588139982865838, 0.0 ], [ 110.648385279122451, -7.588135822463322, 0.0 ], [ 110.648370186704753, -7.588132798990918, 0.0 ], [ 110.648355072399355, -7.588131052733943, 0.0 ], [ 110.648340821812127, -7.588130692050805, 0.0 ], [ 110.648326270273515, -7.588131421114271, 0.0 ], [ 110.648311542093779, -7.588133099818595, 0.0 ], [ 110.648296786919488, -7.588135645970171, 0.0 ], [ 110.648282071853885, -7.588139036104795, 0.0 ], [ 110.648269478848022, -7.588142624244143, 0.0 ], [ 110.648256795663443, -7.588146742380209, 0.0 ], [ 110.648230816465059, -7.588156099805373, 0.0 ], [ 110.648174312144306, -7.588177668466408, 0.0 ], [ 110.648184420285659, -7.588135069325324, 0.0 ], [ 110.648218181410144, -7.588122182287574, 0.0 ], [ 110.648245025702394, -7.588112514395479, 0.0 ], [ 110.648258885891622, -7.58810801367987, 0.0 ], [ 110.648273007685219, -7.588103988972075, 0.0 ], [ 110.648289614155857, -7.588100162562226, 0.0 ], [ 110.648306391204699, -7.58809726979189, 0.0 ], [ 110.648323298919678, -7.588095340479144, 0.0 ], [ 110.648340372565727, -7.588094485912939, 0.0 ], [ 110.648357621938644, -7.588094923194688, 0.0 ], [ 110.648375849025001, -7.588097028363834, 0.0 ], [ 110.648393724080194, -7.588100609483639, 0.0 ], [ 110.648411225503779, -7.588105473866163, 0.0 ], [ 110.648428389584822, -7.588111588072209, 0.0 ], [ 110.64844513739466, -7.588119025307082, 0.0 ], [ 110.648460299931699, -7.588127242796509, 0.0 ], [ 110.648474776422844, -7.588136320868519, 0.0 ], [ 110.648488698481572, -7.588146057008943, 0.0 ], [ 110.648502174078459, -7.58815633823559, 0.0 ], [ 110.648515270346195, -7.588167104902007, 0.0 ], [ 110.648528009962376, -7.588178339840014, 0.0 ], [ 110.648541421076175, -7.588191002710427, 0.0 ], [ 110.648579312668161, -7.588229174860923, 0.0 ], [ 110.648602569768599, -7.588251888976671, 0.0 ], [ 110.648613266386292, -7.588261577278977, 0.0 ], [ 110.648624158327735, -7.58827075285538, 0.0 ], [ 110.648635193199084, -7.588279186810767, 0.0 ], [ 110.648646421006347, -7.588286699178775, 0.0 ], [ 110.648659116830785, -7.588293816536962, 0.0 ], [ 110.648672428026771, -7.588300029835557, 0.0 ], [ 110.648686261154879, -7.588305419504539, 0.0 ], [ 110.648700463919241, -7.588309980898051, 0.0 ], [ 110.648714923954543, -7.588313656938211, 0.0 ], [ 110.64873117858015, -7.588316670483196, 0.0 ], [ 110.648747913443188, -7.588318852223613, 0.0 ], [ 110.648765045881433, -7.588320407426913, 0.0 ], [ 110.648782453392457, -7.588321482532269, 0.0 ], [ 110.648799953677837, -7.588322179607273, 0.0 ], [ 110.648849946413392, -7.588322797089278, 0.0 ], [ 110.648916966000698, -7.58832214474786, 0.0 ], [ 110.64896713074431, -7.588320817558908, 0.0 ], [ 110.649000299709954, -7.588319332820792, 0.0 ], [ 110.64908378342146, -7.588314881037878, 0.0 ], [ 110.649117469023864, -7.588313511586385, 0.0 ], [ 110.649152674269985, -7.588312922181546, 0.0 ], [ 110.649170485018914, -7.588313095753949, 0.0 ], [ 110.649188315358586, -7.588313705337648, 0.0 ], [ 110.649206218662272, -7.588314890277397, 0.0 ], [ 110.64922322039186, -7.588316653405257, 0.0 ], [ 110.649240059430241, -7.588318934712092, 0.0 ], [ 110.649256751283247, -7.588321617522634, 0.0 ], [ 110.64927338665737, -7.588324637686552, 0.0 ], [ 110.649306124680834, -7.588331398514387, 0.0 ], [ 110.649351737955186, -7.588342023133333, 0.0 ], [ 110.649365933809435, -7.588345053990304, 0.0 ], [ 110.649379755755547, -7.588347473969701, 0.0 ], [ 110.649393183147268, -7.588349030683635, 0.0 ], [ 110.649407844282806, -7.588349547247383, 0.0 ], [ 110.649422475556918, -7.588348877008433, 0.0 ], [ 110.649436986264533, -7.588347082308069, 0.0 ], [ 110.649451175157751, -7.588344156652155, 0.0 ], [ 110.649464935333057, -7.588340014926217, 0.0 ], [ 110.649477321903689, -7.588334986531737, 0.0 ], [ 110.649489755602048, -7.588328853711395, 0.0 ], [ 110.649502242589989, -7.588321843513817, 0.0 ], [ 110.649514740981161, -7.588314184758049, 0.0 ], [ 110.649551605206611, -7.588290076379728, 0.0 ], [ 110.649564523673874, -7.588281988296654, 0.0 ], [ 110.649577954081224, -7.588274218125051, 0.0 ], [ 110.649593794363398, -7.588266103449872, 0.0 ], [ 110.649609964880653, -7.588258795904595, 0.0 ], [ 110.649626361461713, -7.588252194999483, 0.0 ], [ 110.649642979640561, -7.588246218416272, 0.0 ], [ 110.649659805827852, -7.588240855289321, 0.0 ], [ 110.649675457244257, -7.588236474468179, 0.0 ], [ 110.649691149056679, -7.588232585757743, 0.0 ], [ 110.64970687768367, -7.588229133977203, 0.0 ], [ 110.649722645863179, -7.588226096514834, 0.0 ], [ 110.649738462641679, -7.588223496896372, 0.0 ], [ 110.649754337934851, -7.588221404780684, 0.0 ], [ 110.649770301567969, -7.588219932356782, 0.0 ], [ 110.649787958916136, -7.588219222932999, 0.0 ], [ 110.649805542836361, -7.588219631481245, 0.0 ], [ 110.649823003269844, -7.588221404000582, 0.0 ], [ 110.649840308135794, -7.588224975556918, 0.0 ], [ 110.649857155964938, -7.588230960101402, 0.0 ], [ 110.649872341044812, -7.58823936751793, 0.0 ], [ 110.649885844130964, -7.588249333035158, 0.0 ], [ 110.649897857208643, -7.588259985719843, 0.0 ], [ 110.649919393481113, -7.588280803336831, 0.0 ], [ 110.649929232356698, -7.588288474661007, 0.0 ], [ 110.649939504434428, -7.588294060426322, 0.0 ], [ 110.649951008766379, -7.588298204415721, 0.0 ], [ 110.649963574909691, -7.588300921869348, 0.0 ], [ 110.64997618125885, -7.588302125127313, 0.0 ], [ 110.649989489333777, -7.588302133126015, 0.0 ], [ 110.650003214399689, -7.588301044232842, 0.0 ], [ 110.650017098043023, -7.588298917940516, 0.0 ], [ 110.650030978905377, -7.588295745978117, 0.0 ], [ 110.650044147902165, -7.588291734013859, 0.0 ], [ 110.650057552378826, -7.588286874669211, 0.0 ], [ 110.650071154065955, -7.588281408525397, 0.0 ], [ 110.65013330117921, -7.588254701750481, 0.0 ], [ 110.650166381623464, -7.588241596013538, 0.0 ], [ 110.650199756719317, -7.588229579597126, 0.0 ], [ 110.650249323359688, -7.588212264645491, 0.0 ], [ 110.650281402098727, -7.588200239943434, 0.0 ], [ 110.650312932380643, -7.588187087720371, 0.0 ], [ 110.650327804288139, -7.588180304650755, 0.0 ], [ 110.650342682061833, -7.588172992419704, 0.0 ], [ 110.650357150459129, -7.588165206775871, 0.0 ], [ 110.65036944819829, -7.588157903323999, 0.0 ], [ 110.650381516981668, -7.588150103990642, 0.0 ], [ 110.650393324126156, -7.588141867545756, 0.0 ], [ 110.650404827912453, -7.588133216569714, 0.0 ], [ 110.650415996612949, -7.588124149227919, 0.0 ], [ 110.650427146844535, -7.588114377221375, 0.0 ], [ 110.650461223000093, -7.588082879912091, 0.0 ], [ 110.650474460642869, -7.588071306800821, 0.0 ], [ 110.650488178442899, -7.588060118511608, 0.0 ], [ 110.650502496867603, -7.588049442683712, 0.0 ], [ 110.650517551730601, -7.588039487474229, 0.0 ], [ 110.650534037502311, -7.588030181981236, 0.0 ], [ 110.650551041776765, -7.588022049209644, 0.0 ], [ 110.650568481189296, -7.588015042960001, 0.0 ], [ 110.650586308539843, -7.588009237367984, 0.0 ], [ 110.650602707613061, -7.588005136621383, 0.0 ], [ 110.650619067746874, -7.588002106837918, 0.0 ], [ 110.650635333688925, -7.58800009008155, 0.0 ], [ 110.65065146007494, -7.587999132448261, 0.0 ], [ 110.650667410489959, -7.587999423865703, 0.0 ], [ 110.650683166509168, -7.588001328855431, 0.0 ], [ 110.650699365641202, -7.588005713590252, 0.0 ], [ 110.650714552398057, -7.588013178431173, 0.0 ], [ 110.650727494124155, -7.58802454372567, 0.0 ], [ 110.650735517156079, -7.588037888761862, 0.0 ], [ 110.650739858741218, -7.588052319927217, 0.0 ], [ 110.65074125272578, -7.588067276986164, 0.0 ], [ 110.65074001020389, -7.588083698213793, 0.0 ], [ 110.65073696121604, -7.58809977516349, 0.0 ], [ 110.650725394865049, -7.588145532820326, 0.0 ], [ 110.650723055029658, -7.588157946885108, 0.0 ], [ 110.650721741828377, -7.588169833513455, 0.0 ], [ 110.650721720270752, -7.588180822954555, 0.0 ], [ 110.650723436867395, -7.588192554623681, 0.0 ], [ 110.650726823833992, -7.588203649017511, 0.0 ], [ 110.650731651147026, -7.588213810161252, 0.0 ], [ 110.650737630054579, -7.588222497802612, 0.0 ], [ 110.650744638413954, -7.588229413339779, 0.0 ], [ 110.650751632393167, -7.588233927267455, 0.0 ], [ 110.650759976098684, -7.588237465357911, 0.0 ], [ 110.650769347820301, -7.588239887146411, 0.0 ], [ 110.650779362382409, -7.588241061162858, 0.0 ], [ 110.650792046067124, -7.588240796363901, 0.0 ], [ 110.650805488915822, -7.588238929299888, 0.0 ], [ 110.650819444184847, -7.588235662393262, 0.0 ], [ 110.650833558181674, -7.588231169034854, 0.0 ], [ 110.650847579729174, -7.588225528623924, 0.0 ], [ 110.650861202302181, -7.588218881120651, 0.0 ], [ 110.650874839250548, -7.588211269371088, 0.0 ], [ 110.650888401506705, -7.588202973716302, 0.0 ], [ 110.650915724049042, -7.588184756171505, 0.0 ], [ 110.65094272285215, -7.588165538829897, 0.0 ], [ 110.651011393762573, -7.588114761483122, 0.0 ], [ 110.651026357309064, -7.588104492301175, 0.0 ], [ 110.651041924092695, -7.588094869456245, 0.0 ], [ 110.651056633722249, -7.588086952821299, 0.0 ], [ 110.651071559361384, -7.588079847746476, 0.0 ], [ 110.65108669212114, -7.588073335321922, 0.0 ], [ 110.651116109547331, -7.5880620221165, 0.0 ], [ 110.651172564273182, -7.588042195202177, 0.0 ], [ 110.651187060639899, -7.588036803009202, 0.0 ], [ 110.651200486584059, -7.588031153967573, 0.0 ], [ 110.651212415307043, -7.588025019786796, 0.0 ], [ 110.651222628586851, -7.588018083697102, 0.0 ], [ 110.651230009752254, -7.588011233077637, 0.0 ], [ 110.651236702020469, -7.588003161658572, 0.0 ], [ 110.651242656298194, -7.587994043075417, 0.0 ], [ 110.6512477745067, -7.587984090724928, 0.0 ], [ 110.651252748969938, -7.587971396547788, 0.0 ], [ 110.651256860347573, -7.587957645156172, 0.0 ], [ 110.651260313374351, -7.587943015816544, 0.0 ], [ 110.651263259255103, -7.587927742025791, 0.0 ], [ 110.65126581927295, -7.587912064493266, 0.0 ], [ 110.651270282205715, -7.587879407244075, 0.0 ], [ 110.651276234081536, -7.587828247577159, 0.0 ], [ 110.65129061617256, -7.587697971286992, 0.0 ], [ 110.651290924525739, -7.587685430760221, 0.0 ], [ 110.651289096052224, -7.587673017871569, 0.0 ], [ 110.651285185760628, -7.587661093583247, 0.0 ], [ 110.651279303970355, -7.587650004428879, 0.0 ], [ 110.651271623573351, -7.587640070760129, 0.0 ], [ 110.651262366440378, -7.587631581308414, 0.0 ], [ 110.651251799804911, -7.587624780518245, 0.0 ], [ 110.651240230824044, -7.587619868542905, 0.0 ], [ 110.651227993902026, -7.587616982238557, 0.0 ], [ 110.651137509838549, -7.587603630767152, 0.0 ], [ 110.65090148163749, -7.587548017359478, 0.0 ], [ 110.650877015202809, -7.587540937653308, 0.0 ], [ 110.650853384737545, -7.58753144164158, 0.0 ], [ 110.650739518120488, -7.587478893157114, 0.0 ], [ 110.650715856117529, -7.587465796977349, 0.0 ], [ 110.650694359790691, -7.587449400904138, 0.0 ], [ 110.650675489385094, -7.58743005084812, 0.0 ], [ 110.650623266346614, -7.58736801148785, 0.0 ], [ 110.650599182469449, -7.587340734228651, 0.0 ], [ 110.65057792247525, -7.58731121231845, 0.0 ], [ 110.650521922613365, -7.587224703464245, 0.0 ], [ 110.650495931882176, -7.587191194081292, 0.0 ], [ 110.650400050125697, -7.587087213307528, 0.0 ], [ 110.650340275098259, -7.587024758080956, 0.0 ], [ 110.650311737593356, -7.586998382687531, 0.0 ], [ 110.650280181959303, -7.586975688220007, 0.0 ], [ 110.65024608113805, -7.586957012457665, 0.0 ], [ 110.65017024960224, -7.58692133183606, 0.0 ], [ 110.650133285508943, -7.586906543355555, 0.0 ], [ 110.650094826548013, -7.586896220369891, 0.0 ], [ 110.650055414711062, -7.586890510757486, 0.0 ], [ 110.650015602017803, -7.58688949275411, 0.0 ], [ 110.649980975701936, -7.586890656188921, 0.0 ], [ 110.649935952736499, -7.586895708987084, 0.0 ], [ 110.649892270369577, -7.586907707140747, 0.0 ], [ 110.649850998555152, -7.586926358435312, 0.0 ], [ 110.649813148455664, -7.58695120597993, 0.0 ], [ 110.6497796461436, -7.586981639040933, 0.0 ], [ 110.649751312638756, -7.587016916544099, 0.0 ], [ 110.64972884124029, -7.587056172483624, 0.0 ], [ 110.649712451001065, -7.587090851740794, 0.0 ], [ 110.649705104309902, -7.587120073855314, 0.0 ], [ 110.649602356323712, -7.587322273447705, 0.0 ], [ 110.6495316687203, -7.587461045111868, 0.0 ], [ 110.649515348669013, -7.587489610518496, 0.0 ], [ 110.649496363838153, -7.587516487683206, 0.0 ], [ 110.649373204566928, -7.587674224468008, 0.0 ], [ 110.64934259346758, -7.587707605057597, 0.0 ], [ 110.649307087642498, -7.587735748838041, 0.0 ], [ 110.649267576076085, -7.587757950971126, 0.0 ], [ 110.649225050072673, -7.587773655048638, 0.0 ], [ 110.649180572422253, -7.587782467540534, 0.0 ], [ 110.649135259261257, -7.587784167730539, 0.0 ], [ 110.649133017452996, -7.587784075466087, 0.0 ], [ 110.649093844729251, -7.587779670327079, 0.0 ], [ 110.649055683601702, -7.587769806098022, 0.0 ], [ 110.649019292687811, -7.587754681489415, 0.0 ], [ 110.648985397886264, -7.58773459740042, 0.0 ], [ 110.648954674249026, -7.587709953285994, 0.0 ], [ 110.648927732389666, -7.587681239004811, 0.0 ], [ 110.648905108518704, -7.587649025765622, 0.0 ], [ 110.648887253571772, -7.587613957977364, 0.0 ], [ 110.648860253167967, -7.587550135094654, 0.0 ], [ 110.648846532272415, -7.587510341621686, 0.0 ], [ 110.648838349752765, -7.587469059197863, 0.0 ], [ 110.648814408964498, -7.587282269757262, 0.0 ], [ 110.648811557580885, -7.587242410886968, 0.0 ], [ 110.648809562547584, -7.587112429031758, 0.0 ], [ 110.648806550411464, -7.58707516972671, 0.0 ], [ 110.648798709457211, -7.587038618408124, 0.0 ], [ 110.648786172447231, -7.587003392090498, 0.0 ], [ 110.648769152838526, -7.586970092475954, 0.0 ], [ 110.648712522946695, -7.586875132530099, 0.0 ], [ 110.648639157560552, -7.586773286237361, 0.0 ], [ 110.648616352844329, -7.586746170014605, 0.0 ], [ 110.648529225830814, -7.586657067737126, 0.0 ], [ 110.648492399523235, -7.586627875979041, 0.0 ], [ 110.648490072115607, -7.586626031516476, 0.0 ], [ 110.648480362015036, -7.586619498198131, 0.0 ], [ 110.648469751339036, -7.586614549839187, 0.0 ], [ 110.648458499259789, -7.586611307859631, 0.0 ], [ 110.648447983544372, -7.586609988657512, 0.0 ], [ 110.648446879489327, -7.586609850272506, 0.0 ], [ 110.648435173027252, -7.586610211678061, 0.0 ], [ 110.648423665439651, -7.586612385070684, 0.0 ], [ 110.648412635984243, -7.586616317307303, 0.0 ], [ 110.648318456563842, -7.586658417917699, 0.0 ], [ 110.648205241575823, -7.586704970714144, 0.0 ], [ 110.648053852010548, -7.586743821951139, 0.0 ], [ 110.647907218762967, -7.586779674761988, 0.0 ], [ 110.647716079875963, -7.586825380989576, 0.0 ], [ 110.647364029570994, -7.586878022179615, 0.0 ], [ 110.647060854217145, -7.586918768030631, 0.0 ], [ 110.646924067117141, -7.586930878462985, 0.0 ], [ 110.646866972402179, -7.586932856504281, 0.0 ], [ 110.646809995099147, -7.586928703550761, 0.0 ], [ 110.646753793318794, -7.586918469887718, 0.0 ], [ 110.646699018772807, -7.586902270923611, 0.0 ], [ 110.646646304980464, -7.586880297130616, 0.0 ], [ 110.646437300537912, -7.586779675390096, 0.0 ], [ 110.64638918320523, -7.586751826592502, 0.0 ], [ 110.646353798737607, -7.586727824366685, 0.0 ], [ 110.646332211012492, -7.586708157136581, 0.0 ], [ 110.646322201178378, -7.586699038305912, 0.0 ], [ 110.646295033693633, -7.586666054181944, 0.0 ], [ 110.646272850535382, -7.586629546340812, 0.0 ], [ 110.646251511860569, -7.586587999902552, 0.0 ], [ 110.64623957593372, -7.586566304362301, 0.0 ], [ 110.64617752470555, -7.586453511802999, 0.0 ], [ 110.646156961885112, -7.586421038691077, 0.0 ], [ 110.646132563050756, -7.58639132678125, 0.0 ], [ 110.646104697705979, -7.586364823224311, 0.0 ], [ 110.646073786158652, -7.586341928175511, 0.0 ], [ 110.646040294088351, -7.586322986649113, 0.0 ], [ 110.646012893026366, -7.586309639330718, 0.0 ], [ 110.64599982951809, -7.58630441212255, 0.0 ], [ 110.645986143438975, -7.586301131012324, 0.0 ], [ 110.64597212482613, -7.586299864077779, 0.0 ], [ 110.645958071000052, -7.586300641411269, 0.0 ], [ 110.645837390525429, -7.586316151278694, 0.0 ], [ 110.645707653292703, -7.586345459976564, 0.0 ], [ 110.645545928589442, -7.586387158506308, 0.0 ], [ 110.645394206596407, -7.586423360000813, 0.0 ], [ 110.64528929584003, -7.586439378267304, 0.0 ], [ 110.645233768775853, -7.58644446271668, 0.0 ], [ 110.645178031449291, -7.586442840607919, 0.0 ], [ 110.645122895197773, -7.586434535216946, 0.0 ], [ 110.645069162212394, -7.586419668409276, 0.0 ], [ 110.645017612850566, -7.586398455202201, 0.0 ], [ 110.644910214985913, -7.586346495761457, 0.0 ], [ 110.644880213028657, -7.586329914270703, 0.0 ], [ 110.644852192640656, -7.586310175685933, 0.0 ], [ 110.644778311186911, -7.586251877314278, 0.0 ], [ 110.644764589656177, -7.586242098710403, 0.0 ], [ 110.64474997767833, -7.586233699731478, 0.0 ], [ 110.644639298408734, -7.586177083605323, 0.0 ], [ 110.644586432263196, -7.586149900107469, 0.0 ], [ 110.644538488501667, -7.586128403047836, 0.0 ], [ 110.644488517960696, -7.58611213627912, 0.0 ], [ 110.6444370916048, -7.58610128751044, 0.0 ], [ 110.644384799488989, -7.586095979338677, 0.0 ], [ 110.644332237157116, -7.586096273760248, 0.0 ], [ 110.644248666442508, -7.586101208514926, 0.0 ], [ 110.644224062580975, -7.586103864067463, 0.0 ], [ 110.644199832080048, -7.586108888956427, 0.0 ], [ 110.644079402578015, -7.586140025651893, 0.0 ], [ 110.644030278770174, -7.586159041733871, 0.0 ], [ 110.643986274091773, -7.586172663609599, 0.0 ], [ 110.643940805908542, -7.586180091691868, 0.0 ], [ 110.643894745525088, -7.586181182869249, 0.0 ], [ 110.643848975021882, -7.586175918868244, 0.0 ], [ 110.643804371851445, -7.58616439719512, 0.0 ], [ 110.643793038679178, -7.586160615915073, 0.0 ], [ 110.643779247819609, -7.586154700583327, 0.0 ], [ 110.64376663364807, -7.586146582716356, 0.0 ], [ 110.643755545905037, -7.586136486026054, 0.0 ], [ 110.643746292583231, -7.586124691177178, 0.0 ], [ 110.643729966114208, -7.5860934552433, 0.0 ], [ 110.643718562983281, -7.586060114821581, 0.0 ], [ 110.643712346362719, -7.58602543538232, 0.0 ], [ 110.643711457920034, -7.585990216669284, 0.0 ], [ 110.64371430788924, -7.585934253216217, 0.0 ], [ 110.643712627655262, -7.585863136547391, 0.0 ], [ 110.643711287549237, -7.585850206629972, 0.0 ], [ 110.643707911048551, -7.585837650435244, 0.0 ], [ 110.643702584012587, -7.58582578643724, 0.0 ], [ 110.643695441269386, -7.585814914154408, 0.0 ], [ 110.643686662087461, -7.585805308718531, 0.0 ], [ 110.643676470183166, -7.585797211829278, 0.0 ], [ 110.643665120126343, -7.585790827220175, 0.0 ], [ 110.643652900969514, -7.585786317043486, 0.0 ], [ 110.64364011993608, -7.585783794620353, 0.0 ], [ 110.643566636538139, -7.585775273193862, 0.0 ], [ 110.643540693142498, -7.585774242449434, 0.0 ], [ 110.643514891566909, -7.58577713126102, 0.0 ], [ 110.643489822923669, -7.585783879507866, 0.0 ], [ 110.643466064807555, -7.585794329366157, 0.0 ], [ 110.643444161338536, -7.585808241574809, 0.0 ], [ 110.643387029632123, -7.585850924156262, 0.0 ], [ 110.643381106683137, -7.585855968531952, 0.0 ], [ 110.643376548126895, -7.585859849862604, 0.0 ], [ 110.643367288508045, -7.585870032094262, 0.0 ], [ 110.643359400491534, -7.585881304535766, 0.0 ], [ 110.643328922180544, -7.585931391948059, 0.0 ], [ 110.643310242360911, -7.585958504265006, 0.0 ], [ 110.643288614535777, -7.585983338300417, 0.0 ], [ 110.643134580294685, -7.586141230644794, 0.0 ], [ 110.643108338139001, -7.586164992603574, 0.0 ], [ 110.643089949217014, -7.586177900001198, 0.0 ], [ 110.643079353795187, -7.586185335802422, 0.0 ], [ 110.643048071725872, -7.586201947629187, 0.0 ], [ 110.642975675531574, -7.586234825805719, 0.0 ], [ 110.642928502609152, -7.586252663820864, 0.0 ], [ 110.64292726298109, -7.586253134076843, 0.0 ], [ 110.642876883078983, -7.586265035566271, 0.0 ], [ 110.642825383605242, -7.586270332871862, 0.0 ], [ 110.642773629473965, -7.586268938057234, 0.0 ], [ 110.642722491855636, -7.586260871738226, 0.0 ], [ 110.642660909322856, -7.586247023956129, 0.0 ], [ 110.642622951671328, -7.586235933668563, 0.0 ], [ 110.642586698560024, -7.586220155560498, 0.0 ], [ 110.642552727246368, -7.586199943382463, 0.0 ], [ 110.642522315495341, -7.586179145261563, 0.0 ], [ 110.642483637145432, -7.586152693201148, 0.0 ], [ 110.642394868824738, -7.586099926226475, 0.0 ], [ 110.642376561952091, -7.58609030026808, 0.0 ], [ 110.642357347829645, -7.586082632831086, 0.0 ], [ 110.642315292566352, -7.586068341543139, 0.0 ], [ 110.642261493660769, -7.586050061451155, 0.0 ], [ 110.642236310877891, -7.586043500799078, 0.0 ], [ 110.642210441492395, -7.586040659114683, 0.0 ], [ 110.642184431193002, -7.586041593833729, 0.0 ], [ 110.642158832982005, -7.586046288224586, 0.0 ], [ 110.642134189053522, -7.586054640518539, 0.0 ], [ 110.64211102171997, -7.586066473852555, 0.0 ], [ 110.642053249822553, -7.586101497753819, 0.0 ], [ 110.642001453195306, -7.586132898391437, 0.0 ], [ 110.641898200656357, -7.586179402544406, 0.0 ], [ 110.641869144991475, -7.586190553504498, 0.0 ], [ 110.641839008792303, -7.586198340434099, 0.0 ], [ 110.641782626342732, -7.586209543963034, 0.0 ], [ 110.641728947635983, -7.586220211500913, 0.0 ], [ 110.641618291753971, -7.586231159537524, 0.0 ], [ 110.641505775494736, -7.586242292350849, 0.0 ], [ 110.641427283556567, -7.586250058388145, 0.0 ], [ 110.641392286690063, -7.58625102273723, 0.0 ], [ 110.641357506976831, -7.586247016728347, 0.0 ], [ 110.641283756023526, -7.586233156910347, 0.0 ], [ 110.641258799238884, -7.586226278889233, 0.0 ], [ 110.641235331618248, -7.586215364157932, 0.0 ], [ 110.64121400380543, -7.586200717184185, 0.0 ], [ 110.641195406529278, -7.586182742792086, 0.0 ], [ 110.641138225360706, -7.586117426489276, 0.0 ], [ 110.641063143101391, -7.586024371676868, 0.0 ], [ 110.641035415715322, -7.585991526987677, 0.0 ], [ 110.641006141484581, -7.58595684839014, 0.0 ], [ 110.640976485294871, -7.585926918393431, 0.0 ], [ 110.640942444502414, -7.585902065665304, 0.0 ], [ 110.640904881613977, -7.585882915060276, 0.0 ], [ 110.640864749899777, -7.585869958538295, 0.0 ], [ 110.640823065319424, -7.585863520768493, 0.0 ], [ 110.640786073539346, -7.585860788312514, 0.0 ], [ 110.640746993219906, -7.585857903972181, 0.0 ], [ 110.640634541176311, -7.585869318838163, 0.0 ], [ 110.640565766524844, -7.585881412004495, 0.0 ], [ 110.640412852756398, -7.585908300174121, 0.0 ], [ 110.640374513245149, -7.585915040885672, 0.0 ], [ 110.640344398476543, -7.585918851302177, 0.0 ], [ 110.640314054967632, -7.585919738907851, 0.0 ], [ 110.640277871933861, -7.585919053182427, 0.0 ], [ 110.640203986531859, -7.585917652424558, 0.0 ], [ 110.640171893568109, -7.585915067792892, 0.0 ], [ 110.640140361376169, -7.585908572323932, 0.0 ], [ 110.640101013746005, -7.585897913048072, 0.0 ], [ 110.640016949363016, -7.585875140944173, 0.0 ], [ 110.639910032662854, -7.585846179027635, 0.0 ], [ 110.639881974403963, -7.585834153249073, 0.0 ], [ 110.639787121697509, -7.585793498149535, 0.0 ], [ 110.639718284647543, -7.585763993327773, 0.0 ], [ 110.639660862488569, -7.585736972816284, 0.0 ], [ 110.639579113834344, -7.585698504889443, 0.0 ], [ 110.639513675592696, -7.585667712956381, 0.0 ], [ 110.639383384650955, -7.585604085251552, 0.0 ], [ 110.63928048711837, -7.585544206995942, 0.0 ], [ 110.639247631967592, -7.585525087292935, 0.0 ], [ 110.639220004103763, -7.585509010325541, 0.0 ], [ 110.639179249197468, -7.585481411092753, 0.0 ], [ 110.639142639762497, -7.585448530881358, 0.0 ], [ 110.639110326745254, -7.585415256227152, 0.0 ], [ 110.639074429637589, -7.585378291628162, 0.0 ], [ 110.639029865122097, -7.585329369749674, 0.0 ], [ 110.638956509040696, -7.585248838697944, 0.0 ], [ 110.638890632324646, -7.585176520876888, 0.0 ], [ 110.63885958081957, -7.585138322851879, 0.0 ], [ 110.638806789289916, -7.585073379869534, 0.0 ], [ 110.638785855649346, -7.585050413007063, 0.0 ], [ 110.638762459584143, -7.585029946099685, 0.0 ], [ 110.638736899122932, -7.585012245333878, 0.0 ], [ 110.638698886580684, -7.584988979348735, 0.0 ], [ 110.638638310979559, -7.584951904667984, 0.0 ], [ 110.638618413511139, -7.58494416594782, 0.0 ], [ 110.638534581527992, -7.58491155491042, 0.0 ], [ 110.63849871425694, -7.584897603090988, 0.0 ], [ 110.638482864185903, -7.584892389629191, 0.0 ], [ 110.638466548540222, -7.584888887199078, 0.0 ], [ 110.638431570851338, -7.584883305061912, 0.0 ], [ 110.638366562696092, -7.584872929141603, 0.0 ], [ 110.638347009556654, -7.584870815222239, 0.0 ], [ 110.6382239449255, -7.58486376138606, 0.0 ], [ 110.638105398261928, -7.584856967262994, 0.0 ], [ 110.63804006457174, -7.584853222320384, 0.0 ], [ 110.637977671193113, -7.584846815898829, 0.0 ], [ 110.637890423619268, -7.584837860547978, 0.0 ], [ 110.637863292159153, -7.584832110317469, 0.0 ], [ 110.63780068242508, -7.584818840827883, 0.0 ], [ 110.637730899637916, -7.58480404932104, 0.0 ], [ 110.63765085376383, -7.584778651482383, 0.0 ], [ 110.637617529720316, -7.584765364749572, 0.0 ], [ 110.637586470472584, -7.584747426867493, 0.0 ], [ 110.637558323880995, -7.584725212862409, 0.0 ], [ 110.637535366179705, -7.58470423337449, 0.0 ], [ 110.637488003246006, -7.584660951633435, 0.0 ], [ 110.637462590545979, -7.584637932132619, 0.0 ], [ 110.637432832487804, -7.584610978715275, 0.0 ], [ 110.637407705010347, -7.58459053381415, 0.0 ], [ 110.637384276569293, -7.584575281571873, 0.0 ], [ 110.637398751405271, -7.58454150306142, 0.0 ], [ 110.637429130095882, -7.584561279350182, 0.0 ], [ 110.637455476033139, -7.584582716658325, 0.0 ], [ 110.637456493380427, -7.584583544269871, 0.0 ], [ 110.637474145666317, -7.584599533430552, 0.0 ], [ 110.637512435016987, -7.584634214335122, 0.0 ], [ 110.637581847996174, -7.5846976462312, 0.0 ], [ 110.637606907147855, -7.584717426217612, 0.0 ], [ 110.637633422312149, -7.584732737102114, 0.0 ], [ 110.637663091510916, -7.584744567168805, 0.0 ], [ 110.637740183761522, -7.584769027235001, 0.0 ], [ 110.637770148546068, -7.584775378647908, 0.0 ], [ 110.637896062286984, -7.584802065646881, 0.0 ], [ 110.638003388821971, -7.584813083809705, 0.0 ], [ 110.638042961189669, -7.584817145627663, 0.0 ], [ 110.638241943704543, -7.58482855205541, 0.0 ], [ 110.638244670436492, -7.584828708097342, 0.0 ], [ 110.638350004956422, -7.584834744940341, 0.0 ], [ 110.638371382787469, -7.584837056664905, 0.0 ], [ 110.638473230402624, -7.584853311153286, 0.0 ], [ 110.638492380279658, -7.584857421990608, 0.0 ], [ 110.638510984557882, -7.58486354229629, 0.0 ], [ 110.638654505302625, -7.584919370400136, 0.0 ], [ 110.638756732237738, -7.584981936577062, 0.0 ], [ 110.638784820475749, -7.585001388851216, 0.0 ], [ 110.638811301955954, -7.585024553894943, 0.0 ], [ 110.638834305140222, -7.585049792004511, 0.0 ], [ 110.638892848192071, -7.585121808860328, 0.0 ], [ 110.638918151800581, -7.585152936627991, 0.0 ], [ 110.639047059517964, -7.585294450079156, 0.0 ], [ 110.639047150994514, -7.585294550560755, 0.0 ], [ 110.639100874039897, -7.585353527840057, 0.0 ], [ 110.639167819723141, -7.585422465289327, 0.0 ], [ 110.639195780910043, -7.585447578142532, 0.0 ], [ 110.639201272235212, -7.58545250981189, 0.0 ], [ 110.639201664472779, -7.585452862009367, 0.0 ], [ 110.639239342509711, -7.58547837821023, 0.0 ], [ 110.639265900269947, -7.585493831954635, 0.0 ], [ 110.639297061014474, -7.585511965190075, 0.0 ], [ 110.639359918016183, -7.585548543265701, 0.0 ], [ 110.639400511261954, -7.585572165921604, 0.0 ], [ 110.639529380418182, -7.585635096839526, 0.0 ], [ 110.639733178425502, -7.585730997522544, 0.0 ], [ 110.639812763189724, -7.585765109098364, 0.0 ], [ 110.639891928389531, -7.585799040306193, 0.0 ], [ 110.639893095594829, -7.585799541491822, 0.0 ], [ 110.639921997538892, -7.585811928885735, 0.0 ], [ 110.640148785185914, -7.585873362225529, 0.0 ], [ 110.640177037172819, -7.585879181086245, 0.0 ], [ 110.640205790668077, -7.585881496111144, 0.0 ] ] ] ] } },
{ "type": "Feature", "properties": { "OBJECTID": 15, "ZONA": "Badan Jalan", "SUB_ZONA": "Badan Jalan", "KODE": "BJ", "KEPADATAN": 0.0, "JUML_RUMH": 0.0, "LUAS_BID": 59.245516592100003, "Shape_Leng": 105.29354456900001, "Shape_Area": 59.245488200600001 }, "geometry": { "type": "MultiPolygon", "coordinates": [ [ [ [ 110.651971753146441, -7.589782128968741, 0.0 ], [ 110.652001817227145, -7.589797643567997, 0.0 ], [ 110.652152903024515, -7.58985349331337, 0.0 ], [ 110.652167270269757, -7.589858804606306, 0.0 ], [ 110.65216890530786, -7.589859271761171, 0.0 ], [ 110.652249284096982, -7.589882256625721, 0.0 ], [ 110.652201785856676, -7.589877280654184, 0.0 ], [ 110.652179279057449, -7.589874922559753, 0.0 ], [ 110.652146771175339, -7.589863589591615, 0.0 ], [ 110.651978100709428, -7.589804788672001, 0.0 ], [ 110.651975838755973, -7.589803804512715, 0.0 ], [ 110.651970402274017, -7.589801439267736, 0.0 ], [ 110.651955076088825, -7.589794772174876, 0.0 ], [ 110.651933811030631, -7.589781434648664, 0.0 ], [ 110.651914782138434, -7.58976507588349, 0.0 ], [ 110.651871305486807, -7.589721625065025, 0.0 ], [ 110.651860094511107, -7.589708846461187, 0.0 ], [ 110.651850653298808, -7.589694716057528, 0.0 ], [ 110.651838847459132, -7.58967425909983, 0.0 ], [ 110.651837473234281, -7.589671878110726, 0.0 ], [ 110.651840164701028, -7.589675351954601, 0.0 ], [ 110.651890329036007, -7.589740114058655, 0.0 ], [ 110.651971753146441, -7.589782128968741, 0.0 ] ] ] ] } },
{ "type": "Feature", "properties": { "OBJECTID": 16, "ZONA": "Badan Jalan", "SUB_ZONA": "Badan Jalan", "KODE": "BJ", "KEPADATAN": 0.0, "JUML_RUMH": 0.0, "LUAS_BID": 7.4541264433299999, "Shape_Leng": 30.616223461899999, "Shape_Area": 7.4538214789900001 }, "geometry": { "type": "MultiPolygon", "coordinates": [ [ [ [ 110.65027431671291, -7.590670768083243, 0.0 ], [ 110.650260825159791, -7.590648672482316, 0.0 ], [ 110.650248408258875, -7.590628338917123, 0.0 ], [ 110.6502448396364, -7.590615424406697, 0.0 ], [ 110.65022459394892, -7.590542151705889, 0.0 ], [ 110.650227840767727, -7.590550551316157, 0.0 ], [ 110.650239339883953, -7.590580296053585, 0.0 ], [ 110.65025456257807, -7.590619671885782, 0.0 ], [ 110.650257538906956, -7.590627369342377, 0.0 ], [ 110.650265518903325, -7.590648011409657, 0.0 ], [ 110.65027431671291, -7.590670768083243, 0.0 ] ] ] ] } },
{ "type": "Feature", "properties": { "OBJECTID": 17, "ZONA": "Badan Jalan", "SUB_ZONA": "Badan Jalan", "KODE": "BJ", "KEPADATAN": 0.0, "JUML_RUMH": 0.0, "LUAS_BID": 412.44646250099998, "Shape_Leng": 386.818463748, "Shape_Area": 412.44725977000002 }, "geometry": { "type": "MultiPolygon", "coordinates": [ [ [ [ 110.644447992321645, -7.591954798577737, 0.0 ], [ 110.644474819828162, -7.591959324307285, 0.0 ], [ 110.644472775647671, -7.591976862878129, 0.0 ], [ 110.644463843675126, -7.591974307437702, 0.0 ], [ 110.644446005891325, -7.591971560182166, 0.0 ], [ 110.644433798898703, -7.591969678669692, 0.0 ], [ 110.644248287416076, -7.591941105718192, 0.0 ], [ 110.644170774334498, -7.591929167255796, 0.0 ], [ 110.643758517659336, -7.591865668031286, 0.0 ], [ 110.643704354445632, -7.591856199066466, 0.0 ], [ 110.643421516556302, -7.591806748424252, 0.0 ], [ 110.643333003625003, -7.59179127302244, 0.0 ], [ 110.643280180804965, -7.59178011087256, 0.0 ], [ 110.643129715817736, -7.591748317048583, 0.0 ], [ 110.642869618939557, -7.591693356984474, 0.0 ], [ 110.642755496764764, -7.591669241816928, 0.0 ], [ 110.644447992321645, -7.591954798577737, 0.0 ] ] ] ] } },
{ "type": "Feature", "properties": { "OBJECTID": 18, "ZONA": "Badan Jalan", "SUB_ZONA": "Badan Jalan", "KODE": "BJ", "KEPADATAN": 0.0, "JUML_RUMH": 0.0, "LUAS_BID": 0.31536227862, "Shape_Leng": 22.162585311200001, "Shape_Area": 0.3152496549 }, "geometry": { "type": "MultiPolygon", "coordinates": [ [ [ [ 110.6521182857973, -7.592010624246799, 0.0 ], [ 110.652120234766002, -7.591910415408721, 0.0 ], [ 110.652120294949412, -7.591911106538141, 0.0 ], [ 110.652120486280964, -7.591915556205184, 0.0 ], [ 110.652120547934857, -7.591920056423617, 0.0 ], [ 110.652120441823797, -7.591929132659596, 0.0 ], [ 110.65211923315303, -7.591970020364049, 0.0 ], [ 110.6521182857973, -7.592010624246799, 0.0 ] ] ] ] } },
{ "type": "Feature", "properties": { "OBJECTID": 19, "ZONA": "Badan Jalan", "SUB_ZONA": "Badan Jalan", "KODE": "BJ", "KEPADATAN": 0.0, "JUML_RUMH": 0.0, "LUAS_BID": 0.19025006188, "Shape_Leng": 130.313204388, "Shape_Area": 0.19057116561000001 }, "geometry": { "type": "MultiPolygon", "coordinates": [ [ [ [ 110.644380724877749, -7.592762656648024, 0.0 ], [ 110.644381207189824, -7.592758213864438, 0.0 ], [ 110.644382672485534, -7.592745710483612, 0.0 ], [ 110.644388235139076, -7.592698233995024, 0.0 ], [ 110.644394621282956, -7.59264372435382, 0.0 ], [ 110.644411932786099, -7.592495964848443, 0.0 ], [ 110.644420437892663, -7.592423373059193, 0.0 ], [ 110.644424958852852, -7.592384787500835, 0.0 ], [ 110.64442680028624, -7.592369070540322, 0.0 ], [ 110.644429834042356, -7.592343174683671, 0.0 ], [ 110.644434530290269, -7.592303090419333, 0.0 ], [ 110.644439227446682, -7.592263002537355, 0.0 ], [ 110.644449283579235, -7.592177262486639, 0.0 ], [ 110.644427231931786, -7.592365607349104, 0.0 ], [ 110.644380724877749, -7.592762656648024, 0.0 ] ] ] ] } },
{ "type": "Feature", "properties": { "OBJECTID": 20, "ZONA": "Badan Jalan", "SUB_ZONA": "Badan Jalan", "KODE": "BJ", "KEPADATAN": 0.0, "JUML_RUMH": 0.0, "LUAS_BID": 1.01484679291, "Shape_Leng": 7.5439223612499999, "Shape_Area": 1.0148442358200001 }, "geometry": { "type": "MultiPolygon", "coordinates": [ [ [ [ 110.652201931983043, -7.592427491873949, 0.0 ], [ 110.652201725998069, -7.592424353802298, 0.0 ], [ 110.652200568926247, -7.592406693218107, 0.0 ], [ 110.652191537061739, -7.592406529501748, 0.0 ], [ 110.652200579875412, -7.592406605484878, 0.0 ], [ 110.652208356080024, -7.592406872220196, 0.0 ], [ 110.652203802999935, -7.592421990049, 0.0 ], [ 110.65220293428095, -7.592424544726134, 0.0 ], [ 110.652201931983043, -7.592427491873949, 0.0 ] ] ] ] } },
{ "type": "Feature", "properties": { "OBJECTID": 21, "ZONA": "Badan Jalan", "SUB_ZONA": "Badan Jalan", "KODE": "BJ", "KEPADATAN": 0.0, "JUML_RUMH": 0.0, "LUAS_BID": 0.05212789857, "Shape_Leng": 14.7788650909, "Shape_Area": 0.05219736461 }, "geometry": { "type": "MultiPolygon", "coordinates": [ [ [ [ 110.652109897261099, -7.592410028111063, 0.0 ], [ 110.652116675844297, -7.592409679855539, 0.0 ], [ 110.652166574632346, -7.592407112862967, 0.0 ], [ 110.652176804492157, -7.592406732091014, 0.0 ], [ 110.652157970992377, -7.5924076649929, 0.0 ], [ 110.652109897261099, -7.592410028111063, 0.0 ] ] ] ] } },
{ "type": "Feature", "properties": { "OBJECTID": 22, "ZONA": "Badan Jalan", "SUB_ZONA": "Badan Jalan", "KODE": "BJ", "KEPADATAN": 0.0, "JUML_RUMH": 0.0, "LUAS_BID": 0.11478914823, "Shape_Leng": 24.2231481002, "Shape_Area": 0.11475073315000001 }, "geometry": { "type": "MultiPolygon", "coordinates": [ [ [ [ 110.644381648781348, -7.592945594775413, 0.0 ], [ 110.644381247417328, -7.592937582796013, 0.0 ], [ 110.644379760265167, -7.592893955755966, 0.0 ], [ 110.644379737254638, -7.59289327460659, 0.0 ], [ 110.644379644309637, -7.592890545485596, 0.0 ], [ 110.644378187245096, -7.592847813075818, 0.0 ], [ 110.644377846938454, -7.592836105131216, 0.0 ], [ 110.644379656217012, -7.592888190936523, 0.0 ], [ 110.644381648781348, -7.592945594775413, 0.0 ] ] ] ] } },
{ "type": "Feature", "properties": { "OBJECTID": 23, "ZONA": "Badan Jalan", "SUB_ZONA": "Badan Jalan", "KODE": "BJ", "KEPADATAN": 0.0, "JUML_RUMH": 0.0, "LUAS_BID": 0.00033431147, "Shape_Leng": 0.65618928815, "Shape_Area": 0.00033043503 }, "geometry": { "type": "MultiPolygon", "coordinates": [ [ [ [ 110.644383142179393, -7.592962873013797, 0.0 ], [ 110.644383009769541, -7.592961834475369, 0.0 ], [ 110.644382818244594, -7.592959922992169, 0.0 ], [ 110.644383142179393, -7.592962873013797, 0.0 ] ] ] ] } },
{ "type": "Feature", "properties": { "OBJECTID": 24, "ZONA": "Badan Jalan", "SUB_ZONA": "Badan Jalan", "KODE": "BJ", "KEPADATAN": 0.0, "JUML_RUMH": 0.0, "LUAS_BID": 0.00087147544, "Shape_Leng": 1.12220009345, "Shape_Area": 0.00086442004 }, "geometry": { "type": "MultiPolygon", "coordinates": [ [ [ [ 110.644396694696184, -7.593013078811318, 0.0 ], [ 110.644395228793471, -7.593009775078452, 0.0 ], [ 110.644394671467822, -7.593008422311439, 0.0 ], [ 110.644396694696184, -7.593013078811318, 0.0 ] ] ] ] } },
{ "type": "Feature", "properties": { "OBJECTID": 25, "ZONA": "Badan Jalan", "SUB_ZONA": "Badan Jalan", "KODE": "BJ", "KEPADATAN": 0.0, "JUML_RUMH": 0.0, "LUAS_BID": 0.07942540835, "Shape_Leng": 18.126087115800001, "Shape_Area": 0.07942594393000001 }, "geometry": { "type": "MultiPolygon", "coordinates": [ [ [ [ 110.644492361875422, -7.593125238788927, 0.0 ], [ 110.644445626667007, -7.593078417830143, 0.0 ], [ 110.644436355844121, -7.593068972109242, 0.0 ], [ 110.644434515327859, -7.593067022190068, 0.0 ], [ 110.644492361875422, -7.593125238788927, 0.0 ] ] ] ] } },
{ "type": "Feature", "properties": { "OBJECTID": 26, "ZONA": "Badan Jalan", "SUB_ZONA": "Badan Jalan", "KODE": "BJ", "KEPADATAN": 0.0, "JUML_RUMH": 0.0, "LUAS_BID": 0.07447424688, "Shape_Leng": 8.0669915056600008, "Shape_Area": 0.07445733888 }, "geometry": { "type": "MultiPolygon", "coordinates": [ [ [ [ 110.644785600225546, -7.593413848276576, 0.0 ], [ 110.644782845989297, -7.593410683697897, 0.0 ], [ 110.64477704570659, -7.593404232186909, 0.0 ], [ 110.644774089315462, -7.59340105930192, 0.0 ], [ 110.644773931709395, -7.593400895448481, 0.0 ], [ 110.644771076683085, -7.593397928885071, 0.0 ], [ 110.644764936196907, -7.593391776503811, 0.0 ], [ 110.644760440543408, -7.593387416487698, 0.0 ], [ 110.644774419558331, -7.59340074659557, 0.0 ], [ 110.644785600225546, -7.593413848276576, 0.0 ] ] ] ] } },
{ "type": "Feature", "properties": { "OBJECTID": 27, "ZONA": "Badan Jalan", "SUB_ZONA": "Badan Jalan", "KODE": "BJ", "KEPADATAN": 0.0, "JUML_RUMH": 0.0, "LUAS_BID": 0.24917230007, "Shape_Leng": 15.598939863, "Shape_Area": 0.24907444901 }, "geometry": { "type": "MultiPolygon", "coordinates": [ [ [ [ 110.64486836214715, -7.59353781745962, 0.0 ], [ 110.644867381174109, -7.593533497403711, 0.0 ], [ 110.64486565695023, -7.593526816754172, 0.0 ], [ 110.644864693277427, -7.593523508910409, 0.0 ], [ 110.644862627802851, -7.593517298350999, 0.0 ], [ 110.644860138226989, -7.593510884824448, 0.0 ], [ 110.644859584458686, -7.593509613470895, 0.0 ], [ 110.64485876556806, -7.593507734943692, 0.0 ], [ 110.644855901142591, -7.593501860226061, 0.0 ], [ 110.644854274551079, -7.593498828634557, 0.0 ], [ 110.644852569959497, -7.593495841302543, 0.0 ], [ 110.64485078555623, -7.593492896419413, 0.0 ], [ 110.644847176515285, -7.593487428143288, 0.0 ], [ 110.644845186220905, -7.593484608825126, 0.0 ], [ 110.644841050526708, -7.593479073181379, 0.0 ], [ 110.64483787993089, -7.593475108635356, 0.0 ], [ 110.644840958352177, -7.593478714901924, 0.0 ], [ 110.644841145829318, -7.593478933957669, 0.0 ], [ 110.644847317146372, -7.593487288052073, 0.0 ], [ 110.644851229119936, -7.593492581996517, 0.0 ], [ 110.644856170510408, -7.59350171300361, 0.0 ], [ 110.644859302442342, -7.59350749929339, 0.0 ], [ 110.64486291705029, -7.593517229841149, 0.0 ], [ 110.644865208293425, -7.593523396261826, 0.0 ], [ 110.644867425564868, -7.593533534526784, 0.0 ], [ 110.64486836214715, -7.59353781745962, 0.0 ] ] ] ] } },
{ "type": "Feature", "properties": { "OBJECTID": 28, "ZONA": "Badan Jalan", "SUB_ZONA": "Badan Jalan", "KODE": "BJ", "KEPADATAN": 0.0, "JUML_RUMH": 0.0, "LUAS_BID": 10.4033069812, "Shape_Leng": 36.7326654027, "Shape_Area": 10.403332520299999 }, "geometry": { "type": "MultiPolygon", "coordinates": [ [ [ [ 110.651761407029767, -7.593822466381663, 0.0 ], [ 110.651808441380453, -7.593693601155294, 0.0 ], [ 110.651828051024552, -7.593671172107836, 0.0 ], [ 110.651826012092712, -7.593678037867064, 0.0 ], [ 110.651824849455465, -7.593681953665119, 0.0 ], [ 110.651761407029767, -7.593822466381663, 0.0 ] ] ] ] } },
{ "type": "Feature", "properties": { "OBJECTID": 29, "ZONA": "Badan Jalan", "SUB_ZONA": "Badan Jalan", "KODE": "BJ", "KEPADATAN": 0.0, "JUML_RUMH": 0.0, "LUAS_BID": 0.30112326293000002, "Shape_Leng": 9.7243250809900008, "Shape_Area": 0.30112326092000002 }, "geometry": { "type": "MultiPolygon", "coordinates": [ [ [ [ 110.652201931983043, -7.592427491873949, 0.0 ], [ 110.65218873946516, -7.592466265988754, 0.0 ], [ 110.652201725998069, -7.592424353802298, 0.0 ], [ 110.652201931983043, -7.592427491873949, 0.0 ] ] ] ] } },
{ "type": "Feature", "properties": { "OBJECTID": 30, "ZONA": "Badan Jalan", "SUB_ZONA": "Badan Jalan", "KODE": "BJ", "KEPADATAN": 0.0, "JUML_RUMH": 0.0, "LUAS_BID": 77.567631662099998, "Shape_Leng": 232.84864055099999, "Shape_Area": 77.568143598299997 }, "geometry": { "type": "MultiPolygon", "coordinates": [ [ [ [ 110.651828051024552, -7.593671172107836, 0.0 ], [ 110.651808441380453, -7.593693601155294, 0.0 ], [ 110.651855923208387, -7.593540364814396, 0.0 ], [ 110.651917455933983, -7.593341779829834, 0.0 ], [ 110.652119809365445, -7.59268872268905, 0.0 ], [ 110.652081249822174, -7.592818566242732, 0.0 ], [ 110.652067449137817, -7.592865037641531, 0.0 ], [ 110.652048006183648, -7.592930509255205, 0.0 ], [ 110.65202726423783, -7.593000355167399, 0.0 ], [ 110.652023847242475, -7.593011862008768, 0.0 ], [ 110.65190493315653, -7.593412285406581, 0.0 ], [ 110.651856983305279, -7.593573747417039, 0.0 ], [ 110.651856481525328, -7.593575438535692, 0.0 ], [ 110.651828051024552, -7.593671172107836, 0.0 ] ] ] ] } },
{ "type": "Feature", "properties": { "OBJECTID": 31, "ZONA": "Badan Jalan", "SUB_ZONA": "Badan Jalan", "KODE": "BJ", "KEPADATAN": 0.0, "JUML_RUMH": 0.0, "LUAS_BID": 47394.105689399999, "Shape_Leng": 24167.230458900001, "Shape_Area": 47394.106190899998 }, "geometry": { "type": "MultiPolygon", "coordinates": [ [ [ [ 110.640484648436313, -7.586224368783299, 0.0 ], [ 110.640507412242357, -7.586125374023194, 0.0 ], [ 110.640510315257885, -7.5861163055376, 0.0 ], [ 110.640514689986418, -7.58610784793892, 0.0 ], [ 110.640520415664469, -7.586100234502672, 0.0 ], [ 110.640527331658191, -7.586093677666632, 0.0 ], [ 110.640535245626666, -7.586088363610291, 0.0 ], [ 110.640543935348489, -7.586084435974287, 0.0 ], [ 110.640553159589032, -7.586082009437823, 0.0 ], [ 110.640562659931533, -7.58608114801075, 0.0 ], [ 110.640572170738409, -7.586081877705682, 0.0 ], [ 110.640581428224962, -7.5860841765953, 0.0 ], [ 110.640734084612006, -7.586135939279905, 0.0 ], [ 110.640837239755996, -7.586170918616401, 0.0 ], [ 110.640994693331464, -7.586232866853349, 0.0 ], [ 110.6410014189414, -7.586236158655791, 0.0 ], [ 110.641007527243147, -7.586240489283216, 0.0 ], [ 110.641012857875239, -7.586245742820172, 0.0 ], [ 110.641017274064254, -7.586251781661284, 0.0 ], [ 110.641020658994805, -7.586258451031154, 0.0 ], [ 110.641022925782295, -7.586265578087945, 0.0 ], [ 110.641024015658346, -7.586272973730978, 0.0 ], [ 110.641023899769607, -7.586280449788874, 0.0 ], [ 110.641022580999859, -7.586287808166278, 0.0 ], [ 110.641020093954253, -7.586294859839579, 0.0 ], [ 110.64102001766399, -7.586295029833098, 0.0 ], [ 110.640933560814361, -7.586488698935423, 0.0 ], [ 110.64091644254276, -7.586527045203495, 0.0 ], [ 110.640868182906971, -7.5866876689317, 0.0 ], [ 110.640867855244892, -7.586689245301808, 0.0 ], [ 110.64086780405205, -7.586690852655105, 0.0 ], [ 110.6408680311783, -7.586692446669888, 0.0 ], [ 110.640868529412586, -7.586693977589626, 0.0 ], [ 110.640869285195066, -7.586695399270787, 0.0 ], [ 110.640870274082928, -7.586696670988176, 0.0 ], [ 110.640871468912962, -7.586697752918914, 0.0 ], [ 110.640872831635988, -7.586698614276685, 0.0 ], [ 110.640874323292536, -7.586699228797194, 0.0 ], [ 110.64087589766406, -7.586699578351159, 0.0 ], [ 110.640877509434048, -7.586699650237383, 0.0 ], [ 110.641140511334356, -7.586688836266784, 0.0 ], [ 110.641196314450696, -7.586686541316925, 0.0 ], [ 110.641296581914091, -7.586683845229447, 0.0 ], [ 110.641413341536889, -7.586680704106901, 0.0 ], [ 110.641455365173059, -7.586679574589556, 0.0 ], [ 110.641534219817984, -7.586680554095453, 0.0 ], [ 110.641582538969161, -7.586684302596783, 0.0 ], [ 110.641650835999911, -7.586694095513906, 0.0 ], [ 110.641683388111673, -7.586700618853759, 0.0 ], [ 110.641795225840127, -7.586723033608061, 0.0 ], [ 110.641840522715484, -7.586732112853088, 0.0 ], [ 110.641868527314287, -7.586739010538719, 0.0 ], [ 110.642000501282851, -7.586777717495345, 0.0 ], [ 110.642003195978262, -7.586778263351545, 0.0 ], [ 110.642005943641905, -7.586778338882271, 0.0 ], [ 110.642008664498206, -7.586777944021882, 0.0 ], [ 110.642011277855346, -7.586777090463171, 0.0 ], [ 110.642013704824095, -7.586775802564209, 0.0 ], [ 110.64201587556866, -7.586774119163421, 0.0 ], [ 110.642017725683544, -7.586772089958367, 0.0 ], [ 110.642019199821192, -7.586769773699626, 0.0 ], [ 110.642020254410042, -7.586767240002158, 0.0 ], [ 110.642098004409391, -7.586523139939034, 0.0 ], [ 110.642198805782556, -7.586206667210482, 0.0 ], [ 110.642216085345609, -7.586212146751609, 0.0 ], [ 110.642108736274864, -7.586549176460907, 0.0 ], [ 110.642037735767218, -7.586772087432701, 0.0 ], [ 110.642037175346942, -7.586774495803696, 0.0 ], [ 110.642037004691232, -7.586776962387066, 0.0 ], [ 110.642037228385107, -7.58677942386767, 0.0 ], [ 110.642037841039439, -7.586781819635828, 0.0 ], [ 110.642038826386624, -7.586784089072927, 0.0 ], [ 110.642040159999425, -7.586786172458161, 0.0 ], [ 110.642041807471145, -7.586788019108075, 0.0 ], [ 110.642043728047128, -7.586789581047658, 0.0 ], [ 110.642045871899057, -7.586790820244572, 0.0 ], [ 110.642048186474483, -7.586791704091534, 0.0 ], [ 110.642126637659558, -7.586814712712507, 0.0 ], [ 110.642182003935631, -7.586830951627026, 0.0 ], [ 110.642245833736524, -7.586852614881924, 0.0 ], [ 110.642248482109522, -7.586853269245236, 0.0 ], [ 110.642251204290488, -7.58685346596396, 0.0 ], [ 110.642253919602496, -7.586853198639866, 0.0 ], [ 110.642256550982125, -7.586852476255107, 0.0 ], [ 110.642259020450439, -7.586851318645769, 0.0 ], [ 110.642261258175381, -7.586849760127547, 0.0 ], [ 110.64226319794362, -7.586847844064642, 0.0 ], [ 110.642264784407601, -7.586845629207696, 0.0 ], [ 110.642265971282185, -7.586843177932974, 0.0 ], [ 110.642346505460765, -7.586632723257985, 0.0 ], [ 110.642450197237892, -7.586361753814093, 0.0 ], [ 110.642467135148152, -7.586368206366938, 0.0 ], [ 110.642354637272959, -7.586662187712268, 0.0 ], [ 110.642318229962797, -7.586757330620027, 0.0 ], [ 110.642283060018684, -7.58684923713583, 0.0 ], [ 110.64228240000871, -7.586851489841661, 0.0 ], [ 110.642282109803787, -7.586853819738912, 0.0 ], [ 110.642282197612147, -7.586856167133647, 0.0 ], [ 110.642282659859163, -7.586858469608557, 0.0 ], [ 110.642283485714927, -7.586860668358623, 0.0 ], [ 110.642284654376112, -7.586862706379686, 0.0 ], [ 110.642286134157118, -7.586864531181464, 0.0 ], [ 110.642287887927139, -7.586866097505614, 0.0 ], [ 110.642289870395018, -7.586867361896187, 0.0 ], [ 110.642292029911843, -7.586868295364924, 0.0 ], [ 110.642398037431349, -7.586904273510479, 0.0 ], [ 110.64252130521632, -7.586946109249763, 0.0 ], [ 110.642649428138625, -7.586989436938994, 0.0 ], [ 110.642802115140626, -7.587041073213451, 0.0 ], [ 110.642930478288847, -7.587084482429598, 0.0 ], [ 110.64315560779167, -7.587160615539078, 0.0 ], [ 110.643187644939189, -7.587110069006599, 0.0 ], [ 110.643225123681859, -7.58703686419036, 0.0 ], [ 110.64326879708247, -7.58693251878015, 0.0 ], [ 110.643275079531563, -7.586920273531761, 0.0 ], [ 110.643283183210144, -7.586909143285456, 0.0 ], [ 110.643292912082501, -7.586899398342593, 0.0 ], [ 110.643304033886409, -7.586891266460659, 0.0 ], [ 110.643316281026955, -7.586884948231534, 0.0 ], [ 110.643332488361438, -7.58687811855745, 0.0 ], [ 110.643389872407511, -7.586853935272964, 0.0 ], [ 110.64346063438704, -7.586824114900369, 0.0 ], [ 110.643478746114795, -7.586816482631537, 0.0 ], [ 110.643518218056499, -7.586802994588501, 0.0 ], [ 110.643559184807302, -7.586795104254852, 0.0 ], [ 110.643569028109752, -7.586793909262485, 0.0 ], [ 110.643587987594415, -7.586791609136831, 0.0 ], [ 110.643634935923274, -7.586787856614214, 0.0 ], [ 110.643718995959574, -7.586781137695799, 0.0 ], [ 110.643805349693679, -7.586774236110136, 0.0 ], [ 110.643836974651137, -7.586771709352663, 0.0 ], [ 110.64388363761465, -7.586769920360457, 0.0 ], [ 110.643952998365393, -7.586767263480613, 0.0 ], [ 110.64398377187797, -7.586766084708422, 0.0 ], [ 110.644037045244488, -7.586769925640358, 0.0 ], [ 110.644101794745254, -7.586774593675739, 0.0 ], [ 110.644119180149758, -7.586777097240435, 0.0 ], [ 110.644136060670803, -7.586779528026843, 0.0 ], [ 110.644169277407997, -7.586789265614114, 0.0 ], [ 110.64419760257185, -7.586802164238818, 0.0 ], [ 110.6442007733732, -7.586803608695201, 0.0 ], [ 110.644229909693749, -7.586822267289957, 0.0 ], [ 110.644276144898953, -7.586856743367854, 0.0 ], [ 110.644297415650172, -7.586872604969354, 0.0 ], [ 110.644325697360401, -7.586889856274373, 0.0 ], [ 110.644345850562203, -7.586902147581397, 0.0 ], [ 110.644377198772389, -7.586918702169061, 0.0 ], [ 110.644399857981867, -7.586927287747485, 0.0 ], [ 110.644410355186409, -7.586931266427015, 0.0 ], [ 110.644444813204572, -7.586939648174758, 0.0 ], [ 110.644480045326006, -7.586943716724665, 0.0 ], [ 110.644480578348393, -7.586943746106185, 0.0 ], [ 110.644548590476916, -7.586947370172092, 0.0 ], [ 110.644622116859068, -7.586951288191306, 0.0 ], [ 110.644682073813215, -7.586954483226465, 0.0 ], [ 110.644749391566478, -7.586958069607005, 0.0 ], [ 110.644830778233114, -7.586962407393836, 0.0 ], [ 110.644909788960774, -7.586966617492307, 0.0 ], [ 110.644988203212492, -7.586970795430124, 0.0 ], [ 110.644988601167015, -7.586970816559766, 0.0 ], [ 110.645061763061904, -7.586972606691428, 0.0 ], [ 110.645119243911338, -7.586974014051926, 0.0 ], [ 110.645200446671069, -7.586976003392035, 0.0 ], [ 110.645237036685856, -7.586976897996737, 0.0 ], [ 110.645284874866391, -7.586976937017035, 0.0 ], [ 110.645344818092269, -7.586976985903657, 0.0 ], [ 110.645431613976697, -7.586977056675288, 0.0 ], [ 110.645432924762019, -7.586977147295006, 0.0 ], [ 110.645470370981329, -7.586979734098209, 0.0 ], [ 110.645514862653698, -7.586985876119396, 0.0 ], [ 110.645592242672166, -7.586996556864712, 0.0 ], [ 110.645595076201914, -7.586996948132942, 0.0 ], [ 110.645614709592607, -7.586998659270176, 0.0 ], [ 110.645659221276716, -7.587000292984999, 0.0 ], [ 110.645730625626626, -7.587002913764227, 0.0 ], [ 110.645805417622299, -7.587005660310399, 0.0 ], [ 110.645846823589835, -7.587007179311719, 0.0 ], [ 110.645892418896594, -7.587011769070331, 0.0 ], [ 110.64589639738189, -7.587012169409871, 0.0 ], [ 110.64598091826953, -7.587026151199146, 0.0 ], [ 110.646046974492222, -7.587037078635813, 0.0 ], [ 110.646053455674135, -7.587037804841935, 0.0 ], [ 110.646069250721254, -7.587039576153864, 0.0 ], [ 110.646142696091445, -7.587043947938614, 0.0 ], [ 110.646188039120545, -7.587046646034167, 0.0 ], [ 110.646230349360991, -7.58705095086358, 0.0 ], [ 110.646358417706452, -7.587063978417364, 0.0 ], [ 110.646582684547781, -7.58706607295595, 0.0 ], [ 110.64666359510295, -7.587071804840381, 0.0 ], [ 110.646693911292303, -7.58707562046534, 0.0 ], [ 110.646723630116412, -7.587082713714972, 0.0 ], [ 110.646818825706276, -7.58711099690845, 0.0 ], [ 110.646944439643221, -7.587152361142641, 0.0 ], [ 110.646965121636555, -7.587157753710369, 0.0 ], [ 110.646969040692738, -7.587158775422149, 0.0 ], [ 110.646994255315633, -7.58716204596057, 0.0 ], [ 110.647103252099939, -7.587169251469471, 0.0 ], [ 110.647345240574694, -7.587185243128203, 0.0 ], [ 110.647377499963781, -7.587187376902501, 0.0 ], [ 110.647485804758574, -7.587196082413998, 0.0 ], [ 110.647612342561104, -7.587206255390638, 0.0 ], [ 110.647669840791977, -7.587210879032338, 0.0 ], [ 110.647708414172044, -7.587210885858126, 0.0 ], [ 110.64771192816049, -7.587210603769422, 0.0 ], [ 110.647814526451768, -7.587202387563347, 0.0 ], [ 110.647842325667426, -7.587197820355798, 0.0 ], [ 110.647850483494551, -7.587195774523146, 0.0 ], [ 110.647960195697422, -7.587168262618191, 0.0 ], [ 110.648004795800674, -7.587157079505905, 0.0 ], [ 110.648050094666146, -7.587148348302312, 0.0 ], [ 110.648055176167077, -7.587147941746021, 0.0 ], [ 110.648096082931602, -7.587144665981138, 0.0 ], [ 110.648190686158159, -7.58714233368726, 0.0 ], [ 110.6483514855354, -7.587138367905129, 0.0 ], [ 110.648356713111269, -7.587137811307039, 0.0 ], [ 110.648361779101535, -7.587136410627055, 0.0 ], [ 110.648366548400546, -7.587134203747338, 0.0 ], [ 110.648370894042486, -7.587131252075066, 0.0 ], [ 110.648374699926066, -7.587127634212797, 0.0 ], [ 110.648377863535671, -7.587123444151517, 0.0 ], [ 110.648380300468872, -7.587118797606252, 0.0 ], [ 110.648381946263555, -7.587113814830865, 0.0 ], [ 110.648404383366639, -7.587020932309672, 0.0 ], [ 110.648420242211543, -7.586945263605387, 0.0 ], [ 110.64843147563171, -7.586868776155625, 0.0 ], [ 110.648438041701681, -7.586791749434865, 0.0 ], [ 110.648446762436009, -7.586632317551592, 0.0 ], [ 110.648447983544372, -7.586609988657512, 0.0 ], [ 110.648458499259789, -7.586611307859631, 0.0 ], [ 110.648469751339036, -7.586614549839187, 0.0 ], [ 110.648480362015036, -7.586619498198131, 0.0 ], [ 110.648490072115607, -7.586626031516476, 0.0 ], [ 110.648492399523235, -7.586627875979041, 0.0 ], [ 110.64849202223526, -7.586634781962835, 0.0 ], [ 110.648483301516734, -7.586794214752311, 0.0 ], [ 110.648476502974802, -7.586873973951287, 0.0 ], [ 110.648464871199891, -7.586953175654502, 0.0 ], [ 110.648448449032628, -7.587031529533494, 0.0 ], [ 110.64832578665947, -7.587539317995766, 0.0 ], [ 110.648237048623002, -7.58791328030067, 0.0 ], [ 110.648184420285659, -7.588135069325324, 0.0 ], [ 110.648133200042025, -7.588154618763606, 0.0 ], [ 110.648185672853373, -7.587933489042431, 0.0 ], [ 110.648199215859435, -7.587876414349457, 0.0 ], [ 110.648281700024185, -7.587528808482586, 0.0 ], [ 110.648363460452316, -7.587190343450827, 0.0 ], [ 110.648363895155242, -7.587187533345432, 0.0 ], [ 110.648363857574793, -7.587184692103267, 0.0 ], [ 110.648363347648512, -7.58718189661155, 0.0 ], [ 110.648362380727377, -7.587179221056327, 0.0 ], [ 110.648360982129944, -7.58717674505905, 0.0 ], [ 110.648359192597695, -7.587174533780702, 0.0 ], [ 110.64835705922016, -7.587172649673751, 0.0 ], [ 110.64835464269521, -7.587171142537882, 0.0 ], [ 110.648352010070226, -7.587170057655127, 0.0 ], [ 110.648349232938514, -7.587169424029189, 0.0 ], [ 110.64834638924944, -7.587169258005073, 0.0 ], [ 110.648191043731629, -7.587173087085961, 0.0 ], [ 110.648096844823385, -7.587175410661205, 0.0 ], [ 110.648054257216941, -7.587178820749225, 0.0 ], [ 110.64801230854728, -7.58718690700227, 0.0 ], [ 110.647959030152634, -7.587200266689416, 0.0 ], [ 110.647849838403275, -7.587227647854429, 0.0 ], [ 110.647816992696747, -7.587233042262947, 0.0 ], [ 110.647710880408766, -7.587241541462545, 0.0 ], [ 110.647667364555943, -7.587241534250869, 0.0 ], [ 110.647611581386627, -7.587237049490946, 0.0 ], [ 110.647484508750736, -7.587226832661452, 0.0 ], [ 110.647375243076496, -7.587218049482908, 0.0 ], [ 110.647344522910828, -7.587216018266814, 0.0 ], [ 110.647101238134127, -7.587199939622176, 0.0 ], [ 110.646992217771356, -7.587192734997862, 0.0 ], [ 110.646963145311005, -7.587188962917007, 0.0 ], [ 110.646934781097045, -7.587181565947525, 0.0 ], [ 110.646809596737768, -7.587140344074462, 0.0 ], [ 110.646714834364332, -7.587112189677673, 0.0 ], [ 110.646688389332013, -7.587105877005415, 0.0 ], [ 110.646661412499682, -7.587102481093553, 0.0 ], [ 110.64660617191646, -7.587098568326319, 0.0 ], [ 110.646581448312915, -7.587096817819257, 0.0 ], [ 110.64650038048768, -7.58709606085103, 0.0 ], [ 110.646411599861523, -7.587095231564369, 0.0 ], [ 110.646356706431618, -7.587094718370238, 0.0 ], [ 110.646319263004116, -7.587090910494029, 0.0 ], [ 110.646228567372106, -7.587081684426152, 0.0 ], [ 110.646185557336295, -7.587077308471731, 0.0 ], [ 110.646163059867163, -7.587075970420617, 0.0 ], [ 110.646140647610906, -7.58707463515135, 0.0 ], [ 110.64606741616754, -7.587070278013032, 0.0 ], [ 110.646051955603554, -7.587068543155451, 0.0 ], [ 110.646041932886689, -7.587067418775837, 0.0 ], [ 110.6459799066008, -7.587057157658414, 0.0 ], [ 110.645891355764789, -7.58704251135682, 0.0 ], [ 110.645845690657794, -7.587037913400103, 0.0 ], [ 110.645804624630003, -7.587036407339184, 0.0 ], [ 110.645729553421688, -7.587033651519625, 0.0 ], [ 110.645657799152858, -7.587031016886562, 0.0 ], [ 110.645613576644166, -7.587029393357209, 0.0 ], [ 110.645590852163693, -7.587027413761361, 0.0 ], [ 110.645513520180572, -7.587016740291173, 0.0 ], [ 110.645466146934623, -7.587010199725045, 0.0 ], [ 110.64543158879259, -7.587007811564665, 0.0 ], [ 110.645343520118004, -7.587007739754807, 0.0 ], [ 110.645283556037413, -7.587007690850802, 0.0 ], [ 110.645237011487922, -7.587007652885466, 0.0 ], [ 110.645199499575995, -7.587008899517509, 0.0 ], [ 110.645117632084194, -7.587011616040146, 0.0 ], [ 110.645060213785413, -7.587013521214818, 0.0 ], [ 110.644986184466319, -7.587015979074637, 0.0 ], [ 110.644907606129181, -7.587011792861125, 0.0 ], [ 110.64482854916271, -7.587007579105898, 0.0 ], [ 110.64474710084508, -7.587003238554246, 0.0 ], [ 110.644679626259887, -7.586999643903916, 0.0 ], [ 110.644619452645841, -7.586996436931858, 0.0 ], [ 110.644545682406175, -7.586992506953322, 0.0 ], [ 110.644477628571195, -7.586988881043439, 0.0 ], [ 110.644436824464265, -7.586984166607472, 0.0 ], [ 110.644396916494742, -7.586974460655474, 0.0 ], [ 110.644358515552327, -7.58695991022537, 0.0 ], [ 110.644322209801942, -7.586940736510313, 0.0 ], [ 110.644271972678823, -7.586910095194951, 0.0 ], [ 110.644202776149967, -7.586858496081921, 0.0 ], [ 110.644193210824795, -7.586852370743838, 0.0 ], [ 110.644179068061632, -7.586843313612597, 0.0 ], [ 110.64415343975395, -7.586831642866671, 0.0 ], [ 110.644126410481078, -7.586823719453212, 0.0 ], [ 110.644115645670198, -7.586822168376524, 0.0 ], [ 110.644098528568762, -7.586819703022531, 0.0 ], [ 110.644033653965394, -7.586815026742964, 0.0 ], [ 110.643983005781479, -7.586811375202438, 0.0 ], [ 110.643949944988961, -7.586812642557524, 0.0 ], [ 110.643880385691816, -7.586815307414956, 0.0 ], [ 110.643839654411522, -7.586816867888778, 0.0 ], [ 110.643801872723984, -7.586819886205163, 0.0 ], [ 110.643715484529181, -7.586826791379707, 0.0 ], [ 110.643630870551831, -7.586833553261783, 0.0 ], [ 110.643592534927834, -7.586836617238309, 0.0 ], [ 110.643564656902413, -7.586840000044893, 0.0 ], [ 110.64352988461998, -7.586846697823981, 0.0 ], [ 110.643496381208493, -7.58685814736844, 0.0 ], [ 110.643456790591657, -7.58687483201279, 0.0 ], [ 110.643386446664806, -7.586904475434117, 0.0 ], [ 110.64333391610792, -7.586926612069743, 0.0 ], [ 110.64332874662361, -7.58692927988859, 0.0 ], [ 110.643327908623633, -7.586929711579083, 0.0 ], [ 110.643322452490239, -7.586933700719044, 0.0 ], [ 110.643317680143198, -7.586938481906193, 0.0 ], [ 110.643313704993986, -7.586943941259539, 0.0 ], [ 110.643310623243266, -7.586949948601932, 0.0 ], [ 110.643266279503379, -7.587055895435405, 0.0 ], [ 110.643227064662909, -7.587132491820537, 0.0 ], [ 110.643063550242999, -7.587390474493898, 0.0 ], [ 110.642965550872262, -7.587557958509194, 0.0 ], [ 110.642951067544459, -7.587585925436924, 0.0 ], [ 110.642939540256961, -7.587615227202052, 0.0 ], [ 110.642868481783069, -7.587827352338133, 0.0 ], [ 110.642808267731823, -7.588007104169376, 0.0 ], [ 110.642785518335444, -7.588075936657174, 0.0 ], [ 110.642657550121982, -7.58846311439122, 0.0 ], [ 110.642630783716328, -7.588544097178301, 0.0 ], [ 110.642474994464777, -7.589003432809899, 0.0 ], [ 110.642376731073753, -7.58930320410191, 0.0 ], [ 110.642375848643127, -7.589306932859571, 0.0 ], [ 110.642364388650734, -7.589315023730014, 0.0 ], [ 110.642350730748348, -7.589323648289148, 0.0 ], [ 110.642336866245699, -7.589331063286785, 0.0 ], [ 110.64232304650352, -7.589336969521722, 0.0 ], [ 110.642317324562129, -7.58933894579153, 0.0 ], [ 110.642431985222672, -7.588989152496739, 0.0 ], [ 110.642446804353483, -7.588945460165212, 0.0 ], [ 110.642448315057422, -7.588939489530088, 0.0 ], [ 110.642448865864608, -7.588933355285539, 0.0 ], [ 110.642448442141841, -7.588927213003153, 0.0 ], [ 110.642447054644435, -7.588921211943463, 0.0 ], [ 110.642444738600645, -7.588915505909926, 0.0 ], [ 110.642441551009298, -7.588910232441897, 0.0 ], [ 110.642437571535794, -7.588905525479095, 0.0 ], [ 110.642432898897169, -7.58890150179043, 0.0 ], [ 110.642427650859815, -7.588898263687507, 0.0 ], [ 110.642207387517203, -7.588785247295382, 0.0 ], [ 110.642027312516504, -7.588692850669746, 0.0 ], [ 110.641896021453078, -7.58862790400191, 0.0 ], [ 110.641634753399842, -7.588498661106188, 0.0 ], [ 110.641600887934302, -7.588479654709774, 0.0 ], [ 110.641429125953792, -7.588371150942864, 0.0 ], [ 110.641422576067257, -7.588366897747848, 0.0 ], [ 110.641419418206041, -7.588365152064815, 0.0 ], [ 110.641416013310888, -7.588363954338811, 0.0 ], [ 110.641412456540451, -7.588363339021446, 0.0 ], [ 110.641408846695228, -7.588363321571603, 0.0 ], [ 110.641405284400079, -7.588363903881401, 0.0 ], [ 110.641401868481736, -7.58836506975034, 0.0 ], [ 110.64139869415574, -7.588366784883817, 0.0 ], [ 110.641395850301592, -7.588369003222798, 0.0 ], [ 110.641393415839559, -7.588371663322599, 0.0 ], [ 110.641391457916058, -7.588374690160451, 0.0 ], [ 110.64139003190067, -7.58837799875381, 0.0 ], [ 110.64137796678169, -7.588414015448828, 0.0 ], [ 110.64113897066494, -7.589148012655071, 0.0 ], [ 110.641127637278174, -7.589175046801502, 0.0 ], [ 110.641121562321629, -7.589188399360734, 0.0 ], [ 110.641120615354723, -7.589191228933773, 0.0 ], [ 110.641120176669233, -7.589191129070544, 0.0 ], [ 110.64109884895484, -7.589186037812762, 0.0 ], [ 110.64110108483986, -7.589177971021851, 0.0 ], [ 110.641107784326138, -7.58915596871256, 0.0 ], [ 110.641314058010408, -7.588522464193684, 0.0 ], [ 110.641352136395554, -7.588405520266321, 0.0 ], [ 110.641366434418529, -7.588362837028898, 0.0 ], [ 110.641368428361872, -7.588354630734753, 0.0 ], [ 110.641369008275277, -7.588346207990098, 0.0 ], [ 110.641368156737428, -7.588337806678711, 0.0 ], [ 110.641365898023537, -7.588329670146112, 0.0 ], [ 110.641362296306426, -7.588322030011469, 0.0 ], [ 110.641357456564634, -7.588315104359275, 0.0 ], [ 110.641351515522913, -7.588309090495405, 0.0 ], [ 110.641295566023061, -7.588261321793513, 0.0 ], [ 110.641207803034305, -7.588186389259797, 0.0 ], [ 110.641121223186289, -7.588112465361044, 0.0 ], [ 110.641054979969113, -7.588055906707644, 0.0 ], [ 110.641034519510839, -7.588037038876914, 0.0 ], [ 110.640946230760292, -7.587955617481716, 0.0 ], [ 110.640874419460161, -7.587889392645562, 0.0 ], [ 110.640788420758653, -7.587810083440214, 0.0 ], [ 110.640764117708855, -7.587787671087891, 0.0 ], [ 110.640762787026205, -7.587786430747309, 0.0 ], [ 110.640760007586721, -7.587784219526189, 0.0 ], [ 110.640756895031885, -7.587782507344614, 0.0 ], [ 110.640753539071852, -7.587781339504466, 0.0 ], [ 110.640750033960018, -7.587780748647589, 0.0 ], [ 110.64074647939951, -7.5877807547566, 0.0 ], [ 110.640742976924599, -7.587781356106258, 0.0 ], [ 110.640739624456842, -7.587782534686349, 0.0 ], [ 110.640736518116768, -7.58778425801228, 0.0 ], [ 110.640662239046733, -7.587834079267159, 0.0 ], [ 110.640650393126506, -7.587840777663192, 0.0 ], [ 110.640637665786116, -7.587845604709345, 0.0 ], [ 110.640624350840085, -7.587848446674325, 0.0 ], [ 110.640610758378003, -7.587849241400058, 0.0 ], [ 110.640597202083313, -7.587847965627295, 0.0 ], [ 110.640583997405983, -7.587844652180798, 0.0 ], [ 110.640508327443442, -7.587819414942732, 0.0 ], [ 110.640405816746338, -7.58778522481942, 0.0 ], [ 110.640336364873846, -7.587762062317479, 0.0 ], [ 110.640297602857501, -7.587747938183972, 0.0 ], [ 110.640183551681886, -7.587706380808096, 0.0 ], [ 110.640134235275511, -7.587688409897796, 0.0 ], [ 110.640103322932518, -7.587679852546838, 0.0 ], [ 110.640063252919603, -7.587672116186998, 0.0 ], [ 110.639971118546967, -7.587654324195879, 0.0 ], [ 110.639953314337106, -7.587651795695177, 0.0 ], [ 110.639860355458708, -7.587643285548046, 0.0 ], [ 110.639844190225546, -7.587640821719162, 0.0 ], [ 110.639828437252916, -7.587636438764118, 0.0 ], [ 110.639813325840478, -7.587630203810029, 0.0 ], [ 110.639751462940112, -7.587600211776016, 0.0 ], [ 110.639730915333544, -7.5875881216501, 0.0 ], [ 110.639705709145673, -7.5875704167052, 0.0 ], [ 110.639686711925194, -7.587559180857738, 0.0 ], [ 110.639666191863398, -7.587551033709588, 0.0 ], [ 110.639618893390889, -7.587536415793044, 0.0 ], [ 110.639589646789915, -7.5875273767542, 0.0 ], [ 110.639497926535981, -7.587495701889132, 0.0 ], [ 110.639404152663488, -7.587463316130853, 0.0 ], [ 110.63930762189608, -7.587429980092139, 0.0 ], [ 110.639226380111481, -7.58740192303903, 0.0 ], [ 110.639223416336506, -7.587401181558402, 0.0 ], [ 110.639220368724835, -7.587400961936755, 0.0 ], [ 110.639217328828096, -7.587401275104716, 0.0 ], [ 110.639214389124788, -7.587402107570667, 0.0 ], [ 110.639211639380662, -7.587403437699745, 0.0 ], [ 110.639209162127116, -7.587405222141768, 0.0 ], [ 110.639207032649324, -7.587407410304092, 0.0 ], [ 110.639205315371285, -7.587409930780264, 0.0 ], [ 110.639204062931199, -7.58741271305865, 0.0 ], [ 110.639180351935266, -7.587480620985764, 0.0 ], [ 110.639121421990012, -7.587649399238698, 0.0 ], [ 110.638871523242599, -7.588321408590171, 0.0 ], [ 110.638834820366085, -7.58843288808848, 0.0 ], [ 110.638828476868866, -7.588456195023344, 0.0 ], [ 110.638824603259593, -7.588480034983714, 0.0 ], [ 110.638811738090268, -7.588597860739089, 0.0 ], [ 110.638811659096106, -7.588601269943052, 0.0 ], [ 110.638812160318764, -7.588604645255871, 0.0 ], [ 110.638813230058503, -7.58860788445306, 0.0 ], [ 110.638814834848631, -7.588610897051287, 0.0 ], [ 110.638816928529408, -7.588613594365753, 0.0 ], [ 110.638819451335308, -7.588615896745921, 0.0 ], [ 110.638898950640041, -7.588676911723717, 0.0 ], [ 110.638927159667574, -7.588698561262345, 0.0 ], [ 110.638973775527745, -7.588727409158235, 0.0 ], [ 110.639099305307681, -7.588805092571504, 0.0 ], [ 110.639156334742623, -7.588840385004634, 0.0 ], [ 110.639177616697793, -7.588853554903135, 0.0 ], [ 110.639255318440192, -7.588903665720239, 0.0 ], [ 110.639293542325888, -7.588928316719668, 0.0 ], [ 110.639317739711515, -7.588945872506283, 0.0 ], [ 110.639339862617746, -7.588965971085508, 0.0 ], [ 110.6393596438174, -7.588988368005991, 0.0 ], [ 110.639379072353591, -7.589012964512149, 0.0 ], [ 110.639409705762446, -7.589051748313494, 0.0 ], [ 110.639432888443778, -7.589100127790807, 0.0 ], [ 110.639444134384746, -7.58912704764343, 0.0 ], [ 110.639452571010693, -7.589154972840992, 0.0 ], [ 110.639454194261731, -7.589159773758637, 0.0 ], [ 110.639456596516183, -7.58916423792306, 0.0 ], [ 110.639459710793673, -7.589168240450045, 0.0 ], [ 110.639463450160065, -7.589171668198045, 0.0 ], [ 110.639467709534458, -7.589174427006155, 0.0 ], [ 110.639472369316138, -7.589176440792506, 0.0 ], [ 110.639477300825391, -7.589177649749708, 0.0 ], [ 110.639644299916768, -7.589204098096485, 0.0 ], [ 110.639856187092462, -7.589237651762002, 0.0 ], [ 110.639900051796204, -7.589244598899158, 0.0 ], [ 110.639958267246982, -7.58925467049183, 0.0 ], [ 110.640123380841572, -7.589283237374054, 0.0 ], [ 110.640270585496552, -7.589308703938018, 0.0 ], [ 110.640320502727562, -7.589317341228231, 0.0 ], [ 110.640469883151653, -7.589339495233992, 0.0 ], [ 110.64066850203902, -7.589368949850219, 0.0 ], [ 110.640710011314326, -7.58937510709214, 0.0 ], [ 110.6407898706982, -7.58938943339949, 0.0 ], [ 110.641014333560065, -7.589429705083275, 0.0 ], [ 110.641017274164042, -7.589429986114455, 0.0 ], [ 110.641020222420238, -7.589429785023778, 0.0 ], [ 110.641023096737243, -7.589429104457533, 0.0 ], [ 110.641025820948698, -7.589427964253058, 0.0 ], [ 110.64102832159962, -7.589426394200035, 0.0 ], [ 110.641030531569584, -7.589424437661744, 0.0 ], [ 110.64103239098381, -7.589422146148391, 0.0 ], [ 110.641033849930508, -7.589419582033154, 0.0 ], [ 110.641034868463151, -7.589416815838363, 0.0 ], [ 110.641089175279859, -7.589220931203133, 0.0 ], [ 110.641110347100721, -7.589225985245983, 0.0 ], [ 110.641058702622118, -7.589412269319406, 0.0 ], [ 110.641057995137331, -7.589416005454728, 0.0 ], [ 110.641057917648709, -7.589419806333614, 0.0 ], [ 110.641058471148298, -7.589423568837566, 0.0 ], [ 110.641059641219883, -7.589427186217071, 0.0 ], [ 110.641061395307361, -7.589430562562393, 0.0 ], [ 110.641063684537514, -7.589433601045684, 0.0 ], [ 110.641066447332705, -7.589436220206113, 0.0 ], [ 110.641069605790776, -7.589438346710335, 0.0 ], [ 110.641073072932031, -7.589439921690416, 0.0 ], [ 110.641076754510962, -7.589440902554452, 0.0 ], [ 110.641221192660353, -7.589466187415467, 0.0 ], [ 110.641352241263405, -7.589489127430389, 0.0 ], [ 110.641492155531282, -7.58951361879378, 0.0 ], [ 110.641558206021102, -7.589525181012116, 0.0 ], [ 110.641602149232853, -7.58953373724936, 0.0 ], [ 110.641705445382058, -7.589553850158014, 0.0 ], [ 110.641856154466581, -7.589583196007207, 0.0 ], [ 110.641885994997352, -7.589589007935714, 0.0 ], [ 110.641893843033401, -7.589591128346879, 0.0 ], [ 110.641901304877322, -7.589594348379586, 0.0 ], [ 110.641937168777901, -7.58961298462973, 0.0 ], [ 110.641946500965915, -7.589617135180831, 0.0 ], [ 110.641956270165196, -7.589620122832957, 0.0 ], [ 110.642021105297715, -7.58963571829991, 0.0 ], [ 110.642192039744884, -7.589676836294673, 0.0 ], [ 110.642196435020978, -7.589677527374396, 0.0 ], [ 110.642200884369529, -7.589677509326877, 0.0 ], [ 110.642205273565651, -7.589676782058085, 0.0 ], [ 110.642209490181898, -7.589675364471187, 0.0 ], [ 110.642213425401209, -7.589673294467966, 0.0 ], [ 110.642216978555055, -7.589670622620695, 0.0 ], [ 110.642220058931187, -7.589667418505551, 0.0 ], [ 110.642222586685477, -7.589663764371383, 0.0 ], [ 110.642224497374613, -7.589659755143544, 0.0 ], [ 110.642225741054062, -7.589655492995727, 0.0 ], [ 110.642228874844079, -7.589640311701657, 0.0 ], [ 110.642234925348063, -7.589615929857444, 0.0 ], [ 110.642300691926025, -7.58938968492323, 0.0 ], [ 110.642303520228864, -7.589381056883504, 0.0 ], [ 110.642319413027934, -7.589376510092973, 0.0 ], [ 110.642336130888992, -7.589370739212066, 0.0 ], [ 110.64235260049729, -7.58936369993907, 0.0 ], [ 110.642369015337138, -7.589354920255034, 0.0 ], [ 110.642384570723664, -7.589345099624273, 0.0 ], [ 110.642393491812712, -7.58933880039916, 0.0 ], [ 110.642393656738307, -7.589338880135723, 0.0 ], [ 110.642645218159529, -7.589436365621547, 0.0 ], [ 110.642674893538668, -7.589447866111694, 0.0 ], [ 110.642741043695352, -7.589469414529458, 0.0 ], [ 110.642749167375712, -7.589471472737448, 0.0 ], [ 110.642757494123018, -7.589472432076832, 0.0 ], [ 110.642765873466942, -7.589472272523724, 0.0 ], [ 110.642774157635188, -7.589471000288602, 0.0 ], [ 110.642838420047141, -7.589456684216088, 0.0 ], [ 110.642868696116054, -7.589449939391157, 0.0 ], [ 110.642959751120529, -7.589427305303087, 0.0 ], [ 110.642975762937326, -7.589424636443993, 0.0 ], [ 110.64299199567462, -7.589424501426626, 0.0 ], [ 110.643008048634087, -7.589426906253837, 0.0 ], [ 110.64303706438443, -7.58943361293663, 0.0 ], [ 110.643058189886091, -7.589439915135149, 0.0 ], [ 110.643078355935756, -7.58944881171572, 0.0 ], [ 110.643140508510101, -7.589481033264515, 0.0 ], [ 110.643162247279179, -7.589492302877699, 0.0 ], [ 110.643251151739378, -7.589541421761572, 0.0 ], [ 110.643298648589479, -7.589567663002954, 0.0 ], [ 110.643318044983531, -7.58957656979605, 0.0 ], [ 110.64333567010614, -7.589583129621857, 0.0 ], [ 110.643372297880447, -7.58959676418911, 0.0 ], [ 110.643390806173798, -7.589601990517289, 0.0 ], [ 110.643409918026734, -7.589604159940896, 0.0 ], [ 110.643429948564332, -7.589604801417713, 0.0 ], [ 110.643517423527854, -7.589607600388383, 0.0 ], [ 110.643617346869959, -7.589610799409589, 0.0 ], [ 110.643623122702394, -7.589610531872838, 0.0 ], [ 110.643628785955272, -7.589609366924287, 0.0 ], [ 110.643634197901605, -7.589607335205134, 0.0 ], [ 110.643639225239596, -7.589604484547558, 0.0 ], [ 110.643643744620007, -7.589600886310398, 0.0 ], [ 110.64364764446762, -7.589596625430464, 0.0 ], [ 110.643670558035723, -7.589567278708453, 0.0 ], [ 110.643675747285002, -7.589559359051855, 0.0 ], [ 110.643679555570117, -7.589550693813872, 0.0 ], [ 110.643722461826044, -7.589425883979585, 0.0 ], [ 110.643725611840736, -7.58941846015688, 0.0 ], [ 110.64372976860821, -7.589411547328669, 0.0 ], [ 110.643734852239959, -7.589405282017396, 0.0 ], [ 110.643754880082071, -7.589383854121432, 0.0 ], [ 110.643764467658585, -7.589375116730682, 0.0 ], [ 110.6437753303005, -7.589368022153412, 0.0 ], [ 110.643787189551603, -7.589362748358889, 0.0 ], [ 110.643799740697915, -7.589359434399021, 0.0 ], [ 110.643812660939943, -7.589358164132989, 0.0 ], [ 110.643868126100571, -7.589357165711959, 0.0 ], [ 110.643981714456814, -7.589355120370071, 0.0 ], [ 110.644002832079096, -7.589354483668091, 0.0 ], [ 110.644119805790339, -7.589350959399387, 0.0 ], [ 110.64421541347798, -7.589348080654791, 0.0 ], [ 110.644243074600638, -7.58934849043969, 0.0 ], [ 110.644381177479801, -7.589356757994332, 0.0 ], [ 110.644553524393743, -7.589367075185558, 0.0 ], [ 110.644666155860662, -7.589382191928109, 0.0 ], [ 110.644917727546314, -7.589415951968925, 0.0 ], [ 110.644963709561409, -7.589425725257381, 0.0 ], [ 110.645361933323528, -7.589542586036703, 0.0 ], [ 110.645364126793552, -7.589543042817634, 0.0 ], [ 110.645366364071293, -7.589543141430091, 0.0 ], [ 110.645368588953815, -7.589542878209992, 0.0 ], [ 110.645370742506685, -7.589542263963947, 0.0 ], [ 110.645372769420959, -7.58954131040608, 0.0 ], [ 110.645374616187354, -7.589540045533958, 0.0 ], [ 110.645376235639546, -7.589538500968597, 0.0 ], [ 110.645377585137226, -7.58953671647568, 0.0 ], [ 110.645378629285048, -7.589534740872367, 0.0 ], [ 110.645379341755387, -7.589532620269534, 0.0 ], [ 110.645379702555303, -7.5895304143516, 0.0 ], [ 110.64537970438721, -7.589528178290492, 0.0 ], [ 110.645379346294206, -7.589525973595284, 0.0 ], [ 110.645337465135668, -7.589356185013934, 0.0 ], [ 110.645332344927994, -7.589330775475402, 0.0 ], [ 110.645329426097177, -7.589305023096757, 0.0 ], [ 110.645324867914553, -7.589239825308772, 0.0 ], [ 110.64532435242468, -7.589201798255566, 0.0 ], [ 110.645328112965345, -7.589163952888028, 0.0 ], [ 110.645344202221523, -7.589061207537524, 0.0 ], [ 110.645344379259882, -7.589058674924899, 0.0 ], [ 110.645344123868597, -7.589056151005121, 0.0 ], [ 110.645343443243704, -7.589053704530286, 0.0 ], [ 110.645342357267694, -7.589051410594793, 0.0 ], [ 110.645340896711247, -7.589049332542658, 0.0 ], [ 110.645339104132347, -7.589047531013828, 0.0 ], [ 110.645337032066195, -7.589046060324547, 0.0 ], [ 110.645334739406351, -7.589044959418746, 0.0 ], [ 110.645332293208327, -7.58904426362881, 0.0 ], [ 110.645329764167059, -7.589043992008092, 0.0 ], [ 110.645119888038721, -7.589039342297859, 0.0 ], [ 110.645120894205647, -7.588994125266193, 0.0 ], [ 110.64514508404072, -7.588994661510934, 0.0 ], [ 110.645473584082296, -7.589001940706749, 0.0 ], [ 110.645785056798474, -7.589008843056348, 0.0 ], [ 110.645838534798756, -7.589010028170373, 0.0 ], [ 110.646063309525033, -7.589019721707598, 0.0 ], [ 110.646306989623199, -7.589030229231751, 0.0 ], [ 110.64638155314303, -7.589033445877981, 0.0 ], [ 110.646568856253992, -7.589043712920719, 0.0 ], [ 110.646744903293907, -7.589053364685356, 0.0 ], [ 110.647032250226857, -7.589069116620168, 0.0 ], [ 110.647126037325364, -7.589074257358551, 0.0 ], [ 110.647169963611219, -7.589075885026051, 0.0 ], [ 110.647342558496277, -7.589082276441283, 0.0 ], [ 110.64751887736881, -7.589088807395284, 0.0 ], [ 110.647669523628394, -7.589094385781848, 0.0 ], [ 110.647707434259658, -7.589095790522299, 0.0 ], [ 110.647846471400698, -7.589102349930278, 0.0 ], [ 110.647949659632999, -7.589107218598184, 0.0 ], [ 110.647953060193529, -7.589107090190981, 0.0 ], [ 110.647956389604815, -7.589106386428321, 0.0 ], [ 110.647959550850203, -7.589105127131888, 0.0 ], [ 110.647962451431127, -7.589103350218145, 0.0 ], [ 110.647965007901945, -7.589101108988382, 0.0 ], [ 110.64796714496859, -7.589098465796003, 0.0 ], [ 110.64796880092193, -7.589095499287473, 0.0 ], [ 110.647969926738611, -7.589092295355944, 0.0 ], [ 110.647970491521775, -7.589088945336589, 0.0 ], [ 110.647977457711562, -7.589026165721991, 0.0 ], [ 110.648018641071303, -7.588733105622864, 0.0 ], [ 110.6480720183269, -7.588457861574853, 0.0 ], [ 110.648120206451722, -7.588209378233298, 0.0 ], [ 110.648123091895144, -7.588197217903207, 0.0 ], [ 110.648174312144306, -7.588177668466408, 0.0 ], [ 110.64816453057044, -7.588218889327392, 0.0 ], [ 110.648125676397981, -7.58841924245209, 0.0 ], [ 110.648125117368139, -7.588424439580602, 0.0 ], [ 110.648125438577608, -7.588429656417121, 0.0 ], [ 110.648126631987338, -7.588434745512446, 0.0 ], [ 110.648128662358317, -7.588439563918158, 0.0 ], [ 110.648131473596521, -7.588443974096272, 0.0 ], [ 110.648134986026051, -7.588447852962648, 0.0 ], [ 110.648139100018909, -7.588451087367097, 0.0 ], [ 110.648143698701418, -7.588453590377616, 0.0 ], [ 110.648148653405229, -7.588455286811879, 0.0 ], [ 110.648153822745428, -7.588456132232238, 0.0 ], [ 110.648404365040392, -7.588475739436321, 0.0 ], [ 110.648776983169299, -7.588504898639602, 0.0 ], [ 110.649310329009381, -7.588545428109414, 0.0 ], [ 110.649331310150714, -7.588545363620627, 0.0 ], [ 110.649352019278794, -7.588542002707648, 0.0 ], [ 110.649411858598455, -7.588527370912422, 0.0 ], [ 110.649447433046703, -7.588520912115107, 0.0 ], [ 110.649483527984174, -7.588518767564327, 0.0 ], [ 110.649652419107895, -7.588518903678563, 0.0 ], [ 110.649762779145291, -7.588526858608956, 0.0 ], [ 110.649773383088956, -7.588526758603328, 0.0 ], [ 110.649783830683432, -7.588524940718679, 0.0 ], [ 110.649793842674001, -7.588521452671586, 0.0 ], [ 110.649985986652339, -7.58843642800788, 0.0 ], [ 110.650041925519801, -7.588414517636225, 0.0 ], [ 110.650099554742539, -7.588397522168518, 0.0 ], [ 110.650158442703344, -7.588385569703958, 0.0 ], [ 110.650218146938769, -7.588378748532744, 0.0 ], [ 110.650884352408596, -7.5883317105839, 0.0 ], [ 110.651143733378859, -7.588313395247644, 0.0 ], [ 110.651510926501984, -7.58829236023886, 0.0 ], [ 110.65170386724715, -7.588281307368265, 0.0 ], [ 110.651950799159849, -7.588261155275822, 0.0 ], [ 110.651956905576711, -7.588260116305021, 0.0 ], [ 110.651962739055534, -7.588258034161748, 0.0 ], [ 110.651968120954663, -7.58825497383113, 0.0 ], [ 110.651972888927673, -7.588251028352595, 0.0 ], [ 110.651976897832157, -7.588246316106917, 0.0 ], [ 110.651980025169749, -7.588240979916026, 0.0 ], [ 110.651982177433283, -7.588235185239019, 0.0 ], [ 110.651983287400355, -7.588229103887869, 0.0 ], [ 110.651988061367675, -7.58819852916807, 0.0 ], [ 110.652029122803512, -7.58801194654434, 0.0 ], [ 110.652032459343246, -7.587986565542671, 0.0 ], [ 110.652031408362461, -7.58796099107313, 0.0 ], [ 110.652025151797034, -7.587911987131701, 0.0 ], [ 110.652061122621433, -7.587907415338933, 0.0 ], [ 110.652064921605501, -7.587937171964083, 0.0 ], [ 110.652065366852398, -7.587939261846439, 0.0 ], [ 110.652066152135404, -7.587941249785973, 0.0 ], [ 110.652067254835302, -7.587943080586582, 0.0 ], [ 110.652068645074621, -7.58794470628288, 0.0 ], [ 110.652070285723639, -7.587946078903633, 0.0 ], [ 110.652072130576201, -7.587947164038734, 0.0 ], [ 110.6520741288913, -7.587947929988062, 0.0 ], [ 110.652076227198833, -7.587948356808606, 0.0 ], [ 110.65221016366786, -7.587964210475011, 0.0 ], [ 110.652231699182778, -7.587968041309839, 0.0 ], [ 110.652252642550877, -7.587974345632849, 0.0 ], [ 110.652485630457178, -7.588059547565374, 0.0 ], [ 110.652514913347787, -7.588067851279339, 0.0 ], [ 110.652652945656314, -7.58809612041314, 0.0 ], [ 110.652657387605885, -7.588097400290967, 0.0 ], [ 110.652661574272983, -7.588099357477876, 0.0 ], [ 110.6526654014435, -7.588101943949124, 0.0 ], [ 110.65266877579343, -7.588105097215783, 0.0 ], [ 110.652671613983102, -7.588108739419387, 0.0 ], [ 110.652673846281942, -7.588112779144017, 0.0 ], [ 110.652675417470505, -7.588117116844326, 0.0 ], [ 110.652676287744299, -7.588121648464501, 0.0 ], [ 110.652676437251472, -7.58812625910997, 0.0 ], [ 110.652675861550023, -7.588130835707572, 0.0 ], [ 110.652639463940616, -7.588306882233188, 0.0 ], [ 110.652639142669685, -7.588309582983132, 0.0 ], [ 110.652639286443872, -7.588312299482046, 0.0 ], [ 110.652639890796507, -7.588314949411686, 0.0 ], [ 110.652640938561291, -7.588317460393792, 0.0 ], [ 110.652642398977406, -7.588319755516461, 0.0 ], [ 110.652644228582261, -7.588321770521444, 0.0 ], [ 110.652646375750678, -7.588323445666746, 0.0 ], [ 110.652648776155729, -7.588324733864023, 0.0 ], [ 110.652651361839943, -7.588325593449359, 0.0 ], [ 110.652654055764415, -7.58832600265186, 0.0 ], [ 110.652718803262559, -7.58833025422533, 0.0 ], [ 110.652901924254891, -7.588341894642248, 0.0 ], [ 110.653088115572913, -7.588353731007192, 0.0 ], [ 110.653330767311189, -7.588369155459334, 0.0 ], [ 110.653328462060927, -7.588405263531177, 0.0 ], [ 110.652920823799448, -7.588379352048738, 0.0 ], [ 110.652818833566627, -7.588372868174711, 0.0 ], [ 110.65274537540094, -7.588368198086177, 0.0 ], [ 110.652716459889049, -7.588366359547619, 0.0 ], [ 110.652495912634208, -7.58835187959037, 0.0 ], [ 110.652447298074108, -7.588348687451049, 0.0 ], [ 110.652407692417029, -7.588344796953672, 0.0 ], [ 110.65231381048612, -7.588332495906957, 0.0 ], [ 110.652203796471014, -7.588318083365646, 0.0 ], [ 110.652036665250236, -7.588296186923643, 0.0 ], [ 110.652034488723771, -7.588296076635112, 0.0 ], [ 110.652032321891568, -7.588296311895003, 0.0 ], [ 110.652030220057213, -7.588296887320228, 0.0 ], [ 110.652028236717726, -7.588297789385249, 0.0 ], [ 110.652026422659247, -7.58829899370769, 0.0 ], [ 110.652024822326453, -7.588300470472731, 0.0 ], [ 110.652023477451678, -7.588302180817828, 0.0 ], [ 110.652022422516282, -7.58830408406554, 0.0 ], [ 110.65202168294357, -7.588306130485596, 0.0 ], [ 110.652021278720412, -7.588308266725124, 0.0 ], [ 110.652021218954388, -7.588310440327136, 0.0 ], [ 110.652023396761479, -7.588351815590617, 0.0 ], [ 110.652025323935888, -7.588368908732408, 0.0 ], [ 110.652029272988969, -7.588385650715092, 0.0 ], [ 110.652051418542243, -7.588459519162282, 0.0 ], [ 110.652057311208452, -7.588476288932171, 0.0 ], [ 110.65206474187643, -7.588492436693069, 0.0 ], [ 110.652097409331574, -7.588555505009056, 0.0 ], [ 110.652104988940479, -7.588573579594363, 0.0 ], [ 110.65210955712223, -7.588592635927867, 0.0 ], [ 110.652110995520275, -7.588612174599645, 0.0 ], [ 110.652109267371486, -7.588631690837623, 0.0 ], [ 110.652078824703409, -7.588809846063652, 0.0 ], [ 110.652028675253874, -7.589103332776189, 0.0 ], [ 110.652021106656207, -7.589161771936578, 0.0 ], [ 110.651977363131408, -7.589655521757091, 0.0 ], [ 110.65194124247283, -7.589652335033469, 0.0 ], [ 110.651955901132112, -7.589486878024256, 0.0 ], [ 110.651984986037448, -7.589158586122945, 0.0 ], [ 110.651992929558219, -7.58909725177748, 0.0 ], [ 110.652014514450443, -7.588970935045618, 0.0 ], [ 110.65207352171376, -7.588625608942551, 0.0 ], [ 110.65207473480605, -7.588611906783324, 0.0 ], [ 110.65207372506228, -7.588598186563393, 0.0 ], [ 110.652070517577329, -7.588584807411891, 0.0 ], [ 110.652065195473625, -7.588572117649609, 0.0 ], [ 110.652049090295321, -7.588541024192795, 0.0 ], [ 110.652032528021437, -7.58850905023596, 0.0 ], [ 110.652023688326395, -7.588489837613286, 0.0 ], [ 110.652016677725967, -7.588469889240553, 0.0 ], [ 110.651994532178264, -7.588396020791856, 0.0 ], [ 110.651989594737486, -7.588375084492854, 0.0 ], [ 110.651987185094427, -7.58835371422059, 0.0 ], [ 110.651985191220589, -7.588315845166212, 0.0 ], [ 110.651984756879415, -7.588312593841676, 0.0 ], [ 110.651983809344514, -7.588309453366898, 0.0 ], [ 110.651982372123555, -7.588306501552533, 0.0 ], [ 110.651980482321576, -7.588303817124751, 0.0 ], [ 110.651978187930936, -7.588301467963675, 0.0 ], [ 110.651975546923211, -7.58829951291191, 0.0 ], [ 110.651972629061632, -7.588298002680456, 0.0 ], [ 110.651969505931206, -7.588296977127102, 0.0 ], [ 110.651966260009331, -7.588296458931774, 0.0 ], [ 110.6519629719661, -7.5882964635365, 0.0 ], [ 110.651892953069975, -7.588302178559816, 0.0 ], [ 110.65184637806459, -7.588305980209994, 0.0 ], [ 110.651706384692389, -7.588317403911113, 0.0 ], [ 110.651581081670287, -7.588324583398883, 0.0 ], [ 110.651436811938353, -7.588332848492322, 0.0 ], [ 110.651260895967624, -7.588342926217114, 0.0 ], [ 110.651146052233088, -7.588349505200637, 0.0 ], [ 110.65105531095368, -7.588355912634884, 0.0 ], [ 110.650934713625304, -7.588364426314456, 0.0 ], [ 110.650858681876258, -7.588369795325278, 0.0 ], [ 110.650669718066581, -7.588383137732167, 0.0 ], [ 110.650479479574088, -7.588396569487465, 0.0 ], [ 110.650220706871906, -7.588414839685361, 0.0 ], [ 110.650164125061735, -7.588421304259881, 0.0 ], [ 110.650108316228767, -7.588432632345008, 0.0 ], [ 110.650053700170844, -7.588448738345912, 0.0 ], [ 110.650000686740285, -7.588469504095972, 0.0 ], [ 110.649956026119639, -7.588489266174035, 0.0 ], [ 110.649808543656107, -7.588554528766231, 0.0 ], [ 110.649792951211595, -7.588559959829265, 0.0 ], [ 110.649776680961111, -7.588562790650346, 0.0 ], [ 110.6497601662942, -7.588562946500303, 0.0 ], [ 110.649718772212154, -7.588559961587844, 0.0 ], [ 110.649651096186517, -7.588555084872958, 0.0 ], [ 110.64948349868834, -7.588554949800403, 0.0 ], [ 110.649451765348743, -7.588556834641457, 0.0 ], [ 110.649420489460837, -7.588562514463456, 0.0 ], [ 110.649360650135776, -7.588577147164189, 0.0 ], [ 110.649334286139805, -7.588581423450968, 0.0 ], [ 110.649307575614117, -7.588581505932837, 0.0 ], [ 110.64925664539318, -7.588577635865353, 0.0 ], [ 110.64898861542558, -7.588557268772178, 0.0 ], [ 110.648774188937082, -7.588540974615631, 0.0 ], [ 110.648722313356416, -7.588536913765495, 0.0 ], [ 110.648498652896265, -7.588519412572178, 0.0 ], [ 110.648290962055341, -7.588503157997058, 0.0 ], [ 110.648144467305471, -7.588491693627491, 0.0 ], [ 110.648138587439746, -7.588491709674259, 0.0 ], [ 110.648132787486759, -7.58849267285614, 0.0 ], [ 110.648127218862925, -7.588494554349846, 0.0 ], [ 110.648122027558671, -7.588497309045717, 0.0 ], [ 110.648117348708695, -7.588500863784069, 0.0 ], [ 110.648113306586808, -7.588505123687058, 0.0 ], [ 110.648110005535358, -7.588509978483275, 0.0 ], [ 110.648107531780497, -7.588515299795493, 0.0 ], [ 110.648105951611043, -7.588520951089398, 0.0 ], [ 110.648063365802855, -7.588740547428728, 0.0 ], [ 110.648022345689796, -7.589032444406024, 0.0 ], [ 110.648014744371238, -7.589104822659221, 0.0 ], [ 110.648012218518758, -7.589177552370565, 0.0 ], [ 110.648014778392323, -7.589250282580713, 0.0 ], [ 110.648022413406466, -7.58932265598136, 0.0 ], [ 110.648035085771951, -7.589394324287589, 0.0 ], [ 110.64803821863083, -7.589409024959426, 0.0 ], [ 110.648103350343206, -7.589714657610995, 0.0 ], [ 110.648275462185779, -7.590435183728287, 0.0 ], [ 110.648287852602124, -7.590489099881368, 0.0 ], [ 110.648300839236938, -7.59054560897482, 0.0 ], [ 110.648302096165324, -7.590549516770393, 0.0 ], [ 110.648303999681488, -7.590553156435867, 0.0 ], [ 110.648306492759588, -7.590556421187446, 0.0 ], [ 110.648309504767468, -7.590559214180455, 0.0 ], [ 110.648312947831613, -7.59056145936106, 0.0 ], [ 110.64831672319329, -7.590563088807642, 0.0 ], [ 110.648320720289547, -7.590564058107491, 0.0 ], [ 110.648324824015063, -7.590564334603421, 0.0 ], [ 110.64841889799969, -7.590562699278645, 0.0 ], [ 110.648522875273315, -7.590560891029567, 0.0 ], [ 110.648625305953217, -7.590559107737597, 0.0 ], [ 110.648751125942866, -7.590556919988719, 0.0 ], [ 110.648837644638462, -7.590555414151731, 0.0 ], [ 110.648995572352945, -7.590552666115554, 0.0 ], [ 110.649169260655725, -7.590549644902063, 0.0 ], [ 110.649337778445116, -7.590546074000714, 0.0 ], [ 110.649524781100737, -7.590542110887098, 0.0 ], [ 110.649719054409402, -7.590537994349631, 0.0 ], [ 110.649873769744588, -7.590534714239817, 0.0 ], [ 110.649908997057054, -7.590533968311359, 0.0 ], [ 110.65004255589561, -7.590534479285067, 0.0 ], [ 110.650203621182982, -7.590535096476168, 0.0 ], [ 110.650211963628564, -7.590535754469702, 0.0 ], [ 110.65022011288201, -7.590537654263691, 0.0 ], [ 110.650225375521401, -7.590539751641868, 0.0 ], [ 110.65022459394892, -7.590542151705889, 0.0 ], [ 110.6502448396364, -7.590615424406697, 0.0 ], [ 110.650217439143347, -7.590589652350503, 0.0 ], [ 110.650213415784762, -7.590586399041665, 0.0 ], [ 110.650208948606021, -7.590583785801659, 0.0 ], [ 110.650204140001136, -7.590581869699909, 0.0 ], [ 110.65019909781364, -7.590580695146457, 0.0 ], [ 110.650193936248272, -7.590580287560787, 0.0 ], [ 110.650120425256588, -7.59058000497463, 0.0 ], [ 110.650019700628377, -7.590579620866152, 0.0 ], [ 110.649909391081309, -7.590579198260233, 0.0 ], [ 110.64979878648208, -7.590581541522221, 0.0 ], [ 110.649693139887717, -7.590583781109272, 0.0 ], [ 110.649578008807197, -7.59058622107302, 0.0 ], [ 110.649467619969897, -7.590588560806293, 0.0 ], [ 110.649381575132097, -7.59059038464997, 0.0 ], [ 110.649280829430964, -7.59059251954273, 0.0 ], [ 110.649201659985522, -7.590594196932297, 0.0 ], [ 110.649170136894796, -7.590594865287179, 0.0 ], [ 110.649124993705755, -7.590595650188777, 0.0 ], [ 110.649057766651595, -7.590596820689699, 0.0 ], [ 110.648953133921836, -7.590598639391788, 0.0 ], [ 110.648867205388513, -7.590600135777981, 0.0 ], [ 110.648766365716, -7.590601889657167, 0.0 ], [ 110.648691442854314, -7.590603192280251, 0.0 ], [ 110.64857787504269, -7.590605169204605, 0.0 ], [ 110.648344621938648, -7.590609226562138, 0.0 ], [ 110.648340834977873, -7.590609598889487, 0.0 ], [ 110.648337156312778, -7.590610574643452, 0.0 ], [ 110.648333684777739, -7.590612128576434, 0.0 ], [ 110.648330508339626, -7.590614221863685, 0.0 ], [ 110.648327710448754, -7.590616795776527, 0.0 ], [ 110.648325365493562, -7.590619787056245, 0.0 ], [ 110.648323533371013, -7.590623116150333, 0.0 ], [ 110.648322262200239, -7.590626694451211, 0.0 ], [ 110.648321584690521, -7.590630431529715, 0.0 ], [ 110.648321519961002, -7.590634226995554, 0.0 ], [ 110.648322068089598, -7.590637984965857, 0.0 ], [ 110.648483404028056, -7.591340022199674, 0.0 ], [ 110.648610831541447, -7.591875967189413, 0.0 ], [ 110.648650734066962, -7.592043791922817, 0.0 ], [ 110.648731957335514, -7.592448326293658, 0.0 ], [ 110.648734685907456, -7.592461916743181, 0.0 ], [ 110.648735669423914, -7.592465382893135, 0.0 ], [ 110.648737182525991, -7.592468654086988, 0.0 ], [ 110.648739187203105, -7.592471650693037, 0.0 ], [ 110.648741635468895, -7.592474297594324, 0.0 ], [ 110.648744467541505, -7.592476532328157, 0.0 ], [ 110.648747613661172, -7.592478299660216, 0.0 ], [ 110.64875099771119, -7.59247955791938, 0.0 ], [ 110.648754536316559, -7.592480272665115, 0.0 ], [ 110.648779118009926, -7.592481902641767, 0.0 ], [ 110.648825899389394, -7.592482417147006, 0.0 ], [ 110.648879837041477, -7.592483008888933, 0.0 ], [ 110.648946131816871, -7.592483737243957, 0.0 ], [ 110.649251683393885, -7.592477699094994, 0.0 ], [ 110.64950453344143, -7.592472700080384, 0.0 ], [ 110.650064691381147, -7.592453424912629, 0.0 ], [ 110.650156969335157, -7.592450250942472, 0.0 ], [ 110.650244541082515, -7.592446308815056, 0.0 ], [ 110.650424338083283, -7.592438216584026, 0.0 ], [ 110.650677868684525, -7.592426805031867, 0.0 ], [ 110.650909196065157, -7.592416392218555, 0.0 ], [ 110.65106001220154, -7.592411847632655, 0.0 ], [ 110.65118600629269, -7.592408050136483, 0.0 ], [ 110.651404278012038, -7.59240147275415, 0.0 ], [ 110.651599937943899, -7.592395542889227, 0.0 ], [ 110.651852112002928, -7.592387899753728, 0.0 ], [ 110.651931883427949, -7.592385483355146, 0.0 ], [ 110.6520719145973, -7.592380554388414, 0.0 ], [ 110.652094001592474, -7.59237977696476, 0.0 ], [ 110.652095408700518, -7.592379607129967, 0.0 ], [ 110.652096767947427, -7.592379205690391, 0.0 ], [ 110.652098040342693, -7.59237858346947, 0.0 ], [ 110.652099189612542, -7.592377754911078, 0.0 ], [ 110.652100184005064, -7.592376748031075, 0.0 ], [ 110.652100994490198, -7.592375588133779, 0.0 ], [ 110.652101599283753, -7.592374308670362, 0.0 ], [ 110.652101980225581, -7.592372945808531, 0.0 ], [ 110.652102127311593, -7.592371539340789, 0.0 ], [ 110.652102146211419, -7.592370583239624, 0.0 ], [ 110.652111324337554, -7.591902423755554, 0.0 ], [ 110.652111188360422, -7.591900161350662, 0.0 ], [ 110.652110695161724, -7.591897948410454, 0.0 ], [ 110.652109856483008, -7.59189583921771, 0.0 ], [ 110.652108694035732, -7.5918938907769, 0.0 ], [ 110.652107237698289, -7.591892150148863, 0.0 ], [ 110.652105522790592, -7.591890661685138, 0.0 ], [ 110.652103594610395, -7.591889462508798, 0.0 ], [ 110.652101499367916, -7.591888582507206, 0.0 ], [ 110.652099291437338, -7.591888045242357, 0.0 ], [ 110.652097026108166, -7.591887863422299, 0.0 ], [ 110.652093516844673, -7.591887860613263, 0.0 ], [ 110.652105817217901, -7.591883020226652, 0.0 ], [ 110.652106711583457, -7.591883520257788, 0.0 ], [ 110.652108651508811, -7.59188476919411, 0.0 ], [ 110.652110253297465, -7.591886008814217, 0.0 ], [ 110.652111932796558, -7.591887563282222, 0.0 ], [ 110.652112624811181, -7.59188829924064, 0.0 ], [ 110.652114077499888, -7.591890067906993, 0.0 ], [ 110.652114667002849, -7.591890892429904, 0.0 ], [ 110.65211588111346, -7.591892853575859, 0.0 ], [ 110.652116362674178, -7.591893755804239, 0.0 ], [ 110.652117710953505, -7.591896845944198, 0.0 ], [ 110.652118450700243, -7.591899101595917, 0.0 ], [ 110.652119262070173, -7.591902478050566, 0.0 ], [ 110.652119914086612, -7.591906733606692, 0.0 ], [ 110.652120234766002, -7.591910415408721, 0.0 ], [ 110.6521182857973, -7.592010624246799, 0.0 ], [ 110.652117905013966, -7.592029832201284, 0.0 ], [ 110.652117188369544, -7.592066496924621, 0.0 ], [ 110.652115803843429, -7.592136680362289, 0.0 ], [ 110.652114931340137, -7.592181152188577, 0.0 ], [ 110.652113574975573, -7.592250133492682, 0.0 ], [ 110.652111998309039, -7.592330400772668, 0.0 ], [ 110.652111805487124, -7.592340207820775, 0.0 ], [ 110.652111464263612, -7.592357567797519, 0.0 ], [ 110.6521110844226, -7.592372219500938, 0.0 ], [ 110.652110894459895, -7.592379597816891, 0.0 ], [ 110.652110519921052, -7.592391037444144, 0.0 ], [ 110.652109897261099, -7.592410028111063, 0.0 ], [ 110.652157970992377, -7.5924076649929, 0.0 ], [ 110.652176804492157, -7.592406732091014, 0.0 ], [ 110.652179473467157, -7.592406632012159, 0.0 ], [ 110.652187976143026, -7.592406498610694, 0.0 ], [ 110.652191537061739, -7.592406529501748, 0.0 ], [ 110.652200568926247, -7.592406693218107, 0.0 ], [ 110.652201725998069, -7.592424353802298, 0.0 ], [ 110.652176777165977, -7.592420426151254, 0.0 ], [ 110.652162027010462, -7.592418822326429, 0.0 ], [ 110.652147190500287, -7.592418634967579, 0.0 ], [ 110.651933322041302, -7.592426162415872, 0.0 ], [ 110.651891000385589, -7.592428533734662, 0.0 ], [ 110.651808849303364, -7.592433135436573, 0.0 ], [ 110.651733110564237, -7.592437378629758, 0.0 ], [ 110.651637132096269, -7.59244275527785, 0.0 ], [ 110.651557340876877, -7.592447224949217, 0.0 ], [ 110.651470499067244, -7.59245209147929, 0.0 ], [ 110.65140543366519, -7.5924557362171, 0.0 ], [ 110.651311743579825, -7.592458558351811, 0.0 ], [ 110.651233862362076, -7.592460907406406, 0.0 ], [ 110.651161507633034, -7.592463087208155, 0.0 ], [ 110.6510955152538, -7.592465074912377, 0.0 ], [ 110.651011921701681, -7.59246759482502, 0.0 ], [ 110.650935708584967, -7.592469890892159, 0.0 ], [ 110.650911242820612, -7.592470628354536, 0.0 ], [ 110.65087762023677, -7.592472140901063, 0.0 ], [ 110.650824626611936, -7.592474526156249, 0.0 ], [ 110.650752528482698, -7.59247777166336, 0.0 ], [ 110.650644265698631, -7.592482644331373, 0.0 ], [ 110.650555367606742, -7.592486646982529, 0.0 ], [ 110.650447379516351, -7.592491507158384, 0.0 ], [ 110.650340077711192, -7.592496336199962, 0.0 ], [ 110.650247187008148, -7.592500518295894, 0.0 ], [ 110.650159132040088, -7.59250448083914, 0.0 ], [ 110.650134864730646, -7.592505316109499, 0.0 ], [ 110.65004639348895, -7.59250836107455, 0.0 ], [ 110.649946320754495, -7.592511804631912, 0.0 ], [ 110.649847393029233, -7.592515208383657, 0.0 ], [ 110.64975755466503, -7.592518300129699, 0.0 ], [ 110.649661833508503, -7.592521594258277, 0.0 ], [ 110.649568789480938, -7.592524794641412, 0.0 ], [ 110.649506009783067, -7.592526954750619, 0.0 ], [ 110.649470146843754, -7.59252766484867, 0.0 ], [ 110.649367754479371, -7.592529688057133, 0.0 ], [ 110.649280964156191, -7.592531403619714, 0.0 ], [ 110.649191300918204, -7.592533175642049, 0.0 ], [ 110.649110072392546, -7.592534780781291, 0.0 ], [ 110.649038020150769, -7.592536206072731, 0.0 ], [ 110.648969089226171, -7.592537566936205, 0.0 ], [ 110.648946370621928, -7.592538017145404, 0.0 ], [ 110.648897837789562, -7.592537483146756, 0.0 ], [ 110.648822798466668, -7.592536658166899, 0.0 ], [ 110.648778519146205, -7.592536172819833, 0.0 ], [ 110.648752475989824, -7.592534660158683, 0.0 ], [ 110.64872669136588, -7.592530711734963, 0.0 ], [ 110.648707617876426, -7.59252686642663, 0.0 ], [ 110.648704161532095, -7.592526441205007, 0.0 ], [ 110.648700680282658, -7.592526543319506, 0.0 ], [ 110.648697255716442, -7.592527174645213, 0.0 ], [ 110.648693966717488, -7.592528318059323, 0.0 ], [ 110.64869089036489, -7.592529946487442, 0.0 ], [ 110.648688098304916, -7.592532024709819, 0.0 ], [ 110.64868565585131, -7.59253450121954, 0.0 ], [ 110.648683619255877, -7.592537319979588, 0.0 ], [ 110.648616386121475, -7.592647190012767, 0.0 ], [ 110.648531139378505, -7.592786495102344, 0.0 ], [ 110.648468179897478, -7.592889381772018, 0.0 ], [ 110.648386706616236, -7.593022520806556, 0.0 ], [ 110.648338029774266, -7.593102065177517, 0.0 ], [ 110.648316297698798, -7.593135695271888, 0.0 ], [ 110.648164616939837, -7.593370416983925, 0.0 ], [ 110.647979290334035, -7.593657207479233, 0.0 ], [ 110.64791294205628, -7.593759879641219, 0.0 ], [ 110.647833698954585, -7.593868036518852, 0.0 ], [ 110.647604474209871, -7.594180901257728, 0.0 ], [ 110.647585086265678, -7.594169044893897, 0.0 ], [ 110.647517969003871, -7.594260650927295, 0.0 ], [ 110.647422473903873, -7.594390989626023, 0.0 ], [ 110.647401033037653, -7.594381936616322, 0.0 ], [ 110.647561138709506, -7.594163411794867, 0.0 ], [ 110.647561785039983, -7.594162353988507, 0.0 ], [ 110.647562248319005, -7.594161206482635, 0.0 ], [ 110.647562514018816, -7.594159997306677, 0.0 ], [ 110.647562575765534, -7.594158760828597, 0.0 ], [ 110.647562431718768, -7.594157530515487, 0.0 ], [ 110.647562086383289, -7.594156340744132, 0.0 ], [ 110.647561547890106, -7.594155225894259, 0.0 ], [ 110.647560832533685, -7.594154214924867, 0.0 ], [ 110.647552510250179, -7.594144310521702, 0.0 ], [ 110.647551984877822, -7.5941437818348, 0.0 ], [ 110.647551378744566, -7.594143348060766, 0.0 ], [ 110.647550708159571, -7.594143020067519, 0.0 ], [ 110.647549993058249, -7.594142808725898, 0.0 ], [ 110.647549251568023, -7.594142718573379, 0.0 ], [ 110.647548506351342, -7.594142751437462, 0.0 ], [ 110.647547777350965, -7.594142909143436, 0.0 ], [ 110.647547083609012, -7.594143186279414, 0.0 ], [ 110.647546446890956, -7.594143572912937, 0.0 ], [ 110.647545882615589, -7.594144060010938, 0.0 ], [ 110.647386777966105, -7.594306753725936, 0.0 ], [ 110.647370621587996, -7.594320858020277, 0.0 ], [ 110.647352445795661, -7.594332251529573, 0.0 ], [ 110.647332700468624, -7.594340656015474, 0.0 ], [ 110.647314207461179, -7.594345277759039, 0.0 ], [ 110.647264784458031, -7.594324412044776, 0.0 ], [ 110.647254329293162, -7.594321990201299, 0.0 ], [ 110.647090321876433, -7.594270136315384, 0.0 ], [ 110.646926000914235, -7.594218182613264, 0.0 ], [ 110.646790233133927, -7.594170401261097, 0.0 ], [ 110.646677217051817, -7.594130625598643, 0.0 ], [ 110.64642761672539, -7.594042778323466, 0.0 ], [ 110.64634595441656, -7.594009116656084, 0.0 ], [ 110.646264788744332, -7.593975662521506, 0.0 ], [ 110.646250260848745, -7.593968301176953, 0.0 ], [ 110.646232895700919, -7.593959501991625, 0.0 ], [ 110.646069116288061, -7.593859777911373, 0.0 ], [ 110.645959724067353, -7.59379317046356, 0.0 ], [ 110.645905337859034, -7.593760053773153, 0.0 ], [ 110.645896680827818, -7.593753807996135, 0.0 ], [ 110.645890605957675, -7.593749424090266, 0.0 ], [ 110.645883029675502, -7.593741907388067, 0.0 ], [ 110.645877713414592, -7.593736634017214, 0.0 ], [ 110.645871402666984, -7.593728031974518, 0.0 ], [ 110.645866974549094, -7.593721995882146, 0.0 ], [ 110.645862083277876, -7.593712519386036, 0.0 ], [ 110.645858651062355, -7.593705868102655, 0.0 ], [ 110.645834288560792, -7.593647938575454, 0.0 ], [ 110.645795158916371, -7.593647906680943, 0.0 ], [ 110.645741256047799, -7.593647862739034, 0.0 ], [ 110.645687353179568, -7.593647818790437, 0.0 ], [ 110.645678310685653, -7.593648436465311, 0.0 ], [ 110.645666139491794, -7.593649268682162, 0.0 ], [ 110.645640892678998, -7.593652758675676, 0.0 ], [ 110.64530962502603, -7.593698538436572, 0.0 ], [ 110.644950908219926, -7.593748110025893, 0.0 ], [ 110.644949213561304, -7.593748482222762, 0.0 ], [ 110.644947626115282, -7.59374856324023, 0.0 ], [ 110.644908521926297, -7.593753959525899, 0.0 ], [ 110.644883432622493, -7.593618565908249, 0.0 ], [ 110.644872257899053, -7.593557351813358, 0.0 ], [ 110.64487060698211, -7.593548613359183, 0.0 ], [ 110.644868836374727, -7.593539905562078, 0.0 ], [ 110.64486836214715, -7.59353781745962, 0.0 ], [ 110.644867425564868, -7.593533534526784, 0.0 ], [ 110.644865208293425, -7.593523396261826, 0.0 ], [ 110.64486291705029, -7.593517229841149, 0.0 ], [ 110.644859302442342, -7.59350749929339, 0.0 ], [ 110.644856170510408, -7.59350171300361, 0.0 ], [ 110.644851229119936, -7.593492581996517, 0.0 ], [ 110.644847317146372, -7.593487288052073, 0.0 ], [ 110.644841145829318, -7.593478933957669, 0.0 ], [ 110.644840958352177, -7.593478714901924, 0.0 ], [ 110.64483787993089, -7.593475108635356, 0.0 ], [ 110.644835777068636, -7.593472478277326, 0.0 ], [ 110.644824879106125, -7.593459544171414, 0.0 ], [ 110.64480472753911, -7.593436049048363, 0.0 ], [ 110.644791394902057, -7.593420503307931, 0.0 ], [ 110.644785600225546, -7.593413848276576, 0.0 ], [ 110.644774419558331, -7.59340074659557, 0.0 ], [ 110.644760440543408, -7.593387416487698, 0.0 ], [ 110.644755570780802, -7.593382693438808, 0.0 ], [ 110.644711054770056, -7.59334027950769, 0.0 ], [ 110.644699090384336, -7.593328840662315, 0.0 ], [ 110.644646083133935, -7.593278153046381, 0.0 ], [ 110.644622666989392, -7.59325587277807, 0.0 ], [ 110.644613888554588, -7.593247364583215, 0.0 ], [ 110.644607599460301, -7.593241136095656, 0.0 ], [ 110.644523443703463, -7.593156503051151, 0.0 ], [ 110.64452241199082, -7.593155464681642, 0.0 ], [ 110.644492361875422, -7.593125238788927, 0.0 ], [ 110.644434515327859, -7.593067022190068, 0.0 ], [ 110.644430302610644, -7.593062559282907, 0.0 ], [ 110.644425665309257, -7.593057378715536, 0.0 ], [ 110.644423439140127, -7.593054772677788, 0.0 ], [ 110.644421060817905, -7.593051986508908, 0.0 ], [ 110.644416546282912, -7.593046342004756, 0.0 ], [ 110.644414373828027, -7.593043459216834, 0.0 ], [ 110.644410397816657, -7.593037778066484, 0.0 ], [ 110.644406569795223, -7.59303182747958, 0.0 ], [ 110.644404711180599, -7.593028735091455, 0.0 ], [ 110.644401188952699, -7.59302243830983, 0.0 ], [ 110.644398108139995, -7.593016235058648, 0.0 ], [ 110.644396694696184, -7.593013078811318, 0.0 ], [ 110.644394671467822, -7.593008422311439, 0.0 ], [ 110.644393856291842, -7.593006439762561, 0.0 ], [ 110.644391332558357, -7.592999683379024, 0.0 ], [ 110.644389231150384, -7.592993083829231, 0.0 ], [ 110.644387363815483, -7.592986262854786, 0.0 ], [ 110.644386510001738, -7.592982758811385, 0.0 ], [ 110.644385023617247, -7.59297569753682, 0.0 ], [ 110.644383906924546, -7.592968858180969, 0.0 ], [ 110.644383142179393, -7.592962873013797, 0.0 ], [ 110.644382818244594, -7.592959922992169, 0.0 ], [ 110.644382287720674, -7.592954639047437, 0.0 ], [ 110.644381945266986, -7.59294995497713, 0.0 ], [ 110.644381696946411, -7.592946554548566, 0.0 ], [ 110.644381648781348, -7.592945594775413, 0.0 ], [ 110.644379656217012, -7.592888190936523, 0.0 ], [ 110.644377846938454, -7.592836105131216, 0.0 ], [ 110.644377666225083, -7.592829863548081, 0.0 ], [ 110.644377541870696, -7.592821230365463, 0.0 ], [ 110.644377559103674, -7.592815705352542, 0.0 ], [ 110.64437757421274, -7.592810558442215, 0.0 ], [ 110.644377577953207, -7.592809316490122, 0.0 ], [ 110.644377666619008, -7.592805119423615, 0.0 ], [ 110.644377730763495, -7.592802079263944, 0.0 ], [ 110.644378055339843, -7.592794322058724, 0.0 ], [ 110.644378577969334, -7.59278604851419, 0.0 ], [ 110.644379453534498, -7.592775220792777, 0.0 ], [ 110.64438023799498, -7.59276714556022, 0.0 ], [ 110.644380724877749, -7.592762656648024, 0.0 ], [ 110.644427231931786, -7.592365607349104, 0.0 ], [ 110.644449283579235, -7.592177262486639, 0.0 ], [ 110.644450873010129, -7.59216372620383, 0.0 ], [ 110.644463457215309, -7.592056280688518, 0.0 ], [ 110.644466342157003, -7.592031651992091, 0.0 ], [ 110.644468582547347, -7.592012530609062, 0.0 ], [ 110.644470914241452, -7.591992619623394, 0.0 ], [ 110.644471155250741, -7.591990575524267, 0.0 ], [ 110.644471754121753, -7.591985496932911, 0.0 ], [ 110.644472775647671, -7.591976862878129, 0.0 ], [ 110.644474819828162, -7.591959324307285, 0.0 ], [ 110.644447992321645, -7.591954798577737, 0.0 ], [ 110.644524569355681, -7.59140452669666, 0.0 ], [ 110.644560089767893, -7.591152960753986, 0.0 ], [ 110.6445605042192, -7.591146146168598, 0.0 ], [ 110.644559834419027, -7.591139352405933, 0.0 ], [ 110.644558096547101, -7.591132747726615, 0.0 ], [ 110.644555334884771, -7.591126502223378, 0.0 ], [ 110.644551618203536, -7.591120769726916, 0.0 ], [ 110.64454704066425, -7.591115696852286, 0.0 ], [ 110.64454171729696, -7.59111140761769, 0.0 ], [ 110.644535781273845, -7.59110801248781, 0.0 ], [ 110.644529382105773, -7.591105596613167, 0.0 ], [ 110.644406927216139, -7.591070138267797, 0.0 ], [ 110.644367765140515, -7.591061322991009, 0.0 ], [ 110.644130583438368, -7.591022790178076, 0.0 ], [ 110.644111800495835, -7.591020742263048, 0.0 ], [ 110.644019068328063, -7.591015526643075, 0.0 ], [ 110.643979524877381, -7.591010793280169, 0.0 ], [ 110.643940892027317, -7.591001138066589, 0.0 ], [ 110.643767118306599, -7.590945885623045, 0.0 ], [ 110.643617610839939, -7.59089762713312, 0.0 ], [ 110.643593779234493, -7.590891291984928, 0.0 ], [ 110.643569413406865, -7.590887480108168, 0.0 ], [ 110.643452356040953, -7.590875403266441, 0.0 ], [ 110.643388816964702, -7.590874188790114, 0.0 ], [ 110.643385754484228, -7.590874377138953, 0.0 ], [ 110.643382763215655, -7.590875057624562, 0.0 ], [ 110.64337992113785, -7.590876211315249, 0.0 ], [ 110.643377303518236, -7.590877809326956, 0.0 ], [ 110.64337497838531, -7.590879806487738, 0.0 ], [ 110.64337300742686, -7.590882151288497, 0.0 ], [ 110.643371441457376, -7.590884785879386, 0.0 ], [ 110.643370323146513, -7.590887635217261, 0.0 ], [ 110.643369680655454, -7.590890628769895, 0.0 ], [ 110.643313189465488, -7.591322327807713, 0.0 ], [ 110.643311844555527, -7.591328427932882, 0.0 ], [ 110.643309462816077, -7.591334206994459, 0.0 ], [ 110.643306118730351, -7.591339487760609, 0.0 ], [ 110.643301910334742, -7.591344113823602, 0.0 ], [ 110.643296964662554, -7.591347944176953, 0.0 ], [ 110.643291430482009, -7.591350864968718, 0.0 ], [ 110.643285473762646, -7.591352790402278, 0.0 ], [ 110.64327927405138, -7.591353660019718, 0.0 ], [ 110.643273016306125, -7.59135344774072, 0.0 ], [ 110.643075351751193, -7.591329531836843, 0.0 ], [ 110.642951510245041, -7.591314549278992, 0.0 ], [ 110.642914019676908, -7.591307057705206, 0.0 ], [ 110.642856501503672, -7.591290886742426, 0.0 ], [ 110.642784151079269, -7.591270542626586, 0.0 ], [ 110.642761634913697, -7.591265255989089, 0.0 ], [ 110.642738743621493, -7.591261941878179, 0.0 ], [ 110.642679034095408, -7.591255935393253, 0.0 ], [ 110.642646413988871, -7.591254472141773, 0.0 ], [ 110.642613831688564, -7.591256628046414, 0.0 ], [ 110.642581690631602, -7.591262375397658, 0.0 ], [ 110.642389867810039, -7.591307780997477, 0.0 ], [ 110.642263343923275, -7.59134974686442, 0.0 ], [ 110.642046128405497, -7.591409572640506, 0.0 ], [ 110.64202878412911, -7.591413037277649, 0.0 ], [ 110.642011121919012, -7.591413988796604, 0.0 ], [ 110.641993504410564, -7.591412409404896, 0.0 ], [ 110.641976295105252, -7.591408330156868, 0.0 ], [ 110.641843604225159, -7.591366642939376, 0.0 ], [ 110.641699019198455, -7.591325233526696, 0.0 ], [ 110.641695999977017, -7.59132463131747, 0.0 ], [ 110.641692922317731, -7.591324534706673, 0.0 ], [ 110.641689870531224, -7.591324941954657, 0.0 ], [ 110.641686927119537, -7.59132584589302, 0.0 ], [ 110.641684173694614, -7.591327219452331, 0.0 ], [ 110.641681682810415, -7.591329026510226, 0.0 ], [ 110.641679524311712, -7.591331218278248, 0.0 ], [ 110.641677756269402, -7.591333732389951, 0.0 ], [ 110.641676425878771, -7.591336502851671, 0.0 ], [ 110.641675570370523, -7.591339454616009, 0.0 ], [ 110.641645634863622, -7.591487605194438, 0.0 ], [ 110.641630431340204, -7.591562845355395, 0.0 ], [ 110.641610810646171, -7.591663801102978, 0.0 ], [ 110.64158345856228, -7.5918045310198, 0.0 ], [ 110.641550485220208, -7.591925212249669, 0.0 ], [ 110.641547265378051, -7.591924934609252, 0.0 ], [ 110.641536788196404, -7.591924035885493, 0.0 ], [ 110.641536713864454, -7.59192402949231, 0.0 ], [ 110.641522942508033, -7.591922847639075, 0.0 ], [ 110.641556952469571, -7.591798371751204, 0.0 ], [ 110.641603751367768, -7.591557582361501, 0.0 ], [ 110.641629273850583, -7.591431271358119, 0.0 ], [ 110.641629701143927, -7.591427615496567, 0.0 ], [ 110.641629516533101, -7.591423938325727, 0.0 ], [ 110.641628726277844, -7.591420343874663, 0.0 ], [ 110.641627352055977, -7.591416928044132, 0.0 ], [ 110.641625430050865, -7.591413785842291, 0.0 ], [ 110.641623015490893, -7.591411003247479, 0.0 ], [ 110.641620172678216, -7.591408656295354, 0.0 ], [ 110.641616981333797, -7.591406811988787, 0.0 ], [ 110.641613527540216, -7.591405518340169, 0.0 ], [ 110.641492124418079, -7.591371183506391, 0.0 ], [ 110.641409398393719, -7.591347785871978, 0.0 ], [ 110.641339359300048, -7.591327976208427, 0.0 ], [ 110.641231173351784, -7.591297378978615, 0.0 ], [ 110.641200259069706, -7.591288636258724, 0.0 ], [ 110.64109217269322, -7.591257150803767, 0.0 ], [ 110.640916261941683, -7.591205907172395, 0.0 ], [ 110.640828884368403, -7.591180454055467, 0.0 ], [ 110.640725276230455, -7.591150273867426, 0.0 ], [ 110.64068615264361, -7.591138876692319, 0.0 ], [ 110.64064189052263, -7.591126641265389, 0.0 ], [ 110.64042913400597, -7.5910678356491, 0.0 ], [ 110.640069751307067, -7.590967580307685, 0.0 ], [ 110.639980105281708, -7.590942571996412, 0.0 ], [ 110.639960799348373, -7.590937186564709, 0.0 ], [ 110.639885036625856, -7.590911710318986, 0.0 ], [ 110.639742554226288, -7.590863800972001, 0.0 ], [ 110.639555441339184, -7.590800882372415, 0.0 ], [ 110.63955309022883, -7.590800307839263, 0.0 ], [ 110.6395506753218, -7.590800139398595, 0.0 ], [ 110.639548266417819, -7.590800382535631, 0.0 ], [ 110.639545934233723, -7.590801030072566, 0.0 ], [ 110.639543745871421, -7.590802061260242, 0.0 ], [ 110.639541763906109, -7.590803448109363, 0.0 ], [ 110.639540046390081, -7.590805150867615, 0.0 ], [ 110.639538643225663, -7.590807118921268, 0.0 ], [ 110.639537594347743, -7.590809296221029, 0.0 ], [ 110.639470714135683, -7.590985030251428, 0.0 ], [ 110.63941496265376, -7.591100948917486, 0.0 ], [ 110.639400444805446, -7.591089411028642, 0.0 ], [ 110.639400414003106, -7.591089386580101, 0.0 ], [ 110.639400819026548, -7.591088543870445, 0.0 ], [ 110.639410889203091, -7.591067607243459, 0.0 ], [ 110.639437756023511, -7.591011743381993, 0.0 ], [ 110.639454036848207, -7.590977893044666, 0.0 ], [ 110.639487476511576, -7.590890025127701, 0.0 ], [ 110.639528438763776, -7.590782497505385, 0.0 ], [ 110.639555698610664, -7.590710764439359, 0.0 ], [ 110.639574714294014, -7.590660799899143, 0.0 ], [ 110.639606260919777, -7.59055782522815, 0.0 ], [ 110.63961405122032, -7.5905323928732, 0.0 ], [ 110.639620552527816, -7.59051117105972, 0.0 ], [ 110.639655756114166, -7.590396258378169, 0.0 ], [ 110.63966550534029, -7.590364436056596, 0.0 ], [ 110.639694131247197, -7.590270991160625, 0.0 ], [ 110.639711840739992, -7.590213183937601, 0.0 ], [ 110.639715637708946, -7.590200789246829, 0.0 ], [ 110.639715937130916, -7.590199386529413, 0.0 ], [ 110.639716777460521, -7.59019725699766, 0.0 ], [ 110.639719045150628, -7.590190225958064, 0.0 ], [ 110.63973089530451, -7.590153487307208, 0.0 ], [ 110.639728123396026, -7.590153108714953, 0.0 ], [ 110.639700527548214, -7.590149387117057, 0.0 ], [ 110.639658840086739, -7.590143767839031, 0.0 ], [ 110.639657436106276, -7.590143452794518, 0.0 ], [ 110.63965147078423, -7.590142648222807, 0.0 ], [ 110.639580568565449, -7.590133089803865, 0.0 ], [ 110.639534379697196, -7.590126862538976, 0.0 ], [ 110.639456978850518, -7.590116814774373, 0.0 ], [ 110.639321851661791, -7.590099272806027, 0.0 ], [ 110.639294429744254, -7.590095713242384, 0.0 ], [ 110.639197716999874, -7.590083159167013, 0.0 ], [ 110.639139222897825, -7.59007556571916, 0.0 ], [ 110.639120191081687, -7.590073094957355, 0.0 ], [ 110.639108518728989, -7.590071580992001, 0.0 ], [ 110.639106747527535, -7.590071349764556, 0.0 ], [ 110.639099982708757, -7.590070454066104, 0.0 ], [ 110.639053948765877, -7.590064358944481, 0.0 ], [ 110.639070847039989, -7.59003364974892, 0.0 ], [ 110.639076359950991, -7.590023631851603, 0.0 ], [ 110.639076829506976, -7.590022587479911, 0.0 ], [ 110.639156151872299, -7.589878625485928, 0.0 ], [ 110.639233395953141, -7.589738435554868, 0.0 ], [ 110.639234116179651, -7.589736834184794, 0.0 ], [ 110.639253100707592, -7.589702483162276, 0.0 ], [ 110.639268056807566, -7.589675423131549, 0.0 ], [ 110.639268275558109, -7.589675095863976, 0.0 ], [ 110.639269027118488, -7.589673968506895, 0.0 ], [ 110.639269478522323, -7.589672948542868, 0.0 ], [ 110.639290071965846, -7.589635573115276, 0.0 ], [ 110.639310097048536, -7.5895992284082, 0.0 ], [ 110.63931073531603, -7.589598070202158, 0.0 ], [ 110.639351790152602, -7.589497905744995, 0.0 ], [ 110.639403079516953, -7.589373144957167, 0.0 ], [ 110.639419924151909, -7.589331672394263, 0.0 ], [ 110.639422811932292, -7.589324625588218, 0.0 ], [ 110.63942851271419, -7.589307797442757, 0.0 ], [ 110.639434763548323, -7.589287969342756, 0.0 ], [ 110.639438327172712, -7.589270565936519, 0.0 ], [ 110.6394411908785, -7.589249975200726, 0.0 ], [ 110.63944256182215, -7.589232266045372, 0.0 ], [ 110.639442815940853, -7.589229746164469, 0.0 ], [ 110.639442214076254, -7.589208968929873, 0.0 ], [ 110.63943901821915, -7.589181010991556, 0.0 ], [ 110.639438624917446, -7.589177578781788, 0.0 ], [ 110.63943457332222, -7.589157190358838, 0.0 ], [ 110.639433761243538, -7.589154789899609, 0.0 ], [ 110.639429542931055, -7.589140827300699, 0.0 ], [ 110.63942667727234, -7.589133289976761, 0.0 ], [ 110.639426581388761, -7.589133037526262, 0.0 ], [ 110.63942303368998, -7.589123704998536, 0.0 ], [ 110.639422154453243, -7.589121393130034, 0.0 ], [ 110.639421123048791, -7.589118922838118, 0.0 ], [ 110.63941793202504, -7.589111283934078, 0.0 ], [ 110.639416531484855, -7.589107931394391, 0.0 ], [ 110.639415519725318, -7.58910582022729, 0.0 ], [ 110.639405809369677, -7.589085556462454, 0.0 ], [ 110.639400746953939, -7.58907499157827, 0.0 ], [ 110.639394218483943, -7.589061366271383, 0.0 ], [ 110.639387795130773, -7.589053233512655, 0.0 ], [ 110.639369187057, -7.589029676117065, 0.0 ], [ 110.639362109868856, -7.589020715147373, 0.0 ], [ 110.639345404443972, -7.588999565446666, 0.0 ], [ 110.639335513390748, -7.588988366985843, 0.0 ], [ 110.639322264270277, -7.588974172564988, 0.0 ], [ 110.639311202816003, -7.588964124631911, 0.0 ], [ 110.63929579959256, -7.5889522893132, 0.0 ], [ 110.639283700899824, -7.588943511419456, 0.0 ], [ 110.639225879878452, -7.588906221086712, 0.0 ], [ 110.639167917521704, -7.588868840173839, 0.0 ], [ 110.639149226043131, -7.588857272583428, 0.0 ], [ 110.639112538935947, -7.588834592969314, 0.0 ], [ 110.639106354050782, -7.588830764279688, 0.0 ], [ 110.639006853165242, -7.588769166480104, 0.0 ], [ 110.638916828950485, -7.588713456139456, 0.0 ], [ 110.63886225181875, -7.588671568790102, 0.0 ], [ 110.638808397657982, -7.58863023562282, 0.0 ], [ 110.638807135802125, -7.588629083980051, 0.0 ], [ 110.638803594814291, -7.588625853584661, 0.0 ], [ 110.638802547973938, -7.5886245049274, 0.0 ], [ 110.638799608488256, -7.588620719634589, 0.0 ], [ 110.638797355626295, -7.588616491679961, 0.0 ], [ 110.638796553684926, -7.588614984928919, 0.0 ], [ 110.638795053523225, -7.588610435577795, 0.0 ], [ 110.638794519105929, -7.588608816884112, 0.0 ], [ 110.638793814141096, -7.588604079141478, 0.0 ], [ 110.638793562622908, -7.588602391936587, 0.0 ], [ 110.638793674494963, -7.58859760602653, 0.0 ], [ 110.638793713991731, -7.588595901876831, 0.0 ], [ 110.638796484719592, -7.588570519638299, 0.0 ], [ 110.638796031526113, -7.588570425188053, 0.0 ], [ 110.638789799210926, -7.588569124687327, 0.0 ], [ 110.638778653373336, -7.58856679886153, 0.0 ], [ 110.638788555073077, -7.588476116355409, 0.0 ], [ 110.638793034647549, -7.588448547416593, 0.0 ], [ 110.638800370227827, -7.588421595043285, 0.0 ], [ 110.638837287599529, -7.588309464446408, 0.0 ], [ 110.639087299055191, -7.587637152183815, 0.0 ], [ 110.639154936283873, -7.587443435327984, 0.0 ], [ 110.639283709638704, -7.587074622787606, 0.0 ], [ 110.639285130248439, -7.587069110699622, 0.0 ], [ 110.639285613627536, -7.58706343863249, 0.0 ], [ 110.639285145138786, -7.587057765775856, 0.0 ], [ 110.639283738248452, -7.587052250438115, 0.0 ], [ 110.63928143181046, -7.587047045521393, 0.0 ], [ 110.639278290976733, -7.587042293999468, 0.0 ], [ 110.63927440175712, -7.587038129817905, 0.0 ], [ 110.639269873747381, -7.587034667946171, 0.0 ], [ 110.639264831967949, -7.587032007084467, 0.0 ], [ 110.639238067666994, -7.587020614619938, 0.0 ], [ 110.639163041722242, -7.586988679457285, 0.0 ], [ 110.639070912706487, -7.586949462889176, 0.0 ], [ 110.638983144434064, -7.58691210516558, 0.0 ], [ 110.638909243147737, -7.586880647595073, 0.0 ], [ 110.638864692499453, -7.586861685492622, 0.0 ], [ 110.638834115099073, -7.586848371275501, 0.0 ], [ 110.638738310391076, -7.5868066595365, 0.0 ], [ 110.638657119270192, -7.586771308994166, 0.0 ], [ 110.63858502924262, -7.586739922526212, 0.0 ], [ 110.638491891565991, -7.586699369877716, 0.0 ], [ 110.638404564530788, -7.586661349369151, 0.0 ], [ 110.638319457729452, -7.586624294041649, 0.0 ], [ 110.638227094005813, -7.58658299662842, 0.0 ], [ 110.638221832597424, -7.586580644930415, 0.0 ], [ 110.638148749239832, -7.586547967670384, 0.0 ], [ 110.638117838703067, -7.58653414567197, 0.0 ], [ 110.638075989408151, -7.586515434492088, 0.0 ], [ 110.637991505153323, -7.58647766049924, 0.0 ], [ 110.637929016229805, -7.586449721037726, 0.0 ], [ 110.637940505434855, -7.586425122170279, 0.0 ], [ 110.637934277114127, -7.58642233728651, 0.0 ], [ 110.637933717988091, -7.586422087163734, 0.0 ], [ 110.6379089206999, -7.586410999284006, 0.0 ], [ 110.637851179592701, -7.586386010806239, 0.0 ], [ 110.637711271371117, -7.586325461843827, 0.0 ], [ 110.637653245737411, -7.586300350084211, 0.0 ], [ 110.637563290658235, -7.586261420859216, 0.0 ], [ 110.637513461723273, -7.586239856341865, 0.0 ], [ 110.637186904971898, -7.586088805530933, 0.0 ], [ 110.637074764219136, -7.5860369334143, 0.0 ], [ 110.636860484385892, -7.585937817012366, 0.0 ], [ 110.636817592129461, -7.58591869055897, 0.0 ], [ 110.636820713530852, -7.585890360681291, 0.0 ], [ 110.636871751616937, -7.585913118488349, 0.0 ], [ 110.636961539384686, -7.585954650116994, 0.0 ], [ 110.637074225627018, -7.586006774182949, 0.0 ], [ 110.637162868013149, -7.586047776555582, 0.0 ], [ 110.63722662377387, -7.586077267587299, 0.0 ], [ 110.637297074462097, -7.586109855058833, 0.0 ], [ 110.637387583640802, -7.586151720080919, 0.0 ], [ 110.637460317042454, -7.586185364141746, 0.0 ], [ 110.63752459299873, -7.586215094367713, 0.0 ], [ 110.637575430545184, -7.586237094815325, 0.0 ], [ 110.637663863184585, -7.586275366062117, 0.0 ], [ 110.637760569551844, -7.586317218985632, 0.0 ], [ 110.63785538105131, -7.586358249878887, 0.0 ], [ 110.637919892465405, -7.586386167515515, 0.0 ], [ 110.637945444617657, -7.586397593422165, 0.0 ], [ 110.638018475373812, -7.586430247152465, 0.0 ], [ 110.638120585240159, -7.586475902724497, 0.0 ], [ 110.63819346287535, -7.586508488457451, 0.0 ], [ 110.638246530046871, -7.58653221476706, 0.0 ], [ 110.638302826020862, -7.586557385617079, 0.0 ], [ 110.638341455594741, -7.586574657664269, 0.0 ], [ 110.638398798805127, -7.586599624039042, 0.0 ], [ 110.638515377414706, -7.58665038148498, 0.0 ], [ 110.638622850441692, -7.58669717390456, 0.0 ], [ 110.638737265072436, -7.586746989661933, 0.0 ], [ 110.638886240836641, -7.586811852424054, 0.0 ], [ 110.6392750289601, -7.586977340584697, 0.0 ], [ 110.639280773951512, -7.586979229539054, 0.0 ], [ 110.639286756378226, -7.586980124583681, 0.0 ], [ 110.639292804020101, -7.586979998439057, 0.0 ], [ 110.639298742819761, -7.586978852769929, 0.0 ], [ 110.639304403223946, -7.586976723617902, 0.0 ], [ 110.639309622004077, -7.586973672357392, 0.0 ], [ 110.639314248604293, -7.586969782987206, 0.0 ], [ 110.639318151478236, -7.586965172990519, 0.0 ], [ 110.63932121629631, -7.586959968910297, 0.0 ], [ 110.6393233577149, -7.586954325354796, 0.0 ], [ 110.639344910296458, -7.586878660870864, 0.0 ], [ 110.639354755613681, -7.586848935388114, 0.0 ], [ 110.639367082260122, -7.58682014455939, 0.0 ], [ 110.639425049311399, -7.586699178459346, 0.0 ], [ 110.639521320564086, -7.586527901055316, 0.0 ], [ 110.639522299589501, -7.586525768924584, 0.0 ], [ 110.639522918827069, -7.586523506239641, 0.0 ], [ 110.639523161907107, -7.586521175401262, 0.0 ], [ 110.639523023342235, -7.586518834296452, 0.0 ], [ 110.639522505799349, -7.586516546246316, 0.0 ], [ 110.63952162282456, -7.586514373676426, 0.0 ], [ 110.639520398848575, -7.586512371784915, 0.0 ], [ 110.639518864648508, -7.586510594870634, 0.0 ], [ 110.639517062792606, -7.586509090005761, 0.0 ], [ 110.639515040387025, -7.586507897934323, 0.0 ], [ 110.639512849987725, -7.586507046741095, 0.0 ], [ 110.639454475986923, -7.58648969601455, 0.0 ], [ 110.639394451529128, -7.586467573285625, 0.0 ], [ 110.639157251078828, -7.5863801529737, 0.0 ], [ 110.63914959860611, -7.58637733164778, 0.0 ], [ 110.639145229887149, -7.586375279204784, 0.0 ], [ 110.639141279684409, -7.586372505273594, 0.0 ], [ 110.639137866681409, -7.586369097694621, 0.0 ], [ 110.639135092329909, -7.586365153339486, 0.0 ], [ 110.639133038118956, -7.586360791677129, 0.0 ], [ 110.639131766491928, -7.586356142110847, 0.0 ], [ 110.639131315405862, -7.586351345782818, 0.0 ], [ 110.639131698343519, -7.586346541101198, 0.0 ], [ 110.639132902489649, -7.586341876402516, 0.0 ], [ 110.639135611285255, -7.586334196259281, 0.0 ], [ 110.639190338709042, -7.58617907690751, 0.0 ], [ 110.639191460819333, -7.586174947637444, 0.0 ], [ 110.639191962049907, -7.586170698450968, 0.0 ], [ 110.639191832352012, -7.58616642160446, 0.0 ], [ 110.6391897889619, -7.586146896885642, 0.0 ], [ 110.63918943088342, -7.586127306627728, 0.0 ], [ 110.639192431345037, -7.58610794258106, 0.0 ], [ 110.639198701938042, -7.586089373637706, 0.0 ], [ 110.639367821256016, -7.585701995924866, 0.0 ], [ 110.639401065592892, -7.585716445721328, 0.0 ], [ 110.639337955274172, -7.585861003803122, 0.0 ], [ 110.639273213654803, -7.586009298143805, 0.0 ], [ 110.639272432150179, -7.586011556171058, 0.0 ], [ 110.639272014994944, -7.586013909478837, 0.0 ], [ 110.639271972210011, -7.586016299279314, 0.0 ], [ 110.639272303845885, -7.586018664967305, 0.0 ], [ 110.6392730026962, -7.58602095135896, 0.0 ], [ 110.639274050679177, -7.586023099643136, 0.0 ], [ 110.639275423362747, -7.586025056430809, 0.0 ], [ 110.639277085428816, -7.586026777369465, 0.0 ], [ 110.639278997028086, -7.586028216293699, 0.0 ], [ 110.639281111048447, -7.586029339695881, 0.0 ], [ 110.639414266117626, -7.586087210504028, 0.0 ], [ 110.639498546509117, -7.586123840696096, 0.0 ], [ 110.639683700078564, -7.586204311423844, 0.0 ], [ 110.639839560405974, -7.586272052431014, 0.0 ], [ 110.639841888644682, -7.586272848558815, 0.0 ], [ 110.639844314203572, -7.586273259426471, 0.0 ], [ 110.639846775443999, -7.586273277746509, 0.0 ], [ 110.639849207098138, -7.586272899846649, 0.0 ], [ 110.639851545698477, -7.586272137433562, 0.0 ], [ 110.639853731398333, -7.586271008548807, 0.0 ], [ 110.639855707058686, -7.586269545709076, 0.0 ], [ 110.639857420978956, -7.58626778234013, 0.0 ], [ 110.639858828697342, -7.586265768155719, 0.0 ], [ 110.63985989300285, -7.586263554684703, 0.0 ], [ 110.639919300885055, -7.586109212498784, 0.0 ], [ 110.639935958268637, -7.586065936967071, 0.0 ], [ 110.639952883405343, -7.586072423978201, 0.0 ], [ 110.639942315711139, -7.586099879350068, 0.0 ], [ 110.639913758764976, -7.586174069980304, 0.0 ], [ 110.639886975205499, -7.586243653365081, 0.0 ], [ 110.639867732209453, -7.586293647601784, 0.0 ], [ 110.639849444311423, -7.586336481260973, 0.0 ], [ 110.639766977960747, -7.586529633291391, 0.0 ], [ 110.639766287250012, -7.586531724956522, 0.0 ], [ 110.639765957271351, -7.586533901948676, 0.0 ], [ 110.639765997142092, -7.58653610186103, 0.0 ], [ 110.639766406911178, -7.586538265897553, 0.0 ], [ 110.639767173940456, -7.586540329824291, 0.0 ], [ 110.639768276520385, -7.586542236636263, 0.0 ], [ 110.639769683873766, -7.586543932034647, 0.0 ], [ 110.639771357060027, -7.586545367141164, 0.0 ], [ 110.639773246252616, -7.586546502114108, 0.0 ], [ 110.639775300710852, -7.586547306156564, 0.0 ], [ 110.639784875036639, -7.58655015167738, 0.0 ], [ 110.639901978691512, -7.586579116638504, 0.0 ], [ 110.640089040225121, -7.586625380297574, 0.0 ], [ 110.640182954849038, -7.586648607393513, 0.0 ], [ 110.640370481490947, -7.586688336808545, 0.0 ], [ 110.640373470955311, -7.586688706530103, 0.0 ], [ 110.640376478975682, -7.586688564288446, 0.0 ], [ 110.640379419427745, -7.586687913630599, 0.0 ], [ 110.64038220617438, -7.586686773481005, 0.0 ], [ 110.640384758505732, -7.586685177241494, 0.0 ], [ 110.640387000235592, -7.586683169172287, 0.0 ], [ 110.640388866948555, -7.586680810729942, 0.0 ], [ 110.640390305101647, -7.586678170616415, 0.0 ], [ 110.640391271118574, -7.5866753238738, 0.0 ], [ 110.640451954548581, -7.586429067141726, 0.0 ], [ 110.64047604877473, -7.58626176505442, 0.0 ], [ 110.640484648436313, -7.586224368783299, 0.0 ] ], [ [ 110.640103071157384, -7.5876512041569, 0.0 ], [ 110.640105849334034, -7.587650566935299, 0.0 ], [ 110.640108482839167, -7.587649478220673, 0.0 ], [ 110.640110898218751, -7.587647966898029, 0.0 ], [ 110.64011302925914, -7.587646076331244, 0.0 ], [ 110.640114815176119, -7.587643861647924, 0.0 ], [ 110.640212068884608, -7.587500096064178, 0.0 ], [ 110.640220898849918, -7.587484531443857, 0.0 ], [ 110.640227176072585, -7.587467777934414, 0.0 ], [ 110.64024021360413, -7.587422389071665, 0.0 ], [ 110.640246878745145, -7.58739918549631, 0.0 ], [ 110.640275615851195, -7.587299140083839, 0.0 ], [ 110.640305903986828, -7.587193697562959, 0.0 ], [ 110.640318023043378, -7.587135370077013, 0.0 ], [ 110.64036711724836, -7.58689908193592, 0.0 ], [ 110.640380287545568, -7.586835692517742, 0.0 ], [ 110.640398739602929, -7.586746886737062, 0.0 ], [ 110.640399051833953, -7.586744244788003, 0.0 ], [ 110.64039890083491, -7.586741587983053, 0.0 ], [ 110.640398291977462, -7.586738997736652, 0.0 ], [ 110.640397242420505, -7.586736552759346, 0.0 ], [ 110.640395783832886, -7.586734325441745, 0.0 ], [ 110.640393961483781, -7.586732385472096, 0.0 ], [ 110.6403918297205, -7.586730787168653, 0.0 ], [ 110.640389453771903, -7.586729581240478, 0.0 ], [ 110.64038690341151, -7.586728803927459, 0.0 ], [ 110.640308483297545, -7.586712191136543, 0.0 ], [ 110.640194547550962, -7.586688051993864, 0.0 ], [ 110.640174824696388, -7.586683873816156, 0.0 ], [ 110.640111342726897, -7.586668172477332, 0.0 ], [ 110.64002354327603, -7.586646457417136, 0.0 ], [ 110.64002086208184, -7.586646032770466, 0.0 ], [ 110.640018146963669, -7.58664606760996, 0.0 ], [ 110.640015478602066, -7.586646563811557, 0.0 ], [ 110.640012932254876, -7.586647503346393, 0.0 ], [ 110.64001058318523, -7.586648861853772, 0.0 ], [ 110.640008499418215, -7.586650597780448, 0.0 ], [ 110.640006740826806, -7.586652661425421, 0.0 ], [ 110.640005360039993, -7.58665499313158, 0.0 ], [ 110.640004396093886, -7.586657526898692, 0.0 ], [ 110.639957941163175, -7.586820171875265, 0.0 ], [ 110.639917575940572, -7.586961494273097, 0.0 ], [ 110.639909465069366, -7.586989892413966, 0.0 ], [ 110.639899306878192, -7.587019799467328, 0.0 ], [ 110.639869837384921, -7.587106569892614, 0.0 ], [ 110.639804046253303, -7.58730028298155, 0.0 ], [ 110.639795652654584, -7.587324168057055, 0.0 ], [ 110.639752241639698, -7.587447700727328, 0.0 ], [ 110.639720899877986, -7.58753688565514, 0.0 ], [ 110.639720391509584, -7.587538821887517, 0.0 ], [ 110.639720202197225, -7.587540814466673, 0.0 ], [ 110.639720337421579, -7.587542813646599, 0.0 ], [ 110.639720792698142, -7.587544761531991, 0.0 ], [ 110.639721558091793, -7.587546613791424, 0.0 ], [ 110.639722610984919, -7.587548315228243, 0.0 ], [ 110.639723926025994, -7.587549827830139, 0.0 ], [ 110.639725467894465, -7.587551109958257, 0.0 ], [ 110.63974657075093, -7.587565930493154, 0.0 ], [ 110.639763348076812, -7.587575804952114, 0.0 ], [ 110.63982521097617, -7.587605795175222, 0.0 ], [ 110.639837301917311, -7.587610784767888, 0.0 ], [ 110.639849906288987, -7.587614291314247, 0.0 ], [ 110.639862840106659, -7.587616262197626, 0.0 ], [ 110.639893542368767, -7.587619072749478, 0.0 ], [ 110.63995579897859, -7.587624773248542, 0.0 ], [ 110.639976286238237, -7.587627681170059, 0.0 ], [ 110.640097391781495, -7.587651066486916, 0.0 ], [ 110.640100226286819, -7.587651371858922, 0.0 ], [ 110.640103071157384, -7.5876512041569, 0.0 ] ], [ [ 110.639693387676417, -7.587530890985116, 0.0 ], [ 110.639695094952884, -7.587530582137082, 0.0 ], [ 110.639696730837613, -7.587530002767755, 0.0 ], [ 110.63969824999073, -7.587529168217036, 0.0 ], [ 110.639699615226661, -7.587528099258885, 0.0 ], [ 110.63970078844811, -7.587526822998403, 0.0 ], [ 110.639701740615592, -7.587525375593767, 0.0 ], [ 110.639702445408588, -7.587523794109957, 0.0 ], [ 110.639783477262654, -7.587293207697202, 0.0 ], [ 110.639850896005285, -7.587094700910124, 0.0 ], [ 110.639888687078354, -7.586983428441648, 0.0 ], [ 110.639927559426354, -7.586847332238309, 0.0 ], [ 110.639983196248266, -7.586652546958136, 0.0 ], [ 110.639983671433285, -7.586650176511079, 0.0 ], [ 110.639983760469875, -7.586647760516587, 0.0 ], [ 110.639983461493031, -7.586645361387472, 0.0 ], [ 110.639982781703978, -7.586643040639473, 0.0 ], [ 110.639981739183867, -7.586640857988234, 0.0 ], [ 110.639980360174221, -7.586638871347033, 0.0 ], [ 110.639978680897542, -7.58663712778274, 0.0 ], [ 110.639976743920613, -7.586635676176614, 0.0 ], [ 110.639974599073028, -7.586634552752103, 0.0 ], [ 110.639972301630422, -7.586633785596204, 0.0 ], [ 110.63977533184746, -7.586585069571639, 0.0 ], [ 110.639683434092433, -7.58655775275497, 0.0 ], [ 110.639577717746178, -7.586526330449447, 0.0 ], [ 110.639573232055099, -7.58652539684897, 0.0 ], [ 110.639568653258507, -7.586525230234478, 0.0 ], [ 110.639564110989326, -7.58652583342704, 0.0 ], [ 110.639559734899265, -7.586527186633898, 0.0 ], [ 110.639555648306327, -7.586529255584129, 0.0 ], [ 110.639551968205296, -7.586531978864924, 0.0 ], [ 110.639548797099167, -7.586535279674007, 0.0 ], [ 110.639546227533287, -7.586539064014297, 0.0 ], [ 110.639472610754581, -7.586670037828526, 0.0 ], [ 110.639449202743023, -7.586711681350822, 0.0 ], [ 110.639391618012894, -7.586831851762327, 0.0 ], [ 110.639380195132915, -7.58685853301296, 0.0 ], [ 110.639371070518578, -7.586886080019533, 0.0 ], [ 110.639358874517399, -7.58692889428194, 0.0 ], [ 110.639346326652472, -7.586972944779502, 0.0 ], [ 110.639318694902045, -7.587084399294916, 0.0 ], [ 110.639309871332756, -7.587109670687337, 0.0 ], [ 110.639224561630158, -7.587354001794903, 0.0 ], [ 110.639223861374333, -7.587356664225548, 0.0 ], [ 110.639223588034696, -7.587359404802157, 0.0 ], [ 110.63922374801659, -7.587362152070126, 0.0 ], [ 110.639224336840797, -7.587364841802301, 0.0 ], [ 110.639225341873072, -7.587367405241977, 0.0 ], [ 110.63922673596916, -7.587369779952303, 0.0 ], [ 110.639228485635286, -7.587371908013942, 0.0 ], [ 110.639230548307694, -7.58737373692734, 0.0 ], [ 110.639232871446197, -7.587375219612018, 0.0 ], [ 110.639235399780389, -7.587376321649026, 0.0 ], [ 110.639360435800128, -7.587419503007431, 0.0 ], [ 110.639508731566309, -7.587470717070734, 0.0 ], [ 110.639598119951842, -7.587501587660028, 0.0 ], [ 110.639674238149325, -7.587525113099485, 0.0 ], [ 110.639688282651576, -7.587530143210695, 0.0 ], [ 110.639689936654577, -7.587530668318806, 0.0 ], [ 110.639691653437055, -7.587530919398573, 0.0 ], [ 110.639693387676417, -7.587530890985116, 0.0 ] ], [ [ 110.639738123302735, -7.586534454191392, 0.0 ], [ 110.639740450035362, -7.586533793079384, 0.0 ], [ 110.639742640184494, -7.586532766413746, 0.0 ], [ 110.639744635709789, -7.58653140037852, 0.0 ], [ 110.639746384000318, -7.586529732921474, 0.0 ], [ 110.639747839695985, -7.58652780380547, 0.0 ], [ 110.639748964676954, -7.586525667272305, 0.0 ], [ 110.63979099218426, -7.58642722853474, 0.0 ], [ 110.639840762099908, -7.586310656243771, 0.0 ], [ 110.639841678216939, -7.586307861020804, 0.0 ], [ 110.639842095833643, -7.586304949601932, 0.0 ], [ 110.639842003999334, -7.586302008815408, 0.0 ], [ 110.639841403545347, -7.586299129117508, 0.0 ], [ 110.63984031434407, -7.586296396457455, 0.0 ], [ 110.639838768055938, -7.586293893176054, 0.0 ], [ 110.639836810853495, -7.586291692580519, 0.0 ], [ 110.639834502511192, -7.586289863466595, 0.0 ], [ 110.639831912787386, -7.586288460165375, 0.0 ], [ 110.639711140078106, -7.586235970084276, 0.0 ], [ 110.639524492146151, -7.586154850467139, 0.0 ], [ 110.63943681164092, -7.586116742130937, 0.0 ], [ 110.639272470206151, -7.586045316027611, 0.0 ], [ 110.639270199956684, -7.586044557936293, 0.0 ], [ 110.639267832372255, -7.586044202291481, 0.0 ], [ 110.639265439057397, -7.586044263625472, 0.0 ], [ 110.639263093444754, -7.586044738380923, 0.0 ], [ 110.639260865349826, -7.58604561214285, 0.0 ], [ 110.639258822784114, -7.586046859640119, 0.0 ], [ 110.639257029239246, -7.586048440220365, 0.0 ], [ 110.63925553733138, -7.586050309604038, 0.0 ], [ 110.63925439334372, -7.586052408128837, 0.0 ], [ 110.639231946296306, -7.586103825257096, 0.0 ], [ 110.639227660485076, -7.586116514426637, 0.0 ], [ 110.639225609744742, -7.586129749992517, 0.0 ], [ 110.639225854234851, -7.586143138522969, 0.0 ], [ 110.63922789762583, -7.58616266414625, 0.0 ], [ 110.639228189687131, -7.586172270769127, 0.0 ], [ 110.639227063065462, -7.58618181561002, 0.0 ], [ 110.639224542409082, -7.586191092450707, 0.0 ], [ 110.639175473382195, -7.586330175112394, 0.0 ], [ 110.639174728521425, -7.586333060931383, 0.0 ], [ 110.6391744921591, -7.586336031295885, 0.0 ], [ 110.639174770714845, -7.586338997564792, 0.0 ], [ 110.639175557007974, -7.586341873799356, 0.0 ], [ 110.639176827543835, -7.586344569524534, 0.0 ], [ 110.639178543403816, -7.586347009629905, 0.0 ], [ 110.639180653885006, -7.586349118090723, 0.0 ], [ 110.639183096488253, -7.58635083244083, 0.0 ], [ 110.639185798731788, -7.586352102869508, 0.0 ], [ 110.639421461245931, -7.586438957447814, 0.0 ], [ 110.639465946025553, -7.586455352309242, 0.0 ], [ 110.639511971467755, -7.586469032062672, 0.0 ], [ 110.639611350830663, -7.586498573084158, 0.0 ], [ 110.639730936529517, -7.586534118980081, 0.0 ], [ 110.639733303090139, -7.586534619350571, 0.0 ], [ 110.639735719833311, -7.586534731708225, 0.0 ], [ 110.639738123302735, -7.586534454191392, 0.0 ] ], [ [ 110.640603863973553, -7.586704832534732, 0.0 ], [ 110.640723811166083, -7.586703671590696, 0.0 ], [ 110.64079694058789, -7.586702964931774, 0.0 ], [ 110.640826791276609, -7.586701736774976, 0.0 ], [ 110.640830773196626, -7.586701263362506, 0.0 ], [ 110.640834634144426, -7.586700181988626, 0.0 ], [ 110.640838281628902, -7.586698521522773, 0.0 ], [ 110.640841629498695, -7.586696318075997, 0.0 ], [ 110.640844597024483, -7.586693628568685, 0.0 ], [ 110.640847112540783, -7.586690511737757, 0.0 ], [ 110.640849117055737, -7.586687048039996, 0.0 ], [ 110.640850562458937, -7.586683314322896, 0.0 ], [ 110.640884912730655, -7.586568986939823, 0.0 ], [ 110.640899408436084, -7.5865207408588, 0.0 ], [ 110.640999406057432, -7.58629674233144, 0.0 ], [ 110.641000977159493, -7.586292285977335, 0.0 ], [ 110.641001810497471, -7.586287637248455, 0.0 ], [ 110.641001883309656, -7.586282914622831, 0.0 ], [ 110.641001194586778, -7.586278242023759, 0.0 ], [ 110.640999763264986, -7.586273741581915, 0.0 ], [ 110.640997624604083, -7.586269528204949, 0.0 ], [ 110.640994834718782, -7.586265711390436, 0.0 ], [ 110.640991466954034, -7.586262393413721, 0.0 ], [ 110.640987608267892, -7.586259658470243, 0.0 ], [ 110.640983359228443, -7.586257576293781, 0.0 ], [ 110.640869004800223, -7.58621258697499, 0.0 ], [ 110.640827871287911, -7.586196403070833, 0.0 ], [ 110.640758777944072, -7.586172975002039, 0.0 ], [ 110.640572677831102, -7.586109869602293, 0.0 ], [ 110.640567830657091, -7.586108665251274, 0.0 ], [ 110.640562849538682, -7.586108283935246, 0.0 ], [ 110.640557874981852, -7.586108734815868, 0.0 ], [ 110.640553044791019, -7.586110005343234, 0.0 ], [ 110.640548494068966, -7.586112061255898, 0.0 ], [ 110.640544350684991, -7.586114845672518, 0.0 ], [ 110.640540728929068, -7.58611827908666, 0.0 ], [ 110.640537730412362, -7.586122266603946, 0.0 ], [ 110.640535439536876, -7.586126695224689, 0.0 ], [ 110.640533919862463, -7.58613144198183, 0.0 ], [ 110.640502808422582, -7.586266738711174, 0.0 ], [ 110.640484432995592, -7.586394330103929, 0.0 ], [ 110.640478684117042, -7.586434249727896, 0.0 ], [ 110.640420097345228, -7.58667199542401, 0.0 ], [ 110.640419440320358, -7.586676100659157, 0.0 ], [ 110.640419470410819, -7.586680257117511, 0.0 ], [ 110.640420185896701, -7.586684352632745, 0.0 ], [ 110.640421568741104, -7.586688274120473, 0.0 ], [ 110.640423579144922, -7.586691914810221, 0.0 ], [ 110.640426163704916, -7.586695175156707, 0.0 ], [ 110.640429250878782, -7.586697965549736, 0.0 ], [ 110.64043275732719, -7.586700210842287, 0.0 ], [ 110.640436586101373, -7.586701849444415, 0.0 ], [ 110.640440632986795, -7.586702836042156, 0.0 ], [ 110.640483604928363, -7.586705997710657, 0.0 ], [ 110.640603863973553, -7.586704832534732, 0.0 ] ], [ [ 110.641058279735859, -7.586728431369649, 0.0 ], [ 110.640797863354678, -7.58673913887802, 0.0 ], [ 110.640576016510664, -7.58674128573147, 0.0 ], [ 110.640483956543292, -7.586742177516125, 0.0 ], [ 110.640441010515289, -7.586739464528546, 0.0 ], [ 110.640438743356512, -7.586739344157415, 0.0 ], [ 110.640436488573826, -7.586739603709892, 0.0 ], [ 110.640434306914457, -7.586740232381556, 0.0 ], [ 110.640432261848957, -7.586741214847406, 0.0 ], [ 110.640430407795293, -7.58674252039756, 0.0 ], [ 110.640428796453293, -7.586744116510748, 0.0 ], [ 110.640427474094821, -7.586745957092877, 0.0 ], [ 110.6404264770228, -7.586747992423439, 0.0 ], [ 110.640425832481498, -7.586750164633357, 0.0 ], [ 110.640382537994185, -7.586958538469284, 0.0 ], [ 110.640349210844533, -7.587118942002071, 0.0 ], [ 110.640332327906521, -7.587200198749418, 0.0 ], [ 110.6403142417645, -7.587263163480115, 0.0 ], [ 110.640273022651968, -7.587406660661651, 0.0 ], [ 110.640265085580822, -7.587434291889839, 0.0 ], [ 110.640264142483559, -7.587439009272034, 0.0 ], [ 110.640263988003156, -7.587443816857572, 0.0 ], [ 110.640264624966733, -7.587448585297365, 0.0 ], [ 110.640266037162533, -7.587453187035642, 0.0 ], [ 110.640268184810964, -7.587457491783473, 0.0 ], [ 110.640271011797395, -7.587461390043194, 0.0 ], [ 110.640274441157487, -7.587464771395323, 0.0 ], [ 110.640278378684528, -7.587467547115501, 0.0 ], [ 110.640282719283562, -7.587469640229516, 0.0 ], [ 110.6402833618165, -7.587469887704696, 0.0 ], [ 110.640431952845361, -7.587527054583991, 0.0 ], [ 110.640468893530851, -7.587541265845614, 0.0 ], [ 110.640479760410301, -7.587545447545032, 0.0 ], [ 110.640534798155755, -7.5875719748149, 0.0 ], [ 110.640660128307019, -7.587632380600412, 0.0 ], [ 110.640677680661369, -7.587642364212233, 0.0 ], [ 110.640693712660678, -7.587654633283996, 0.0 ], [ 110.640707926241063, -7.587668960526107, 0.0 ], [ 110.640778690211221, -7.587750736548529, 0.0 ], [ 110.6407887306422, -7.587761100196063, 0.0 ], [ 110.64093002968994, -7.587891406881262, 0.0 ], [ 110.640970948771681, -7.587929143453933, 0.0 ], [ 110.641015752149329, -7.587970461652056, 0.0 ], [ 110.641079082907623, -7.588028865009647, 0.0 ], [ 110.64129406904047, -7.588212422085107, 0.0 ], [ 110.641370082482212, -7.588277322434346, 0.0 ], [ 110.641372355641494, -7.588278964268682, 0.0 ], [ 110.641374865732374, -7.588280215530349, 0.0 ], [ 110.641377546604886, -7.588281042696205, 0.0 ], [ 110.641380325751271, -7.5882814267108, 0.0 ], [ 110.641383130659278, -7.588281353945962, 0.0 ], [ 110.641385886988573, -7.588280828863187, 0.0 ], [ 110.641388521297898, -7.58827986497023, 0.0 ], [ 110.641390963763882, -7.588278485727943, 0.0 ], [ 110.641393149083186, -7.588276729978403, 0.0 ], [ 110.641395021011121, -7.58827464471211, 0.0 ], [ 110.641396527831262, -7.588272282350634, 0.0 ], [ 110.641397631414833, -7.588269707990584, 0.0 ], [ 110.641438872350477, -7.588146599399207, 0.0 ], [ 110.641639131035006, -7.587606154915284, 0.0 ], [ 110.641723398243371, -7.587393102861774, 0.0 ], [ 110.641733466541098, -7.587371998823948, 0.0 ], [ 110.64174632387973, -7.587352460155867, 0.0 ], [ 110.641761731533251, -7.587334855719396, 0.0 ], [ 110.641779400953439, -7.587319509107548, 0.0 ], [ 110.64182831316856, -7.587282575675467, 0.0 ], [ 110.641842736132858, -7.587269570995722, 0.0 ], [ 110.641854684323931, -7.587254268514703, 0.0 ], [ 110.641863796551533, -7.587237135590557, 0.0 ], [ 110.64186979771037, -7.587218683975499, 0.0 ], [ 110.641885842871403, -7.587149299665239, 0.0 ], [ 110.6418935894133, -7.587123917875598, 0.0 ], [ 110.641926013136782, -7.587039087285596, 0.0 ], [ 110.641937337680034, -7.587009457932867, 0.0 ], [ 110.641941188873631, -7.586998247324849, 0.0 ], [ 110.641993056330563, -7.586828683089324, 0.0 ], [ 110.641993555891048, -7.586826422110917, 0.0 ], [ 110.641993692875658, -7.58682411198803, 0.0 ], [ 110.64199346361265, -7.586821807895555, 0.0 ], [ 110.641992873491887, -7.5868195695386, 0.0 ], [ 110.641991937879723, -7.586817451203188, 0.0 ], [ 110.641990679395533, -7.586815506276706, 0.0 ], [ 110.641989129727847, -7.586813783631261, 0.0 ], [ 110.641987326916976, -7.586812324907742, 0.0 ], [ 110.641985317164313, -7.586811169040081, 0.0 ], [ 110.641983150307183, -7.586810343205967, 0.0 ], [ 110.641858301828705, -7.586773725303575, 0.0 ], [ 110.641833382466814, -7.586767585462123, 0.0 ], [ 110.641737700231658, -7.586748409671531, 0.0 ], [ 110.64164468188784, -7.586729767934022, 0.0 ], [ 110.641577381023424, -7.586720116042804, 0.0 ], [ 110.641533768325374, -7.586716734146773, 0.0 ], [ 110.641455628021646, -7.586715762465844, 0.0 ], [ 110.641197550016315, -7.586722704667276, 0.0 ], [ 110.641058279735859, -7.586728431369649, 0.0 ] ], [ [ 110.641883829565856, -7.587245604257142, 0.0 ], [ 110.641872944103298, -7.587266072627927, 0.0 ], [ 110.641858671795816, -7.587284351897793, 0.0 ], [ 110.641841441896048, -7.587299887927222, 0.0 ], [ 110.641797310144739, -7.587333210693248, 0.0 ], [ 110.641783523515031, -7.587345185606393, 0.0 ], [ 110.64177150137138, -7.587358922238137, 0.0 ], [ 110.641761468746438, -7.587374166593795, 0.0 ], [ 110.64175361262366, -7.587390633892508, 0.0 ], [ 110.64166453703794, -7.587615842838523, 0.0 ], [ 110.64146453005462, -7.588155608221316, 0.0 ], [ 110.641420782677486, -7.588286200851752, 0.0 ], [ 110.641419231850307, -7.588292441912007, 0.0 ], [ 110.641418691682844, -7.588298848434844, 0.0 ], [ 110.641419175906648, -7.588305259420657, 0.0 ], [ 110.641420671056252, -7.588311514751996, 0.0 ], [ 110.641423141004793, -7.588317451579, 0.0 ], [ 110.641426522413369, -7.588322926025086, 0.0 ], [ 110.641430730185306, -7.588327795100242, 0.0 ], [ 110.641435657448795, -7.588331937505844, 0.0 ], [ 110.641448522313311, -7.588340580289584, 0.0 ], [ 110.641620285193071, -7.588449084953961, 0.0 ], [ 110.641650860522674, -7.588466244248131, 0.0 ], [ 110.641906374356068, -7.588592641185122, 0.0 ], [ 110.64204365794248, -7.588660551584854, 0.0 ], [ 110.642214948609421, -7.58874844081009, 0.0 ], [ 110.642444640545065, -7.588866296184097, 0.0 ], [ 110.642448444031956, -7.588867851529637, 0.0 ], [ 110.642452458393151, -7.588868734059043, 0.0 ], [ 110.642456564891432, -7.588868919251637, 0.0 ], [ 110.642460642962263, -7.588868399771835, 0.0 ], [ 110.64246457202097, -7.588867192707053, 0.0 ], [ 110.642468235094114, -7.588865333238786, 0.0 ], [ 110.642471526072569, -7.588862873743984, 0.0 ], [ 110.642474346986745, -7.588859890124833, 0.0 ], [ 110.642476613457006, -7.588856468244741, 0.0 ], [ 110.642478261033474, -7.588852711170085, 0.0 ], [ 110.642587791778681, -7.588529767145777, 0.0 ], [ 110.642765249484555, -7.587992853735525, 0.0 ], [ 110.642896551124821, -7.587600889064502, 0.0 ], [ 110.642904317442671, -7.587581147177352, 0.0 ], [ 110.642909781755705, -7.587567254971934, 0.0 ], [ 110.642926407028369, -7.587535155079325, 0.0 ], [ 110.643024811297153, -7.587366978515656, 0.0 ], [ 110.643135667853954, -7.58719207591511, 0.0 ], [ 110.642919291278417, -7.587118904261346, 0.0 ], [ 110.642664928590236, -7.587032888258998, 0.0 ], [ 110.642514147533632, -7.586981897547704, 0.0 ], [ 110.642511851733616, -7.586981328504035, 0.0 ], [ 110.642509492153877, -7.586981149271508, 0.0 ], [ 110.642507135873927, -7.586981365332611, 0.0 ], [ 110.642504849980796, -7.586981973124271, 0.0 ], [ 110.642502697041493, -7.586982953702228, 0.0 ], [ 110.642500738725445, -7.586984277266833, 0.0 ], [ 110.642499030358522, -7.586985911299575, 0.0 ], [ 110.64249761912194, -7.586987806088655, 0.0 ], [ 110.642496545851856, -7.586989911012529, 0.0 ], [ 110.642436959868988, -7.58713580850081, 0.0 ], [ 110.642423206160558, -7.587183690712708, 0.0 ], [ 110.642393795867008, -7.587286083059724, 0.0 ], [ 110.642376367176922, -7.587281099097843, 0.0 ], [ 110.642419800295158, -7.587129886737714, 0.0 ], [ 110.642478847616559, -7.58698530584252, 0.0 ], [ 110.642479522940619, -7.586983169836657, 0.0 ], [ 110.642479841153261, -7.586980953936319, 0.0 ], [ 110.642479794955847, -7.586978714217947, 0.0 ], [ 110.64247938520414, -7.586976512192059, 0.0 ], [ 110.642478623634659, -7.586974406664437, 0.0 ], [ 110.642477528333359, -7.586972451923293, 0.0 ], [ 110.642476130081604, -7.586970697744501, 0.0 ], [ 110.642474466004217, -7.586969196622837, 0.0 ], [ 110.642472578678806, -7.586967984775514, 0.0 ], [ 110.642470519753502, -7.586967092095346, 0.0 ], [ 110.642171047978437, -7.58686545051485, 0.0 ], [ 110.642149409549432, -7.586859104438113, 0.0 ], [ 110.64203737098731, -7.586826244700785, 0.0 ], [ 110.642033955709195, -7.586825556236426, 0.0 ], [ 110.64203047194475, -7.586825467436209, 0.0 ], [ 110.64202702485268, -7.586825978386661, 0.0 ], [ 110.642023718697089, -7.586827074700743, 0.0 ], [ 110.642020651409794, -7.586828725704153, 0.0 ], [ 110.642017914595513, -7.586830878103492, 0.0 ], [ 110.642015591706794, -7.586833470457685, 0.0 ], [ 110.642013751708063, -7.586836421413436, 0.0 ], [ 110.642012449967083, -7.586839647797237, 0.0 ], [ 110.64196199782846, -7.587004583683653, 0.0 ], [ 110.641957666825334, -7.58701719234019, 0.0 ], [ 110.641946298674242, -7.587046936536188, 0.0 ], [ 110.641913918561499, -7.587131654094248, 0.0 ], [ 110.641907042848118, -7.587154181823148, 0.0 ], [ 110.641890997690965, -7.587223565229773, 0.0 ], [ 110.641883829565856, -7.587245604257142, 0.0 ] ], [ [ 110.64062070075488, -7.587821555740217, 0.0 ], [ 110.640629966361104, -7.587819577897799, 0.0 ], [ 110.640638823356511, -7.587816218460989, 0.0 ], [ 110.640647066796333, -7.587811556861324, 0.0 ], [ 110.640721875578265, -7.587761382365271, 0.0 ], [ 110.64072348848407, -7.587760090183209, 0.0 ], [ 110.640724860458263, -7.587758546335593, 0.0 ], [ 110.640725952484232, -7.587756793304315, 0.0 ], [ 110.640726732790966, -7.587754881718253, 0.0 ], [ 110.640727179575663, -7.587752866737299, 0.0 ], [ 110.640727281005212, -7.587750806243226, 0.0 ], [ 110.64072703249964, -7.58774875721928, 0.0 ], [ 110.640726442168301, -7.587746779372802, 0.0 ], [ 110.64072552628167, -7.587744929704284, 0.0 ], [ 110.64072431199321, -7.587743259795809, 0.0 ], [ 110.640680480070529, -7.587692605548442, 0.0 ], [ 110.640669738363684, -7.587681779091153, 0.0 ], [ 110.64065762195537, -7.587672506428882, 0.0 ], [ 110.640644356430414, -7.587664961422621, 0.0 ], [ 110.640525265323362, -7.587607561200938, 0.0 ], [ 110.640465327858934, -7.587578672606747, 0.0 ], [ 110.640367087311773, -7.587540877734542, 0.0 ], [ 110.640258660502241, -7.587499163115914, 0.0 ], [ 110.640254514073746, -7.587497955722269, 0.0 ], [ 110.640250223822434, -7.587497457381235, 0.0 ], [ 110.640245910306305, -7.587497682665435, 0.0 ], [ 110.640241695007219, -7.587498625343478, 0.0 ], [ 110.640237697611212, -7.58750025837772, 0.0 ], [ 110.640234030567782, -7.587502535728846, 0.0 ], [ 110.640230797275322, -7.587505394163517, 0.0 ], [ 110.640228088457135, -7.58750875053765, 0.0 ], [ 110.640135136142575, -7.587646157944827, 0.0 ], [ 110.640134291808096, -7.587647661522134, 0.0 ], [ 110.6401337075512, -7.587649285620573, 0.0 ], [ 110.640133401541846, -7.587650983218272, 0.0 ], [ 110.640133381977975, -7.587652707285135, 0.0 ], [ 110.640133647990694, -7.587654412592652, 0.0 ], [ 110.640134193275514, -7.587656049385045, 0.0 ], [ 110.640135002458081, -7.587657573326376, 0.0 ], [ 110.64013605290944, -7.587658942788341, 0.0 ], [ 110.640137316559105, -7.587660118851813, 0.0 ], [ 110.640138758076731, -7.587661071637242, 0.0 ], [ 110.640140337598538, -7.587661772165847, 0.0 ], [ 110.640143563936036, -7.587662920907682, 0.0 ], [ 110.640306240935217, -7.587722195343256, 0.0 ], [ 110.640345341893493, -7.587736443680357, 0.0 ], [ 110.640461230351306, -7.587775094387416, 0.0 ], [ 110.640592619146119, -7.587818915652202, 0.0 ], [ 110.640601808673537, -7.587821220818628, 0.0 ], [ 110.640611241424551, -7.587822108747148, 0.0 ], [ 110.64062070075488, -7.587821555740217, 0.0 ] ], [ [ 110.640119580021135, -7.589479113022326, 0.0 ], [ 110.640123751905435, -7.58947807442762, 0.0 ], [ 110.640127706754896, -7.589476390705113, 0.0 ], [ 110.640131344815586, -7.589474102477229, 0.0 ], [ 110.640134573570947, -7.589471268463517, 0.0 ], [ 110.640137311373195, -7.589467959151731, 0.0 ], [ 110.64013949015991, -7.589464260418334, 0.0 ], [ 110.640141054556636, -7.589460262673052, 0.0 ], [ 110.64018176443669, -7.589325519395929, 0.0 ], [ 110.640182189463502, -7.589323510729757, 0.0 ], [ 110.640182270038295, -7.589321459264395, 0.0 ], [ 110.640182002486796, -7.589319422888355, 0.0 ], [ 110.640181395824072, -7.589317462214359, 0.0 ], [ 110.640180466324324, -7.589315629720058, 0.0 ], [ 110.640179242044653, -7.58931398060658, 0.0 ], [ 110.640177755582286, -7.58931256103323, 0.0 ], [ 110.640176051324943, -7.589311410837183, 0.0 ], [ 110.640174177292408, -7.589310562622195, 0.0 ], [ 110.640172186949869, -7.589310041760035, 0.0 ], [ 110.639996961365767, -7.589279727062595, 0.0 ], [ 110.639897081608282, -7.58926244693836, 0.0 ], [ 110.639760232940105, -7.58924077529978, 0.0 ], [ 110.639640920920982, -7.589221880666658, 0.0 ], [ 110.639495170269115, -7.589198798601851, 0.0 ], [ 110.63949010751341, -7.589198434390857, 0.0 ], [ 110.639485056725377, -7.589198939467568, 0.0 ], [ 110.639480166594993, -7.589200294055071, 0.0 ], [ 110.639475578573425, -7.589202462088434, 0.0 ], [ 110.639471428697476, -7.589205377647911, 0.0 ], [ 110.639467838512729, -7.58920895851978, 0.0 ], [ 110.639464911455761, -7.589213096243129, 0.0 ], [ 110.639462734654373, -7.589217671488925, 0.0 ], [ 110.639461371678294, -7.589222550435662, 0.0 ], [ 110.639460862535316, -7.5892275892922, 0.0 ], [ 110.639458121554441, -7.589263009412949, 0.0 ], [ 110.639450995212854, -7.589297817131084, 0.0 ], [ 110.639439593650636, -7.589331473422599, 0.0 ], [ 110.639433817182905, -7.589345567938706, 0.0 ], [ 110.639433049140095, -7.589347982464931, 0.0 ], [ 110.639432683525158, -7.589350491398679, 0.0 ], [ 110.639432728552777, -7.589353027809654, 0.0 ], [ 110.639433184280961, -7.589355522047129, 0.0 ], [ 110.63943403807238, -7.589357908972604, 0.0 ], [ 110.639435268220367, -7.589360127962892, 0.0 ], [ 110.639436841233262, -7.589362118384964, 0.0 ], [ 110.639438716358697, -7.589363829549946, 0.0 ], [ 110.63944084377583, -7.589365214379596, 0.0 ], [ 110.639443168213262, -7.589366239359541, 0.0 ], [ 110.639445628050737, -7.589366874588346, 0.0 ], [ 110.639605872305438, -7.589394687752685, 0.0 ], [ 110.639723692714384, -7.589415136092316, 0.0 ], [ 110.63994915814709, -7.589454267603749, 0.0 ], [ 110.639969741372127, -7.58945743340715, 0.0 ], [ 110.640111006767142, -7.589479164721745, 0.0 ], [ 110.640115295378095, -7.589479478534309, 0.0 ], [ 110.640119580021135, -7.589479113022326, 0.0 ] ], [ [ 110.640020103378134, -7.589808765587722, 0.0 ], [ 110.640024260788181, -7.589807694418168, 0.0 ], [ 110.640028198437733, -7.58980598535494, 0.0 ], [ 110.640031817480093, -7.589803678116662, 0.0 ], [ 110.640035029022528, -7.58980083413951, 0.0 ], [ 110.640037753232505, -7.589797521199068, 0.0 ], [ 110.640039921142545, -7.589793823361886, 0.0 ], [ 110.640041481004246, -7.589789831040688, 0.0 ], [ 110.640077342084766, -7.589671136006415, 0.0 ], [ 110.640120300082188, -7.589528953725269, 0.0 ], [ 110.640120938999161, -7.589525921279342, 0.0 ], [ 110.640121051264771, -7.589522825983142, 0.0 ], [ 110.64012063408569, -7.589519756480806, 0.0 ], [ 110.640119699171791, -7.589516803237562, 0.0 ], [ 110.64011827364881, -7.589514051304104, 0.0 ], [ 110.640116400058218, -7.589511580316519, 0.0 ], [ 110.640114131822315, -7.589509467206247, 0.0 ], [ 110.640111535980367, -7.589507766302122, 0.0 ], [ 110.640108687730574, -7.589506531939693, 0.0 ], [ 110.640105671350881, -7.589505801275537, 0.0 ], [ 110.63994475543673, -7.589481049656468, 0.0 ], [ 110.63992469102071, -7.589477564973424, 0.0 ], [ 110.639771154183848, -7.589450917122081, 0.0 ], [ 110.639588960137985, -7.589419295734388, 0.0 ], [ 110.639433282395103, -7.589392276027602, 0.0 ], [ 110.639429588487332, -7.589391953656029, 0.0 ], [ 110.639425892246564, -7.589392255425786, 0.0 ], [ 110.639422300650466, -7.589393175093695, 0.0 ], [ 110.639418915255476, -7.589394684702772, 0.0 ], [ 110.639415834002435, -7.589396743629266, 0.0 ], [ 110.639413143970955, -7.589399290435617, 0.0 ], [ 110.639410922276994, -7.589402253725907, 0.0 ], [ 110.639409233357583, -7.589405546716263, 0.0 ], [ 110.639352036395195, -7.589545097513575, 0.0 ], [ 110.639327123707858, -7.589605878352807, 0.0 ], [ 110.639285796098463, -7.589680885083268, 0.0 ], [ 110.639284895104666, -7.589682924108309, 0.0 ], [ 110.639284362065396, -7.589685087362733, 0.0 ], [ 110.639284213351999, -7.589687310636697, 0.0 ], [ 110.639284454461063, -7.589689525188541, 0.0 ], [ 110.639285077287923, -7.589691665883556, 0.0 ], [ 110.639286062852449, -7.589693663959765, 0.0 ], [ 110.6392873812853, -7.589695463309959, 0.0 ], [ 110.639288992747453, -7.589697005104952, 0.0 ], [ 110.639290848321622, -7.589698245885509, 0.0 ], [ 110.63929289183659, -7.589699143995459, 0.0 ], [ 110.639295059853694, -7.589699675863744, 0.0 ], [ 110.639427952482208, -7.589720238101522, 0.0 ], [ 110.63950090017363, -7.589731524130271, 0.0 ], [ 110.639684714270416, -7.589759963772037, 0.0 ], [ 110.639827580397395, -7.589782067376762, 0.0 ], [ 110.639881979824253, -7.589790484102796, 0.0 ], [ 110.640011542737128, -7.589808904132659, 0.0 ], [ 110.640015828669959, -7.589809171811791, 0.0 ], [ 110.640020103378134, -7.589808765587722, 0.0 ] ], [ [ 110.639916439916391, -7.590149576865541, 0.0 ], [ 110.639920793207395, -7.590148429876735, 0.0 ], [ 110.639924914068075, -7.590146618751615, 0.0 ], [ 110.639928700927484, -7.590144188633843, 0.0 ], [ 110.639932060365311, -7.590141194623932, 0.0 ], [ 110.639934908912267, -7.59013771715819, 0.0 ], [ 110.639937178511801, -7.590133834876592, 0.0 ], [ 110.63993881196717, -7.590129649042008, 0.0 ], [ 110.639973737695556, -7.590014049539595, 0.0 ], [ 110.64001786844085, -7.589867984988222, 0.0 ], [ 110.640018665732498, -7.589864190133368, 0.0 ], [ 110.640018799498847, -7.589860314223649, 0.0 ], [ 110.64001826601671, -7.589856473943654, 0.0 ], [ 110.640017081509896, -7.589852782376251, 0.0 ], [ 110.640015279431893, -7.589849346286688, 0.0 ], [ 110.640012914088985, -7.589846269743813, 0.0 ], [ 110.64001005611658, -7.589843643261647, 0.0 ], [ 110.640006788852304, -7.589841544700996, 0.0 ], [ 110.640003210151988, -7.589840035652635, 0.0 ], [ 110.639999424231689, -7.589839160526084, 0.0 ], [ 110.639877311340626, -7.589821800470764, 0.0 ], [ 110.639837728423643, -7.589815676403369, 0.0 ], [ 110.639664439760907, -7.589788864703213, 0.0 ], [ 110.639481063459868, -7.589760492352561, 0.0 ], [ 110.639279346478503, -7.589729282495295, 0.0 ], [ 110.639275251870785, -7.589728964312584, 0.0 ], [ 110.639271155833327, -7.589729273890162, 0.0 ], [ 110.639267154469124, -7.589730200453081, 0.0 ], [ 110.639263342077058, -7.589731722370245, 0.0 ], [ 110.639259804805391, -7.589733808053738, 0.0 ], [ 110.63925662791398, -7.589736404205513, 0.0 ], [ 110.639253883067482, -7.589739453898058, 0.0 ], [ 110.639251635598271, -7.589742883916594, 0.0 ], [ 110.639178001416724, -7.589876521533836, 0.0 ], [ 110.639097147396356, -7.590023261959514, 0.0 ], [ 110.639096208282922, -7.59002535251207, 0.0 ], [ 110.639095618088277, -7.590027565469267, 0.0 ], [ 110.639095394990093, -7.590029844763773, 0.0 ], [ 110.639095542664364, -7.590032130697977, 0.0 ], [ 110.639096057535426, -7.590034362663683, 0.0 ], [ 110.639096926960647, -7.590036481854288, 0.0 ], [ 110.639098127414343, -7.590038434881519, 0.0 ], [ 110.639099627211834, -7.590040168350278, 0.0 ], [ 110.639101388316632, -7.590041636096641, 0.0 ], [ 110.639103363616968, -7.590042803708434, 0.0 ], [ 110.639105501468279, -7.590043636769638, 0.0 ], [ 110.639107746588564, -7.59004411442959, 0.0 ], [ 110.639248913422463, -7.590062440297491, 0.0 ], [ 110.639377970102203, -7.590079193907201, 0.0 ], [ 110.639537954863059, -7.590099960405185, 0.0 ], [ 110.639579439273504, -7.590105553294105, 0.0 ], [ 110.639743938396904, -7.590127731852777, 0.0 ], [ 110.639907464016602, -7.59014977928759, 0.0 ], [ 110.639911960285943, -7.590150029955577, 0.0 ], [ 110.639916439916391, -7.590149576865541, 0.0 ] ], [ [ 110.640779086422029, -7.589926868923952, 0.0 ], [ 110.640782908274929, -7.589925959385295, 0.0 ], [ 110.640786536620752, -7.589924454489117, 0.0 ], [ 110.640789880770214, -7.589922395770059, 0.0 ], [ 110.640792855465136, -7.58991983471735, 0.0 ], [ 110.640795385409547, -7.589916834587656, 0.0 ], [ 110.640797407080612, -7.589913473120308, 0.0 ], [ 110.640798868735359, -7.58990983439622, 0.0 ], [ 110.64088087021517, -7.589646843798043, 0.0 ], [ 110.640881499922784, -7.589643978685965, 0.0 ], [ 110.640881630177375, -7.589641048033307, 0.0 ], [ 110.640881258186525, -7.58963813957969, 0.0 ], [ 110.640880393853195, -7.589635336552395, 0.0 ], [ 110.640879063398941, -7.589632721287623, 0.0 ], [ 110.640877304834945, -7.589630370704022, 0.0 ], [ 110.64087516977655, -7.589628354494999, 0.0 ], [ 110.640872721633215, -7.589626731509051, 0.0 ], [ 110.640870031983084, -7.589625548842175, 0.0 ], [ 110.640867179667893, -7.589624840028048, 0.0 ], [ 110.64068511466904, -7.589595903016047, 0.0 ], [ 110.640495397640407, -7.589565749306043, 0.0 ], [ 110.640472386983419, -7.589562209747415, 0.0 ], [ 110.640348529541612, -7.589543157769899, 0.0 ], [ 110.640180304139136, -7.589517280350233, 0.0 ], [ 110.640176191387141, -7.589516979347614, 0.0 ], [ 110.640172083533017, -7.589517329629023, 0.0 ], [ 110.640168082113675, -7.589518326755706, 0.0 ], [ 110.640164289592093, -7.589519942771257, 0.0 ], [ 110.640160802096773, -7.589522136145675, 0.0 ], [ 110.640157705793143, -7.589524854486094, 0.0 ], [ 110.640155079609386, -7.589528027302479, 0.0 ], [ 110.640152990696095, -7.589531575049547, 0.0 ], [ 110.640151490801586, -7.589535407314568, 0.0 ], [ 110.640110435450396, -7.589671294563006, 0.0 ], [ 110.640076193396467, -7.589784629640103, 0.0 ], [ 110.640075174939156, -7.589789477214655, 0.0 ], [ 110.640075004019408, -7.589794425896542, 0.0 ], [ 110.640075685290327, -7.589799330960722, 0.0 ], [ 110.640077198929788, -7.5898040458528, 0.0 ], [ 110.640079499724806, -7.589808433042887, 0.0 ], [ 110.640082519792685, -7.589812362218783, 0.0 ], [ 110.64008617038894, -7.589815716619328, 0.0 ], [ 110.64009034371648, -7.589818397558716, 0.0 ], [ 110.640094914738057, -7.589820325332526, 0.0 ], [ 110.640099749332109, -7.589821442842713, 0.0 ], [ 110.640262561400561, -7.589844590393179, 0.0 ], [ 110.640329174791376, -7.589854059218537, 0.0 ], [ 110.640413424129065, -7.58986792881131, 0.0 ], [ 110.640616338821374, -7.589901332686314, 0.0 ], [ 110.640771252972286, -7.589926835314494, 0.0 ], [ 110.640775168078335, -7.589927164189586, 0.0 ], [ 110.640779086422029, -7.589926868923952, 0.0 ] ], [ [ 110.64067826350707, -7.590251572620098, 0.0 ], [ 110.640682008349287, -7.590250611459161, 0.0 ], [ 110.640685556945272, -7.59024907845685, 0.0 ], [ 110.640688823139172, -7.590247014246976, 0.0 ], [ 110.640691727116504, -7.590244464895878, 0.0 ], [ 110.640694197204425, -7.590241497281484, 0.0 ], [ 110.640696173513717, -7.590238180100483, 0.0 ], [ 110.640697607020996, -7.590234597436066, 0.0 ], [ 110.640771966946815, -7.589996113104639, 0.0 ], [ 110.640773146280736, -7.589990753682634, 0.0 ], [ 110.6407733955987, -7.589985271377123, 0.0 ], [ 110.640772706608132, -7.589979827192167, 0.0 ], [ 110.640771099122503, -7.589974578536819, 0.0 ], [ 110.640768621061966, -7.589969678320548, 0.0 ], [ 110.640765343923633, -7.589965271331327, 0.0 ], [ 110.64076136369637, -7.589961484286253, 0.0 ], [ 110.640756795420856, -7.589958426731578, 0.0 ], [ 110.640751773189436, -7.589956191042766, 0.0 ], [ 110.640746442905865, -7.589954837945604, 0.0 ], [ 110.640401592215099, -7.589898068766475, 0.0 ], [ 110.640324354057896, -7.589885352852813, 0.0 ], [ 110.640229807798178, -7.589871912526564, 0.0 ], [ 110.640187096332852, -7.589865839270289, 0.0 ], [ 110.640081057327905, -7.589850764818235, 0.0 ], [ 110.640076652643003, -7.589850489804961, 0.0 ], [ 110.640072260074319, -7.589850906786653, 0.0 ], [ 110.640067986599647, -7.589852009520017, 0.0 ], [ 110.640063940125088, -7.589853765530368, 0.0 ], [ 110.640060221309653, -7.589856136005188, 0.0 ], [ 110.640056920859166, -7.589859059509782, 0.0 ], [ 110.64005412132957, -7.589862463748073, 0.0 ], [ 110.64005189259565, -7.589866263749713, 0.0 ], [ 110.640050290034253, -7.589870366391343, 0.0 ], [ 110.640008260113731, -7.590009478463219, 0.0 ], [ 110.639972122632557, -7.590129085955422, 0.0 ], [ 110.639971229769486, -7.590133341149705, 0.0 ], [ 110.639971084732665, -7.590137687418868, 0.0 ], [ 110.639971690351643, -7.590141992700149, 0.0 ], [ 110.639973030415419, -7.590146128533241, 0.0 ], [ 110.639975063323703, -7.590149973673229, 0.0 ], [ 110.639977728432598, -7.590153414095917, 0.0 ], [ 110.639980947867087, -7.590156343903774, 0.0 ], [ 110.639984623790781, -7.590158677987562, 0.0 ], [ 110.63998864747667, -7.590160345701896, 0.0 ], [ 110.639992899301134, -7.590161298101712, 0.0 ], [ 110.640080932466248, -7.590173167303961, 0.0 ], [ 110.640155251201705, -7.590183067678462, 0.0 ], [ 110.64033510221681, -7.590207022606752, 0.0 ], [ 110.640670554111125, -7.590251704644769, 0.0 ], [ 110.640674413997928, -7.590251940306036, 0.0 ], [ 110.64067826350707, -7.590251572620098, 0.0 ] ], [ [ 110.640524273804587, -7.590702093987085, 0.0 ], [ 110.640527948582346, -7.590701451173302, 0.0 ], [ 110.64053146521222, -7.59070020850837, 0.0 ], [ 110.640534725757632, -7.590698401188994, 0.0 ], [ 110.64053763952468, -7.59069607617704, 0.0 ], [ 110.64054012486838, -7.590693300342134, 0.0 ], [ 110.640542113733744, -7.590690150515214, 0.0 ], [ 110.640543548934588, -7.590686715295466, 0.0 ], [ 110.64059568277716, -7.59052513331928, 0.0 ], [ 110.640659341266456, -7.590327835437861, 0.0 ], [ 110.640660044497224, -7.59032486184041, 0.0 ], [ 110.640660268224281, -7.590321815482154, 0.0 ], [ 110.640660004227144, -7.590318770529849, 0.0 ], [ 110.640659261504425, -7.590315807496376, 0.0 ], [ 110.640658057219767, -7.590312999664937, 0.0 ], [ 110.640656422137155, -7.59031041761629, 0.0 ], [ 110.640654397906033, -7.59030812379919, 0.0 ], [ 110.640652035241217, -7.590306180669879, 0.0 ], [ 110.64064939393505, -7.590304636219245, 0.0 ], [ 110.640646541041292, -7.590303527589467, 0.0 ], [ 110.640643548153918, -7.590302882880962, 0.0 ], [ 110.640450936107825, -7.590277220577278, 0.0 ], [ 110.640314182125309, -7.590258999151194, 0.0 ], [ 110.640124654767092, -7.590233747211468, 0.0 ], [ 110.640073691556708, -7.590226957035376, 0.0 ], [ 110.639962126124104, -7.590211915966387, 0.0 ], [ 110.639958965139044, -7.590211737864665, 0.0 ], [ 110.639955815530513, -7.590212050946001, 0.0 ], [ 110.639952751642909, -7.590212846226384, 0.0 ], [ 110.639949848733224, -7.590214107486184, 0.0 ], [ 110.639947177539227, -7.59021580221996, 0.0 ], [ 110.639944801553867, -7.590217888870752, 0.0 ], [ 110.639942778836797, -7.59022031864067, 0.0 ], [ 110.639941157484728, -7.590223031868895, 0.0 ], [ 110.639939978344955, -7.590225965270359, 0.0 ], [ 110.639897912883015, -7.590359763033041, 0.0 ], [ 110.639858091599294, -7.590486425706027, 0.0 ], [ 110.63985727727993, -7.59048998083905, 0.0 ], [ 110.639857034924617, -7.590493617855899, 0.0 ], [ 110.639857370951475, -7.590497249924617, 0.0 ], [ 110.639858277280609, -7.590500782060141, 0.0 ], [ 110.639859730414074, -7.59050412740568, 0.0 ], [ 110.6398616950665, -7.59050720180835, 0.0 ], [ 110.639864120535151, -7.590509928338897, 0.0 ], [ 110.639866947043586, -7.590512240010717, 0.0 ], [ 110.639870103024151, -7.590514077063833, 0.0 ], [ 110.639873510551368, -7.590515394205914, 0.0 ], [ 110.640031411221273, -7.590562473228202, 0.0 ], [ 110.640211025646067, -7.590616025979792, 0.0 ], [ 110.640355062348306, -7.590658971353001, 0.0 ], [ 110.640400929621478, -7.590672646377983, 0.0 ], [ 110.640516861429631, -7.590701518891845, 0.0 ], [ 110.640520543337743, -7.590702114420559, 0.0 ], [ 110.640524273804587, -7.590702093987085, 0.0 ] ], [ [ 110.640006519042544, -7.590583374079097, 0.0 ], [ 110.639866085948654, -7.590541503476727, 0.0 ], [ 110.639861942825334, -7.590540648857582, 0.0 ], [ 110.639857713883572, -7.590540518716249, 0.0 ], [ 110.639853526037115, -7.590541116776103, 0.0 ], [ 110.639849503498056, -7.59054242504893, 0.0 ], [ 110.639845766868888, -7.590544405643327, 0.0 ], [ 110.639842427705517, -7.590546998046513, 0.0 ], [ 110.63983958579216, -7.590550125453935, 0.0 ], [ 110.639837326422651, -7.590553693862521, 0.0 ], [ 110.639835715863072, -7.590557597494191, 0.0 ], [ 110.639749955917949, -7.590830381972532, 0.0 ], [ 110.639749349881782, -7.590833114132344, 0.0 ], [ 110.639749221543326, -7.590835910911498, 0.0 ], [ 110.639749575505391, -7.590838688190145, 0.0 ], [ 110.639750400957908, -7.590841363644776, 0.0 ], [ 110.639751674395356, -7.59084385946414, 0.0 ], [ 110.639753356900172, -7.590846098728745, 0.0 ], [ 110.639755398664107, -7.590848018983013, 0.0 ], [ 110.639757740810452, -7.590849561382012, 0.0 ], [ 110.639760312667534, -7.59085067883029, 0.0 ], [ 110.639909568719503, -7.59090086783519, 0.0 ], [ 110.639966138810635, -7.590919889554423, 0.0 ], [ 110.640063918319768, -7.59094716689662, 0.0 ], [ 110.640241523696403, -7.590996713511369, 0.0 ], [ 110.64040277874723, -7.591041698424186, 0.0 ], [ 110.640407118626356, -7.591042518828078, 0.0 ], [ 110.640411534365413, -7.591042597559163, 0.0 ], [ 110.640415899962292, -7.591041924563076, 0.0 ], [ 110.640420088479786, -7.591040524157805, 0.0 ], [ 110.640423979312985, -7.591038436948597, 0.0 ], [ 110.640427459093615, -7.591035722542345, 0.0 ], [ 110.640430427129346, -7.591032459552093, 0.0 ], [ 110.640432799032908, -7.591028741981821, 0.0 ], [ 110.640434504911354, -7.591024676511271, 0.0 ], [ 110.640475766700774, -7.59089679292001, 0.0 ], [ 110.640522290931628, -7.590752600015565, 0.0 ], [ 110.640523029668316, -7.590749447345831, 0.0 ], [ 110.640523242669886, -7.590746218258674, 0.0 ], [ 110.640522925335233, -7.590742995064825, 0.0 ], [ 110.640522085747421, -7.590739869131091, 0.0 ], [ 110.640520746504819, -7.590736919172474, 0.0 ], [ 110.640518943800245, -7.590734228438037, 0.0 ], [ 110.640516724717145, -7.59073186571292, 0.0 ], [ 110.64051414993942, -7.590729897079862, 0.0 ], [ 110.640511287416132, -7.590728373250155, 0.0 ], [ 110.640508214170112, -7.590727334992477, 0.0 ], [ 110.640393738878657, -7.5906988255032, 0.0 ], [ 110.640323777870705, -7.590677967367127, 0.0 ], [ 110.640166671969823, -7.5906311242902, 0.0 ], [ 110.640006519042544, -7.590583374079097, 0.0 ] ], [ [ 110.641693009285689, -7.591031170196492, 0.0 ], [ 110.641695790399027, -7.59103029507, 0.0 ], [ 110.641698385137644, -7.591028967512031, 0.0 ], [ 110.641700720040348, -7.59102722454882, 0.0 ], [ 110.641702728888561, -7.591025114971794, 0.0 ], [ 110.641704355425304, -7.591022700244366, 0.0 ], [ 110.641705552454582, -7.591020047264778, 0.0 ], [ 110.64170628727851, -7.591017231084177, 0.0 ], [ 110.641727620163891, -7.590893547968128, 0.0 ], [ 110.641734993164292, -7.590850801126234, 0.0 ], [ 110.641748076849581, -7.590784656326447, 0.0 ], [ 110.641797251686853, -7.590536059823724, 0.0 ], [ 110.641797590584162, -7.590532957476992, 0.0 ], [ 110.641797392813103, -7.590529844737928, 0.0 ], [ 110.641796662830799, -7.590526812970337, 0.0 ], [ 110.641795422321806, -7.590523949933957, 0.0 ], [ 110.641793708384256, -7.59052134068761, 0.0 ], [ 110.641791572626232, -7.590519063970165, 0.0 ], [ 110.641789076637664, -7.590517186769475, 0.0 ], [ 110.641786294711324, -7.590515762515532, 0.0 ], [ 110.641783310212929, -7.590514835600281, 0.0 ], [ 110.641703228378731, -7.5904973433369, 0.0 ], [ 110.64156372906244, -7.590462900448164, 0.0 ], [ 110.641472015058326, -7.590440254343639, 0.0 ], [ 110.641430617820944, -7.590430032188901, 0.0 ], [ 110.641417601163809, -7.590427269793687, 0.0 ], [ 110.64138491947169, -7.59042144372786, 0.0 ], [ 110.641326811031874, -7.590411087471304, 0.0 ], [ 110.641083796728893, -7.590367773966455, 0.0 ], [ 110.640995235498423, -7.590351988706977, 0.0 ], [ 110.640722975347572, -7.590313852949294, 0.0 ], [ 110.640717538149644, -7.590313516483717, 0.0 ], [ 110.640712113847883, -7.590314025788212, 0.0 ], [ 110.640706834810942, -7.590315365594726, 0.0 ], [ 110.640701826167955, -7.590317505251791, 0.0 ], [ 110.640697210347128, -7.590320391491823, 0.0 ], [ 110.640693098002856, -7.590323957469194, 0.0 ], [ 110.640689588928964, -7.590328114619939, 0.0 ], [ 110.640686766610457, -7.59033276351197, 0.0 ], [ 110.640684699130091, -7.59033779384581, 0.0 ], [ 110.640571024527191, -7.590690109293122, 0.0 ], [ 110.64057017934843, -7.590693715057276, 0.0 ], [ 110.640569936042013, -7.590697412679214, 0.0 ], [ 110.640570298319787, -7.59070109904266, 0.0 ], [ 110.640571259011281, -7.590704675545115, 0.0 ], [ 110.64057279190321, -7.590708049900254, 0.0 ], [ 110.640574854464433, -7.590711129808244, 0.0 ], [ 110.64057739327697, -7.590713832910324, 0.0 ], [ 110.640580339503202, -7.59071608678515, 0.0 ], [ 110.640583614323731, -7.590717830762322, 0.0 ], [ 110.640587130748202, -7.590719018637551, 0.0 ], [ 110.640771153025739, -7.590764846285149, 0.0 ], [ 110.640975179757248, -7.590824287658993, 0.0 ], [ 110.641116415960951, -7.590865435834809, 0.0 ], [ 110.641239608052956, -7.590901328078599, 0.0 ], [ 110.641477441977443, -7.590970618788466, 0.0 ], [ 110.641684348332504, -7.591030898022312, 0.0 ], [ 110.641687206206328, -7.591031475675519, 0.0 ], [ 110.641690120689134, -7.591031566724428, 0.0 ], [ 110.641693009285689, -7.591031170196492, 0.0 ] ], [ [ 110.641622723347979, -7.591386107826612, 0.0 ], [ 110.641626785735923, -7.591384851130067, 0.0 ], [ 110.641630585761405, -7.59138294565077, 0.0 ], [ 110.641634021845874, -7.591380445578342, 0.0 ], [ 110.641636999654907, -7.591377415058445, 0.0 ], [ 110.641639439340196, -7.59137394086261, 0.0 ], [ 110.641641274649444, -7.591370112487217, 0.0 ], [ 110.641642455635505, -7.591366034819538, 0.0 ], [ 110.641667519309891, -7.59124199658182, 0.0 ], [ 110.641694533644994, -7.591085375141181, 0.0 ], [ 110.641694897808364, -7.591081321222949, 0.0 ], [ 110.641694602913262, -7.591077263143229, 0.0 ], [ 110.641693656125966, -7.591073304931824, 0.0 ], [ 110.64169208183722, -7.591069550632739, 0.0 ], [ 110.641689921665929, -7.591066099781386, 0.0 ], [ 110.641687232652075, -7.591063040166691, 0.0 ], [ 110.641684084532528, -7.591060453256119, 0.0 ], [ 110.641680559747911, -7.591058406054755, 0.0 ], [ 110.641676749813229, -7.591056954720474, 0.0 ], [ 110.641610160741536, -7.591037554995947, 0.0 ], [ 110.641515751841297, -7.591010048305271, 0.0 ], [ 110.641384861315331, -7.590971914629304, 0.0 ], [ 110.641216088903462, -7.590922745730133, 0.0 ], [ 110.641052388360137, -7.590875052667223, 0.0 ], [ 110.640832966666551, -7.590811125580836, 0.0 ], [ 110.64076404568921, -7.590791045386487, 0.0 ], [ 110.640574698526535, -7.590743890872401, 0.0 ], [ 110.640571164366605, -7.590743318080158, 0.0 ], [ 110.640567584385721, -7.590743339543023, 0.0 ], [ 110.640564058304179, -7.590743955343408, 0.0 ], [ 110.640560683136925, -7.590745148375005, 0.0 ], [ 110.640557554100155, -7.590746884343418, 0.0 ], [ 110.640554757356512, -7.590749114473919, 0.0 ], [ 110.640552372731875, -7.590751779131844, 0.0 ], [ 110.640550464654282, -7.590754802387813, 0.0 ], [ 110.640549086681517, -7.590758098353335, 0.0 ], [ 110.640502367046551, -7.590902898056157, 0.0 ], [ 110.640462874872625, -7.591025297889215, 0.0 ], [ 110.640461744041502, -7.591030100143748, 0.0 ], [ 110.640461399998145, -7.591035019736712, 0.0 ], [ 110.640461851911795, -7.591039931847041, 0.0 ], [ 110.640463088106301, -7.591044705304527, 0.0 ], [ 110.640465076045103, -7.59104922068092, 0.0 ], [ 110.640467765060663, -7.591053358532976, 0.0 ], [ 110.640471084530091, -7.591057012969268, 0.0 ], [ 110.640474948410088, -7.591060088940289, 0.0 ], [ 110.640479257048625, -7.591062504049043, 0.0 ], [ 110.640483898988208, -7.591064200311782, 0.0 ], [ 110.640643551117165, -7.591108329006687, 0.0 ], [ 110.640691113229622, -7.591121474430439, 0.0 ], [ 110.640721510661635, -7.591130328923287, 0.0 ], [ 110.640972940496226, -7.591203571392172, 0.0 ], [ 110.64105951416866, -7.591228789536965, 0.0 ], [ 110.641125940101531, -7.591248141269782, 0.0 ], [ 110.641205272204459, -7.591271249411037, 0.0 ], [ 110.641301743724171, -7.591298534447442, 0.0 ], [ 110.641452665336573, -7.591341219213306, 0.0 ], [ 110.641539441789746, -7.591365760824571, 0.0 ], [ 110.641610085427459, -7.591385741916024, 0.0 ], [ 110.641614258509904, -7.591386559456919, 0.0 ], [ 110.641618510130982, -7.591386682363811, 0.0 ], [ 110.641622723347979, -7.591386107826612, 0.0 ] ], [ [ 110.642011445108963, -7.591395901567703, 0.0 ], [ 110.642026509935377, -7.59139508902026, 0.0 ], [ 110.64204130366123, -7.591392135165759, 0.0 ], [ 110.64225806942018, -7.591332432041047, 0.0 ], [ 110.642384905241414, -7.59129036240814, 0.0 ], [ 110.642577506027038, -7.591244773825058, 0.0 ], [ 110.642611629095128, -7.59123867170875, 0.0 ], [ 110.64264622041992, -7.591236382677095, 0.0 ], [ 110.642680852991916, -7.591237937133907, 0.0 ], [ 110.642726767775599, -7.591242555546271, 0.0 ], [ 110.642729695895966, -7.591242601371702, 0.0 ], [ 110.642732589068615, -7.591242153280963, 0.0 ], [ 110.642735364787058, -7.591241223870011, 0.0 ], [ 110.642737944159023, -7.591239840210665, 0.0 ], [ 110.64274025190727, -7.591238042946092, 0.0 ], [ 110.64274222271915, -7.591235881773158, 0.0 ], [ 110.642743799430448, -7.591233419059225, 0.0 ], [ 110.64274493665323, -7.591230728036037, 0.0 ], [ 110.642788488057434, -7.591096966465414, 0.0 ], [ 110.642856303097318, -7.590888681288523, 0.0 ], [ 110.642856724283718, -7.590886919559951, 0.0 ], [ 110.642856858130614, -7.590885113272054, 0.0 ], [ 110.642856702786816, -7.590883308555666, 0.0 ], [ 110.642856260028879, -7.590881549735467, 0.0 ], [ 110.642855543413972, -7.590879886573192, 0.0 ], [ 110.642854569227879, -7.590878357978094, 0.0 ], [ 110.642853363729174, -7.590877001963086, 0.0 ], [ 110.642851957707705, -7.590875858353939, 0.0 ], [ 110.642850385594386, -7.590874948888249, 0.0 ], [ 110.642848689065872, -7.590874303450624, 0.0 ], [ 110.64284691162608, -7.590873934740581, 0.0 ], [ 110.642845097686163, -7.590873854553828, 0.0 ], [ 110.642790073943047, -7.590875807504348, 0.0 ], [ 110.642754301972928, -7.590874123674191, 0.0 ], [ 110.642719294519935, -7.590866591611983, 0.0 ], [ 110.642635202269787, -7.590841087282985, 0.0 ], [ 110.642595428306706, -7.590825722362363, 0.0 ], [ 110.642373677995366, -7.590720541865753, 0.0 ], [ 110.642311849275529, -7.590691214143856, 0.0 ], [ 110.642291737211266, -7.590681666290601, 0.0 ], [ 110.642198529756072, -7.590637420125417, 0.0 ], [ 110.642140970158039, -7.590610094962209, 0.0 ], [ 110.642109612585912, -7.59059808106974, 0.0 ], [ 110.642086054439858, -7.590591085740028, 0.0 ], [ 110.642024207627543, -7.59057271936987, 0.0 ], [ 110.641963650522698, -7.590554736680452, 0.0 ], [ 110.641950523767633, -7.590551359112331, 0.0 ], [ 110.641851977040048, -7.590529834534745, 0.0 ], [ 110.641848074788143, -7.590529301250071, 0.0 ], [ 110.641844137569407, -7.590529393889098, 0.0 ], [ 110.641840264202841, -7.590530106201337, 0.0 ], [ 110.641836553515674, -7.590531421986221, 0.0 ], [ 110.641833098909288, -7.590533308756707, 0.0 ], [ 110.641829986546966, -7.590535716833216, 0.0 ], [ 110.641827297160901, -7.590538586581603, 0.0 ], [ 110.641825096988285, -7.590541846596571, 0.0 ], [ 110.641823442304698, -7.590545412800807, 0.0 ], [ 110.641822374886274, -7.590549194773157, 0.0 ], [ 110.641761739549139, -7.590855731288577, 0.0 ], [ 110.641749261748146, -7.590928072794181, 0.0 ], [ 110.641730326414546, -7.591037854867034, 0.0 ], [ 110.641716147909378, -7.59112005643451, 0.0 ], [ 110.641702189838355, -7.591200983663762, 0.0 ], [ 110.641694255700017, -7.591246981918964, 0.0 ], [ 110.641686511034791, -7.591285308793658, 0.0 ], [ 110.641686159521285, -7.591288317960493, 0.0 ], [ 110.641686309317137, -7.591291342918033, 0.0 ], [ 110.641686956864319, -7.591294301348769, 0.0 ], [ 110.641688085003551, -7.591297114542235, 0.0 ], [ 110.641689662071499, -7.591299702871414, 0.0 ], [ 110.641691644611441, -7.591301996649689, 0.0 ], [ 110.641693979189355, -7.591303932514122, 0.0 ], [ 110.641696602390198, -7.59130545794819, 0.0 ], [ 110.641699440817874, -7.591306531281854, 0.0 ], [ 110.64184882941727, -7.591349317767715, 0.0 ], [ 110.64198173962096, -7.591391073910306, 0.0 ], [ 110.641996418333008, -7.591394552257928, 0.0 ], [ 110.642011445108963, -7.591395901567703, 0.0 ] ], [ [ 110.643495008444731, -7.590814704562135, 0.0 ], [ 110.643497161379671, -7.590811549427985, 0.0 ], [ 110.643498763388322, -7.590808083579332, 0.0 ], [ 110.643499771783908, -7.590804402864109, 0.0 ], [ 110.643528308214044, -7.59065134466394, 0.0 ], [ 110.643541815639992, -7.59057889358086, 0.0 ], [ 110.6435554214234, -7.590504789049465, 0.0 ], [ 110.643586511353391, -7.590335465402737, 0.0 ], [ 110.643586959253639, -7.590330982791119, 0.0 ], [ 110.643586669233457, -7.590326487815271, 0.0 ], [ 110.643585648448365, -7.59032209807331, 0.0 ], [ 110.643583924900838, -7.590317935703261, 0.0 ], [ 110.643581544736932, -7.590314107480508, 0.0 ], [ 110.643578571329371, -7.590310717480956, 0.0 ], [ 110.643575083474104, -7.590307855320192, 0.0 ], [ 110.643571175387294, -7.590305599771842, 0.0 ], [ 110.643566951273527, -7.590304009717455, 0.0 ], [ 110.643444918669104, -7.590269135803027, 0.0 ], [ 110.643273626779234, -7.590220184539046, 0.0 ], [ 110.643177087612116, -7.590192595053423, 0.0 ], [ 110.64307877204098, -7.590164499346279, 0.0 ], [ 110.642993995310462, -7.590140271761978, 0.0 ], [ 110.642971907126309, -7.590133843035155, 0.0 ], [ 110.642902571022034, -7.590113665146696, 0.0 ], [ 110.642796252112475, -7.590082722497773, 0.0 ], [ 110.642624486204326, -7.590032735783025, 0.0 ], [ 110.642364892439929, -7.589957187282664, 0.0 ], [ 110.642242466320184, -7.58992155831581, 0.0 ], [ 110.642239137128229, -7.589920883491196, 0.0 ], [ 110.642235742199091, -7.589920772150692, 0.0 ], [ 110.642232375812156, -7.589921226180998, 0.0 ], [ 110.642229131351485, -7.589922233899731, 0.0 ], [ 110.642226101308808, -7.589923766437236, 0.0 ], [ 110.642223369123059, -7.589925779538939, 0.0 ], [ 110.64222101098909, -7.589928218994216, 0.0 ], [ 110.642219093140142, -7.589931017920472, 0.0 ], [ 110.642217668223225, -7.589934094950987, 0.0 ], [ 110.642216777102576, -7.589937365995742, 0.0 ], [ 110.642179134229281, -7.590141680487572, 0.0 ], [ 110.642168353678969, -7.590198553696624, 0.0 ], [ 110.642127084348601, -7.590416279755578, 0.0 ], [ 110.642109473054887, -7.590509188456171, 0.0 ], [ 110.642108882886532, -7.590514675909788, 0.0 ], [ 110.642109175677575, -7.59052018670424, 0.0 ], [ 110.642110344291538, -7.590525580627489, 0.0 ], [ 110.642112358926099, -7.590530720162555, 0.0 ], [ 110.642115168015707, -7.590535475010959, 0.0 ], [ 110.642118700952111, -7.590539721190378, 0.0 ], [ 110.64212286535485, -7.590543352791769, 0.0 ], [ 110.642127557047957, -7.590546276560104, 0.0 ], [ 110.642132655522545, -7.590548417318008, 0.0 ], [ 110.642164338001265, -7.590561086374499, 0.0 ], [ 110.642240169175182, -7.590597084075157, 0.0 ], [ 110.642335209855261, -7.590642201922262, 0.0 ], [ 110.642542196396903, -7.590740379889485, 0.0 ], [ 110.642618780707807, -7.59077670559518, 0.0 ], [ 110.642651019111085, -7.590789159790257, 0.0 ], [ 110.642735111353119, -7.590814663211279, 0.0 ], [ 110.642761339520661, -7.590820307485671, 0.0 ], [ 110.642788141527902, -7.590821566943718, 0.0 ], [ 110.642972131163248, -7.590815042479363, 0.0 ], [ 110.643182287967832, -7.590816681323932, 0.0 ], [ 110.643246526571303, -7.590817182709618, 0.0 ], [ 110.643455680607474, -7.590821183298934, 0.0 ], [ 110.643474649454774, -7.590823140034137, 0.0 ], [ 110.643478474123597, -7.590823218249203, 0.0 ], [ 110.643482258517096, -7.590822665955776, 0.0 ], [ 110.643485901089079, -7.590821498448041, 0.0 ], [ 110.643489300279199, -7.590819748206702, 0.0 ], [ 110.643492363581458, -7.590817461288253, 0.0 ], [ 110.643495008444731, -7.590814704562135, 0.0 ] ], [ [ 110.642144776108296, -7.590078020328758, 0.0 ], [ 110.642158892764883, -7.59000139708242, 0.0 ], [ 110.642176485302215, -7.589905911281476, 0.0 ], [ 110.642188962804482, -7.589838186607894, 0.0 ], [ 110.642196737794222, -7.589795983722053, 0.0 ], [ 110.642207960461306, -7.589741621016685, 0.0 ], [ 110.642208439742873, -7.589737575333244, 0.0 ], [ 110.642208223720303, -7.589733508272795, 0.0 ], [ 110.642207316829897, -7.589729536526688, 0.0 ], [ 110.642205747077426, -7.589725777710202, 0.0 ], [ 110.642203559701997, -7.589722338598141, 0.0 ], [ 110.642200818984705, -7.58971932055366, 0.0 ], [ 110.642197602815273, -7.589716812287318, 0.0 ], [ 110.642194007228568, -7.589714885338026, 0.0 ], [ 110.642190134617266, -7.589713596777062, 0.0 ], [ 110.642021798708711, -7.589673105064098, 0.0 ], [ 110.641937783943376, -7.589652895944352, 0.0 ], [ 110.641935324796236, -7.589652514910149, 0.0 ], [ 110.641932835396361, -7.589652540901096, 0.0 ], [ 110.641930384640489, -7.589652974878486, 0.0 ], [ 110.641928038718518, -7.589653802423938, 0.0 ], [ 110.64192586019783, -7.589655004593347, 0.0 ], [ 110.641923908940456, -7.589656545253746, 0.0 ], [ 110.641922237558234, -7.589658385552611, 0.0 ], [ 110.641920891419673, -7.58966047577673, 0.0 ], [ 110.641919906836009, -7.589662756255338, 0.0 ], [ 110.64188354659737, -7.589770675081445, 0.0 ], [ 110.641853768627612, -7.589859059113265, 0.0 ], [ 110.641846001288386, -7.589882114362253, 0.0 ], [ 110.641816953678614, -7.589975244291325, 0.0 ], [ 110.641796072148438, -7.590042194963183, 0.0 ], [ 110.641679595210931, -7.590415637052614, 0.0 ], [ 110.641678942809037, -7.590418543756792, 0.0 ], [ 110.641678772635274, -7.590421517795582, 0.0 ], [ 110.641679087474486, -7.590424480474931, 0.0 ], [ 110.641679880140941, -7.590427351283454, 0.0 ], [ 110.64168112893816, -7.59043005693427, 0.0 ], [ 110.641682802197593, -7.590432524132257, 0.0 ], [ 110.641684853739221, -7.590434687711331, 0.0 ], [ 110.64168723012466, -7.590436489735874, 0.0 ], [ 110.641689867932982, -7.590437884925844, 0.0 ], [ 110.641692697392898, -7.590438833423249, 0.0 ], [ 110.641715579445446, -7.590444483142146, 0.0 ], [ 110.641962156043775, -7.590498340924636, 0.0 ], [ 110.641979166532138, -7.590502718511366, 0.0 ], [ 110.642035010732911, -7.590519302492587, 0.0 ], [ 110.64203886290268, -7.590520104387378, 0.0 ], [ 110.642042795388122, -7.590520254163619, 0.0 ], [ 110.642046698499115, -7.590519749017306, 0.0 ], [ 110.642050462532097, -7.590518602426441, 0.0 ], [ 110.642053982301988, -7.590516845059295, 0.0 ], [ 110.642057159857416, -7.590514530204044, 0.0 ], [ 110.642059906306528, -7.590511718392691, 0.0 ], [ 110.642062145434153, -7.590508488258857, 0.0 ], [ 110.642063813706415, -7.590504931110359, 0.0 ], [ 110.642064865712072, -7.590501148220061, 0.0 ], [ 110.642134575178076, -7.590133387928843, 0.0 ], [ 110.642144776108296, -7.590078020328758, 0.0 ] ], [ [ 110.64162771745815, -7.590421719939123, 0.0 ], [ 110.641630794741459, -7.590421167983378, 0.0 ], [ 110.641633736459752, -7.590420112078339, 0.0 ], [ 110.641636460093139, -7.590418581101781, 0.0 ], [ 110.641638888551356, -7.590416615695133, 0.0 ], [ 110.641640953794607, -7.590414274598464, 0.0 ], [ 110.641642596845571, -7.590411620177473, 0.0 ], [ 110.641643773218235, -7.590408731091859, 0.0 ], [ 110.641734979276961, -7.5901163073327, 0.0 ], [ 110.641735470670227, -7.590114063534995, 0.0 ], [ 110.641735567757252, -7.590111768757221, 0.0 ], [ 110.641735267762286, -7.590109490838753, 0.0 ], [ 110.641734578786597, -7.590107299437072, 0.0 ], [ 110.641733521627614, -7.590105258792777, 0.0 ], [ 110.641732128870899, -7.590103429537921, 0.0 ], [ 110.641730441264642, -7.590101867788565, 0.0 ], [ 110.641728509538083, -7.590100618814278, 0.0 ], [ 110.641726390772249, -7.59009972065346, 0.0 ], [ 110.641724148404464, -7.590099198685915, 0.0 ], [ 110.641545231522386, -7.590073608759748, 0.0 ], [ 110.641353971667002, -7.590046251026685, 0.0 ], [ 110.641178295360973, -7.590021123139098, 0.0 ], [ 110.640955573019454, -7.589989266235594, 0.0 ], [ 110.640832685505444, -7.58996903655488, 0.0 ], [ 110.640828510237952, -7.589968685756012, 0.0 ], [ 110.640824332605675, -7.589968999803524, 0.0 ], [ 110.640820257774777, -7.589969970643302, 0.0 ], [ 110.640816388205351, -7.589971573937, 0.0 ], [ 110.640812822744039, -7.589973769965857, 0.0 ], [ 110.640809650279706, -7.589976501816305, 0.0 ], [ 110.640806952459414, -7.589979699905016, 0.0 ], [ 110.640804797339484, -7.589983285591924, 0.0 ], [ 110.640803238484295, -7.589987164847487, 0.0 ], [ 110.64072697519677, -7.590231755171558, 0.0 ], [ 110.640726096137968, -7.590235770671887, 0.0 ], [ 110.640725925017747, -7.590239877212845, 0.0 ], [ 110.640726465564427, -7.590243951777954, 0.0 ], [ 110.640727702467331, -7.590247873144111, 0.0 ], [ 110.640729597750607, -7.590251521878594, 0.0 ], [ 110.640732095297651, -7.59025479029289, 0.0 ], [ 110.640735120853407, -7.590257579729077, 0.0 ], [ 110.640738582925664, -7.590259806892409, 0.0 ], [ 110.640742378223521, -7.590261404760414, 0.0 ], [ 110.640746392560246, -7.590262327106377, 0.0 ], [ 110.641003801518252, -7.590298382769879, 0.0 ], [ 110.641105896412753, -7.590316579891132, 0.0 ], [ 110.641297291283038, -7.59035069216615, 0.0 ], [ 110.641381891495016, -7.590365771257209, 0.0 ], [ 110.641427166003339, -7.59037384105833, 0.0 ], [ 110.641443683131982, -7.590377348980645, 0.0 ], [ 110.641463585961958, -7.590382262660563, 0.0 ], [ 110.641621504358113, -7.590421255302775, 0.0 ], [ 110.641624591654903, -7.590421748117116, 0.0 ], [ 110.64162771745815, -7.590421719939123, 0.0 ] ], [ [ 110.641736124576056, -7.590067720972077, 0.0 ], [ 110.641739853993712, -7.590066771548347, 0.0 ], [ 110.641743389881924, -7.590065252095004, 0.0 ], [ 110.641746643366815, -7.590063201434723, 0.0 ], [ 110.641749537350719, -7.590060669254541, 0.0 ], [ 110.641751998353101, -7.590057716099121, 0.0 ], [ 110.641753967387018, -7.59005441609344, 0.0 ], [ 110.641755395432256, -7.590050849702568, 0.0 ], [ 110.641791305709845, -7.589935712165826, 0.0 ], [ 110.641811498242035, -7.589870972564707, 0.0 ], [ 110.641837817407321, -7.589792854203245, 0.0 ], [ 110.64183835319345, -7.589790643005927, 0.0 ], [ 110.641838497400016, -7.589788372689882, 0.0 ], [ 110.641838246343198, -7.589786112902892, 0.0 ], [ 110.641837605409165, -7.589783927872796, 0.0 ], [ 110.641836596296628, -7.589781888172872, 0.0 ], [ 110.641835247964963, -7.58978005443217, 0.0 ], [ 110.641833602071159, -7.58977848005381, 0.0 ], [ 110.641831707527558, -7.589777214828655, 0.0 ], [ 110.641829622323982, -7.589776294082133, 0.0 ], [ 110.641827408985918, -7.589775749525233, 0.0 ], [ 110.641748988264354, -7.589763510494842, 0.0 ], [ 110.64163700696858, -7.589746036260688, 0.0 ], [ 110.641470242864102, -7.589720011286106, 0.0 ], [ 110.641234062568699, -7.589683152998712, 0.0 ], [ 110.641118777660793, -7.5896648292426, 0.0 ], [ 110.640936201398077, -7.589635811406768, 0.0 ], [ 110.640932081411989, -7.58963548598224, 0.0 ], [ 110.64092796269496, -7.58963581636157, 0.0 ], [ 110.640923946791446, -7.589636789060265, 0.0 ], [ 110.640920136158414, -7.589638383358188, 0.0 ], [ 110.640916625109682, -7.589640559532791, 0.0 ], [ 110.64091350253409, -7.589643260670499, 0.0 ], [ 110.640910847358171, -7.589646418090253, 0.0 ], [ 110.640908724009776, -7.589649955862641, 0.0 ], [ 110.640907187863263, -7.589653783577824, 0.0 ], [ 110.640870161142487, -7.589772534715307, 0.0 ], [ 110.64082738155065, -7.589909735838844, 0.0 ], [ 110.640826543460051, -7.589913544230112, 0.0 ], [ 110.640826366171623, -7.589917438195543, 0.0 ], [ 110.640826856123496, -7.589921306480136, 0.0 ], [ 110.640827997998997, -7.589925035097211, 0.0 ], [ 110.640829758344452, -7.589928517281565, 0.0 ], [ 110.640832086479591, -7.589931648967437, 0.0 ], [ 110.640834914488451, -7.589934339643126, 0.0 ], [ 110.640838159940557, -7.589936510544185, 0.0 ], [ 110.640841728606787, -7.58993809917844, 0.0 ], [ 110.640845515365243, -7.589939060231254, 0.0 ], [ 110.640960407306608, -7.589957973508146, 0.0 ], [ 110.641028087565402, -7.589967654774996, 0.0 ], [ 110.641156217420559, -7.589985981924789, 0.0 ], [ 110.641396628058061, -7.590020368886503, 0.0 ], [ 110.6415774185174, -7.590046229070225, 0.0 ], [ 110.641728450556897, -7.590067830430927, 0.0 ], [ 110.641732291397361, -7.59006807601717, 0.0 ], [ 110.641736124576056, -7.590067720972077, 0.0 ] ], [ [ 110.641838926218398, -7.589748906372711, 0.0 ], [ 110.641842580323839, -7.589748036486809, 0.0 ], [ 110.641846055392605, -7.58974661105617, 0.0 ], [ 110.641849267085874, -7.589744666193557, 0.0 ], [ 110.64185213740322, -7.58974224706249, 0.0 ], [ 110.641854597398407, -7.589739412402306, 0.0 ], [ 110.641856586274486, -7.589736232718261, 0.0 ], [ 110.641858056828866, -7.58973278304962, 0.0 ], [ 110.641885534667693, -7.589651227422197, 0.0 ], [ 110.641892462289476, -7.589630663531318, 0.0 ], [ 110.641893231832825, -7.589627515406715, 0.0 ], [ 110.64189345570405, -7.589624283613501, 0.0 ], [ 110.64189312657598, -7.589621058601232, 0.0 ], [ 110.641892256153625, -7.589617937167001, 0.0 ], [ 110.641890867027328, -7.589615007975891, 0.0 ], [ 110.64188900173518, -7.589612355186616, 0.0 ], [ 110.641886711885988, -7.589610056633446, 0.0 ], [ 110.641884065416065, -7.589608178404938, 0.0 ], [ 110.641881138431202, -7.589606773932553, 0.0 ], [ 110.641878015206487, -7.589605883990694, 0.0 ], [ 110.641705226187042, -7.589572239594988, 0.0 ], [ 110.641554902338228, -7.5895429699944, 0.0 ], [ 110.641520369723153, -7.589536924417553, 0.0 ], [ 110.641160595375283, -7.589473939197391, 0.0 ], [ 110.64107148570929, -7.589458338037768, 0.0 ], [ 110.640991628114904, -7.589444010878088, 0.0 ], [ 110.640988314047675, -7.589443688833339, 0.0 ], [ 110.640984990474593, -7.589443897754871, 0.0 ], [ 110.640981744425574, -7.589444635905461, 0.0 ], [ 110.640978657506253, -7.589445883452253, 0.0 ], [ 110.640975811332751, -7.589447607898653, 0.0 ], [ 110.640973278464742, -7.589449765885921, 0.0 ], [ 110.640971124221579, -7.589452299576434, 0.0 ], [ 110.640969403956547, -7.589455143887896, 0.0 ], [ 110.640968163056272, -7.589458227397907, 0.0 ], [ 110.640926087072813, -7.589593168632485, 0.0 ], [ 110.640925656651092, -7.589595127544508, 0.0 ], [ 110.640925567960551, -7.58959713106199, 0.0 ], [ 110.640925821957268, -7.589599119485049, 0.0 ], [ 110.640926413249232, -7.589601035822242, 0.0 ], [ 110.640927322844746, -7.589602824879995, 0.0 ], [ 110.640928525406309, -7.589604431459464, 0.0 ], [ 110.640929984711079, -7.589605808493833, 0.0 ], [ 110.64093165818214, -7.589606918861178, 0.0 ], [ 110.640933496894519, -7.589607728147973, 0.0 ], [ 110.640935447382972, -7.589608210982473, 0.0 ], [ 110.641118403424485, -7.589637292450527, 0.0 ], [ 110.641238302950242, -7.589656347277209, 0.0 ], [ 110.641489223595897, -7.589695506243198, 0.0 ], [ 110.641681922471363, -7.589725578763622, 0.0 ], [ 110.641831434507537, -7.58974891105538, 0.0 ], [ 110.641835180121944, -7.589749199980806, 0.0 ], [ 110.641838926218398, -7.589748906372711, 0.0 ] ], [ [ 110.640883502725686, -7.589598889146706, 0.0 ], [ 110.640886763325767, -7.589598096735591, 0.0 ], [ 110.640889858443629, -7.589596803063965, 0.0 ], [ 110.640892709186474, -7.589595036107847, 0.0 ], [ 110.640895243896608, -7.589592844654094, 0.0 ], [ 110.640897400887582, -7.589590278402296, 0.0 ], [ 110.640899124802331, -7.589587406957538, 0.0 ], [ 110.640900372069595, -7.58958429903003, 0.0 ], [ 110.640942290813328, -7.589449856983066, 0.0 ], [ 110.640942761263133, -7.589447728952156, 0.0 ], [ 110.640942864601584, -7.589445552676628, 0.0 ], [ 110.640942598964557, -7.589443389664706, 0.0 ], [ 110.640941971553431, -7.589441301432116, 0.0 ], [ 110.640940999540803, -7.589439350407408, 0.0 ], [ 110.640939712799153, -7.589437589079435, 0.0 ], [ 110.640938145733742, -7.589436069940871, 0.0 ], [ 110.6409363454474, -7.589434838258383, 0.0 ], [ 110.640934361774683, -7.589433924828017, 0.0 ], [ 110.640932252710499, -7.589433358643451, 0.0 ], [ 110.640758383931512, -7.589402166140813, 0.0 ], [ 110.640707073789528, -7.589392960592584, 0.0 ], [ 110.640590288726045, -7.589375640422213, 0.0 ], [ 110.640400029889406, -7.589347425594348, 0.0 ], [ 110.640317621386387, -7.589335202912849, 0.0 ], [ 110.640237043727012, -7.589321262170762, 0.0 ], [ 110.640233405125727, -7.589320930806221, 0.0 ], [ 110.640229759691465, -7.589321185588015, 0.0 ], [ 110.640226202615992, -7.589322021167582, 0.0 ], [ 110.640222826387273, -7.589323413198434, 0.0 ], [ 110.640219717152689, -7.58932533099701, 0.0 ], [ 110.64021695564216, -7.589327717643094, 0.0 ], [ 110.640214614426668, -7.589330516209748, 0.0 ], [ 110.640212753397677, -7.589333655286666, 0.0 ], [ 110.640211420672756, -7.589337049885422, 0.0 ], [ 110.64017236708554, -7.589466311120586, 0.0 ], [ 110.640171685395941, -7.589469542533442, 0.0 ], [ 110.640171565706154, -7.589472844966761, 0.0 ], [ 110.640172010817807, -7.589476119826308, 0.0 ], [ 110.640173008121238, -7.589479268505088, 0.0 ], [ 110.640174527772601, -7.589482204141071, 0.0 ], [ 110.640176526330677, -7.589484838956411, 0.0 ], [ 110.64017894584191, -7.589487094206786, 0.0 ], [ 110.640181713835261, -7.589488906513321, 0.0 ], [ 110.640184751484867, -7.589490223346579, 0.0 ], [ 110.640187969077218, -7.589491003022714, 0.0 ], [ 110.640361633961604, -7.589517717129756, 0.0 ], [ 110.640499608153576, -7.589538939046169, 0.0 ], [ 110.640554208602552, -7.589547618174727, 0.0 ], [ 110.640720597816795, -7.589574063803871, 0.0 ], [ 110.640876813313909, -7.589598891762074, 0.0 ], [ 110.640880158252799, -7.589599155941677, 0.0 ], [ 110.640883502725686, -7.589598889146706, 0.0 ] ], [ [ 110.642742612679939, -7.589507059813515, 0.0 ], [ 110.642729789536077, -7.589503810966337, 0.0 ], [ 110.642662693195248, -7.589481953315472, 0.0 ], [ 110.642461223259716, -7.589403880097215, 0.0 ], [ 110.642381591408565, -7.589373019906191, 0.0 ], [ 110.642377699651576, -7.58937186520551, 0.0 ], [ 110.64237367138135, -7.589371353531668, 0.0 ], [ 110.642369613559836, -7.589371497636421, 0.0 ], [ 110.642365633159443, -7.589372297607764, 0.0 ], [ 110.642361833548094, -7.589373727298598, 0.0 ], [ 110.642358317193072, -7.589375753324683, 0.0 ], [ 110.642355174796066, -7.589378318773603, 0.0 ], [ 110.642352489813845, -7.589381357681432, 0.0 ], [ 110.64235033392859, -7.589384791410829, 0.0 ], [ 110.64234876251659, -7.589388526838071, 0.0 ], [ 110.642344012022903, -7.589403019341108, 0.0 ], [ 110.642278458203805, -7.589628529958461, 0.0 ], [ 110.642273269981828, -7.58964943540052, 0.0 ], [ 110.642241230337746, -7.5898046353269, 0.0 ], [ 110.642231958272561, -7.58985496260601, 0.0 ], [ 110.642231506735101, -7.58985944249904, 0.0 ], [ 110.642231791301072, -7.589863938375311, 0.0 ], [ 110.642232803006692, -7.589868327207823, 0.0 ], [ 110.642234516563633, -7.589872494097206, 0.0 ], [ 110.642236885830741, -7.589876326840556, 0.0 ], [ 110.642239848338491, -7.589879725885343, 0.0 ], [ 110.642243324387024, -7.58988259890125, 0.0 ], [ 110.642247221571381, -7.589884869829574, 0.0 ], [ 110.642251437501784, -7.589886477980773, 0.0 ], [ 110.642354869658945, -7.589916579861227, 0.0 ], [ 110.642544612539169, -7.58997180074774, 0.0 ], [ 110.642646590987752, -7.590001478033107, 0.0 ], [ 110.642763811206251, -7.590035592907107, 0.0 ], [ 110.642889587205488, -7.590072195975109, 0.0 ], [ 110.643004064002213, -7.590105512523244, 0.0 ], [ 110.643124791398492, -7.590140012809488, 0.0 ], [ 110.643275812150549, -7.590183171907524, 0.0 ], [ 110.643419738144758, -7.590224302548089, 0.0 ], [ 110.64357278462019, -7.590268039409153, 0.0 ], [ 110.643576587876368, -7.590268794213359, 0.0 ], [ 110.643580463275015, -7.590268911364784, 0.0 ], [ 110.643584305656546, -7.590268390777243, 0.0 ], [ 110.64358800894513, -7.590267244122956, 0.0 ], [ 110.643591471580606, -7.590265503882688, 0.0 ], [ 110.64359460014974, -7.590263217016769, 0.0 ], [ 110.643597307570317, -7.590260448581837, 0.0 ], [ 110.643599520352396, -7.590257270882097, 0.0 ], [ 110.643601177682726, -7.590253774323321, 0.0 ], [ 110.643602235063781, -7.590250052038244, 0.0 ], [ 110.643654832577994, -7.589981907907449, 0.0 ], [ 110.643669153587666, -7.589908901181279, 0.0 ], [ 110.64367484976556, -7.589879859655985, 0.0 ], [ 110.643708295924313, -7.589727896350366, 0.0 ], [ 110.643709692186036, -7.589717767373164, 0.0 ], [ 110.643709463991783, -7.589707544799948, 0.0 ], [ 110.643707617474533, -7.589697487338757, 0.0 ], [ 110.64370419865908, -7.589687849207505, 0.0 ], [ 110.643699293468615, -7.589678871992974, 0.0 ], [ 110.643688722819505, -7.589662726052485, 0.0 ], [ 110.643685634771614, -7.589658743475654, 0.0 ], [ 110.643681950675074, -7.589655304048375, 0.0 ], [ 110.643677763832741, -7.589652494684485, 0.0 ], [ 110.643673182065555, -7.589650386027698, 0.0 ], [ 110.643668322272603, -7.589649033351717, 0.0 ], [ 110.643663308622465, -7.589648471131436, 0.0 ], [ 110.643616183911092, -7.58964696260083, 0.0 ], [ 110.64359612073595, -7.589646320201183, 0.0 ], [ 110.643498417461387, -7.589643192646015, 0.0 ], [ 110.643408755049862, -7.58964032403536, 0.0 ], [ 110.643383795606439, -7.589637490393834, 0.0 ], [ 110.643359624522503, -7.589630664688009, 0.0 ], [ 110.643305371622063, -7.589610470293234, 0.0 ], [ 110.64328108353665, -7.589599317091932, 0.0 ], [ 110.643258932172188, -7.589587078366471, 0.0 ], [ 110.643145102667305, -7.589524187967796, 0.0 ], [ 110.643061637213719, -7.589480918768216, 0.0 ], [ 110.643045639762121, -7.589473860953182, 0.0 ], [ 110.643028881833303, -7.589468862186854, 0.0 ], [ 110.642999866080061, -7.589462156407977, 0.0 ], [ 110.642989445705837, -7.589460594728942, 0.0 ], [ 110.642978909746788, -7.589460681960051, 0.0 ], [ 110.642968516571443, -7.589462414695227, 0.0 ], [ 110.642877030862337, -7.589485155168582, 0.0 ], [ 110.642782058964286, -7.589506313403385, 0.0 ], [ 110.642768983086896, -7.589508322532668, 0.0 ], [ 110.642755755454374, -7.589508573080336, 0.0 ], [ 110.642742612679939, -7.589507059813515, 0.0 ] ], [ [ 110.645325721649243, -7.589978051388657, 0.0 ], [ 110.645329643299647, -7.589977038771648, 0.0 ], [ 110.645333334316305, -7.589975371972413, 0.0 ], [ 110.645336685871271, -7.58997310246189, 0.0 ], [ 110.645339600003268, -7.589970296192762, 0.0 ], [ 110.645341991430897, -7.589967033600943, 0.0 ], [ 110.645343789364134, -7.589963411416194, 0.0 ], [ 110.645344941135036, -7.589959537237711, 0.0 ], [ 110.645345413110192, -7.589955522298464, 0.0 ], [ 110.645345191593577, -7.589951485988688, 0.0 ], [ 110.645343879453137, -7.589929804519, 0.0 ], [ 110.645345827118035, -7.589831954853048, 0.0 ], [ 110.645348220859972, -7.589800419459145, 0.0 ], [ 110.645354114406956, -7.589769341911849, 0.0 ], [ 110.645374338264048, -7.589687846149229, 0.0 ], [ 110.645383254208426, -7.589614754437588, 0.0 ], [ 110.645383472287151, -7.589609709001754, 0.0 ], [ 110.645382899834132, -7.589604690962352, 0.0 ], [ 110.645381553067935, -7.589599821543112, 0.0 ], [ 110.645379463616933, -7.589595223789463, 0.0 ], [ 110.645376682161057, -7.589591003575784, 0.0 ], [ 110.645373276605383, -7.58958726588594, 0.0 ], [ 110.645369329368563, -7.589584104861006, 0.0 ], [ 110.645364938297604, -7.589581593849799, 0.0 ], [ 110.64536020850079, -7.589579795352422, 0.0 ], [ 110.645153585371759, -7.589519160804058, 0.0 ], [ 110.644997973214103, -7.589473493894385, 0.0 ], [ 110.644953477904252, -7.589460436475929, 0.0 ], [ 110.64493467939603, -7.58945644198195, 0.0 ], [ 110.644912894337295, -7.58945181185875, 0.0 ], [ 110.644857475062778, -7.589444375465249, 0.0 ], [ 110.644814242067838, -7.589438571794103, 0.0 ], [ 110.644752411496725, -7.589430275344128, 0.0 ], [ 110.644707171629847, -7.589424204083185, 0.0 ], [ 110.644550017287031, -7.589403113447219, 0.0 ], [ 110.644465583853815, -7.589398057592273, 0.0 ], [ 110.64439000604213, -7.589393533606846, 0.0 ], [ 110.644240902745494, -7.589384609391228, 0.0 ], [ 110.644216507870681, -7.589384245697638, 0.0 ], [ 110.644190004318475, -7.589385045345054, 0.0 ], [ 110.644120692570041, -7.589387131508619, 0.0 ], [ 110.644004048839975, -7.589390646097187, 0.0 ], [ 110.643982588533305, -7.58939129246865, 0.0 ], [ 110.643813315615134, -7.589394339669727, 0.0 ], [ 110.643806178700316, -7.589395042994557, 0.0 ], [ 110.643799245737426, -7.589396873563031, 0.0 ], [ 110.643792695354009, -7.589399785389158, 0.0 ], [ 110.643786695321296, -7.589403705341397, 0.0 ], [ 110.643781399837025, -7.589408530426718, 0.0 ], [ 110.643761371993492, -7.589429960132995, 0.0 ], [ 110.643759480831989, -7.589432290528553, 0.0 ], [ 110.643757933960771, -7.589434860913527, 0.0 ], [ 110.643756762241097, -7.589437624276311, 0.0 ], [ 110.643713855994321, -7.589562433209764, 0.0 ], [ 110.64370765719336, -7.589576546438331, 0.0 ], [ 110.64369921659133, -7.589589448438288, 0.0 ], [ 110.643696465429585, -7.589593599904296, 0.0 ], [ 110.643694390246253, -7.589598122792197, 0.0 ], [ 110.643693040081203, -7.589602912213714, 0.0 ], [ 110.643692446758166, -7.58960785331633, 0.0 ], [ 110.643692625786755, -7.589612826711403, 0.0 ], [ 110.643693572734037, -7.589617711184776, 0.0 ], [ 110.643695264123636, -7.589622392743186, 0.0 ], [ 110.643697659255551, -7.58962675647467, 0.0 ], [ 110.64372859164466, -7.589674005974063, 0.0 ], [ 110.643733416614438, -7.589680219704264, 0.0 ], [ 110.64373917693689, -7.589685580300129, 0.0 ], [ 110.643745724050746, -7.589689951051943, 0.0 ], [ 110.64375288943134, -7.589693218752091, 0.0 ], [ 110.643760486400026, -7.58969529821931, 0.0 ], [ 110.64376119611596, -7.589695432675141, 0.0 ], [ 110.643933671677289, -7.589728022198653, 0.0 ], [ 110.644063954033342, -7.589752641443424, 0.0 ], [ 110.644112241944754, -7.589761765430144, 0.0 ], [ 110.644307764230291, -7.589797164228333, 0.0 ], [ 110.64439902006086, -7.589813686421758, 0.0 ], [ 110.644456197487756, -7.589824044219874, 0.0 ], [ 110.644615282920498, -7.589852866810078, 0.0 ], [ 110.644637866198735, -7.589856959390548, 0.0 ], [ 110.644700742388792, -7.589868189284382, 0.0 ], [ 110.644774258079678, -7.58988132200315, 0.0 ], [ 110.644855544473714, -7.589895840505621, 0.0 ], [ 110.644931711439526, -7.58990944663771, 0.0 ], [ 110.645068562909728, -7.589933891849379, 0.0 ], [ 110.645086542584238, -7.589937076996923, 0.0 ], [ 110.645317649773133, -7.589978016761995, 0.0 ], [ 110.645321684520368, -7.589978380971624, 0.0 ], [ 110.645325721649243, -7.589978051388657, 0.0 ] ], [ [ 110.645332132415177, -7.590457493929042, 0.0 ], [ 110.645337078901207, -7.590455955696716, 0.0 ], [ 110.645341723220398, -7.59045366010441, 0.0 ], [ 110.645345951095024, -7.590450671282375, 0.0 ], [ 110.645349659120697, -7.590447059701663, 0.0 ], [ 110.645352754757596, -7.590442913028702, 0.0 ], [ 110.645355163584242, -7.590438334322169, 0.0 ], [ 110.645360385741753, -7.590415676740375, 0.0 ], [ 110.645363325542618, -7.59039261115089, 0.0 ], [ 110.645380658980145, -7.590167735474733, 0.0 ], [ 110.645383967149456, -7.590067941219076, 0.0 ], [ 110.645383628326471, -7.590056600523601, 0.0 ], [ 110.645381867021243, -7.590045391637507, 0.0 ], [ 110.645379588488623, -7.590038106293614, 0.0 ], [ 110.645376121074889, -7.590031304821935, 0.0 ], [ 110.645371562531579, -7.590025177258976, 0.0 ], [ 110.645366039633828, -7.590019896478307, 0.0 ], [ 110.645359709997933, -7.590015612764769, 0.0 ], [ 110.645352751207071, -7.590012448378291, 0.0 ], [ 110.645345359912426, -7.590010488507508, 0.0 ], [ 110.645092524996812, -7.589965697510497, 0.0 ], [ 110.645063788878602, -7.589960605822775, 0.0 ], [ 110.644993179129202, -7.589947993835603, 0.0 ], [ 110.644871042403395, -7.589926176596559, 0.0 ], [ 110.644868162527303, -7.589925900163583, 0.0 ], [ 110.644865275918704, -7.589926094998752, 0.0 ], [ 110.644862458734991, -7.589926752118722, 0.0 ], [ 110.64485978532565, -7.589927856206804, 0.0 ], [ 110.644857326426617, -7.589929376565844, 0.0 ], [ 110.644855147340465, -7.589931275257876, 0.0 ], [ 110.644853305221247, -7.589933501674425, 0.0 ], [ 110.644851849070747, -7.589935997059421, 0.0 ], [ 110.644850817019645, -7.589938693602293, 0.0 ], [ 110.644818006550778, -7.590051104011568, 0.0 ], [ 110.644790664324006, -7.590144784626155, 0.0 ], [ 110.644752345552035, -7.590276068610293, 0.0 ], [ 110.644751083066936, -7.59028228459181, 0.0 ], [ 110.644750872983934, -7.590288623548388, 0.0 ], [ 110.64475172179219, -7.59029491090604, 0.0 ], [ 110.64475360425466, -7.590300968446613, 0.0 ], [ 110.64475646974131, -7.590306629690406, 0.0 ], [ 110.644760238604377, -7.590311738084153, 0.0 ], [ 110.6447648048958, -7.590316149716835, 0.0 ], [ 110.644770041798296, -7.590319743274319, 0.0 ], [ 110.644775805251641, -7.590322420042258, 0.0 ], [ 110.644781933952586, -7.590324103906105, 0.0 ], [ 110.64480146617673, -7.590327754371855, 0.0 ], [ 110.644923689068591, -7.590358489722893, 0.0 ], [ 110.645033805701999, -7.590386180369705, 0.0 ], [ 110.645316714877168, -7.590457319434474, 0.0 ], [ 110.645321823478184, -7.590458185644491, 0.0 ], [ 110.645327005264321, -7.590458245050191, 0.0 ], [ 110.645332132415177, -7.590457493929042, 0.0 ] ], [ [ 110.644823293925654, -7.591130985336076, 0.0 ], [ 110.644826776876855, -7.591129900001231, 0.0 ], [ 110.644830032744267, -7.591128253656128, 0.0 ], [ 110.64483297083359, -7.591126094168117, 0.0 ], [ 110.6448355095078, -7.591123479362087, 0.0 ], [ 110.644837579811934, -7.591120478832511, 0.0 ], [ 110.644839124562097, -7.591117179370041, 0.0 ], [ 110.644890938163869, -7.590977223577584, 0.0 ], [ 110.644950801599052, -7.590815526112479, 0.0 ], [ 110.644966964026892, -7.590771870969342, 0.0 ], [ 110.644975183898481, -7.590753963856307, 0.0 ], [ 110.644986014355212, -7.590737499832809, 0.0 ], [ 110.644999208511365, -7.590722849564984, 0.0 ], [ 110.645014465113633, -7.590710352919649, 0.0 ], [ 110.645031434909242, -7.590700291832857, 0.0 ], [ 110.645049729703999, -7.590692899362885, 0.0 ], [ 110.645068933255004, -7.590688342512586, 0.0 ], [ 110.645107338790922, -7.59068224278866, 0.0 ], [ 110.645130340654447, -7.59067894908307, 0.0 ], [ 110.64521540311911, -7.590666770828229, 0.0 ], [ 110.645228648506517, -7.590663707052595, 0.0 ], [ 110.645241180429153, -7.590658443718632, 0.0 ], [ 110.645252635234684, -7.590651134304161, 0.0 ], [ 110.64526268095112, -7.590641992013574, 0.0 ], [ 110.645271025453184, -7.590631280738908, 0.0 ], [ 110.645277426436564, -7.59061931235439, 0.0 ], [ 110.645325252950542, -7.590507969778542, 0.0 ], [ 110.645326184472708, -7.590505151942013, 0.0 ], [ 110.645326616584413, -7.590502214296625, 0.0 ], [ 110.645326535614814, -7.590499245477697, 0.0 ], [ 110.645325943302126, -7.590496336846837, 0.0 ], [ 110.645324859521509, -7.590493572543963, 0.0 ], [ 110.645323314120859, -7.590491035812549, 0.0 ], [ 110.64532135508648, -7.590488800865365, 0.0 ], [ 110.645319040380414, -7.590486937400492, 0.0 ], [ 110.645316437950811, -7.590485497937628, 0.0 ], [ 110.64531362663179, -7.590484525959771, 0.0 ], [ 110.645162138140478, -7.5904464326881, 0.0 ], [ 110.645048865528267, -7.590417949818515, 0.0 ], [ 110.644903998966257, -7.590381523535088, 0.0 ], [ 110.644795633434299, -7.590354273900855, 0.0 ], [ 110.644765434579682, -7.590348628313581, 0.0 ], [ 110.644759535257464, -7.590348021963089, 0.0 ], [ 110.644753616095173, -7.590348393421312, 0.0 ], [ 110.6447478384665, -7.590349732870012, 0.0 ], [ 110.644742361048543, -7.590352002447495, 0.0 ], [ 110.644737332564915, -7.590355141670081, 0.0 ], [ 110.644732890883716, -7.59035906200397, 0.0 ], [ 110.644729156661981, -7.590363658619273, 0.0 ], [ 110.644726231535572, -7.590368806770393, 0.0 ], [ 110.644724195397359, -7.590374364507296, 0.0 ], [ 110.644627534204005, -7.590725961474822, 0.0 ], [ 110.644585907105565, -7.590877379955709, 0.0 ], [ 110.644541079358959, -7.591040437447621, 0.0 ], [ 110.644540713289217, -7.591042429884963, 0.0 ], [ 110.644540696214378, -7.591044455171708, 0.0 ], [ 110.644541029090718, -7.591046452703387, 0.0 ], [ 110.644541701086496, -7.591048365484136, 0.0 ], [ 110.644542692308121, -7.591050131987868, 0.0 ], [ 110.644543973786881, -7.591051702440319, 0.0 ], [ 110.644545507485574, -7.591053030678039, 0.0 ], [ 110.644547247204358, -7.59105407505366, 0.0 ], [ 110.644549140387838, -7.591054805673874, 0.0 ], [ 110.644704633914927, -7.591099829528376, 0.0 ], [ 110.644812450940151, -7.591130662595051, 0.0 ], [ 110.644816030326552, -7.591131371073533, 0.0 ], [ 110.644819678197152, -7.591131478982806, 0.0 ], [ 110.644823293925654, -7.591130985336076, 0.0 ] ], [ [ 110.644503104767068, -7.591039464749328, 0.0 ], [ 110.644505765195305, -7.591038722475612, 0.0 ], [ 110.64450827456632, -7.591037570314493, 0.0 ], [ 110.644510570302941, -7.591036038969743, 0.0 ], [ 110.64451259526281, -7.591034164576826, 0.0 ], [ 110.644514297733949, -7.591031994130372, 0.0 ], [ 110.644515635063968, -7.591029581868856, 0.0 ], [ 110.644516574565046, -7.591026991084488, 0.0 ], [ 110.644592641063909, -7.590750302589016, 0.0 ], [ 110.644593127296005, -7.590747703292799, 0.0 ], [ 110.644593175702056, -7.590745058410805, 0.0 ], [ 110.644592784407294, -7.590742443019671, 0.0 ], [ 110.644591964233143, -7.59073992677902, 0.0 ], [ 110.644590738690425, -7.590737582072574, 0.0 ], [ 110.644589140362939, -7.590735472245862, 0.0 ], [ 110.644587213624035, -7.590733655226765, 0.0 ], [ 110.644585012825061, -7.590732181714842, 0.0 ], [ 110.644582597764824, -7.590731092463987, 0.0 ], [ 110.644580034597624, -7.590730416474088, 0.0 ], [ 110.644334161425107, -7.590687020111866, 0.0 ], [ 110.644290705025867, -7.590679350102016, 0.0 ], [ 110.644080993865501, -7.59064404459073, 0.0 ], [ 110.644027856579214, -7.590635097536534, 0.0 ], [ 110.643821179054527, -7.590596155357711, 0.0 ], [ 110.64369399903994, -7.590572194376048, 0.0 ], [ 110.643595095363509, -7.590553558143746, 0.0 ], [ 110.643591882839999, -7.59055320996951, 0.0 ], [ 110.643588654485029, -7.59055337195178, 0.0 ], [ 110.643585491895436, -7.590554035111882, 0.0 ], [ 110.643582473952065, -7.590555185946156, 0.0 ], [ 110.643579673201927, -7.590556796472874, 0.0 ], [ 110.64357716129733, -7.59055882423665, 0.0 ], [ 110.643574999017261, -7.590561220441286, 0.0 ], [ 110.643573240803065, -7.590563926335332, 0.0 ], [ 110.643571930224951, -7.590566874112825, 0.0 ], [ 110.643571099073199, -7.59056998962623, 0.0 ], [ 110.643568560224608, -7.590583819107994, 0.0 ], [ 110.643525796123683, -7.590813185734377, 0.0 ], [ 110.643525561245099, -7.590815486731803, 0.0 ], [ 110.643525708924287, -7.590817795279403, 0.0 ], [ 110.643526235587188, -7.590820048055329, 0.0 ], [ 110.643527125873888, -7.590822182632633, 0.0 ], [ 110.643528355353027, -7.590824143813382, 0.0 ], [ 110.643529891435747, -7.590825874583811, 0.0 ], [ 110.643531692456605, -7.590827331491092, 0.0 ], [ 110.643533708589615, -7.59082847288478, 0.0 ], [ 110.643535885467202, -7.590829267965393, 0.0 ], [ 110.643538163275736, -7.590829694069984, 0.0 ], [ 110.643575007765747, -7.590833495375679, 0.0 ], [ 110.643605008884649, -7.590838188386946, 0.0 ], [ 110.643634352009201, -7.590845989815156, 0.0 ], [ 110.643659770348336, -7.590854195074185, 0.0 ], [ 110.643764360220715, -7.590887953796783, 0.0 ], [ 110.643783746173042, -7.59089421021449, 0.0 ], [ 110.643957406586097, -7.590949427280192, 0.0 ], [ 110.643989391255104, -7.590957419900858, 0.0 ], [ 110.64402212989954, -7.590961339017034, 0.0 ], [ 110.644114862054323, -7.590966556444939, 0.0 ], [ 110.644139324021936, -7.590969223202476, 0.0 ], [ 110.644291608637019, -7.590993961717562, 0.0 ], [ 110.644376505696698, -7.591007755104841, 0.0 ], [ 110.644422085861564, -7.591018016588443, 0.0 ], [ 110.644494896255651, -7.591039098022713, 0.0 ], [ 110.644497601851626, -7.591039653823732, 0.0 ], [ 110.644500361288479, -7.591039778195602, 0.0 ], [ 110.644503104767068, -7.591039464749328, 0.0 ] ], [ [ 110.643281405189981, -7.591335160889172, 0.0 ], [ 110.643284372213955, -7.591334202685903, 0.0 ], [ 110.643287128421818, -7.591332746803918, 0.0 ], [ 110.643289592186761, -7.591330838404017, 0.0 ], [ 110.643291688218184, -7.591328534411449, 0.0 ], [ 110.643293354814702, -7.591325902617239, 0.0 ], [ 110.643294540234407, -7.591323026198086, 0.0 ], [ 110.643295210868558, -7.591319985631868, 0.0 ], [ 110.64330783431933, -7.591223523306543, 0.0 ], [ 110.643351283331754, -7.590891487476621, 0.0 ], [ 110.643351407958178, -7.590888766674992, 0.0 ], [ 110.643351074763842, -7.590886061779721, 0.0 ], [ 110.643350292749361, -7.590883451494572, 0.0 ], [ 110.643349083611568, -7.590881009106357, 0.0 ], [ 110.643347482649972, -7.590878802485727, 0.0 ], [ 110.64334553332823, -7.590876893178111, 0.0 ], [ 110.643343291805451, -7.590875338216638, 0.0 ], [ 110.643340820599235, -7.590874179262131, 0.0 ], [ 110.643338189487011, -7.590873448935874, 0.0 ], [ 110.643335473695217, -7.590873168104355, 0.0 ], [ 110.643245792856774, -7.590871452742169, 0.0 ], [ 110.643030555751523, -7.590869774477436, 0.0 ], [ 110.642972885052529, -7.590869324586389, 0.0 ], [ 110.64289740351191, -7.59087199976921, 0.0 ], [ 110.642893249278259, -7.5908725119532, 0.0 ], [ 110.642889247664726, -7.590873735243372, 0.0 ], [ 110.642885519273705, -7.590875631747449, 0.0 ], [ 110.642882177469318, -7.590878146380699, 0.0 ], [ 110.642879323849286, -7.590881201434783, 0.0 ], [ 110.642877044611893, -7.590884704715859, 0.0 ], [ 110.642875409650273, -7.59088854863919, 0.0 ], [ 110.642809203291691, -7.591091892648782, 0.0 ], [ 110.642762939873876, -7.591233981142204, 0.0 ], [ 110.642762499557293, -7.591235854115271, 0.0 ], [ 110.642762378307438, -7.59123777438747, 0.0 ], [ 110.642762578888039, -7.591239688592273, 0.0 ], [ 110.642763096812615, -7.591241540643535, 0.0 ], [ 110.642763916709441, -7.591243282587196, 0.0 ], [ 110.642765015957295, -7.591244862844954, 0.0 ], [ 110.64276636376934, -7.591246237972851, 0.0 ], [ 110.642767922100333, -7.591247371757368, 0.0 ], [ 110.642769648372308, -7.591248227981285, 0.0 ], [ 110.642771493647999, -7.591248786704164, 0.0 ], [ 110.642789068077604, -7.591253130351132, 0.0 ], [ 110.642918936670583, -7.591289645428087, 0.0 ], [ 110.64295369171856, -7.591296590211775, 0.0 ], [ 110.64308024716135, -7.591311901541966, 0.0 ], [ 110.643275199579747, -7.591335488672801, 0.0 ], [ 110.643278316214179, -7.591335594349975, 0.0 ], [ 110.643281405189981, -7.591335160889172, 0.0 ] ], [ [ 110.644593666127406, -7.590704235297658, 0.0 ], [ 110.644596695504731, -7.590703510511494, 0.0 ], [ 110.644599563913744, -7.590702301656266, 0.0 ], [ 110.644602196992139, -7.590700639426092, 0.0 ], [ 110.64460452127085, -7.590698570797811, 0.0 ], [ 110.644606475965773, -7.59069615089966, 0.0 ], [ 110.644608007537059, -7.590693444815885, 0.0 ], [ 110.644609075129793, -7.590690525782135, 0.0 ], [ 110.644649067338605, -7.590545057033715, 0.0 ], [ 110.644699151438786, -7.59036288150586, 0.0 ], [ 110.644699888059833, -7.59035895543049, 0.0 ], [ 110.644699967489814, -7.590354960071707, 0.0 ], [ 110.644699386011226, -7.590351006686878, 0.0 ], [ 110.64469816166671, -7.590347202932925, 0.0 ], [ 110.644696325194957, -7.590343651049771, 0.0 ], [ 110.644693929094132, -7.590340450581469, 0.0 ], [ 110.644691036752079, -7.590337687512663, 0.0 ], [ 110.644687728791396, -7.590335435178248, 0.0 ], [ 110.644684094906907, -7.590333758779559, 0.0 ], [ 110.644680232970913, -7.590332700910733, 0.0 ], [ 110.644521920370579, -7.590303107382441, 0.0 ], [ 110.644340374707411, -7.590269171917448, 0.0 ], [ 110.644256028784113, -7.590253404334722, 0.0 ], [ 110.64419895762893, -7.590242735427843, 0.0 ], [ 110.644112552607083, -7.590226276860845, 0.0 ], [ 110.64389160787978, -7.590184184234275, 0.0 ], [ 110.643667283209908, -7.590141450110414, 0.0 ], [ 110.643664550195751, -7.590141171980689, 0.0 ], [ 110.643661809535999, -7.590141371450197, 0.0 ], [ 110.643659145547772, -7.590142038637898, 0.0 ], [ 110.64365663711412, -7.590143157326485, 0.0 ], [ 110.64365436041335, -7.590144693205262, 0.0 ], [ 110.643652385288348, -7.590146599294594, 0.0 ], [ 110.643650770713876, -7.59014881594211, 0.0 ], [ 110.643649564787594, -7.590151281677469, 0.0 ], [ 110.643648804745752, -7.590153914216593, 0.0 ], [ 110.643628301399062, -7.590258440549256, 0.0 ], [ 110.643605960848234, -7.59038011846657, 0.0 ], [ 110.643583829726566, -7.59050065862193, 0.0 ], [ 110.643583454782686, -7.590504615746369, 0.0 ], [ 110.643583772438092, -7.590508577961439, 0.0 ], [ 110.643584771912558, -7.590512425856954, 0.0 ], [ 110.643586423386836, -7.590516041816171, 0.0 ], [ 110.643588677993733, -7.590519320870573, 0.0 ], [ 110.643591466014669, -7.59052215893904, 0.0 ], [ 110.643594705021542, -7.590524473639399, 0.0 ], [ 110.643598296260166, -7.590526192526215, 0.0 ], [ 110.643602131891456, -7.590527266665049, 0.0 ], [ 110.643832689601354, -7.590570708777522, 0.0 ], [ 110.644032642468247, -7.590608383588313, 0.0 ], [ 110.644128409773543, -7.590624506107637, 0.0 ], [ 110.644275551383288, -7.590649280213236, 0.0 ], [ 110.644295335900395, -7.590652610695821, 0.0 ], [ 110.644461063558495, -7.590681861217547, 0.0 ], [ 110.644587458130587, -7.590704168712163, 0.0 ], [ 110.644590559199131, -7.59070445799186, 0.0 ], [ 110.644593666127406, -7.590704235297658, 0.0 ] ], [ [ 110.644697094400044, -7.590306658957667, 0.0 ], [ 110.644701783037462, -7.590305594509153, 0.0 ], [ 110.64470623568063, -7.590303780895376, 0.0 ], [ 110.644710332622836, -7.590301269578196, 0.0 ], [ 110.644713964119788, -7.590298123786822, 0.0 ], [ 110.644717034005339, -7.590294431184644, 0.0 ], [ 110.644719460610702, -7.59029028849238, 0.0 ], [ 110.644721177666568, -7.59028580691628, 0.0 ], [ 110.644774675772226, -7.590102515229122, 0.0 ], [ 110.644823511035739, -7.589935198703983, 0.0 ], [ 110.644824029867621, -7.589932640138956, 0.0 ], [ 110.644824112691055, -7.589930031467133, 0.0 ], [ 110.644823758540824, -7.589927444147648, 0.0 ], [ 110.644822976420812, -7.589924953266014, 0.0 ], [ 110.64482178803253, -7.589922626681657, 0.0 ], [ 110.644820227770552, -7.589920530455238, 0.0 ], [ 110.644818339100183, -7.589918724322986, 0.0 ], [ 110.644816174558869, -7.589917259887517, 0.0 ], [ 110.644813794855551, -7.589916173380653, 0.0 ], [ 110.644811267046549, -7.589915499230291, 0.0 ], [ 110.644671497850993, -7.589890532338639, 0.0 ], [ 110.644633041383116, -7.589883664271069, 0.0 ], [ 110.644419732505668, -7.589845019090409, 0.0 ], [ 110.644394162599241, -7.589840386749537, 0.0 ], [ 110.644168954361831, -7.589799613244299, 0.0 ], [ 110.644107284761049, -7.589788447581245, 0.0 ], [ 110.643979606497311, -7.589764320750746, 0.0 ], [ 110.643858799716327, -7.589741493931976, 0.0 ], [ 110.64377108857029, -7.589724919353316, 0.0 ], [ 110.643765216446781, -7.58972432296216, 0.0 ], [ 110.643759328989205, -7.589724734233645, 0.0 ], [ 110.643753597546024, -7.589726139739821, 0.0 ], [ 110.643748189858897, -7.589728502531373, 0.0 ], [ 110.643743265542582, -7.589731746756386, 0.0 ], [ 110.643738966998612, -7.589735782980568, 0.0 ], [ 110.643735421242582, -7.589740491002057, 0.0 ], [ 110.643732731734715, -7.589745732508606, 0.0 ], [ 110.643730977468991, -7.589751356504162, 0.0 ], [ 110.643701479596572, -7.589885377563252, 0.0 ], [ 110.643660411042234, -7.590094747684908, 0.0 ], [ 110.643660097859268, -7.590097464714051, 0.0 ], [ 110.643660216182553, -7.590100194760671, 0.0 ], [ 110.643660761532203, -7.590102873597634, 0.0 ], [ 110.64366172217747, -7.590105435182759, 0.0 ], [ 110.643663072790162, -7.590107812558102, 0.0 ], [ 110.643664781686525, -7.590109950519834, 0.0 ], [ 110.6436668044919, -7.590111792949068, 0.0 ], [ 110.643669092286999, -7.590113298196171, 0.0 ], [ 110.643671588899323, -7.590114425510047, 0.0 ], [ 110.643674230892927, -7.590115147702059, 0.0 ], [ 110.643800730748325, -7.590139246523581, 0.0 ], [ 110.643925221117115, -7.590162961940403, 0.0 ], [ 110.644120869847541, -7.590200232459337, 0.0 ], [ 110.644204011798564, -7.590216072351287, 0.0 ], [ 110.644249558864345, -7.590224585315656, 0.0 ], [ 110.644361716139429, -7.590245552425925, 0.0 ], [ 110.644582763121633, -7.590286873314313, 0.0 ], [ 110.644687511442243, -7.59030645302747, 0.0 ], [ 110.644692294892835, -7.590306949015603, 0.0 ], [ 110.644697094400044, -7.590306658957667, 0.0 ] ], [ [ 110.645301446712892, -7.590650973323935, 0.0 ], [ 110.645289310658868, -7.590666550730317, 0.0 ], [ 110.645274701593564, -7.590679846637107, 0.0 ], [ 110.645258042283928, -7.59069047695282, 0.0 ], [ 110.645239817082398, -7.590698130905199, 0.0 ], [ 110.645220553783233, -7.590702586404078, 0.0 ], [ 110.645112764163159, -7.590718018789158, 0.0 ], [ 110.645074633344066, -7.590724075319033, 0.0 ], [ 110.645060762248136, -7.590727366527035, 0.0 ], [ 110.645047547626248, -7.590732707089941, 0.0 ], [ 110.645035289648405, -7.59073997242417, 0.0 ], [ 110.645024270385534, -7.590748999035531, 0.0 ], [ 110.645014739306987, -7.590759581793624, 0.0 ], [ 110.645006916906041, -7.590771474839383, 0.0 ], [ 110.645000979275125, -7.590784407854466, 0.0 ], [ 110.644874161057388, -7.591126960013876, 0.0 ], [ 110.644873248144506, -7.591130294365809, 0.0 ], [ 110.64487292712036, -7.591133736843475, 0.0 ], [ 110.644873209857693, -7.591137180718968, 0.0 ], [ 110.644874085560318, -7.591140525577759, 0.0 ], [ 110.644875529836028, -7.591143668280545, 0.0 ], [ 110.644877497436028, -7.591146512907417, 0.0 ], [ 110.644879929502835, -7.591148976191127, 0.0 ], [ 110.64488275176322, -7.59115098027919, 0.0 ], [ 110.644885879957002, -7.591152465402045, 0.0 ], [ 110.644916184754507, -7.591166065734957, 0.0 ], [ 110.645173569600573, -7.591302398023571, 0.0 ], [ 110.645191458270588, -7.591310502070289, 0.0 ], [ 110.645261859899705, -7.591337297302721, 0.0 ], [ 110.645470412194882, -7.591416672190224, 0.0 ], [ 110.64565167046905, -7.591485660327572, 0.0 ], [ 110.645792273572269, -7.591539172682118, 0.0 ], [ 110.645821205368506, -7.591549002550346, 0.0 ], [ 110.645967543740326, -7.591598726719932, 0.0 ], [ 110.64614156689062, -7.591657857246164, 0.0 ], [ 110.646279792142366, -7.591704823953402, 0.0 ], [ 110.64640812969003, -7.591748430289266, 0.0 ], [ 110.646503977298593, -7.591780998099202, 0.0 ], [ 110.646535238041963, -7.591791961415091, 0.0 ], [ 110.646658993190243, -7.591835363140913, 0.0 ], [ 110.646794085180161, -7.591882742333301, 0.0 ], [ 110.646919435458315, -7.591926704299119, 0.0 ], [ 110.647015807038699, -7.591960503525975, 0.0 ], [ 110.647118729322969, -7.591996600196041, 0.0 ], [ 110.647171553537021, -7.59201512678212, 0.0 ], [ 110.647212168111864, -7.592028330993224, 0.0 ], [ 110.647299602791662, -7.592056756173125, 0.0 ], [ 110.647384393767709, -7.592084324385485, 0.0 ], [ 110.647487146063895, -7.592117728873772, 0.0 ], [ 110.647528782073934, -7.592131264952136, 0.0 ], [ 110.647568345349057, -7.592144127260583, 0.0 ], [ 110.647649771222447, -7.592170599989949, 0.0 ], [ 110.647679106761856, -7.592180137893717, 0.0 ], [ 110.647856410620719, -7.592237780608362, 0.0 ], [ 110.647952485752469, -7.592267315315359, 0.0 ], [ 110.648048555461841, -7.592296846379061, 0.0 ], [ 110.648137278500514, -7.592324119129185, 0.0 ], [ 110.648337237775436, -7.592385586367008, 0.0 ], [ 110.648433647412958, -7.592415222551356, 0.0 ], [ 110.648453482339889, -7.592420257074219, 0.0 ], [ 110.648615284720194, -7.592452879586183, 0.0 ], [ 110.648623492778455, -7.592453845956743, 0.0 ], [ 110.648631749074212, -7.592453461863671, 0.0 ], [ 110.648639831493071, -7.592451737982044, 0.0 ], [ 110.648647523331348, -7.59244872026906, 0.0 ], [ 110.648654617828768, -7.59244448996765, 0.0 ], [ 110.648660925422448, -7.592439161803224, 0.0 ], [ 110.648666276472369, -7.592432876749465, 0.0 ], [ 110.648670527605077, -7.592425804747083, 0.0 ], [ 110.648673564441424, -7.59241813475588, 0.0 ], [ 110.648675306130798, -7.592410072949377, 0.0 ], [ 110.648675704449673, -7.592401836382109, 0.0 ], [ 110.648674750154143, -7.592393644853763, 0.0 ], [ 110.648606446554538, -7.592053457484258, 0.0 ], [ 110.648439261138265, -7.591350297535359, 0.0 ], [ 110.648405149452344, -7.59120186301358, 0.0 ], [ 110.648357633781856, -7.590995101806828, 0.0 ], [ 110.648326255701491, -7.590858562596388, 0.0 ], [ 110.648262748903903, -7.590582220826925, 0.0 ], [ 110.648231324806204, -7.590445481665576, 0.0 ], [ 110.648059129916177, -7.589724606308319, 0.0 ], [ 110.648018755850458, -7.589535148676794, 0.0 ], [ 110.647990749779396, -7.589403731056713, 0.0 ], [ 110.647977484600759, -7.58932864304668, 0.0 ], [ 110.647969518796657, -7.589252812163505, 0.0 ], [ 110.647966891948514, -7.589176612021157, 0.0 ], [ 110.647966544461553, -7.589172496913088, 0.0 ], [ 110.647965506997394, -7.589168498838679, 0.0 ], [ 110.647963809378652, -7.589164732700735, 0.0 ], [ 110.647961499564005, -7.589161307084827, 0.0 ], [ 110.647958643654079, -7.589158317022864, 0.0 ], [ 110.647955324071759, -7.589155852132689, 0.0 ], [ 110.647951635043384, -7.589153979427744, 0.0 ], [ 110.647947682590683, -7.589152753267214, 0.0 ], [ 110.647943580001737, -7.58915221082968, 0.0 ], [ 110.647909981046141, -7.589150625976292, 0.0 ], [ 110.647868932377435, -7.589148688641777, 0.0 ], [ 110.647705522745284, -7.58914097879714, 0.0 ], [ 110.647658763575294, -7.589139246672794, 0.0 ], [ 110.647565509033171, -7.58913579347759, 0.0 ], [ 110.647463924488733, -7.589132031386493, 0.0 ], [ 110.647368110848376, -7.589128482904776, 0.0 ], [ 110.647280844779971, -7.589125250694571, 0.0 ], [ 110.647182036005276, -7.58912159119541, 0.0 ], [ 110.647123953511297, -7.589119440060971, 0.0 ], [ 110.64709509761299, -7.5891178580898, 0.0 ], [ 110.646996612086525, -7.589112458444812, 0.0 ], [ 110.646891823626206, -7.589106715354765, 0.0 ], [ 110.646798507003155, -7.589101599370878, 0.0 ], [ 110.646708665019773, -7.58909667433814, 0.0 ], [ 110.646612683275663, -7.589091412324525, 0.0 ], [ 110.646507894831288, -7.589085667333285, 0.0 ], [ 110.646408762079275, -7.589080233561019, 0.0 ], [ 110.646379331464246, -7.589078619415702, 0.0 ], [ 110.646325053914083, -7.589076279503689, 0.0 ], [ 110.646216934850898, -7.589071617200769, 0.0 ], [ 110.646114547682203, -7.589067201052944, 0.0 ], [ 110.646031132048421, -7.589063602667923, 0.0 ], [ 110.645934729691305, -7.589059446435069, 0.0 ], [ 110.645837052779001, -7.589055233964781, 0.0 ], [ 110.645745664604178, -7.589053208385947, 0.0 ], [ 110.645646770364507, -7.589051016564115, 0.0 ], [ 110.645541754331163, -7.58904868947304, 0.0 ], [ 110.645454719316788, -7.589046761455881, 0.0 ], [ 110.645402369038649, -7.589045600732672, 0.0 ], [ 110.645398917654404, -7.589045799633848, 0.0 ], [ 110.645395541973201, -7.589046544044043, 0.0 ], [ 110.64539232722656, -7.589047814132552, 0.0 ], [ 110.645389356841136, -7.589049580117092, 0.0 ], [ 110.645386705192934, -7.589051794116812, 0.0 ], [ 110.645384440318836, -7.589054400104764, 0.0 ], [ 110.645382620290334, -7.589057333904823, 0.0 ], [ 110.645381291405002, -7.589060517762937, 0.0 ], [ 110.645380486363706, -7.58906387210484, 0.0 ], [ 110.645363940543575, -7.589169537896244, 0.0 ], [ 110.645360582197299, -7.589203342035744, 0.0 ], [ 110.645361042093057, -7.589237306682363, 0.0 ], [ 110.645365600281863, -7.589302503565678, 0.0 ], [ 110.645368168995432, -7.589325171122394, 0.0 ], [ 110.645372676153258, -7.589347537233936, 0.0 ], [ 110.645415671396478, -7.589521844074192, 0.0 ], [ 110.645420798579323, -7.589549813511185, 0.0 ], [ 110.645422022120059, -7.589570097369754, 0.0 ], [ 110.645422510459042, -7.589578198067608, 0.0 ], [ 110.645420781086699, -7.589606580721948, 0.0 ], [ 110.645410068088253, -7.589694404378087, 0.0 ], [ 110.645389313060576, -7.589778039889008, 0.0 ], [ 110.645384170664784, -7.589805154284954, 0.0 ], [ 110.645382082096106, -7.589832673699219, 0.0 ], [ 110.6453801344379, -7.589930525174837, 0.0 ], [ 110.64538117077764, -7.589946932857763, 0.0 ], [ 110.645384904422301, -7.589962944736228, 0.0 ], [ 110.645391232382991, -7.589978124730147, 0.0 ], [ 110.645406126980433, -7.590006880956746, 0.0 ], [ 110.645414351240234, -7.59002673271996, 0.0 ], [ 110.645419090733981, -7.590047685199139, 0.0 ], [ 110.64542020906454, -7.590069137657911, 0.0 ], [ 110.645416874874016, -7.590169720665854, 0.0 ], [ 110.645399480975186, -7.590395386876938, 0.0 ], [ 110.6453934169365, -7.590433167949371, 0.0 ], [ 110.645381249420055, -7.590469453334317, 0.0 ], [ 110.645310755831701, -7.590633565502861, 0.0 ], [ 110.645301446712892, -7.590650973323935, 0.0 ] ], [ [ 110.647521587497764, -7.59218600828332, 0.0 ], [ 110.647314998030282, -7.592118843831526, 0.0 ], [ 110.647154107620182, -7.592066535730394, 0.0 ], [ 110.647073326062198, -7.592038204570673, 0.0 ], [ 110.646956919942497, -7.591997378772301, 0.0 ], [ 110.646848797363532, -7.591959458776756, 0.0 ], [ 110.646753883116119, -7.591926171772126, 0.0 ], [ 110.646672453615253, -7.591897612065324, 0.0 ], [ 110.646563257132001, -7.591859315737049, 0.0 ], [ 110.646486191455125, -7.591832287340184, 0.0 ], [ 110.646375053642544, -7.591794524884186, 0.0 ], [ 110.646234141170893, -7.591746645130508, 0.0 ], [ 110.646152452716649, -7.591718890173255, 0.0 ], [ 110.646051902362075, -7.591684723725584, 0.0 ], [ 110.645967476907586, -7.591656038431176, 0.0 ], [ 110.645834779231677, -7.591610948561828, 0.0 ], [ 110.645773807931207, -7.591590232484481, 0.0 ], [ 110.645706809266358, -7.591564732716392, 0.0 ], [ 110.645579537383369, -7.591516292195872, 0.0 ], [ 110.645225129275175, -7.591381406037552, 0.0 ], [ 110.645172073615001, -7.591361211936058, 0.0 ], [ 110.645148066183367, -7.591350336761089, 0.0 ], [ 110.645117650105647, -7.591334225305335, 0.0 ], [ 110.645031470022687, -7.59128857616865, 0.0 ], [ 110.644890681319723, -7.591214002647597, 0.0 ], [ 110.644871762473599, -7.591205213902957, 0.0 ], [ 110.644852027893165, -7.591198438937095, 0.0 ], [ 110.644806416437831, -7.591185395962251, 0.0 ], [ 110.644689561400469, -7.591151977521343, 0.0 ], [ 110.644666913899627, -7.591145420877859, 0.0 ], [ 110.644659517656436, -7.591143948546374, 0.0 ], [ 110.644651978032499, -7.591143757853312, 0.0 ], [ 110.644644516224417, -7.591144850788574, 0.0 ], [ 110.644637350734442, -7.591147198585057, 0.0 ], [ 110.644630691034223, -7.591150729954063, 0.0 ], [ 110.644624733021672, -7.591155343745545, 0.0 ], [ 110.644619649053439, -7.591160903512478, 0.0 ], [ 110.644615590658518, -7.591167244749624, 0.0 ], [ 110.644612674931992, -7.591174184832434, 0.0 ], [ 110.644610987258147, -7.59118151849655, 0.0 ], [ 110.64457843769577, -7.591412045094026, 0.0 ], [ 110.644506347450815, -7.591930077763018, 0.0 ], [ 110.644501798713904, -7.591962765596524, 0.0 ], [ 110.644477792532015, -7.592167715607385, 0.0 ], [ 110.644473746303774, -7.592202264522525, 0.0 ], [ 110.644435398429408, -7.592529655234519, 0.0 ], [ 110.644410185239266, -7.592744909850591, 0.0 ], [ 110.644406690428042, -7.592774748288092, 0.0 ], [ 110.644404732732184, -7.592799557748258, 0.0 ], [ 110.644404655166795, -7.592824442920375, 0.0 ], [ 110.644407055123196, -7.592893559281729, 0.0 ], [ 110.644409016704472, -7.592950059444025, 0.0 ], [ 110.644411295980277, -7.592970775637574, 0.0 ], [ 110.644416637158102, -7.592990922657211, 0.0 ], [ 110.644424923660864, -7.593010052652329, 0.0 ], [ 110.644435969088264, -7.593027740329015, 0.0 ], [ 110.644449528995082, -7.59304359110075, 0.0 ], [ 110.644635981885372, -7.593231197433375, 0.0 ], [ 110.644636238240366, -7.593231440968528, 0.0 ], [ 110.64463832555127, -7.593233135099439, 0.0 ], [ 110.644640657924569, -7.593234473035741, 0.0 ], [ 110.644643173742082, -7.593235421258462, 0.0 ], [ 110.644645810470863, -7.593235956198037, 0.0 ], [ 110.644648497412291, -7.593236062419176, 0.0 ], [ 110.644651168387171, -7.593235740772349, 0.0 ], [ 110.644653752681265, -7.593234994817912, 0.0 ], [ 110.644656184098324, -7.593233846211107, 0.0 ], [ 110.644658400060038, -7.593232326560222, 0.0 ], [ 110.644660344331811, -7.593230470192367, 0.0 ], [ 110.644881291009852, -7.592982807021563, 0.0 ], [ 110.644890554431214, -7.592971458796861, 0.0 ], [ 110.644898785009644, -7.592959343569143, 0.0 ], [ 110.645002160871726, -7.592791818345209, 0.0 ], [ 110.645007496463109, -7.592784553692541, 0.0 ], [ 110.645013930017726, -7.592778239720364, 0.0 ], [ 110.645021296410732, -7.592773037304696, 0.0 ], [ 110.645029404251076, -7.592769078354315, 0.0 ], [ 110.645038043128636, -7.592766472148598, 0.0 ], [ 110.64504698907362, -7.592765280918926, 0.0 ], [ 110.645056010887544, -7.592765537945025, 0.0 ], [ 110.645064874685673, -7.592767235799432, 0.0 ], [ 110.645073350239173, -7.592770330875456, 0.0 ], [ 110.645081218227517, -7.592774743393061, 0.0 ], [ 110.645475074995929, -7.593039331795799, 0.0 ], [ 110.645517962005258, -7.593069540053795, 0.0 ], [ 110.645627037373544, -7.593146369731937, 0.0 ], [ 110.645639321154974, -7.593156375092021, 0.0 ], [ 110.645650086043503, -7.593167992941056, 0.0 ], [ 110.645659121903748, -7.593180996968782, 0.0 ], [ 110.645666252168681, -7.593195129232904, 0.0 ], [ 110.645772166742489, -7.593447633727326, 0.0 ], [ 110.645877459480545, -7.593697992085158, 0.0 ], [ 110.64588432391291, -7.593711293747088, 0.0 ], [ 110.645893180149102, -7.593723365931456, 0.0 ], [ 110.645903813576183, -7.593733914482595, 0.0 ], [ 110.645915963317236, -7.593742681389343, 0.0 ], [ 110.645974467771723, -7.593778303435445, 0.0 ], [ 110.646243520245065, -7.593942129598845, 0.0 ], [ 110.646272576942806, -7.593956850479497, 0.0 ], [ 110.646434908290388, -7.594023764158234, 0.0 ], [ 110.646932475887638, -7.594198881031157, 0.0 ], [ 110.647260490666397, -7.594302588858023, 0.0 ], [ 110.647275137868945, -7.594305979265791, 0.0 ], [ 110.647290136910669, -7.594307029872178, 0.0 ], [ 110.647305115214976, -7.594305717760833, 0.0 ], [ 110.647319701068227, -7.594302073384904, 0.0 ], [ 110.647333531774521, -7.594296186001097, 0.0 ], [ 110.647346263626957, -7.594288204582265, 0.0 ], [ 110.64735758007636, -7.594278326064771, 0.0 ], [ 110.647514398297218, -7.594117969687468, 0.0 ], [ 110.647515813916769, -7.594116263033997, 0.0 ], [ 110.647516933261159, -7.594114348996833, 0.0 ], [ 110.647517724558881, -7.594112279109891, 0.0 ], [ 110.64751816872807, -7.594110107631073, 0.0 ], [ 110.647518252122438, -7.594107893345452, 0.0 ], [ 110.647517973786805, -7.594105695952957, 0.0 ], [ 110.647517340927195, -7.594103572446452, 0.0 ], [ 110.647516369815193, -7.594101579826175, 0.0 ], [ 110.647515086698192, -7.59409977057766, 0.0 ], [ 110.647419586527832, -7.593986113415942, 0.0 ], [ 110.647416913521951, -7.593983361396493, 0.0 ], [ 110.647413870304305, -7.593981022458732, 0.0 ], [ 110.647410522107819, -7.593979144597077, 0.0 ], [ 110.6473767830024, -7.593963310100506, 0.0 ], [ 110.647367059242654, -7.593957789844542, 0.0 ], [ 110.647358309388736, -7.593950833943717, 0.0 ], [ 110.647350743624528, -7.593942610816137, 0.0 ], [ 110.647344544007012, -7.593933317802805, 0.0 ], [ 110.647320409426399, -7.593890233204567, 0.0 ], [ 110.647280889997063, -7.593830083425876, 0.0 ], [ 110.647276735080879, -7.593824730508562, 0.0 ], [ 110.647271789970617, -7.593820093358151, 0.0 ], [ 110.647266176956137, -7.593816288761649, 0.0 ], [ 110.647260035570312, -7.593813410906126, 0.0 ], [ 110.647253517152606, -7.593811527756094, 0.0 ], [ 110.647130311395827, -7.59378623311993, 0.0 ], [ 110.647135792358497, -7.593759652668464, 0.0 ], [ 110.647258998107432, -7.593784948207325, 0.0 ], [ 110.647269626790106, -7.593788017853179, 0.0 ], [ 110.647279642223268, -7.593792711583661, 0.0 ], [ 110.647288795195635, -7.593798917031597, 0.0 ], [ 110.647296859197382, -7.593806475715859, 0.0 ], [ 110.647303634934488, -7.593815205658989, 0.0 ], [ 110.64734368132801, -7.593876157300103, 0.0 ], [ 110.647368284824964, -7.593920078087499, 0.0 ], [ 110.647372145665855, -7.593925864047716, 0.0 ], [ 110.647376856493239, -7.593930984039869, 0.0 ], [ 110.647382304992973, -7.593935316762283, 0.0 ], [ 110.647388359802179, -7.593938754466135, 0.0 ], [ 110.647422098904698, -7.593954590770865, 0.0 ], [ 110.647428869601853, -7.593958387259273, 0.0 ], [ 110.647435022174363, -7.593963115843345, 0.0 ], [ 110.647440427970196, -7.593968679631234, 0.0 ], [ 110.647573377959731, -7.594126908411613, 0.0 ], [ 110.647574471275036, -7.59412801195226, 0.0 ], [ 110.647575731556628, -7.594128919339658, 0.0 ], [ 110.647577124371594, -7.59412961064566, 0.0 ], [ 110.647578611662979, -7.594130063225464, 0.0 ], [ 110.647580153549669, -7.594130268001196, 0.0 ], [ 110.647581707430888, -7.594130215892723, 0.0 ], [ 110.647583232507898, -7.594129911389722, 0.0 ], [ 110.647584686167377, -7.594129360789535, 0.0 ], [ 110.647586030322174, -7.594128578534177, 0.0 ], [ 110.647587226877775, -7.594127588111202, 0.0 ], [ 110.647588244990587, -7.59412641482317, 0.0 ], [ 110.647799207693041, -7.593838478424294, 0.0 ], [ 110.647875566558582, -7.593734256748496, 0.0 ], [ 110.64797635021786, -7.593578296142474, 0.0 ], [ 110.648299633145825, -7.593078022659808, 0.0 ], [ 110.648635457898294, -7.592529235016402, 0.0 ], [ 110.648636417693297, -7.592527304564791, 0.0 ], [ 110.648637027667476, -7.592525239956038, 0.0 ], [ 110.648637268736195, -7.5925230990663, 0.0 ], [ 110.648637133592686, -7.592520948826832, 0.0 ], [ 110.648636626716126, -7.592518855273872, 0.0 ], [ 110.648635762559934, -7.592516881738034, 0.0 ], [ 110.648634569178768, -7.592515087942727, 0.0 ], [ 110.648633080979039, -7.592513526379987, 0.0 ], [ 110.648631344153102, -7.59251224864692, 0.0 ], [ 110.648629410345862, -7.592511290062916, 0.0 ], [ 110.648627340271361, -7.592510681432011, 0.0 ], [ 110.648442710055164, -7.592473455262585, 0.0 ], [ 110.648417633607295, -7.592467090419418, 0.0 ], [ 110.648100608568129, -7.592369638366788, 0.0 ], [ 110.64783997712432, -7.592289520570256, 0.0 ], [ 110.64752475868741, -7.592187038430982, 0.0 ], [ 110.647521587497764, -7.59218600828332, 0.0 ] ], [ [ 110.64494559580497, -7.593726014622175, 0.0 ], [ 110.645663030220433, -7.593626869342127, 0.0 ], [ 110.645687371700319, -7.593625204907457, 0.0 ], [ 110.645784199047981, -7.593625283848631, 0.0 ], [ 110.645785324082993, -7.593625284765719, 0.0 ], [ 110.645787203497093, -7.593625133427802, 0.0 ], [ 110.645789032395172, -7.593624675404218, 0.0 ], [ 110.64579076271572, -7.59362392784239, 0.0 ], [ 110.645792346398736, -7.593622906080568, 0.0 ], [ 110.645793742624036, -7.59362164084038, 0.0 ], [ 110.645794912383082, -7.593620164654059, 0.0 ], [ 110.6457958248197, -7.593618518201469, 0.0 ], [ 110.645796455421319, -7.593616744881305, 0.0 ], [ 110.645796786923398, -7.593614893525539, 0.0 ], [ 110.64579681203503, -7.593613011165106, 0.0 ], [ 110.645796527992829, -7.593611151166563, 0.0 ], [ 110.645795942915058, -7.593609363287123, 0.0 ], [ 110.645734541781536, -7.593463365846478, 0.0 ], [ 110.64562861998759, -7.593210845056001, 0.0 ], [ 110.645624054736786, -7.593201795773754, 0.0 ], [ 110.64561826867066, -7.593193470045192, 0.0 ], [ 110.645611375881657, -7.593186030783383, 0.0 ], [ 110.645603510421296, -7.593179622826534, 0.0 ], [ 110.645451916791856, -7.593072846599591, 0.0 ], [ 110.645212073940854, -7.592911723120198, 0.0 ], [ 110.645165850637071, -7.592880669063261, 0.0 ], [ 110.645165173813211, -7.592880215328111, 0.0 ], [ 110.645075440857795, -7.592819933001103, 0.0 ], [ 110.645070535030996, -7.59281718185816, 0.0 ], [ 110.645065250496998, -7.592815252647172, 0.0 ], [ 110.645059724106673, -7.592814192516796, 0.0 ], [ 110.645054099976079, -7.59281403324421, 0.0 ], [ 110.645048522247137, -7.592814774947111, 0.0 ], [ 110.64504313598249, -7.592816400557435, 0.0 ], [ 110.645038080826211, -7.592818867675125, 0.0 ], [ 110.6450334882812, -7.592822112184144, 0.0 ], [ 110.645029476268419, -7.592826050057099, 0.0 ], [ 110.645026150031924, -7.592830579165183, 0.0 ], [ 110.644933522974483, -7.59298068600351, 0.0 ], [ 110.644923284674263, -7.592995754775483, 0.0 ], [ 110.644911762568256, -7.593009870000829, 0.0 ], [ 110.64488570053264, -7.593039084854873, 0.0 ], [ 110.644692251382182, -7.593255926060419, 0.0 ], [ 110.644690034237783, -7.593258885763426, 0.0 ], [ 110.644688352595821, -7.593262176067153, 0.0 ], [ 110.644687255486005, -7.593265704747004, 0.0 ], [ 110.644686774723183, -7.593269367805068, 0.0 ], [ 110.644686923993333, -7.593273058514956, 0.0 ], [ 110.644687698850632, -7.593276671040003, 0.0 ], [ 110.644689077623966, -7.593280100434009, 0.0 ], [ 110.644691019600842, -7.593283246257974, 0.0 ], [ 110.644693468650686, -7.593286016201303, 0.0 ], [ 110.644794220443501, -7.593382090939846, 0.0 ], [ 110.644823328217811, -7.593416201110255, 0.0 ], [ 110.644861852397781, -7.593461341892336, 0.0 ], [ 110.644874195941995, -7.593478046463007, 0.0 ], [ 110.644884078723067, -7.593496309381229, 0.0 ], [ 110.644891308847377, -7.593515769572526, 0.0 ], [ 110.644895742484223, -7.593536047006038, 0.0 ], [ 110.644924928132156, -7.593710564202117, 0.0 ], [ 110.64492566534885, -7.593713650244532, 0.0 ], [ 110.644926924883961, -7.59371656303904, 0.0 ], [ 110.644928668734181, -7.593719214812653, 0.0 ], [ 110.644930846197752, -7.593721525923034, 0.0 ], [ 110.644933390246038, -7.593723427569143, 0.0 ], [ 110.644936224775122, -7.5937248627018, 0.0 ], [ 110.644939265510246, -7.593725788737975, 0.0 ], [ 110.644942420913097, -7.593726176657109, 0.0 ], [ 110.64494559580497, -7.593726014622175, 0.0 ] ], [ [ 110.639711931544454, -7.590832639887851, 0.0 ], [ 110.63971425820715, -7.590832090941996, 0.0 ], [ 110.639716468225501, -7.590831180981825, 0.0 ], [ 110.639718505374688, -7.590829932574618, 0.0 ], [ 110.639720319767378, -7.590828378243025, 0.0 ], [ 110.639721863323373, -7.590826557747655, 0.0 ], [ 110.63972309793148, -7.590824514475561, 0.0 ], [ 110.639723992724612, -7.590822301769935, 0.0 ], [ 110.639808985523274, -7.590551960770588, 0.0 ], [ 110.639911885504304, -7.59022466024629, 0.0 ], [ 110.639912506107891, -7.590221850306361, 0.0 ], [ 110.639912629975399, -7.590218977540667, 0.0 ], [ 110.639912253411396, -7.590216125165213, 0.0 ], [ 110.639911387220678, -7.590213381835427, 0.0 ], [ 110.639910057626182, -7.590210828078432, 0.0 ], [ 110.639908305355576, -7.59020854443343, 0.0 ], [ 110.63990618293289, -7.590206597881018, 0.0 ], [ 110.639903755580676, -7.590205047271331, 0.0 ], [ 110.639901094877757, -7.59020393879597, 0.0 ], [ 110.639898282384067, -7.59020330780018, 0.0 ], [ 110.639765051086343, -7.590185345110628, 0.0 ], [ 110.639760471418938, -7.590185088944675, 0.0 ], [ 110.639755906568823, -7.590185546485226, 0.0 ], [ 110.639751469860414, -7.590186710589776, 0.0 ], [ 110.639747269199191, -7.590188549688292, 0.0 ], [ 110.639743407061886, -7.59019101954247, 0.0 ], [ 110.639739977779101, -7.590194060529851, 0.0 ], [ 110.639737064817197, -7.59019759583239, 0.0 ], [ 110.639734740769256, -7.590201542291142, 0.0 ], [ 110.639733061017481, -7.59020580045091, 0.0 ], [ 110.639640642907125, -7.590507479941675, 0.0 ], [ 110.639591877637997, -7.59066666117613, 0.0 ], [ 110.639553847176515, -7.590766590257819, 0.0 ], [ 110.639553246226441, -7.590768656668718, 0.0 ], [ 110.639552984268306, -7.590770792106925, 0.0 ], [ 110.639553069506206, -7.590772942305923, 0.0 ], [ 110.639553497452653, -7.590775052988658, 0.0 ], [ 110.639554259091838, -7.590777064446989, 0.0 ], [ 110.63955533451815, -7.590778930532078, 0.0 ], [ 110.639556694765744, -7.590780598755694, 0.0 ], [ 110.639558306324673, -7.590782030194156, 0.0 ], [ 110.639560125714553, -7.590783184106422, 0.0 ], [ 110.63956210763051, -7.590784033318266, 0.0 ], [ 110.639704845556679, -7.590832028867014, 0.0 ], [ 110.639707164933725, -7.590832608800382, 0.0 ], [ 110.639709546268605, -7.590832813394572, 0.0 ], [ 110.639711931544454, -7.590832639887851, 0.0 ] ], [ [ 110.652605997052916, -7.588322641822256, 0.0 ], [ 110.652608533920827, -7.588322200616188, 0.0 ], [ 110.652610968667815, -7.588321362228075, 0.0 ], [ 110.652613239632132, -7.588320147413469, 0.0 ], [ 110.65261528876735, -7.588318590499178, 0.0 ], [ 110.652617065276459, -7.588316729435981, 0.0 ], [ 110.652618522887934, -7.5883146112239, 0.0 ], [ 110.652619625298613, -7.588312287393634, 0.0 ], [ 110.652620344356265, -7.588309819432589, 0.0 ], [ 110.652658105267662, -7.588127179778834, 0.0 ], [ 110.652658326968748, -7.588125421497501, 0.0 ], [ 110.65265826946505, -7.588123649424778, 0.0 ], [ 110.652657934532655, -7.588121909694507, 0.0 ], [ 110.652657331205091, -7.588120242114389, 0.0 ], [ 110.652656473046392, -7.58811868920942, 0.0 ], [ 110.652655382688991, -7.588117289893634, 0.0 ], [ 110.652654086395074, -7.588116078561165, 0.0 ], [ 110.652652614963202, -7.588115085086983, 0.0 ], [ 110.6526510064501, -7.588114332115401, 0.0 ], [ 110.652649299819757, -7.588113841386923, 0.0 ], [ 110.652511267505915, -7.588085572251743, 0.0 ], [ 110.652479390672738, -7.588076533773443, 0.0 ], [ 110.65230363605616, -7.588012261106146, 0.0 ], [ 110.652246402758834, -7.587991331837285, 0.0 ], [ 110.65222748321527, -7.587985636090108, 0.0 ], [ 110.65220802792156, -7.587982175977983, 0.0 ], [ 110.652079551952554, -7.587966968010375, 0.0 ], [ 110.652077919309775, -7.587966913335243, 0.0 ], [ 110.652076301853612, -7.587967138180305, 0.0 ], [ 110.6520747458258, -7.587967632632426, 0.0 ], [ 110.652073296563017, -7.587968384968637, 0.0 ], [ 110.652071996692428, -7.587969370800026, 0.0 ], [ 110.652070883404875, -7.587970562115072, 0.0 ], [ 110.652069988457015, -7.587971924566034, 0.0 ], [ 110.652069339074998, -7.587973421087888, 0.0 ], [ 110.652068953426763, -7.587975005562764, 0.0 ], [ 110.652068842429358, -7.587976630057891, 0.0 ], [ 110.652067953829587, -7.58799829438578, 0.0 ], [ 110.652064540705823, -7.588019706131461, 0.0 ], [ 110.652038724121383, -7.588137018243667, 0.0 ], [ 110.652023479284921, -7.588206287854574, 0.0 ], [ 110.652020197811765, -7.588225187750824, 0.0 ], [ 110.652018615938459, -7.588244301577974, 0.0 ], [ 110.65201872012905, -7.588246634513188, 0.0 ], [ 110.652019204200357, -7.588248919810913, 0.0 ], [ 110.652020056418181, -7.588251094142757, 0.0 ], [ 110.652021254164723, -7.58825310050356, 0.0 ], [ 110.652022763942185, -7.588254883688557, 0.0 ], [ 110.652024544993154, -7.588256397532711, 0.0 ], [ 110.652026551117302, -7.588257600389464, 0.0 ], [ 110.652028727040829, -7.588258460555093, 0.0 ], [ 110.652031014765271, -7.588258952655566, 0.0 ], [ 110.652136723120677, -7.588272801874595, 0.0 ], [ 110.652257708788369, -7.588288654215479, 0.0 ], [ 110.65241241349905, -7.588308922387678, 0.0 ], [ 110.652449678637439, -7.588312583065458, 0.0 ], [ 110.652603421528767, -7.58832267775599, 0.0 ], [ 110.652605997052916, -7.588322641822256, 0.0 ] ] ] ] } },
{ "type": "Feature", "properties": { "OBJECTID": 32, "ZONA": "Pertanian", "SUB_ZONA": "Tanaman Pangan", "KODE": "P-1", "KEPADATAN": 0.0, "JUML_RUMH": 0.0, "LUAS_BID": 836.57485325100004, "Shape_Leng": 118.936734449, "Shape_Area": 836.57485326200003 }, "geometry": { "type": "MultiPolygon", "coordinates": [ [ [ [ 110.64797635021786, -7.593578296142474, 0.0 ], [ 110.647875566558582, -7.593734256748496, 0.0 ], [ 110.647799207693041, -7.593838478424294, 0.0 ], [ 110.647675362378124, -7.593821453778996, 0.0 ], [ 110.647672386755801, -7.593499016913506, 0.0 ], [ 110.647838173503558, -7.593533088439979, 0.0 ], [ 110.64797635021786, -7.593578296142474, 0.0 ] ] ] ] } },
{ "type": "Feature", "properties": { "OBJECTID": 33, "ZONA": "Pertanian", "SUB_ZONA": "Tanaman Pangan", "KODE": "P-1", "KEPADATAN": 0.0, "JUML_RUMH": 0.0, "LUAS_BID": 869.45712748999995, "Shape_Leng": 119.429857875, "Shape_Area": 869.45712745799995 }, "geometry": { "type": "MultiPolygon", "coordinates": [ [ [ [ 110.647672386755801, -7.593499016913506, 0.0 ], [ 110.647675362378124, -7.593821453778996, 0.0 ], [ 110.647622070988945, -7.593814127079518, 0.0 ], [ 110.647416728116653, -7.593684724770332, 0.0 ], [ 110.64743255500241, -7.593465301350138, 0.0 ], [ 110.647604349354879, -7.593485032483379, 0.0 ], [ 110.647672386755801, -7.593499016913506, 0.0 ] ] ] ] } },
{ "type": "Feature", "properties": { "OBJECTID": 34, "ZONA": "Pertanian", "SUB_ZONA": "Tanaman Pangan", "KODE": "P-1", "KEPADATAN": 0.0, "JUML_RUMH": 0.0, "LUAS_BID": 367.54444902099999, "Shape_Leng": 98.767729200399998, "Shape_Area": 367.54444902199998 }, "geometry": { "type": "MultiPolygon", "coordinates": [ [ [ [ 110.64743255500241, -7.593465301350138, 0.0 ], [ 110.647416728116653, -7.593684724770332, 0.0 ], [ 110.647346372896891, -7.593640389657261, 0.0 ], [ 110.647292473040977, -7.593556580399352, 0.0 ], [ 110.647124629424525, -7.593484643183581, 0.0 ], [ 110.647394491388269, -7.593460929500637, 0.0 ], [ 110.64743255500241, -7.593465301350138, 0.0 ] ] ] ] } },
{ "type": "Feature", "properties": { "OBJECTID": 35, "ZONA": "Pertanian", "SUB_ZONA": "Tanaman Pangan", "KODE": "P-1", "KEPADATAN": 0.0, "JUML_RUMH": 0.0, "LUAS_BID": 1089.9560400400001, "Shape_Leng": 147.37460644800001, "Shape_Area": 1089.9560400400001 }, "geometry": { "type": "MultiPolygon", "coordinates": [ [ [ [ 110.64743255500241, -7.593465301350138, 0.0 ], [ 110.647394491388269, -7.593460929500637, 0.0 ], [ 110.647124629424525, -7.593484643183581, 0.0 ], [ 110.647158942864905, -7.593416459378337, 0.0 ], [ 110.647211359624606, -7.593312299789972, 0.0 ], [ 110.647219106333694, -7.593224232166884, 0.0 ], [ 110.647223032111597, -7.5931170165117, 0.0 ], [ 110.647290212664345, -7.593092180373696, 0.0 ], [ 110.647312504129943, -7.593099733418172, 0.0 ], [ 110.647409150636648, -7.593132483507222, 0.0 ], [ 110.647459499435158, -7.593091756012085, 0.0 ], [ 110.647458019533815, -7.593112277380591, 0.0 ], [ 110.64743255500241, -7.593465301350138, 0.0 ] ] ] ] } },
{ "type": "Feature", "properties": { "OBJECTID": 36, "ZONA": "Pertanian", "SUB_ZONA": "Tanaman Pangan", "KODE": "P-1", "KEPADATAN": 0.0, "JUML_RUMH": 0.0, "LUAS_BID": 1251.39871135, "Shape_Leng": 159.703399322, "Shape_Area": 1251.39871133 }, "geometry": { "type": "MultiPolygon", "coordinates": [ [ [ [ 110.647672386755801, -7.593499016913506, 0.0 ], [ 110.647604349354879, -7.593485032483379, 0.0 ], [ 110.64743255500241, -7.593465301350138, 0.0 ], [ 110.647458019533815, -7.593112277380591, 0.0 ], [ 110.647459499435158, -7.593091756012085, 0.0 ], [ 110.647520758548239, -7.593042203465125, 0.0 ], [ 110.647658744621808, -7.592928313250504, 0.0 ], [ 110.647672386755801, -7.593499016913506, 0.0 ] ] ] ] } },
{ "type": "Feature", "properties": { "OBJECTID": 37, "ZONA": "Pertanian", "SUB_ZONA": "Tanaman Pangan", "KODE": "P-1", "KEPADATAN": 0.0, "JUML_RUMH": 0.0, "LUAS_BID": 1758.68643331, "Shape_Leng": 470.031694544, "Shape_Area": 1758.6863302199999 }, "geometry": { "type": "MultiPolygon", "coordinates": [ [ [ [ 110.649051875710668, -7.594563665204966, 0.0 ], [ 110.648980338108473, -7.594608594612841, 0.0 ], [ 110.648969089226171, -7.592537566936205, 0.0 ], [ 110.649038020150769, -7.592536206072731, 0.0 ], [ 110.649051875710668, -7.594563665204966, 0.0 ] ] ] ] } },
{ "type": "Feature", "properties": { "OBJECTID": 38, "ZONA": "Pertanian", "SUB_ZONA": "Tanaman Pangan", "KODE": "P-1", "KEPADATAN": 0.0, "JUML_RUMH": 0.0, "LUAS_BID": 1847.2638968599999, "Shape_Leng": 461.06101572300003, "Shape_Area": 1847.2639262 }, "geometry": { "type": "MultiPolygon", "coordinates": [ [ [ [ 110.649130598404511, -7.594511248243338, 0.0 ], [ 110.649126849974365, -7.594514370457959, 0.0 ], [ 110.649116067341922, -7.594523350325198, 0.0 ], [ 110.649051875710668, -7.594563665204966, 0.0 ], [ 110.649038020150769, -7.592536206072731, 0.0 ], [ 110.649110072392546, -7.592534780781291, 0.0 ], [ 110.649130598404511, -7.594511248243338, 0.0 ] ] ] ] } },
{ "type": "Feature", "properties": { "OBJECTID": 39, "ZONA": "Pertanian", "SUB_ZONA": "Tanaman Pangan", "KODE": "P-1", "KEPADATAN": 0.0, "JUML_RUMH": 0.0, "LUAS_BID": 1946.6301278399999, "Shape_Leng": 450.05415513600002, "Shape_Area": 1946.6298219800001 }, "geometry": { "type": "MultiPolygon", "coordinates": [ [ [ [ 110.649213057015515, -7.59443198795858, 0.0 ], [ 110.649194725901268, -7.594452744482902, 0.0 ], [ 110.649166243224116, -7.594480115970005, 0.0 ], [ 110.649166039995336, -7.594480312999159, 0.0 ], [ 110.6491549722695, -7.594490947975125, 0.0 ], [ 110.649130598404511, -7.594511248243338, 0.0 ], [ 110.649110072392546, -7.592534780781291, 0.0 ], [ 110.649191300918204, -7.592533175642049, 0.0 ], [ 110.649213057015515, -7.59443198795858, 0.0 ] ] ] ] } },
{ "type": "Feature", "properties": { "OBJECTID": 40, "ZONA": "Pertanian", "SUB_ZONA": "Tanaman Pangan", "KODE": "P-1", "KEPADATAN": 0.0, "JUML_RUMH": 0.0, "LUAS_BID": 1881.1751358700001, "Shape_Leng": 431.59811704999998, "Shape_Area": 1881.17480101 }, "geometry": { "type": "MultiPolygon", "coordinates": [ [ [ [ 110.6492964483257, -7.594126995495412, 0.0 ], [ 110.649278039149067, -7.594162431099964, 0.0 ], [ 110.649265714537762, -7.594200404372608, 0.0 ], [ 110.649259808945814, -7.594239879866969, 0.0 ], [ 110.649257892468924, -7.594268967943876, 0.0 ], [ 110.64925050871571, -7.594317968126358, 0.0 ], [ 110.649247366906138, -7.594338817420309, 0.0 ], [ 110.649245044496965, -7.594354233706432, 0.0 ], [ 110.649244769237342, -7.594356057974137, 0.0 ], [ 110.64923841781436, -7.594382988722089, 0.0 ], [ 110.649227752305706, -7.59440852568411, 0.0 ], [ 110.64922406872445, -7.594414407753064, 0.0 ], [ 110.649213057015515, -7.59443198795858, 0.0 ], [ 110.649191300918204, -7.592533175642049, 0.0 ], [ 110.649280964156191, -7.592531403619714, 0.0 ], [ 110.6492964483257, -7.594126995495412, 0.0 ] ] ] ] } },
{ "type": "Feature", "properties": { "OBJECTID": 41, "ZONA": "Pertanian", "SUB_ZONA": "Tanaman Pangan", "KODE": "P-1", "KEPADATAN": 0.0, "JUML_RUMH": 0.0, "LUAS_BID": 1571.37041643, "Shape_Leng": 366.16676852699999, "Shape_Area": 1571.3704335299999 }, "geometry": { "type": "MultiPolygon", "coordinates": [ [ [ [ 110.649375095575252, -7.59404672804015, 0.0 ], [ 110.649349367883261, -7.594067488553846, 0.0 ], [ 110.649320441774421, -7.594095058697634, 0.0 ], [ 110.649317171921197, -7.594099410592372, 0.0 ], [ 110.649304267659289, -7.594116588555115, 0.0 ], [ 110.649301541420499, -7.594120216338925, 0.0 ], [ 110.6492964483257, -7.594126995495412, 0.0 ], [ 110.649280964156191, -7.592531403619714, 0.0 ], [ 110.649367754479371, -7.592529688057133, 0.0 ], [ 110.649375095575252, -7.59404672804015, 0.0 ] ] ] ] } },
{ "type": "Feature", "properties": { "OBJECTID": 42, "ZONA": "Pertanian", "SUB_ZONA": "Tanaman Pangan", "KODE": "P-1", "KEPADATAN": 0.0, "JUML_RUMH": 0.0, "LUAS_BID": 1943.4526419599999, "Shape_Leng": 353.97701850499999, "Shape_Area": 1943.4524337299999 }, "geometry": { "type": "MultiPolygon", "coordinates": [ [ [ [ 110.649487368798731, -7.593978773378936, 0.0 ], [ 110.649418340426365, -7.5940150763285, 0.0 ], [ 110.649407156328138, -7.59402167056523, 0.0 ], [ 110.64939666851518, -7.59402932188519, 0.0 ], [ 110.649375095575252, -7.59404672804015, 0.0 ], [ 110.649367754479371, -7.592529688057133, 0.0 ], [ 110.649470146843754, -7.59252766484867, 0.0 ], [ 110.649487368798731, -7.593978773378936, 0.0 ] ] ] ] } },
{ "type": "Feature", "properties": { "OBJECTID": 43, "ZONA": "Pertanian", "SUB_ZONA": "Tanaman Pangan", "KODE": "P-1", "KEPADATAN": 0.0, "JUML_RUMH": 0.0, "LUAS_BID": 1760.0319757, "Shape_Leng": 339.15993580700001, "Shape_Area": 1760.0318675200001 }, "geometry": { "type": "MultiPolygon", "coordinates": [ [ [ [ 110.649590481002647, -7.593927889321819, 0.0 ], [ 110.649577932751257, -7.59393198588775, 0.0 ], [ 110.649565924596232, -7.593937462337219, 0.0 ], [ 110.649527863816672, -7.593957478415819, 0.0 ], [ 110.649487368798731, -7.593978773378936, 0.0 ], [ 110.649470146843754, -7.59252766484867, 0.0 ], [ 110.649506009783067, -7.592526954750619, 0.0 ], [ 110.649568789480938, -7.592524794641412, 0.0 ], [ 110.649590481002647, -7.593927889321819, 0.0 ] ] ] ] } },
{ "type": "Feature", "properties": { "OBJECTID": 44, "ZONA": "Pertanian", "SUB_ZONA": "Tanaman Pangan", "KODE": "P-1", "KEPADATAN": 0.0, "JUML_RUMH": 0.0, "LUAS_BID": 1493.7689363899999, "Shape_Leng": 327.86631099900001, "Shape_Area": 1493.7689365199999 }, "geometry": { "type": "MultiPolygon", "coordinates": [ [ [ [ 110.649672916514433, -7.593906016684921, 0.0 ], [ 110.649590481002647, -7.593927889321819, 0.0 ], [ 110.649568789480938, -7.592524794641412, 0.0 ], [ 110.649661833508503, -7.592521594258277, 0.0 ], [ 110.649672916514433, -7.593906016684921, 0.0 ] ] ] ] } },
{ "type": "Feature", "properties": { "OBJECTID": 45, "ZONA": "Pertanian", "SUB_ZONA": "Tanaman Pangan", "KODE": "P-1", "KEPADATAN": 0.0, "JUML_RUMH": 0.0, "LUAS_BID": 1726.9345030300001, "Shape_Leng": 327.001648977, "Shape_Area": 1726.9345816 }, "geometry": { "type": "MultiPolygon", "coordinates": [ [ [ [ 110.649783264911278, -7.593883010507424, 0.0 ], [ 110.649764163457903, -7.593883384975189, 0.0 ], [ 110.649748146781931, -7.593886289258987, 0.0 ], [ 110.649745365964122, -7.593886793568966, 0.0 ], [ 110.649672916514433, -7.593906016684921, 0.0 ], [ 110.649661833508503, -7.592521594258277, 0.0 ], [ 110.64975755466503, -7.592518300129699, 0.0 ], [ 110.649783264911278, -7.593883010507424, 0.0 ] ] ] ] } },
{ "type": "Feature", "properties": { "OBJECTID": 46, "ZONA": "Pertanian", "SUB_ZONA": "Tanaman Pangan", "KODE": "P-1", "KEPADATAN": 0.0, "JUML_RUMH": 0.0, "LUAS_BID": 1505.2876915100001, "Shape_Leng": 327.11876765400001, "Shape_Area": 1505.2875100399999 }, "geometry": { "type": "MultiPolygon", "coordinates": [ [ [ [ 110.649858158745033, -7.593109561234969, 0.0 ], [ 110.64987285727014, -7.593920998995412, 0.0 ], [ 110.649837537738662, -7.593899815675683, 0.0 ], [ 110.649820427907244, -7.593891332526447, 0.0 ], [ 110.649802180772639, -7.593885684243968, 0.0 ], [ 110.649783264911278, -7.593883010507424, 0.0 ], [ 110.64975755466503, -7.592518300129699, 0.0 ], [ 110.649847393029233, -7.592515208383657, 0.0 ], [ 110.649858158745033, -7.593109561234969, 0.0 ] ] ] ] } },
{ "type": "Feature", "properties": { "OBJECTID": 47, "ZONA": "Pertanian", "SUB_ZONA": "Tanaman Pangan", "KODE": "P-1", "KEPADATAN": 0.0, "JUML_RUMH": 0.0, "LUAS_BID": 1098.4557883699999, "Shape_Leng": 206.53083855200001, "Shape_Area": 1098.4556737400001 }, "geometry": { "type": "MultiPolygon", "coordinates": [ [ [ [ 110.649986052142893, -7.593944065017532, 0.0 ], [ 110.649955418530922, -7.593945369133406, 0.0 ], [ 110.649947103740175, -7.593945185141893, 0.0 ], [ 110.649946531713411, -7.593945172017273, 0.0 ], [ 110.649937746453972, -7.593943825291706, 0.0 ], [ 110.649929209594347, -7.593941354402601, 0.0 ], [ 110.649924247645927, -7.593939562097094, 0.0 ], [ 110.649885287062745, -7.593925489278399, 0.0 ], [ 110.64987285727014, -7.593920998995412, 0.0 ], [ 110.649858158745033, -7.593109561234969, 0.0 ], [ 110.6499628951034, -7.593109273839647, 0.0 ], [ 110.649986052142893, -7.593944065017532, 0.0 ] ] ] ] } },
{ "type": "Feature", "properties": { "OBJECTID": 48, "ZONA": "Pertanian", "SUB_ZONA": "Tanaman Pangan", "KODE": "P-1", "KEPADATAN": 0.0, "JUML_RUMH": 0.0, "LUAS_BID": 1822.8690505899999, "Shape_Leng": 338.95365874599997, "Shape_Area": 1822.86871873 }, "geometry": { "type": "MultiPolygon", "coordinates": [ [ [ [ 110.650095558680562, -7.593929610662389, 0.0 ], [ 110.650069120389603, -7.593927830913984, 0.0 ], [ 110.650067756010003, -7.593927845192645, 0.0 ], [ 110.650055241793282, -7.593927976225075, 0.0 ], [ 110.650041554557006, -7.593930268201981, 0.0 ], [ 110.649986052142893, -7.593944065017532, 0.0 ], [ 110.6499628951034, -7.593109273839647, 0.0 ], [ 110.649946320754495, -7.592511804631912, 0.0 ], [ 110.65004639348895, -7.59250836107455, 0.0 ], [ 110.650095558680562, -7.593929610662389, 0.0 ] ] ] ] } },
{ "type": "Feature", "properties": { "OBJECTID": 49, "ZONA": "Pertanian", "SUB_ZONA": "Tanaman Pangan", "KODE": "P-1", "KEPADATAN": 0.0, "JUML_RUMH": 0.0, "LUAS_BID": 1682.89290091, "Shape_Leng": 338.35021243099999, "Shape_Area": 1682.8930069800001 }, "geometry": { "type": "MultiPolygon", "coordinates": [ [ [ [ 110.650200458227758, -7.59394749950514, 0.0 ], [ 110.650191419006717, -7.593947428004656, 0.0 ], [ 110.650182476893008, -7.593946104676182, 0.0 ], [ 110.650112708895961, -7.593930765118231, 0.0 ], [ 110.650095558680562, -7.593929610662389, 0.0 ], [ 110.65004639348895, -7.59250836107455, 0.0 ], [ 110.650134864730646, -7.592505316109499, 0.0 ], [ 110.650200458227758, -7.59394749950514, 0.0 ] ] ] ] } },
{ "type": "Feature", "properties": { "OBJECTID": 50, "ZONA": "Pertanian", "SUB_ZONA": "Tanaman Pangan", "KODE": "P-1", "KEPADATAN": 0.0, "JUML_RUMH": 0.0, "LUAS_BID": 1708.3839405900001, "Shape_Leng": 340.09267656700001, "Shape_Area": 1708.3836417699999 }, "geometry": { "type": "MultiPolygon", "coordinates": [ [ [ [ 110.650282087388561, -7.593938457234075, 0.0 ], [ 110.650262106385327, -7.593942426627203, 0.0 ], [ 110.650252776416622, -7.593944279789856, 0.0 ], [ 110.65022609874498, -7.593945922699434, 0.0 ], [ 110.650200458227758, -7.59394749950514, 0.0 ], [ 110.650134864730646, -7.592505316109499, 0.0 ], [ 110.650159132040088, -7.59250448083914, 0.0 ], [ 110.650247187008148, -7.592500518295894, 0.0 ], [ 110.650282087388561, -7.593938457234075, 0.0 ] ] ] ] } },
{ "type": "Feature", "properties": { "OBJECTID": 51, "ZONA": "Pertanian", "SUB_ZONA": "Tanaman Pangan", "KODE": "P-1", "KEPADATAN": 0.0, "JUML_RUMH": 0.0, "LUAS_BID": 1696.80257732, "Shape_Leng": 338.19396485099998, "Shape_Area": 1696.8025131300001 }, "geometry": { "type": "MultiPolygon", "coordinates": [ [ [ [ 110.650383120613711, -7.593921409859536, 0.0 ], [ 110.650372004564744, -7.593922344367552, 0.0 ], [ 110.650339899875689, -7.593927809190739, 0.0 ], [ 110.650310352935136, -7.593932838264669, 0.0 ], [ 110.650305328896565, -7.593933836469818, 0.0 ], [ 110.650282087388561, -7.593938457234075, 0.0 ], [ 110.650247187008148, -7.592500518295894, 0.0 ], [ 110.650340077711192, -7.592496336199962, 0.0 ], [ 110.650383120613711, -7.593921409859536, 0.0 ] ] ] ] } },
{ "type": "Feature", "properties": { "OBJECTID": 52, "ZONA": "Pertanian", "SUB_ZONA": "Tanaman Pangan", "KODE": "P-1", "KEPADATAN": 0.0, "JUML_RUMH": 0.0, "LUAS_BID": 1746.9170309900001, "Shape_Leng": 337.41895155499998, "Shape_Area": 1746.91703089 }, "geometry": { "type": "MultiPolygon", "coordinates": [ [ [ [ 110.650476377158327, -7.593916988335284, 0.0 ], [ 110.65046178250897, -7.59392034244935, 0.0 ], [ 110.650446846987208, -7.593921461129933, 0.0 ], [ 110.650383120613711, -7.593921409859536, 0.0 ], [ 110.650340077711192, -7.592496336199962, 0.0 ], [ 110.650447379516351, -7.592491507158384, 0.0 ], [ 110.650476377158327, -7.593916988335284, 0.0 ] ] ] ] } },
{ "type": "Feature", "properties": { "OBJECTID": 53, "ZONA": "Pertanian", "SUB_ZONA": "Tanaman Pangan", "KODE": "P-1", "KEPADATAN": 0.0, "JUML_RUMH": 0.0, "LUAS_BID": 1814.53042562, "Shape_Leng": 335.99128230600002, "Shape_Area": 1814.53042572 }, "geometry": { "type": "MultiPolygon", "coordinates": [ [ [ [ 110.650578468283612, -7.593885401022003, 0.0 ], [ 110.650554083159605, -7.593892826815268, 0.0 ], [ 110.650476377158327, -7.593916988335284, 0.0 ], [ 110.650447379516351, -7.592491507158384, 0.0 ], [ 110.650555367606742, -7.592486646982529, 0.0 ], [ 110.650578468283612, -7.593885401022003, 0.0 ] ] ] ] } },
{ "type": "Feature", "properties": { "OBJECTID": 54, "ZONA": "Pertanian", "SUB_ZONA": "Tanaman Pangan", "KODE": "P-1", "KEPADATAN": 0.0, "JUML_RUMH": 0.0, "LUAS_BID": 1671.4352391499999, "Shape_Leng": 330.29124195000003, "Shape_Area": 1671.4352391299999 }, "geometry": { "type": "MultiPolygon", "coordinates": [ [ [ [ 110.650686731977856, -7.593870855061178, 0.0 ], [ 110.650665763527115, -7.593867229928535, 0.0 ], [ 110.650654115153756, -7.593866138714159, 0.0 ], [ 110.650642439020572, -7.593866867444595, 0.0 ], [ 110.650631017083214, -7.593869395541736, 0.0 ], [ 110.650578468283612, -7.593885401022003, 0.0 ], [ 110.650555367606742, -7.592486646982529, 0.0 ], [ 110.650644265698631, -7.592482644331373, 0.0 ], [ 110.650686731977856, -7.593870855061178, 0.0 ] ] ] ] } },
{ "type": "Feature", "properties": { "OBJECTID": 55, "ZONA": "Pertanian", "SUB_ZONA": "Tanaman Pangan", "KODE": "P-1", "KEPADATAN": 0.0, "JUML_RUMH": 0.0, "LUAS_BID": 1784.2628467899999, "Shape_Leng": 333.70401747699998, "Shape_Area": 1784.26284682 }, "geometry": { "type": "MultiPolygon", "coordinates": [ [ [ [ 110.650787417454211, -7.59389486874453, 0.0 ], [ 110.650779061206009, -7.593895505168301, 0.0 ], [ 110.650770708731912, -7.593894835415505, 0.0 ], [ 110.650762561272145, -7.593892878643603, 0.0 ], [ 110.650703771053429, -7.593873801330521, 0.0 ], [ 110.650686731977856, -7.593870855061178, 0.0 ], [ 110.650644265698631, -7.592482644331373, 0.0 ], [ 110.650752528482698, -7.59247777166336, 0.0 ], [ 110.650787417454211, -7.59389486874453, 0.0 ] ] ] ] } },
{ "type": "Feature", "properties": { "OBJECTID": 56, "ZONA": "Pertanian", "SUB_ZONA": "Tanaman Pangan", "KODE": "P-1", "KEPADATAN": 0.0, "JUML_RUMH": 0.0, "LUAS_BID": 1378.8992776699999, "Shape_Leng": 329.48116247799999, "Shape_Area": 1378.8992776800001 }, "geometry": { "type": "MultiPolygon", "coordinates": [ [ [ [ 110.650874924825715, -7.593874452670254, 0.0 ], [ 110.650836162771171, -7.593887309643683, 0.0 ], [ 110.650787417454211, -7.59389486874453, 0.0 ], [ 110.650752528482698, -7.59247777166336, 0.0 ], [ 110.650824626611936, -7.592474526156249, 0.0 ], [ 110.650874924825715, -7.593874452670254, 0.0 ] ] ] ] } },
{ "type": "Feature", "properties": { "OBJECTID": 57, "ZONA": "Pertanian", "SUB_ZONA": "Tanaman Pangan", "KODE": "P-1", "KEPADATAN": 0.0, "JUML_RUMH": 0.0, "LUAS_BID": 850.557181367, "Shape_Leng": 319.85083699900002, "Shape_Area": 850.55718142199999 }, "geometry": { "type": "MultiPolygon", "coordinates": [ [ [ [ 110.650921514992348, -7.593862723632101, 0.0 ], [ 110.650905261804539, -7.593864389431213, 0.0 ], [ 110.650874924825715, -7.593874452670254, 0.0 ], [ 110.650824626611936, -7.592474526156249, 0.0 ], [ 110.65087762023677, -7.592472140901063, 0.0 ], [ 110.650921514992348, -7.593862723632101, 0.0 ] ] ] ] } },
{ "type": "Feature", "properties": { "OBJECTID": 58, "ZONA": "Pertanian", "SUB_ZONA": "Tanaman Pangan", "KODE": "P-1", "KEPADATAN": 0.0, "JUML_RUMH": 0.0, "LUAS_BID": 827.02249357599999, "Shape_Leng": 318.23684644299999, "Shape_Area": 827.02249341300001 }, "geometry": { "type": "MultiPolygon", "coordinates": [ [ [ [ 110.65096087204941, -7.593859600155758, 0.0 ], [ 110.650948572508057, -7.593859953907329, 0.0 ], [ 110.650921514992348, -7.593862723632101, 0.0 ], [ 110.65087762023677, -7.592472140901063, 0.0 ], [ 110.650911242820612, -7.592470628354536, 0.0 ], [ 110.650935708584967, -7.592469890892159, 0.0 ], [ 110.65096087204941, -7.593859600155758, 0.0 ] ] ] ] } },
{ "type": "Feature", "properties": { "OBJECTID": 59, "ZONA": "Pertanian", "SUB_ZONA": "Tanaman Pangan", "KODE": "P-1", "KEPADATAN": 0.0, "JUML_RUMH": 0.0, "LUAS_BID": 1424.89281248, "Shape_Leng": 329.27171746900001, "Shape_Area": 1424.8928126200001 }, "geometry": { "type": "MultiPolygon", "coordinates": [ [ [ [ 110.651052101441536, -7.593884496265886, 0.0 ], [ 110.651029792830244, -7.593874456769423, 0.0 ], [ 110.651020208946036, -7.59387079466438, 0.0 ], [ 110.651010264247745, -7.593868262060322, 0.0 ], [ 110.650973091263708, -7.593861051833928, 0.0 ], [ 110.65096087204941, -7.593859600155758, 0.0 ], [ 110.650935708584967, -7.592469890892159, 0.0 ], [ 110.651011921701681, -7.59246759482502, 0.0 ], [ 110.651052101441536, -7.593884496265886, 0.0 ] ] ] ] } },
{ "type": "Feature", "properties": { "OBJECTID": 60, "ZONA": "Pertanian", "SUB_ZONA": "Tanaman Pangan", "KODE": "P-1", "KEPADATAN": 0.0, "JUML_RUMH": 0.0, "LUAS_BID": 1309.54087708, "Shape_Leng": 331.80326527599999, "Shape_Area": 1309.54087716 }, "geometry": { "type": "MultiPolygon", "coordinates": [ [ [ [ 110.651119437769992, -7.593896855017466, 0.0 ], [ 110.651065963915897, -7.593888603229664, 0.0 ], [ 110.651058893145077, -7.593887017291452, 0.0 ], [ 110.651052101441536, -7.593884496265886, 0.0 ], [ 110.651011921701681, -7.59246759482502, 0.0 ], [ 110.6510955152538, -7.592465074912377, 0.0 ], [ 110.651119437769992, -7.593896855017466, 0.0 ] ] ] ] } },
{ "type": "Feature", "properties": { "OBJECTID": 61, "ZONA": "Pertanian", "SUB_ZONA": "Tanaman Pangan", "KODE": "P-1", "KEPADATAN": 0.0, "JUML_RUMH": 0.0, "LUAS_BID": 1316.03300268, "Shape_Leng": 332.79775440100002, "Shape_Area": 1316.03300257 }, "geometry": { "type": "MultiPolygon", "coordinates": [ [ [ [ 110.651204067694323, -7.593889960589078, 0.0 ], [ 110.651147772825851, -7.59389720973941, 0.0 ], [ 110.651133592709158, -7.593898028737464, 0.0 ], [ 110.651119437769992, -7.593896855017466, 0.0 ], [ 110.6510955152538, -7.592465074912377, 0.0 ], [ 110.651161507633034, -7.592463087208155, 0.0 ], [ 110.651204067694323, -7.593889960589078, 0.0 ] ] ] ] } },
{ "type": "Feature", "properties": { "OBJECTID": 62, "ZONA": "Pertanian", "SUB_ZONA": "Tanaman Pangan", "KODE": "P-1", "KEPADATAN": 0.0, "JUML_RUMH": 0.0, "LUAS_BID": 1301.6439779, "Shape_Leng": 331.36437907599998, "Shape_Area": 1301.6439778399999 }, "geometry": { "type": "MultiPolygon", "coordinates": [ [ [ [ 110.651281349717834, -7.593880009178268, 0.0 ], [ 110.651204067694323, -7.593889960589078, 0.0 ], [ 110.651161507633034, -7.592463087208155, 0.0 ], [ 110.651233862362076, -7.592460907406406, 0.0 ], [ 110.651281349717834, -7.593880009178268, 0.0 ] ] ] ] } },
{ "type": "Feature", "properties": { "OBJECTID": 63, "ZONA": "Pertanian", "SUB_ZONA": "Tanaman Pangan", "KODE": "P-1", "KEPADATAN": 0.0, "JUML_RUMH": 0.0, "LUAS_BID": 1347.5318346700001, "Shape_Leng": 331.28817112600001, "Shape_Area": 1347.5318346500001 }, "geometry": { "type": "MultiPolygon", "coordinates": [ [ [ [ 110.651359010456275, -7.593879333379238, 0.0 ], [ 110.651281349717834, -7.593880009178268, 0.0 ], [ 110.651233862362076, -7.592460907406406, 0.0 ], [ 110.651311743579825, -7.592458558351811, 0.0 ], [ 110.651359010456275, -7.593879333379238, 0.0 ] ] ] ] } },
{ "type": "Feature", "properties": { "OBJECTID": 64, "ZONA": "Pertanian", "SUB_ZONA": "Tanaman Pangan", "KODE": "P-1", "KEPADATAN": 0.0, "JUML_RUMH": 0.0, "LUAS_BID": 1487.86397319, "Shape_Leng": 333.42469952499999, "Shape_Area": 1487.86397328 }, "geometry": { "type": "MultiPolygon", "coordinates": [ [ [ [ 110.651436844348808, -7.593878655896092, 0.0 ], [ 110.651359010456275, -7.593879333379238, 0.0 ], [ 110.651311743579825, -7.592458558351811, 0.0 ], [ 110.65140543366519, -7.5924557362171, 0.0 ], [ 110.651436844348808, -7.593878655896092, 0.0 ] ] ] ] } },
{ "type": "Feature", "properties": { "OBJECTID": 65, "ZONA": "Pertanian", "SUB_ZONA": "Tanaman Pangan", "KODE": "P-1", "KEPADATAN": 0.0, "JUML_RUMH": 0.0, "LUAS_BID": 1269.46309565, "Shape_Leng": 331.22001113900001, "Shape_Area": 1269.46309567 }, "geometry": { "type": "MultiPolygon", "coordinates": [ [ [ [ 110.651517829187284, -7.593878283952473, 0.0 ], [ 110.651482834301305, -7.59387825588527, 0.0 ], [ 110.651436844348808, -7.593878655896092, 0.0 ], [ 110.65140543366519, -7.5924557362171, 0.0 ], [ 110.651470499067244, -7.59245209147929, 0.0 ], [ 110.651517829187284, -7.593878283952473, 0.0 ] ] ] ] } },
{ "type": "Feature", "properties": { "OBJECTID": 66, "ZONA": "Pertanian", "SUB_ZONA": "Tanaman Pangan", "KODE": "P-1", "KEPADATAN": 0.0, "JUML_RUMH": 0.0, "LUAS_BID": 1355.172104, "Shape_Leng": 333.15985816400001, "Shape_Area": 1355.1721040800001 }, "geometry": { "type": "MultiPolygon", "coordinates": [ [ [ [ 110.651586429208848, -7.593878338964074, 0.0 ], [ 110.651517829187284, -7.593878283952473, 0.0 ], [ 110.651470499067244, -7.59245209147929, 0.0 ], [ 110.651557340876877, -7.592447224949217, 0.0 ], [ 110.651586429208848, -7.593878338964074, 0.0 ] ] ] ] } },
{ "type": "Feature", "properties": { "OBJECTID": 67, "ZONA": "Pertanian", "SUB_ZONA": "Tanaman Pangan", "KODE": "P-1", "KEPADATAN": 0.0, "JUML_RUMH": 0.0, "LUAS_BID": 1629.2755416099999, "Shape_Leng": 337.64180362000002, "Shape_Area": 1629.27554158 }, "geometry": { "type": "MultiPolygon", "coordinates": [ [ [ [ 110.65169292691084, -7.593878424345053, 0.0 ], [ 110.651586429208848, -7.593878338964074, 0.0 ], [ 110.651557340876877, -7.592447224949217, 0.0 ], [ 110.651637132096269, -7.59244275527785, 0.0 ], [ 110.65169292691084, -7.593878424345053, 0.0 ] ] ] ] } },
{ "type": "Feature", "properties": { "OBJECTID": 68, "ZONA": "Pertanian", "SUB_ZONA": "Tanaman Pangan", "KODE": "P-1", "KEPADATAN": 0.0, "JUML_RUMH": 0.0, "LUAS_BID": 1865.8283589499999, "Shape_Leng": 338.53034450600001, "Shape_Area": 1865.8283315199999 }, "geometry": { "type": "MultiPolygon", "coordinates": [ [ [ [ 110.651808441380453, -7.593693601155294, 0.0 ], [ 110.651761407029767, -7.593822466381663, 0.0 ], [ 110.651747296698019, -7.593853719258764, 0.0 ], [ 110.651745195178847, -7.593858373326677, 0.0 ], [ 110.651741141988694, -7.593867350514914, 0.0 ], [ 110.651745946709681, -7.593857253183523, 0.0 ], [ 110.651737286146854, -7.593884559325248, 0.0 ], [ 110.651720315420732, -7.593881157254423, 0.0 ], [ 110.651706726511023, -7.593878435406512, 0.0 ], [ 110.65169292691084, -7.593878424345053, 0.0 ], [ 110.651637132096269, -7.59244275527785, 0.0 ], [ 110.651733110564237, -7.592437378629758, 0.0 ], [ 110.651808441380453, -7.593693601155294, 0.0 ] ] ] ] } },
{ "type": "Feature", "properties": { "OBJECTID": 69, "ZONA": "Pertanian", "SUB_ZONA": "Tanaman Pangan", "KODE": "P-1", "KEPADATAN": 0.0, "JUML_RUMH": 0.0, "LUAS_BID": 946.61868111900003, "Shape_Leng": 287.74092540800001, "Shape_Area": 946.61868108099998 }, "geometry": { "type": "MultiPolygon", "coordinates": [ [ [ [ 110.651855923208387, -7.593540364814396, 0.0 ], [ 110.651808441380453, -7.593693601155294, 0.0 ], [ 110.651733110564237, -7.592437378629758, 0.0 ], [ 110.651808849303364, -7.592433135436573, 0.0 ], [ 110.651855923208387, -7.593540364814396, 0.0 ] ] ] ] } },
{ "type": "Feature", "properties": { "OBJECTID": 70, "ZONA": "Pertanian", "SUB_ZONA": "Tanaman Pangan", "KODE": "P-1", "KEPADATAN": 0.0, "JUML_RUMH": 0.0, "LUAS_BID": 930.60616326100001, "Shape_Leng": 255.57409336000001, "Shape_Area": 930.60616321299995 }, "geometry": { "type": "MultiPolygon", "coordinates": [ [ [ [ 110.651917455933983, -7.593341779829834, 0.0 ], [ 110.651855923208387, -7.593540364814396, 0.0 ], [ 110.651808849303364, -7.592433135436573, 0.0 ], [ 110.651891000385589, -7.592428533734662, 0.0 ], [ 110.651917455933983, -7.593341779829834, 0.0 ] ] ] ] } },
{ "type": "Feature", "properties": { "OBJECTID": 71, "ZONA": "Pertanian", "SUB_ZONA": "Tanaman Pangan", "KODE": "P-1", "KEPADATAN": 0.0, "JUML_RUMH": 0.0, "LUAS_BID": 1742.12027229, "Shape_Leng": 241.50787345500001, "Shape_Area": 1742.11995245 }, "geometry": { "type": "MultiPolygon", "coordinates": [ [ [ [ 110.652201725998069, -7.592424353802298, 0.0 ], [ 110.65218873946516, -7.592466265988754, 0.0 ], [ 110.65216619549966, -7.592532527520292, 0.0 ], [ 110.652138258740166, -7.592626599848157, 0.0 ], [ 110.652119809365445, -7.59268872268905, 0.0 ], [ 110.651917455933983, -7.593341779829834, 0.0 ], [ 110.651891000385589, -7.592428533734662, 0.0 ], [ 110.651933322041302, -7.592426162415872, 0.0 ], [ 110.652147190500287, -7.592418634967579, 0.0 ], [ 110.652162027010462, -7.592418822326429, 0.0 ], [ 110.652176777165977, -7.592420426151254, 0.0 ], [ 110.652201725998069, -7.592424353802298, 0.0 ] ] ] ] } },
{ "type": "Feature", "properties": { "OBJECTID": 72, "ZONA": "Pertanian", "SUB_ZONA": "Tanaman Pangan", "KODE": "P-1", "KEPADATAN": 0.0, "JUML_RUMH": 0.0, "LUAS_BID": 978.64489084599995, "Shape_Leng": 123.74471909499999, "Shape_Area": 978.64489090799998 }, "geometry": { "type": "MultiPolygon", "coordinates": [ [ [ [ 110.649132199855558, -7.59222250420193, 0.0 ], [ 110.649168048570587, -7.592238187393175, 0.0 ], [ 110.649209980113824, -7.592292071286152, 0.0 ], [ 110.649227892139066, -7.592387817651427, 0.0 ], [ 110.649251683393885, -7.592477699094994, 0.0 ], [ 110.648946131816871, -7.592483737243957, 0.0 ], [ 110.648879837041477, -7.592483008888933, 0.0 ], [ 110.648904398571233, -7.592369836177796, 0.0 ], [ 110.648916133356551, -7.592315766760354, 0.0 ], [ 110.648988178349754, -7.59220812667273, 0.0 ], [ 110.64907213844802, -7.59219622719475, 0.0 ], [ 110.649132199855558, -7.59222250420193, 0.0 ] ] ] ] } },
{ "type": "Feature", "properties": { "OBJECTID": 73, "ZONA": "Pertanian", "SUB_ZONA": "Tanaman Pangan", "KODE": "P-1", "KEPADATAN": 0.0, "JUML_RUMH": 0.0, "LUAS_BID": 2398.99180815, "Shape_Leng": 254.16797590799999, "Shape_Area": 2398.9918080699999 }, "geometry": { "type": "MultiPolygon", "coordinates": [ [ [ [ 110.647521587497764, -7.59218600828332, 0.0 ], [ 110.647521543091614, -7.592231617777785, 0.0 ], [ 110.647520758548239, -7.593042203465125, 0.0 ], [ 110.647459499435158, -7.593091756012085, 0.0 ], [ 110.647409150636648, -7.593132483507222, 0.0 ], [ 110.647312504129943, -7.593099733418172, 0.0 ], [ 110.64731250831035, -7.593097941495946, 0.0 ], [ 110.647314998030282, -7.592118843831526, 0.0 ], [ 110.647521587497764, -7.59218600828332, 0.0 ] ] ] ] } },
{ "type": "Feature", "properties": { "OBJECTID": 74, "ZONA": "Pertanian", "SUB_ZONA": "Tanaman Pangan", "KODE": "P-1", "KEPADATAN": 0.0, "JUML_RUMH": 0.0, "LUAS_BID": 1274.73804374, "Shape_Leng": 249.867453332, "Shape_Area": 1274.7380437500001 }, "geometry": { "type": "MultiPolygon", "coordinates": [ [ [ [ 110.644979008058385, -7.592112727604377, 0.0 ], [ 110.645077869067677, -7.592211532487144, 0.0 ], [ 110.645168752044569, -7.592246720653347, 0.0 ], [ 110.64526370144921, -7.592283483333965, 0.0 ], [ 110.645263559194902, -7.592456997851038, 0.0 ], [ 110.645257515747133, -7.592513833403616, 0.0 ], [ 110.645416324606131, -7.592633628518797, 0.0 ], [ 110.64555715616288, -7.59273845118026, 0.0 ], [ 110.645578107019972, -7.592783342383255, 0.0 ], [ 110.645197487121436, -7.592591567164089, 0.0 ], [ 110.645176597645502, -7.592471885501982, 0.0 ], [ 110.645032812477581, -7.592313211193494, 0.0 ], [ 110.644861974237088, -7.59223827932634, 0.0 ], [ 110.644841129065838, -7.592064748569689, 0.0 ], [ 110.644979008058385, -7.592112727604377, 0.0 ] ] ] ] } },
{ "type": "Feature", "properties": { "OBJECTID": 75, "ZONA": "Pertanian", "SUB_ZONA": "Tanaman Pangan", "KODE": "P-1", "KEPADATAN": 0.0, "JUML_RUMH": 0.0, "LUAS_BID": 2131.22651008, "Shape_Leng": 321.36102649399999, "Shape_Area": 2131.2265100700001 }, "geometry": { "type": "MultiPolygon", "coordinates": [ [ [ [ 110.647314998030282, -7.592118843831526, 0.0 ], [ 110.64731250831035, -7.593097941495946, 0.0 ], [ 110.647312504129943, -7.593099733418172, 0.0 ], [ 110.647290212664345, -7.593092180373696, 0.0 ], [ 110.647223032111597, -7.5931170165117, 0.0 ], [ 110.647219106333694, -7.593224232166884, 0.0 ], [ 110.647211359624606, -7.593312299789972, 0.0 ], [ 110.647158942864905, -7.593416459378337, 0.0 ], [ 110.647154107620182, -7.592066535730394, 0.0 ], [ 110.647314998030282, -7.592118843831526, 0.0 ] ] ] ] } },
{ "type": "Feature", "properties": { "OBJECTID": 76, "ZONA": "Pertanian", "SUB_ZONA": "Tanaman Pangan", "KODE": "P-1", "KEPADATAN": 0.0, "JUML_RUMH": 0.0, "LUAS_BID": 1622.6373007499999, "Shape_Leng": 334.97029806799998, "Shape_Area": 1622.6373008600001 }, "geometry": { "type": "MultiPolygon", "coordinates": [ [ [ [ 110.647154107620182, -7.592066535730394, 0.0 ], [ 110.647158942864905, -7.593416459378337, 0.0 ], [ 110.647124629424525, -7.593484643183581, 0.0 ], [ 110.647052671618468, -7.593484584743083, 0.0 ], [ 110.647073326062198, -7.592038204570673, 0.0 ], [ 110.647154107620182, -7.592066535730394, 0.0 ] ] ] ] } },
{ "type": "Feature", "properties": { "OBJECTID": 77, "ZONA": "Pertanian", "SUB_ZONA": "Tanaman Pangan", "KODE": "P-1", "KEPADATAN": 0.0, "JUML_RUMH": 0.0, "LUAS_BID": 1911.5110000100001, "Shape_Leng": 351.982752457, "Shape_Area": 1911.5109998800001 }, "geometry": { "type": "MultiPolygon", "coordinates": [ [ [ [ 110.647073326062198, -7.592038204570673, 0.0 ], [ 110.647052671618468, -7.593484584743083, 0.0 ], [ 110.646957454092387, -7.593512572149886, 0.0 ], [ 110.646956919942497, -7.591997378772301, 0.0 ], [ 110.647073326062198, -7.592038204570673, 0.0 ] ] ] ] } },
{ "type": "Feature", "properties": { "OBJECTID": 78, "ZONA": "Pertanian", "SUB_ZONA": "Tanaman Pangan", "KODE": "P-1", "KEPADATAN": 0.0, "JUML_RUMH": 0.0, "LUAS_BID": 2029.3140341000001, "Shape_Leng": 367.574585609, "Shape_Area": 2029.31403402 }, "geometry": { "type": "MultiPolygon", "coordinates": [ [ [ [ 110.646956919942497, -7.591997378772301, 0.0 ], [ 110.646957454092387, -7.593512572149886, 0.0 ], [ 110.646850824813939, -7.593543912495814, 0.0 ], [ 110.646848797363532, -7.591959458776756, 0.0 ], [ 110.646956919942497, -7.591997378772301, 0.0 ] ] ] ] } },
{ "type": "Feature", "properties": { "OBJECTID": 79, "ZONA": "Pertanian", "SUB_ZONA": "Tanaman Pangan", "KODE": "P-1", "KEPADATAN": 0.0, "JUML_RUMH": 0.0, "LUAS_BID": 849.40139116800003, "Shape_Leng": 129.10079931800001, "Shape_Area": 849.40139117900003 }, "geometry": { "type": "MultiPolygon", "coordinates": [ [ [ [ 110.644631299026912, -7.592007735664152, 0.0 ], [ 110.644781176567093, -7.592049741837611, 0.0 ], [ 110.644841129065838, -7.592064748569689, 0.0 ], [ 110.644861974237088, -7.59223827932634, 0.0 ], [ 110.644804308040918, -7.59222768869745, 0.0 ], [ 110.644477792532015, -7.592167715607385, 0.0 ], [ 110.644501798713904, -7.591962765596524, 0.0 ], [ 110.644506347450815, -7.591930077763018, 0.0 ], [ 110.644631299026912, -7.592007735664152, 0.0 ] ] ] ] } },
{ "type": "Feature", "properties": { "OBJECTID": 80, "ZONA": "Pertanian", "SUB_ZONA": "Tanaman Pangan", "KODE": "P-1", "KEPADATAN": 0.0, "JUML_RUMH": 0.0, "LUAS_BID": 2008.24977238, "Shape_Leng": 381.15057455800002, "Shape_Area": 2008.24977255 }, "geometry": { "type": "MultiPolygon", "coordinates": [ [ [ [ 110.646848797363532, -7.591959458776756, 0.0 ], [ 110.646850824813939, -7.593543912495814, 0.0 ], [ 110.646742064603856, -7.59357587884434, 0.0 ], [ 110.646753883116119, -7.591926171772126, 0.0 ], [ 110.646848797363532, -7.591959458776756, 0.0 ] ] ] ] } },
{ "type": "Feature", "properties": { "OBJECTID": 81, "ZONA": "Pertanian", "SUB_ZONA": "Tanaman Pangan", "KODE": "P-1", "KEPADATAN": 0.0, "JUML_RUMH": 0.0, "LUAS_BID": 1537.3126341899999, "Shape_Leng": 387.63612812999997, "Shape_Area": 1537.31263414 }, "geometry": { "type": "MultiPolygon", "coordinates": [ [ [ [ 110.646753883116119, -7.591926171772126, 0.0 ], [ 110.646742064603856, -7.59357587884434, 0.0 ], [ 110.646672921313083, -7.593596202275441, 0.0 ], [ 110.646672453615253, -7.591897612065324, 0.0 ], [ 110.646753883116119, -7.591926171772126, 0.0 ] ] ] ] } },
{ "type": "Feature", "properties": { "OBJECTID": 82, "ZONA": "Pertanian", "SUB_ZONA": "Tanaman Pangan", "KODE": "P-1", "KEPADATAN": 0.0, "JUML_RUMH": 0.0, "LUAS_BID": 2086.9608363500001, "Shape_Leng": 405.65152775899998, "Shape_Area": 2086.9608363299999 }, "geometry": { "type": "MultiPolygon", "coordinates": [ [ [ [ 110.646672453615253, -7.591897612065324, 0.0 ], [ 110.646672921313083, -7.593596202275441, 0.0 ], [ 110.646584283291546, -7.593622254675343, 0.0 ], [ 110.646563257132001, -7.591859315737049, 0.0 ], [ 110.646672453615253, -7.591897612065324, 0.0 ] ] ] ] } },
{ "type": "Feature", "properties": { "OBJECTID": 83, "ZONA": "Pertanian", "SUB_ZONA": "Tanaman Pangan", "KODE": "P-1", "KEPADATAN": 0.0, "JUML_RUMH": 0.0, "LUAS_BID": 2244.5040020800002, "Shape_Leng": 416.269417524, "Shape_Area": 2244.5040021700001 }, "geometry": { "type": "MultiPolygon", "coordinates": [ [ [ [ 110.646563257132001, -7.591859315737049, 0.0 ], [ 110.646584283291546, -7.593622254675343, 0.0 ], [ 110.646524852440862, -7.593639722157141, 0.0 ], [ 110.646473522372986, -7.593639680398987, 0.0 ], [ 110.646462279745322, -7.592721621974484, 0.0 ], [ 110.646486191455125, -7.591832287340184, 0.0 ], [ 110.646563257132001, -7.591859315737049, 0.0 ] ] ] ] } },
{ "type": "Feature", "properties": { "OBJECTID": 84, "ZONA": "Pertanian", "SUB_ZONA": "Tanaman Pangan", "KODE": "P-1", "KEPADATAN": 0.0, "JUML_RUMH": 0.0, "LUAS_BID": 2247.16510414, "Shape_Leng": 428.68758228500002, "Shape_Area": 2247.1651042 }, "geometry": { "type": "MultiPolygon", "coordinates": [ [ [ [ 110.646486191455125, -7.591832287340184, 0.0 ], [ 110.646462279745322, -7.592721621974484, 0.0 ], [ 110.646473522372986, -7.593639680398987, 0.0 ], [ 110.646365586086333, -7.593639592570631, 0.0 ], [ 110.646375053642544, -7.591794524884186, 0.0 ], [ 110.646486191455125, -7.591832287340184, 0.0 ] ] ] ] } },
{ "type": "Feature", "properties": { "OBJECTID": 85, "ZONA": "Pertanian", "SUB_ZONA": "Tanaman Pangan", "KODE": "P-1", "KEPADATAN": 0.0, "JUML_RUMH": 0.0, "LUAS_BID": 1934.5347839200001, "Shape_Leng": 398.09613123299999, "Shape_Area": 1934.5347836799999 }, "geometry": { "type": "MultiPolygon", "coordinates": [ [ [ [ 110.646051902362075, -7.591684723725584, 0.0 ], [ 110.646064445396959, -7.593411385717868, 0.0 ], [ 110.646029994335791, -7.593379428639679, 0.0 ], [ 110.645997057936839, -7.593325553592713, 0.0 ], [ 110.645958185892752, -7.593196881402137, 0.0 ], [ 110.645967476907586, -7.591656038431176, 0.0 ], [ 110.646051902362075, -7.591684723725584, 0.0 ] ] ] ] } },
{ "type": "Feature", "properties": { "OBJECTID": 86, "ZONA": "Pertanian", "SUB_ZONA": "Tanaman Pangan", "KODE": "P-1", "KEPADATAN": 0.0, "JUML_RUMH": 0.0, "LUAS_BID": 2225.8131238300002, "Shape_Leng": 364.99339220799999, "Shape_Area": 2225.8131239700001 }, "geometry": { "type": "MultiPolygon", "coordinates": [ [ [ [ 110.645967476907586, -7.591656038431176, 0.0 ], [ 110.645958185892752, -7.593196881402137, 0.0 ], [ 110.645934298209681, -7.593077196421659, 0.0 ], [ 110.645856456270096, -7.592939516561043, 0.0 ], [ 110.645828473241437, -7.592913444353284, 0.0 ], [ 110.645834779231677, -7.591610948561828, 0.0 ], [ 110.645967476907586, -7.591656038431176, 0.0 ] ] ] ] } },
{ "type": "Feature", "properties": { "OBJECTID": 87, "ZONA": "Pertanian", "SUB_ZONA": "Tanaman Pangan", "KODE": "P-1", "KEPADATAN": 0.0, "JUML_RUMH": 0.0, "LUAS_BID": 2098.08250301, "Shape_Leng": 317.19682166600001, "Shape_Area": 2098.0825030699998 }, "geometry": { "type": "MultiPolygon", "coordinates": [ [ [ [ 110.645834779231677, -7.591610948561828, 0.0 ], [ 110.645828473241437, -7.592913444353284, 0.0 ], [ 110.64577892070831, -7.592867272516106, 0.0 ], [ 110.645687693651851, -7.59282914438294, 0.0 ], [ 110.645706809266358, -7.591564732716392, 0.0 ], [ 110.645773807931207, -7.591590232484481, 0.0 ], [ 110.645834779231677, -7.591610948561828, 0.0 ] ] ] ] } },
{ "type": "Feature", "properties": { "OBJECTID": 88, "ZONA": "Pertanian", "SUB_ZONA": "Tanaman Pangan", "KODE": "P-1", "KEPADATAN": 0.0, "JUML_RUMH": 0.0, "LUAS_BID": 1996.1369189500001, "Shape_Leng": 308.53884137799997, "Shape_Area": 1996.13691905 }, "geometry": { "type": "MultiPolygon", "coordinates": [ [ [ [ 110.645706809266358, -7.591564732716392, 0.0 ], [ 110.645687693651851, -7.59282914438294, 0.0 ], [ 110.645578107019972, -7.592783342383255, 0.0 ], [ 110.64555715616288, -7.59273845118026, 0.0 ], [ 110.645579537383369, -7.591516292195872, 0.0 ], [ 110.645706809266358, -7.591564732716392, 0.0 ] ] ] ] } },
{ "type": "Feature", "properties": { "OBJECTID": 89, "ZONA": "Pertanian", "SUB_ZONA": "Tanaman Pangan", "KODE": "P-1", "KEPADATAN": 0.0, "JUML_RUMH": 0.0, "LUAS_BID": 385.305531368, "Shape_Leng": 85.124854004200003, "Shape_Area": 385.30553137599998 }, "geometry": { "type": "MultiPolygon", "coordinates": [ [ [ [ 110.643281496579178, -7.591465142012503, 0.0 ], [ 110.643265988190024, -7.591537747022617, 0.0 ], [ 110.643006882922023, -7.591608377284489, 0.0 ], [ 110.64305351665169, -7.591418457065597, 0.0 ], [ 110.643281496579178, -7.591465142012503, 0.0 ] ] ] ] } },
{ "type": "Feature", "properties": { "OBJECTID": 90, "ZONA": "Pertanian", "SUB_ZONA": "Tanaman Pangan", "KODE": "P-1", "KEPADATAN": 0.0, "JUML_RUMH": 0.0, "LUAS_BID": 1075.6151902300001, "Shape_Leng": 216.67483582400001, "Shape_Area": 1075.6151902700001 }, "geometry": { "type": "MultiPolygon", "coordinates": [ [ [ [ 110.645225129275175, -7.591381406037552, 0.0 ], [ 110.645168752044569, -7.592246720653347, 0.0 ], [ 110.645077869067677, -7.592211532487144, 0.0 ], [ 110.645117650105647, -7.591334225305335, 0.0 ], [ 110.645148066183367, -7.591350336761089, 0.0 ], [ 110.645172073615001, -7.591361211936058, 0.0 ], [ 110.645225129275175, -7.591381406037552, 0.0 ] ] ] ] } },
{ "type": "Feature", "properties": { "OBJECTID": 91, "ZONA": "Pertanian", "SUB_ZONA": "Tanaman Pangan", "KODE": "P-1", "KEPADATAN": 0.0, "JUML_RUMH": 0.0, "LUAS_BID": 920.42713600499997, "Shape_Leng": 128.12957336700001, "Shape_Area": 920.42696984899999 }, "geometry": { "type": "MultiPolygon", "coordinates": [ [ [ [ 110.643075351751193, -7.591329531836843, 0.0 ], [ 110.64305351665169, -7.591418457065597, 0.0 ], [ 110.643006882922023, -7.591608377284489, 0.0 ], [ 110.642755496764764, -7.591669241816928, 0.0 ], [ 110.642856501503672, -7.591290886742426, 0.0 ], [ 110.642914019676908, -7.591307057705206, 0.0 ], [ 110.642951510245041, -7.591314549278992, 0.0 ], [ 110.643075351751193, -7.591329531836843, 0.0 ] ] ] ] } },
{ "type": "Feature", "properties": { "OBJECTID": 92, "ZONA": "Pertanian", "SUB_ZONA": "Tanaman Pangan", "KODE": "P-1", "KEPADATAN": 0.0, "JUML_RUMH": 0.0, "LUAS_BID": 1000.46986913, "Shape_Leng": 214.57937804599999, "Shape_Area": 1000.46986907 }, "geometry": { "type": "MultiPolygon", "coordinates": [ [ [ [ 110.645117650105647, -7.591334225305335, 0.0 ], [ 110.645077869067677, -7.592211532487144, 0.0 ], [ 110.644979008058385, -7.592112727604377, 0.0 ], [ 110.645031470022687, -7.59128857616865, 0.0 ], [ 110.645117650105647, -7.591334225305335, 0.0 ] ] ] ] } },
{ "type": "Feature", "properties": { "OBJECTID": 93, "ZONA": "Pertanian", "SUB_ZONA": "Tanaman Pangan", "KODE": "P-1", "KEPADATAN": 0.0, "JUML_RUMH": 0.0, "LUAS_BID": 966.60569205399997, "Shape_Leng": 133.70385423600001, "Shape_Area": 966.60531548200004 }, "geometry": { "type": "MultiPolygon", "coordinates": [ [ [ [ 110.642856501503672, -7.591290886742426, 0.0 ], [ 110.642755496764764, -7.591669241816928, 0.0 ], [ 110.642725716110789, -7.591669774544624, 0.0 ], [ 110.642696207569912, -7.591665736773933, 0.0 ], [ 110.642635354391757, -7.591652574304725, 0.0 ], [ 110.642571880845722, -7.591638845229546, 0.0 ], [ 110.642534577998816, -7.59163454323994, 0.0 ], [ 110.642504194289501, -7.591633125234494, 0.0 ], [ 110.642519519599375, -7.591571599105588, 0.0 ], [ 110.642738743621493, -7.591261941878179, 0.0 ], [ 110.642761634913697, -7.591265255989089, 0.0 ], [ 110.642784151079269, -7.591270542626586, 0.0 ], [ 110.642856501503672, -7.591290886742426, 0.0 ] ] ] ] } },
{ "type": "Feature", "properties": { "OBJECTID": 94, "ZONA": "Pertanian", "SUB_ZONA": "Tanaman Pangan", "KODE": "P-1", "KEPADATAN": 0.0, "JUML_RUMH": 0.0, "LUAS_BID": 1941.6468792200001, "Shape_Leng": 300.66622886, "Shape_Area": 1941.6468792200001 }, "geometry": { "type": "MultiPolygon", "coordinates": [ [ [ [ 110.648433647412958, -7.592415222551356, 0.0 ], [ 110.648405149452344, -7.59120186301358, 0.0 ], [ 110.648439261138265, -7.591350297535359, 0.0 ], [ 110.648606446554538, -7.592053457484258, 0.0 ], [ 110.648674750154143, -7.592393644853763, 0.0 ], [ 110.648675704449673, -7.592401836382109, 0.0 ], [ 110.648675306130798, -7.592410072949377, 0.0 ], [ 110.648673564441424, -7.59241813475588, 0.0 ], [ 110.648670527605077, -7.592425804747083, 0.0 ], [ 110.648666276472369, -7.592432876749465, 0.0 ], [ 110.648660925422448, -7.592439161803224, 0.0 ], [ 110.648654617828768, -7.59244448996765, 0.0 ], [ 110.648647523331348, -7.59244872026906, 0.0 ], [ 110.648639831493071, -7.592451737982044, 0.0 ], [ 110.648631749074212, -7.592453461863671, 0.0 ], [ 110.648623492778455, -7.592453845956743, 0.0 ], [ 110.648615284720194, -7.592452879586183, 0.0 ], [ 110.648453482339889, -7.592420257074219, 0.0 ], [ 110.648433647412958, -7.592415222551356, 0.0 ] ] ] ] } },
{ "type": "Feature", "properties": { "OBJECTID": 95, "ZONA": "Pertanian", "SUB_ZONA": "Tanaman Pangan", "KODE": "P-1", "KEPADATAN": 0.0, "JUML_RUMH": 0.0, "LUAS_BID": 1908.3389387499999, "Shape_Leng": 232.112212293, "Shape_Area": 1908.3389387499999 }, "geometry": { "type": "MultiPolygon", "coordinates": [ [ [ [ 110.645031470022687, -7.59128857616865, 0.0 ], [ 110.644979008058385, -7.592112727604377, 0.0 ], [ 110.644841129065838, -7.592064748569689, 0.0 ], [ 110.644806416437831, -7.591185395962251, 0.0 ], [ 110.644852027893165, -7.591198438937095, 0.0 ], [ 110.644871762473599, -7.591205213902957, 0.0 ], [ 110.644890681319723, -7.591214002647597, 0.0 ], [ 110.645031470022687, -7.59128857616865, 0.0 ] ] ] ] } },
{ "type": "Feature", "properties": { "OBJECTID": 96, "ZONA": "Pertanian", "SUB_ZONA": "Tanaman Pangan", "KODE": "P-1", "KEPADATAN": 0.0, "JUML_RUMH": 0.0, "LUAS_BID": 426.401039787, "Shape_Leng": 101.751953407, "Shape_Area": 426.40103978100001 }, "geometry": { "type": "MultiPolygon", "coordinates": [ [ [ [ 110.640916261941683, -7.591205907172395, 0.0 ], [ 110.64082827503583, -7.591567269547536, 0.0 ], [ 110.640781922008955, -7.591542352345511, 0.0 ], [ 110.64073449731859, -7.591520862518441, 0.0 ], [ 110.640828884368403, -7.591180454055467, 0.0 ], [ 110.640916261941683, -7.591205907172395, 0.0 ] ] ] ] } },
{ "type": "Feature", "properties": { "OBJECTID": 97, "ZONA": "Pertanian", "SUB_ZONA": "Tanaman Pangan", "KODE": "P-1", "KEPADATAN": 0.0, "JUML_RUMH": 0.0, "LUAS_BID": 477.72171723999998, "Shape_Leng": 101.417879778, "Shape_Area": 477.72171728500001 }, "geometry": { "type": "MultiPolygon", "coordinates": [ [ [ [ 110.640828884368403, -7.591180454055467, 0.0 ], [ 110.64073449731859, -7.591520862518441, 0.0 ], [ 110.64072892050109, -7.591518336912531, 0.0 ], [ 110.640624700020879, -7.591471110747044, 0.0 ], [ 110.640725276230455, -7.591150273867426, 0.0 ], [ 110.640828884368403, -7.591180454055467, 0.0 ] ] ] ] } },
{ "type": "Feature", "properties": { "OBJECTID": 98, "ZONA": "Pertanian", "SUB_ZONA": "Tanaman Pangan", "KODE": "P-1", "KEPADATAN": 0.0, "JUML_RUMH": 0.0, "LUAS_BID": 797.88231876600003, "Shape_Leng": 201.02152117, "Shape_Area": 797.88231887699999 }, "geometry": { "type": "MultiPolygon", "coordinates": [ [ [ [ 110.644631299026912, -7.592007735664152, 0.0 ], [ 110.644506347450815, -7.591930077763018, 0.0 ], [ 110.64457843769577, -7.591412045094026, 0.0 ], [ 110.644610987258147, -7.59118151849655, 0.0 ], [ 110.644612674931992, -7.591174184832434, 0.0 ], [ 110.644615590658518, -7.591167244749624, 0.0 ], [ 110.644619649053439, -7.591160903512478, 0.0 ], [ 110.644624733021672, -7.591155343745545, 0.0 ], [ 110.644630691034223, -7.591150729954063, 0.0 ], [ 110.644637350734442, -7.591147198585057, 0.0 ], [ 110.644644516224417, -7.591144850788574, 0.0 ], [ 110.644631299026912, -7.592007735664152, 0.0 ] ] ] ] } },
{ "type": "Feature", "properties": { "OBJECTID": 99, "ZONA": "Pertanian", "SUB_ZONA": "Tanaman Pangan", "KODE": "P-1", "KEPADATAN": 0.0, "JUML_RUMH": 0.0, "LUAS_BID": 1974.8566497300001, "Shape_Leng": 235.19033496, "Shape_Area": 1974.8566496799999 }, "geometry": { "type": "MultiPolygon", "coordinates": [ [ [ [ 110.644806416437831, -7.591185395962251, 0.0 ], [ 110.644841129065838, -7.592064748569689, 0.0 ], [ 110.644781176567093, -7.592049741837611, 0.0 ], [ 110.644631299026912, -7.592007735664152, 0.0 ], [ 110.644644516224417, -7.591144850788574, 0.0 ], [ 110.644651978032499, -7.591143757853312, 0.0 ], [ 110.644659517656436, -7.591143948546374, 0.0 ], [ 110.644666913899627, -7.591145420877859, 0.0 ], [ 110.644689561400469, -7.591151977521343, 0.0 ], [ 110.644806416437831, -7.591185395962251, 0.0 ] ] ] ] } },
{ "type": "Feature", "properties": { "OBJECTID": 100, "ZONA": "Pertanian", "SUB_ZONA": "Tanaman Pangan", "KODE": "P-1", "KEPADATAN": 0.0, "JUML_RUMH": 0.0, "LUAS_BID": 365.60758855300003, "Shape_Leng": 92.732854503699997, "Shape_Area": 365.60758852200001 }, "geometry": { "type": "MultiPolygon", "coordinates": [ [ [ [ 110.640725276230455, -7.591150273867426, 0.0 ], [ 110.640624700020879, -7.591471110747044, 0.0 ], [ 110.640584672734988, -7.591452974780458, 0.0 ], [ 110.640537709870927, -7.591428854867155, 0.0 ], [ 110.64064189052263, -7.591126641265389, 0.0 ], [ 110.64068615264361, -7.591138876692319, 0.0 ], [ 110.640725276230455, -7.591150273867426, 0.0 ] ] ] ] } },
{ "type": "Feature", "properties": { "OBJECTID": 101, "ZONA": "Pertanian", "SUB_ZONA": "Tanaman Pangan", "KODE": "P-1", "KEPADATAN": 0.0, "JUML_RUMH": 0.0, "LUAS_BID": 13621.299258499999, "Shape_Leng": 548.37093158100004, "Shape_Area": 13621.297668499999 }, "geometry": { "type": "MultiPolygon", "coordinates": [ [ [ [ 110.644447992321645, -7.591954798577737, 0.0 ], [ 110.642755496764764, -7.591669241816928, 0.0 ], [ 110.643006882922023, -7.591608377284489, 0.0 ], [ 110.643265988190024, -7.591537747022617, 0.0 ], [ 110.643281496579178, -7.591465142012503, 0.0 ], [ 110.643309462816077, -7.591334206994459, 0.0 ], [ 110.643311844555527, -7.591328427932882, 0.0 ], [ 110.643313189465488, -7.591322327807713, 0.0 ], [ 110.643369680655454, -7.590890628769895, 0.0 ], [ 110.643370323146513, -7.590887635217261, 0.0 ], [ 110.643371441457376, -7.590884785879386, 0.0 ], [ 110.64337300742686, -7.590882151288497, 0.0 ], [ 110.64337497838531, -7.590879806487738, 0.0 ], [ 110.643377303518236, -7.590877809326956, 0.0 ], [ 110.64337992113785, -7.590876211315249, 0.0 ], [ 110.643382763215655, -7.590875057624562, 0.0 ], [ 110.643385754484228, -7.590874377138953, 0.0 ], [ 110.643388816964702, -7.590874188790114, 0.0 ], [ 110.643452356040953, -7.590875403266441, 0.0 ], [ 110.643569413406865, -7.590887480108168, 0.0 ], [ 110.643593779234493, -7.590891291984928, 0.0 ], [ 110.643617610839939, -7.59089762713312, 0.0 ], [ 110.643767118306599, -7.590945885623045, 0.0 ], [ 110.643940892027317, -7.591001138066589, 0.0 ], [ 110.643979524877381, -7.591010793280169, 0.0 ], [ 110.644019068328063, -7.591015526643075, 0.0 ], [ 110.644111800495835, -7.591020742263048, 0.0 ], [ 110.644130583438368, -7.591022790178076, 0.0 ], [ 110.644367765140515, -7.591061322991009, 0.0 ], [ 110.644406927216139, -7.591070138267797, 0.0 ], [ 110.644529382105773, -7.591105596613167, 0.0 ], [ 110.644535781273845, -7.59110801248781, 0.0 ], [ 110.64454171729696, -7.59111140761769, 0.0 ], [ 110.64454704066425, -7.591115696852286, 0.0 ], [ 110.644551618203536, -7.591120769726916, 0.0 ], [ 110.644555334884771, -7.591126502223378, 0.0 ], [ 110.644558096547101, -7.591132747726615, 0.0 ], [ 110.644559834419027, -7.591139352405933, 0.0 ], [ 110.6445605042192, -7.591146146168598, 0.0 ], [ 110.644560089767893, -7.591152960753986, 0.0 ], [ 110.644524569355681, -7.59140452669666, 0.0 ], [ 110.644447992321645, -7.591954798577737, 0.0 ] ] ] ] } },
{ "type": "Feature", "properties": { "OBJECTID": 102, "ZONA": "Pertanian", "SUB_ZONA": "Tanaman Pangan", "KODE": "P-1", "KEPADATAN": 0.0, "JUML_RUMH": 0.0, "LUAS_BID": 2107.6793482899998, "Shape_Leng": 193.24931634399999, "Shape_Area": 2107.67934831 }, "geometry": { "type": "MultiPolygon", "coordinates": [ [ [ [ 110.645261859899705, -7.591337297302721, 0.0 ], [ 110.645191458270588, -7.591310502070289, 0.0 ], [ 110.645173569600573, -7.591302398023571, 0.0 ], [ 110.644916184754507, -7.591166065734957, 0.0 ], [ 110.644885879957002, -7.591152465402045, 0.0 ], [ 110.64488275176322, -7.59115098027919, 0.0 ], [ 110.644879929502835, -7.591148976191127, 0.0 ], [ 110.644877497436028, -7.591146512907417, 0.0 ], [ 110.644875529836028, -7.591143668280545, 0.0 ], [ 110.644874085560318, -7.591140525577759, 0.0 ], [ 110.644873209857693, -7.591137180718968, 0.0 ], [ 110.64487292712036, -7.591133736843475, 0.0 ], [ 110.644873248144506, -7.591130294365809, 0.0 ], [ 110.644874161057388, -7.591126960013876, 0.0 ], [ 110.645000979275125, -7.590784407854466, 0.0 ], [ 110.645006916906041, -7.590771474839383, 0.0 ], [ 110.645014739306987, -7.590759581793624, 0.0 ], [ 110.645024270385534, -7.590748999035531, 0.0 ], [ 110.645035289648405, -7.59073997242417, 0.0 ], [ 110.645047547626248, -7.590732707089941, 0.0 ], [ 110.645060762248136, -7.590727366527035, 0.0 ], [ 110.645074633344066, -7.590724075319033, 0.0 ], [ 110.645112764163159, -7.590718018789158, 0.0 ], [ 110.645220553783233, -7.590702586404078, 0.0 ], [ 110.645239817082398, -7.590698130905199, 0.0 ], [ 110.645258042283928, -7.59069047695282, 0.0 ], [ 110.645261859899705, -7.591337297302721, 0.0 ] ] ] ] } },
{ "type": "Feature", "properties": { "OBJECTID": 103, "ZONA": "Pertanian", "SUB_ZONA": "Tanaman Pangan", "KODE": "P-1", "KEPADATAN": 0.0, "JUML_RUMH": 0.0, "LUAS_BID": 1997.7362224000001, "Shape_Leng": 210.69846154000001, "Shape_Area": 1997.7362224599999 }, "geometry": { "type": "MultiPolygon", "coordinates": [ [ [ [ 110.645470412194882, -7.591416672190224, 0.0 ], [ 110.645261859899705, -7.591337297302721, 0.0 ], [ 110.645258042283928, -7.59069047695282, 0.0 ], [ 110.645274701593564, -7.590679846637107, 0.0 ], [ 110.645289310658868, -7.590666550730317, 0.0 ], [ 110.645301446712892, -7.590650973323935, 0.0 ], [ 110.645498795515962, -7.590637423048596, 0.0 ], [ 110.645470412194882, -7.591416672190224, 0.0 ] ] ] ] } },
{ "type": "Feature", "properties": { "OBJECTID": 104, "ZONA": "Pertanian", "SUB_ZONA": "Tanaman Pangan", "KODE": "P-1", "KEPADATAN": 0.0, "JUML_RUMH": 0.0, "LUAS_BID": 1677.6020850299999, "Shape_Leng": 219.53096917900001, "Shape_Area": 1677.6020850100001 }, "geometry": { "type": "MultiPolygon", "coordinates": [ [ [ [ 110.64565167046905, -7.591485660327572, 0.0 ], [ 110.645470412194882, -7.591416672190224, 0.0 ], [ 110.645498795515962, -7.590637423048596, 0.0 ], [ 110.645526503040529, -7.590635520748235, 0.0 ], [ 110.64562129084176, -7.59062901286423, 0.0 ], [ 110.645652430755334, -7.590626874551158, 0.0 ], [ 110.64565167046905, -7.591485660327572, 0.0 ] ] ] ] } },
{ "type": "Feature", "properties": { "OBJECTID": 105, "ZONA": "Pertanian", "SUB_ZONA": "Tanaman Pangan", "KODE": "P-1", "KEPADATAN": 0.0, "JUML_RUMH": 0.0, "LUAS_BID": 1735.7816815799999, "Shape_Leng": 234.45096371700001, "Shape_Area": 1735.7816815799999 }, "geometry": { "type": "MultiPolygon", "coordinates": [ [ [ [ 110.645821205368506, -7.591549002550346, 0.0 ], [ 110.645792273572269, -7.591539172682118, 0.0 ], [ 110.64565167046905, -7.591485660327572, 0.0 ], [ 110.645652430755334, -7.590626874551158, 0.0 ], [ 110.645701649187515, -7.590623496351713, 0.0 ], [ 110.645801157654859, -7.590616663017354, 0.0 ], [ 110.645821205368506, -7.591549002550346, 0.0 ] ] ] ] } },
{ "type": "Feature", "properties": { "OBJECTID": 106, "ZONA": "Pertanian", "SUB_ZONA": "Tanaman Pangan", "KODE": "P-1", "KEPADATAN": 0.0, "JUML_RUMH": 0.0, "LUAS_BID": 2261.2011800400001, "Shape_Leng": 380.04711836500002, "Shape_Area": 2261.2011800700002 }, "geometry": { "type": "MultiPolygon", "coordinates": [ [ [ [ 110.647856410620719, -7.592237780608362, 0.0 ], [ 110.647679106761856, -7.592180137893717, 0.0 ], [ 110.647762595671466, -7.590613190375828, 0.0 ], [ 110.647816699469828, -7.59060984031769, 0.0 ], [ 110.647856410620719, -7.592237780608362, 0.0 ] ] ] ] } },
{ "type": "Feature", "properties": { "OBJECTID": 107, "ZONA": "Pertanian", "SUB_ZONA": "Tanaman Pangan", "KODE": "P-1", "KEPADATAN": 0.0, "JUML_RUMH": 0.0, "LUAS_BID": 2049.9828471800001, "Shape_Leng": 311.40667631999997, "Shape_Area": 2049.9828471800001 }, "geometry": { "type": "MultiPolygon", "coordinates": [ [ [ [ 110.648610831541447, -7.591875967189413, 0.0 ], [ 110.648483404028056, -7.591340022199674, 0.0 ], [ 110.648322068089598, -7.590637984965857, 0.0 ], [ 110.648321519961002, -7.590634226995554, 0.0 ], [ 110.648321584690521, -7.590630431529715, 0.0 ], [ 110.648322262200239, -7.590626694451211, 0.0 ], [ 110.648323533371013, -7.590623116150333, 0.0 ], [ 110.648325365493562, -7.590619787056245, 0.0 ], [ 110.648327710448754, -7.590616795776527, 0.0 ], [ 110.648330508339626, -7.590614221863685, 0.0 ], [ 110.648333684777739, -7.590612128576434, 0.0 ], [ 110.648337156312778, -7.590610574643452, 0.0 ], [ 110.648340834977873, -7.590609598889487, 0.0 ], [ 110.648344621938648, -7.590609226562138, 0.0 ], [ 110.64857787504269, -7.590605169204605, 0.0 ], [ 110.648610831541447, -7.591875967189413, 0.0 ] ] ] ] } },
{ "type": "Feature", "properties": { "OBJECTID": 108, "ZONA": "Pertanian", "SUB_ZONA": "Tanaman Pangan", "KODE": "P-1", "KEPADATAN": 0.0, "JUML_RUMH": 0.0, "LUAS_BID": 2113.7415519599999, "Shape_Leng": 424.81615371300001, "Shape_Area": 2113.7415521200001 }, "geometry": { "type": "MultiPolygon", "coordinates": [ [ [ [ 110.648734685907456, -7.592461916743181, 0.0 ], [ 110.648731957335514, -7.592448326293658, 0.0 ], [ 110.648650734066962, -7.592043791922817, 0.0 ], [ 110.648610831541447, -7.591875967189413, 0.0 ], [ 110.64857787504269, -7.590605169204605, 0.0 ], [ 110.648691442854314, -7.590603192280251, 0.0 ], [ 110.648734685907456, -7.592461916743181, 0.0 ] ] ] ] } },
{ "type": "Feature", "properties": { "OBJECTID": 109, "ZONA": "Pertanian", "SUB_ZONA": "Tanaman Pangan", "KODE": "P-1", "KEPADATAN": 0.0, "JUML_RUMH": 0.0, "LUAS_BID": 2168.0721632300001, "Shape_Leng": 388.472952615, "Shape_Area": 2168.0721630799999 }, "geometry": { "type": "MultiPolygon", "coordinates": [ [ [ [ 110.647952485752469, -7.592267315315359, 0.0 ], [ 110.647856410620719, -7.592237780608362, 0.0 ], [ 110.647816699469828, -7.59060984031769, 0.0 ], [ 110.647936962063284, -7.59060239373551, 0.0 ], [ 110.647952485752469, -7.592267315315359, 0.0 ] ] ] ] } },
{ "type": "Feature", "properties": { "OBJECTID": 110, "ZONA": "Pertanian", "SUB_ZONA": "Tanaman Pangan", "KODE": "P-1", "KEPADATAN": 0.0, "JUML_RUMH": 0.0, "LUAS_BID": 1896.98328188, "Shape_Leng": 432.86915155700001, "Shape_Area": 1896.98328176 }, "geometry": { "type": "MultiPolygon", "coordinates": [ [ [ [ 110.648825899389394, -7.592482417147006, 0.0 ], [ 110.648779118009926, -7.592481902641767, 0.0 ], [ 110.648754536316559, -7.592480272665115, 0.0 ], [ 110.64875099771119, -7.59247955791938, 0.0 ], [ 110.648747613661172, -7.592478299660216, 0.0 ], [ 110.648744467541505, -7.592476532328157, 0.0 ], [ 110.648741635468895, -7.592474297594324, 0.0 ], [ 110.648739187203105, -7.592471650693037, 0.0 ], [ 110.648737182525991, -7.592468654086988, 0.0 ], [ 110.648735669423914, -7.592465382893135, 0.0 ], [ 110.648734685907456, -7.592461916743181, 0.0 ], [ 110.648691442854314, -7.590603192280251, 0.0 ], [ 110.648766365716, -7.590601889657167, 0.0 ], [ 110.648825899389394, -7.592482417147006, 0.0 ] ] ] ] } },
{ "type": "Feature", "properties": { "OBJECTID": 111, "ZONA": "Pertanian", "SUB_ZONA": "Tanaman Pangan", "KODE": "P-1", "KEPADATAN": 0.0, "JUML_RUMH": 0.0, "LUAS_BID": 2066.7767399200002, "Shape_Leng": 433.56143975100002, "Shape_Area": 2066.77674011 }, "geometry": { "type": "MultiPolygon", "coordinates": [ [ [ [ 110.648904398571233, -7.592369836177796, 0.0 ], [ 110.648879837041477, -7.592483008888933, 0.0 ], [ 110.648825899389394, -7.592482417147006, 0.0 ], [ 110.648766365716, -7.590601889657167, 0.0 ], [ 110.648867205388513, -7.590600135777981, 0.0 ], [ 110.648904398571233, -7.592369836177796, 0.0 ] ] ] ] } },
{ "type": "Feature", "properties": { "OBJECTID": 112, "ZONA": "Pertanian", "SUB_ZONA": "Tanaman Pangan", "KODE": "P-1", "KEPADATAN": 0.0, "JUML_RUMH": 0.0, "LUAS_BID": 1672.20224265, "Shape_Leng": 390.460281372, "Shape_Area": 1672.2022427899999 }, "geometry": { "type": "MultiPolygon", "coordinates": [ [ [ [ 110.648048555461841, -7.592296846379061, 0.0 ], [ 110.647952485752469, -7.592267315315359, 0.0 ], [ 110.647936962063284, -7.59060239373551, 0.0 ], [ 110.64800441366404, -7.590598215940349, 0.0 ], [ 110.648044947010249, -7.592157985033927, 0.0 ], [ 110.648048555461841, -7.592296846379061, 0.0 ] ] ] ] } },
{ "type": "Feature", "properties": { "OBJECTID": 113, "ZONA": "Pertanian", "SUB_ZONA": "Tanaman Pangan", "KODE": "P-1", "KEPADATAN": 0.0, "JUML_RUMH": 0.0, "LUAS_BID": 1768.2395835299999, "Shape_Leng": 403.56474981700001, "Shape_Area": 1768.2395834900001 }, "geometry": { "type": "MultiPolygon", "coordinates": [ [ [ [ 110.648988178349754, -7.59220812667273, 0.0 ], [ 110.648916133356551, -7.592315766760354, 0.0 ], [ 110.648904398571233, -7.592369836177796, 0.0 ], [ 110.648867205388513, -7.590600135777981, 0.0 ], [ 110.648953133921836, -7.590598639391788, 0.0 ], [ 110.648988178349754, -7.59220812667273, 0.0 ] ] ] ] } },
{ "type": "Feature", "properties": { "OBJECTID": 114, "ZONA": "Pertanian", "SUB_ZONA": "Tanaman Pangan", "KODE": "P-1", "KEPADATAN": 0.0, "JUML_RUMH": 0.0, "LUAS_BID": 2032.61230361, "Shape_Leng": 264.25680308800003, "Shape_Area": 2032.6123037 }, "geometry": { "type": "MultiPolygon", "coordinates": [ [ [ [ 110.64614156689062, -7.591657857246164, 0.0 ], [ 110.645967543740326, -7.591598726719932, 0.0 ], [ 110.645947461497443, -7.590641723527421, 0.0 ], [ 110.645946725954289, -7.590606667762312, 0.0 ], [ 110.646005311380051, -7.59060264497244, 0.0 ], [ 110.646098851690894, -7.590596220996014, 0.0 ], [ 110.64614156689062, -7.591657857246164, 0.0 ] ] ] ] } },
{ "type": "Feature", "properties": { "OBJECTID": 115, "ZONA": "Pertanian", "SUB_ZONA": "Tanaman Pangan", "KODE": "P-1", "KEPADATAN": 0.0, "JUML_RUMH": 0.0, "LUAS_BID": 1847.05162086, "Shape_Leng": 375.695068435, "Shape_Area": 1847.05162092 }, "geometry": { "type": "MultiPolygon", "coordinates": [ [ [ [ 110.64907213844802, -7.59219622719475, 0.0 ], [ 110.648988178349754, -7.59220812667273, 0.0 ], [ 110.648953133921836, -7.590598639391788, 0.0 ], [ 110.649057766651595, -7.590596820689699, 0.0 ], [ 110.64907213844802, -7.59219622719475, 0.0 ] ] ] ] } },
{ "type": "Feature", "properties": { "OBJECTID": 116, "ZONA": "Pertanian", "SUB_ZONA": "Tanaman Pangan", "KODE": "P-1", "KEPADATAN": 0.0, "JUML_RUMH": 0.0, "LUAS_BID": 1250.3380165799999, "Shape_Leng": 371.32768072200003, "Shape_Area": 1250.33801651 }, "geometry": { "type": "MultiPolygon", "coordinates": [ [ [ [ 110.649132199855558, -7.59222250420193, 0.0 ], [ 110.64907213844802, -7.59219622719475, 0.0 ], [ 110.649057766651595, -7.590596820689699, 0.0 ], [ 110.649124993705755, -7.590595650188777, 0.0 ], [ 110.649132199855558, -7.59222250420193, 0.0 ] ] ] ] } },
{ "type": "Feature", "properties": { "OBJECTID": 117, "ZONA": "Pertanian", "SUB_ZONA": "Tanaman Pangan", "KODE": "P-1", "KEPADATAN": 0.0, "JUML_RUMH": 0.0, "LUAS_BID": 1434.0127526799999, "Shape_Leng": 376.07962657100001, "Shape_Area": 1434.01275259 }, "geometry": { "type": "MultiPolygon", "coordinates": [ [ [ [ 110.649199564693106, -7.592213834135746, 0.0 ], [ 110.649168048570587, -7.592238187393175, 0.0 ], [ 110.649132199855558, -7.59222250420193, 0.0 ], [ 110.649124993705755, -7.590595650188777, 0.0 ], [ 110.649170136894796, -7.590594865287179, 0.0 ], [ 110.649201659985522, -7.590594196932297, 0.0 ], [ 110.649199564693106, -7.592213834135746, 0.0 ] ] ] ] } },
{ "type": "Feature", "properties": { "OBJECTID": 118, "ZONA": "Pertanian", "SUB_ZONA": "Tanaman Pangan", "KODE": "P-1", "KEPADATAN": 0.0, "JUML_RUMH": 0.0, "LUAS_BID": 1426.7262382199999, "Shape_Leng": 370.70454986, "Shape_Area": 1426.72623815 }, "geometry": { "type": "MultiPolygon", "coordinates": [ [ [ [ 110.649267429160133, -7.592161396600051, 0.0 ], [ 110.649199564693106, -7.592213834135746, 0.0 ], [ 110.649201659985522, -7.590594196932297, 0.0 ], [ 110.649280829430964, -7.59059251954273, 0.0 ], [ 110.649267429160133, -7.592161396600051, 0.0 ] ] ] ] } },
{ "type": "Feature", "properties": { "OBJECTID": 119, "ZONA": "Pertanian", "SUB_ZONA": "Tanaman Pangan", "KODE": "P-1", "KEPADATAN": 0.0, "JUML_RUMH": 0.0, "LUAS_BID": 2111.2572436199998, "Shape_Leng": 363.65754325, "Shape_Area": 2111.2572437700001 }, "geometry": { "type": "MultiPolygon", "coordinates": [ [ [ [ 110.649402545139509, -7.5919659866693, 0.0 ], [ 110.649344522419995, -7.59201934124829, 0.0 ], [ 110.6492964534105, -7.592138968029039, 0.0 ], [ 110.649267429160133, -7.592161396600051, 0.0 ], [ 110.649280829430964, -7.59059251954273, 0.0 ], [ 110.649381575132097, -7.59059038464997, 0.0 ], [ 110.649402545139509, -7.5919659866693, 0.0 ] ] ] ] } },
{ "type": "Feature", "properties": { "OBJECTID": 120, "ZONA": "Pertanian", "SUB_ZONA": "Tanaman Pangan", "KODE": "P-1", "KEPADATAN": 0.0, "JUML_RUMH": 0.0, "LUAS_BID": 1866.1719545200001, "Shape_Leng": 273.19639328599999, "Shape_Area": 1866.1719545399999 }, "geometry": { "type": "MultiPolygon", "coordinates": [ [ [ [ 110.646279792142366, -7.591704823953402, 0.0 ], [ 110.64614156689062, -7.591657857246164, 0.0 ], [ 110.646098851690894, -7.590596220996014, 0.0 ], [ 110.646190938717751, -7.590589898935887, 0.0 ], [ 110.646242758182439, -7.590586340071468, 0.0 ], [ 110.646279792142366, -7.591704823953402, 0.0 ] ] ] ] } },
{ "type": "Feature", "properties": { "OBJECTID": 121, "ZONA": "Pertanian", "SUB_ZONA": "Tanaman Pangan", "KODE": "P-1", "KEPADATAN": 0.0, "JUML_RUMH": 0.0, "LUAS_BID": 1415.5558857599999, "Shape_Leng": 318.05600901299999, "Shape_Area": 1415.5558858500001 }, "geometry": { "type": "MultiPolygon", "coordinates": [ [ [ [ 110.64948888244065, -7.591886595553385, 0.0 ], [ 110.649402545139509, -7.5919659866693, 0.0 ], [ 110.649381575132097, -7.59059038464997, 0.0 ], [ 110.649467619969897, -7.590588560806293, 0.0 ], [ 110.64948888244065, -7.591886595553385, 0.0 ] ] ] ] } },
{ "type": "Feature", "properties": { "OBJECTID": 122, "ZONA": "Pertanian", "SUB_ZONA": "Tanaman Pangan", "KODE": "P-1", "KEPADATAN": 0.0, "JUML_RUMH": 0.0, "LUAS_BID": 1830.1536533000001, "Shape_Leng": 398.59355089000002, "Shape_Area": 1830.15365344 }, "geometry": { "type": "MultiPolygon", "coordinates": [ [ [ [ 110.648137278500514, -7.592324119129185, 0.0 ], [ 110.648104086566391, -7.590592045249772, 0.0 ], [ 110.648205111202188, -7.590585788792733, 0.0 ], [ 110.648212635821338, -7.591565756769612, 0.0 ], [ 110.648194567419324, -7.591662670774191, 0.0 ], [ 110.648198092556697, -7.591752422793089, 0.0 ], [ 110.648241232052968, -7.59179553810432, 0.0 ], [ 110.648237485114279, -7.591978623586002, 0.0 ], [ 110.648137278500514, -7.592324119129185, 0.0 ] ] ] ] } },
{ "type": "Feature", "properties": { "OBJECTID": 123, "ZONA": "Pertanian", "SUB_ZONA": "Tanaman Pangan", "KODE": "P-1", "KEPADATAN": 0.0, "JUML_RUMH": 0.0, "LUAS_BID": 1607.2632108, "Shape_Leng": 304.67632151100003, "Shape_Area": 1607.26321065 }, "geometry": { "type": "MultiPolygon", "coordinates": [ [ [ [ 110.649588549000143, -7.590998574322217, 0.0 ], [ 110.649604166434116, -7.591609535151671, 0.0 ], [ 110.649560714967919, -7.591624620684731, 0.0 ], [ 110.649516149185459, -7.591861521530478, 0.0 ], [ 110.64948888244065, -7.591886595553385, 0.0 ], [ 110.649467619969897, -7.590588560806293, 0.0 ], [ 110.649578008807197, -7.59058622107302, 0.0 ], [ 110.649588549000143, -7.590998574322217, 0.0 ] ] ] ] } },
{ "type": "Feature", "properties": { "OBJECTID": 124, "ZONA": "Pertanian", "SUB_ZONA": "Tanaman Pangan", "KODE": "P-1", "KEPADATAN": 0.0, "JUML_RUMH": 0.0, "LUAS_BID": 970.32245495400002, "Shape_Leng": 173.69282594000001, "Shape_Area": 970.32245495500001 }, "geometry": { "type": "MultiPolygon", "coordinates": [ [ [ [ 110.64973086366264, -7.591565550098355, 0.0 ], [ 110.649604166434116, -7.591609535151671, 0.0 ], [ 110.649588549000143, -7.590998574322217, 0.0 ], [ 110.649638446025776, -7.590952074211619, 0.0 ], [ 110.649705114290839, -7.590895412255223, 0.0 ], [ 110.64973086366264, -7.591565550098355, 0.0 ] ] ] ] } },
{ "type": "Feature", "properties": { "OBJECTID": 125, "ZONA": "Pertanian", "SUB_ZONA": "Tanaman Pangan", "KODE": "P-1", "KEPADATAN": 0.0, "JUML_RUMH": 0.0, "LUAS_BID": 2591.0690266000001, "Shape_Leng": 425.52213472099999, "Shape_Area": 2591.0690267 }, "geometry": { "type": "MultiPolygon", "coordinates": [ [ [ [ 110.648326255701491, -7.590858562596388, 0.0 ], [ 110.648337237775436, -7.592385586367008, 0.0 ], [ 110.648137278500514, -7.592324119129185, 0.0 ], [ 110.648237485114279, -7.591978623586002, 0.0 ], [ 110.648241232052968, -7.59179553810432, 0.0 ], [ 110.648198092556697, -7.591752422793089, 0.0 ], [ 110.648194567419324, -7.591662670774191, 0.0 ], [ 110.648212635821338, -7.591565756769612, 0.0 ], [ 110.648205111202188, -7.590585788792733, 0.0 ], [ 110.648262748903903, -7.590582220826925, 0.0 ], [ 110.648326255701491, -7.590858562596388, 0.0 ] ] ] ] } },
{ "type": "Feature", "properties": { "OBJECTID": 126, "ZONA": "Pertanian", "SUB_ZONA": "Tanaman Pangan", "KODE": "P-1", "KEPADATAN": 0.0, "JUML_RUMH": 0.0, "LUAS_BID": 805.39064549099999, "Shape_Leng": 178.64247871000001, "Shape_Area": 805.39064548600004 }, "geometry": { "type": "MultiPolygon", "coordinates": [ [ [ [ 110.649818636195448, -7.591535079380488, 0.0 ], [ 110.64973086366264, -7.591565550098355, 0.0 ], [ 110.649705114290839, -7.590895412255223, 0.0 ], [ 110.649803578087074, -7.590811728762435, 0.0 ], [ 110.649818636195448, -7.591535079380488, 0.0 ] ] ] ] } },
{ "type": "Feature", "properties": { "OBJECTID": 127, "ZONA": "Pertanian", "SUB_ZONA": "Tanaman Pangan", "KODE": "P-1", "KEPADATAN": 0.0, "JUML_RUMH": 0.0, "LUAS_BID": 1743.70459394, "Shape_Leng": 281.733516619, "Shape_Area": 1743.7045938000001 }, "geometry": { "type": "MultiPolygon", "coordinates": [ [ [ [ 110.64640812969003, -7.591748430289266, 0.0 ], [ 110.646279792142366, -7.591704823953402, 0.0 ], [ 110.646242758182439, -7.590586340071468, 0.0 ], [ 110.646293846019503, -7.590582832165215, 0.0 ], [ 110.646365514589888, -7.590577911797381, 0.0 ], [ 110.64640812969003, -7.591748430289266, 0.0 ] ] ] ] } },
{ "type": "Feature", "properties": { "OBJECTID": 128, "ZONA": "Pertanian", "SUB_ZONA": "Tanaman Pangan", "KODE": "P-1", "KEPADATAN": 0.0, "JUML_RUMH": 0.0, "LUAS_BID": 1645.23103692, "Shape_Leng": 195.32535629200001, "Shape_Area": 1645.23103702 }, "geometry": { "type": "MultiPolygon", "coordinates": [ [ [ [ 110.65027431671291, -7.590670768083243, 0.0 ], [ 110.650274274938909, -7.590722463452299, 0.0 ], [ 110.650284322990402, -7.590754062266547, 0.0 ], [ 110.650303006834221, -7.590785669837039, 0.0 ], [ 110.650327434763568, -7.590831640957016, 0.0 ], [ 110.650331154895142, -7.590864614128552, 0.0 ], [ 110.650340652794128, -7.590948804317033, 0.0 ], [ 110.650336796643359, -7.590985440275003, 0.0 ], [ 110.650339350620513, -7.59102218993607, 0.0 ], [ 110.650348239472294, -7.591057945157977, 0.0 ], [ 110.650322513688977, -7.591320086635301, 0.0 ], [ 110.650166542201816, -7.591397743034533, 0.0 ], [ 110.650144004482328, -7.591406641107249, 0.0 ], [ 110.650122949185928, -7.590668477151212, 0.0 ], [ 110.650260825159791, -7.590648672482316, 0.0 ], [ 110.65027431671291, -7.590670768083243, 0.0 ] ] ] ] } },
{ "type": "Feature", "properties": { "OBJECTID": 129, "ZONA": "Pertanian", "SUB_ZONA": "Tanaman Pangan", "KODE": "P-1", "KEPADATAN": 0.0, "JUML_RUMH": 0.0, "LUAS_BID": 991.10916977800002, "Shape_Leng": 190.83473480399999, "Shape_Area": 991.10916965499996 }, "geometry": { "type": "MultiPolygon", "coordinates": [ [ [ [ 110.650144004482328, -7.591406641107249, 0.0 ], [ 110.650030543248775, -7.591451429334129, 0.0 ], [ 110.650021064264536, -7.590689255111029, 0.0 ], [ 110.650122949185928, -7.590668477151212, 0.0 ], [ 110.650144004482328, -7.591406641107249, 0.0 ] ] ] ] } },
{ "type": "Feature", "properties": { "OBJECTID": 130, "ZONA": "Pertanian", "SUB_ZONA": "Tanaman Pangan", "KODE": "P-1", "KEPADATAN": 0.0, "JUML_RUMH": 0.0, "LUAS_BID": 1076.5366541000001, "Shape_Leng": 195.29447550500001, "Shape_Area": 1076.53665417 }, "geometry": { "type": "MultiPolygon", "coordinates": [ [ [ [ 110.649940890205499, -7.591486818464148, 0.0 ], [ 110.649818636195448, -7.591535079380488, 0.0 ], [ 110.649803578087074, -7.590811728762435, 0.0 ], [ 110.649914256458629, -7.59071938038635, 0.0 ], [ 110.649940890205499, -7.591486818464148, 0.0 ] ] ] ] } },
{ "type": "Feature", "properties": { "OBJECTID": 131, "ZONA": "Pertanian", "SUB_ZONA": "Tanaman Pangan", "KODE": "P-1", "KEPADATAN": 0.0, "JUML_RUMH": 0.0, "LUAS_BID": 923.36979172300005, "Shape_Leng": 192.03687201, "Shape_Area": 923.36979177299997 }, "geometry": { "type": "MultiPolygon", "coordinates": [ [ [ [ 110.650030543248775, -7.591451429334129, 0.0 ], [ 110.649940890205499, -7.591486818464148, 0.0 ], [ 110.649914256458629, -7.59071938038635, 0.0 ], [ 110.650021064264536, -7.590689255111029, 0.0 ], [ 110.650030543248775, -7.591451429334129, 0.0 ] ] ] ] } },
{ "type": "Feature", "properties": { "OBJECTID": 132, "ZONA": "Pertanian", "SUB_ZONA": "Tanaman Pangan", "KODE": "P-1", "KEPADATAN": 0.0, "JUML_RUMH": 0.0, "LUAS_BID": 1856.1520402900001, "Shape_Leng": 293.78900404699999, "Shape_Area": 1856.15204032 }, "geometry": { "type": "MultiPolygon", "coordinates": [ [ [ [ 110.646535238041963, -7.591791961415091, 0.0 ], [ 110.646503977298593, -7.591780998099202, 0.0 ], [ 110.64640812969003, -7.591748430289266, 0.0 ], [ 110.646365514589888, -7.590577911797381, 0.0 ], [ 110.646402589103729, -7.590575366685013, 0.0 ], [ 110.646478434380285, -7.590570159333344, 0.0 ], [ 110.646494031532953, -7.590569087454627, 0.0 ], [ 110.646535238041963, -7.591791961415091, 0.0 ] ] ] ] } },
{ "type": "Feature", "properties": { "OBJECTID": 133, "ZONA": "Pertanian", "SUB_ZONA": "Tanaman Pangan", "KODE": "P-1", "KEPADATAN": 0.0, "JUML_RUMH": 0.0, "LUAS_BID": 1872.98441596, "Shape_Leng": 304.37856365599998, "Shape_Area": 1872.984416 }, "geometry": { "type": "MultiPolygon", "coordinates": [ [ [ [ 110.646658993190243, -7.591835363140913, 0.0 ], [ 110.646535238041963, -7.591791961415091, 0.0 ], [ 110.646494031532953, -7.590569087454627, 0.0 ], [ 110.646572183198373, -7.590563722760198, 0.0 ], [ 110.6466174116742, -7.590560617102049, 0.0 ], [ 110.646658993190243, -7.591835363140913, 0.0 ] ] ] ] } },
{ "type": "Feature", "properties": { "OBJECTID": 134, "ZONA": "Pertanian", "SUB_ZONA": "Tanaman Pangan", "KODE": "P-1", "KEPADATAN": 0.0, "JUML_RUMH": 0.0, "LUAS_BID": 2015.7893848900001, "Shape_Leng": 317.291529889, "Shape_Area": 2015.78938505 }, "geometry": { "type": "MultiPolygon", "coordinates": [ [ [ [ 110.646794085180161, -7.591882742333301, 0.0 ], [ 110.646658993190243, -7.591835363140913, 0.0 ], [ 110.6466174116742, -7.590560617102049, 0.0 ], [ 110.646680019678612, -7.59055631617374, 0.0 ], [ 110.646737599674282, -7.59055236392728, 0.0 ], [ 110.646794085180161, -7.591882742333301, 0.0 ] ] ] ] } },
{ "type": "Feature", "properties": { "OBJECTID": 135, "ZONA": "Pertanian", "SUB_ZONA": "Tanaman Pangan", "KODE": "P-1", "KEPADATAN": 0.0, "JUML_RUMH": 0.0, "LUAS_BID": 687.94919640900002, "Shape_Leng": 108.825545766, "Shape_Area": 687.94919642900004 }, "geometry": { "type": "MultiPolygon", "coordinates": [ [ [ [ 110.640006519042544, -7.590583374079097, 0.0 ], [ 110.639955729065278, -7.590749702384939, 0.0 ], [ 110.639909568719503, -7.59090086783519, 0.0 ], [ 110.639760312667534, -7.59085067883029, 0.0 ], [ 110.639757740810452, -7.590849561382012, 0.0 ], [ 110.639755398664107, -7.590848018983013, 0.0 ], [ 110.639753356900172, -7.590846098728745, 0.0 ], [ 110.639751674395356, -7.59084385946414, 0.0 ], [ 110.639750400957908, -7.590841363644776, 0.0 ], [ 110.639749575505391, -7.590838688190145, 0.0 ], [ 110.639749221543326, -7.590835910911498, 0.0 ], [ 110.639749349881782, -7.590833114132344, 0.0 ], [ 110.639749955917949, -7.590830381972532, 0.0 ], [ 110.639835715863072, -7.590557597494191, 0.0 ], [ 110.639837326422651, -7.590553693862521, 0.0 ], [ 110.63983958579216, -7.590550125453935, 0.0 ], [ 110.639842427705517, -7.590546998046513, 0.0 ], [ 110.639845766868888, -7.590544405643327, 0.0 ], [ 110.639849503498056, -7.59054242504893, 0.0 ], [ 110.639853526037115, -7.590541116776103, 0.0 ], [ 110.639857713883572, -7.590540518716249, 0.0 ], [ 110.639861942825334, -7.590540648857582, 0.0 ], [ 110.639866085948654, -7.590541503476727, 0.0 ], [ 110.640006519042544, -7.590583374079097, 0.0 ] ] ] ] } },
{ "type": "Feature", "properties": { "OBJECTID": 136, "ZONA": "Pertanian", "SUB_ZONA": "Tanaman Pangan", "KODE": "P-1", "KEPADATAN": 0.0, "JUML_RUMH": 0.0, "LUAS_BID": 2052.1857741899998, "Shape_Leng": 328.61045774000002, "Shape_Area": 2052.1857739699999 }, "geometry": { "type": "MultiPolygon", "coordinates": [ [ [ [ 110.646919435458315, -7.591926704299119, 0.0 ], [ 110.646794085180161, -7.591882742333301, 0.0 ], [ 110.646737599674282, -7.59055236392728, 0.0 ], [ 110.646766138544905, -7.59055040342684, 0.0 ], [ 110.64686183201529, -7.590543832687604, 0.0 ], [ 110.646919435458315, -7.591926704299119, 0.0 ] ] ] ] } },
{ "type": "Feature", "properties": { "OBJECTID": 137, "ZONA": "Pertanian", "SUB_ZONA": "Tanaman Pangan", "KODE": "P-1", "KEPADATAN": 0.0, "JUML_RUMH": 0.0, "LUAS_BID": 1836.86166402, "Shape_Leng": 343.55060246300002, "Shape_Area": 1836.8616641799999 }, "geometry": { "type": "MultiPolygon", "coordinates": [ [ [ [ 110.647118729322969, -7.591996600196041, 0.0 ], [ 110.647015807038699, -7.591960503525975, 0.0 ], [ 110.64695563431512, -7.590537392456461, 0.0 ], [ 110.646967308605767, -7.59053659145522, 0.0 ], [ 110.647062378331071, -7.59053006358369, 0.0 ], [ 110.647118729322969, -7.591996600196041, 0.0 ] ] ] ] } },
{ "type": "Feature", "properties": { "OBJECTID": 138, "ZONA": "Pertanian", "SUB_ZONA": "Tanaman Pangan", "KODE": "P-1", "KEPADATAN": 0.0, "JUML_RUMH": 0.0, "LUAS_BID": 1710.9098859200001, "Shape_Leng": 350.25648697999998, "Shape_Area": 1710.9098858100001 }, "geometry": { "type": "MultiPolygon", "coordinates": [ [ [ [ 110.647212168111864, -7.592028330993224, 0.0 ], [ 110.647171553537021, -7.59201512678212, 0.0 ], [ 110.647118729322969, -7.591996600196041, 0.0 ], [ 110.647062378331071, -7.59053006358369, 0.0 ], [ 110.6471586955372, -7.590523448961839, 0.0 ], [ 110.647212168111864, -7.592028330993224, 0.0 ] ] ] ] } },
{ "type": "Feature", "properties": { "OBJECTID": 139, "ZONA": "Pertanian", "SUB_ZONA": "Tanaman Pangan", "KODE": "P-1", "KEPADATAN": 0.0, "JUML_RUMH": 0.0, "LUAS_BID": 1839.5430900900001, "Shape_Leng": 359.29982515500001, "Shape_Area": 1839.5430899800001 }, "geometry": { "type": "MultiPolygon", "coordinates": [ [ [ [ 110.647299602791662, -7.592056756173125, 0.0 ], [ 110.647212168111864, -7.592028330993224, 0.0 ], [ 110.6471586955372, -7.590523448961839, 0.0 ], [ 110.647269931753129, -7.590515810707547, 0.0 ], [ 110.647299602791662, -7.592056756173125, 0.0 ] ] ] ] } },
{ "type": "Feature", "properties": { "OBJECTID": 140, "ZONA": "Pertanian", "SUB_ZONA": "Tanaman Pangan", "KODE": "P-1", "KEPADATAN": 0.0, "JUML_RUMH": 0.0, "LUAS_BID": 1654.09931291, "Shape_Leng": 364.247224625, "Shape_Area": 1654.0993129799999 }, "geometry": { "type": "MultiPolygon", "coordinates": [ [ [ [ 110.647384393767709, -7.592084324385485, 0.0 ], [ 110.647299602791662, -7.592056756173125, 0.0 ], [ 110.647269931753129, -7.590515810707547, 0.0 ], [ 110.647359657064072, -7.590509650206582, 0.0 ], [ 110.647384393767709, -7.592084324385485, 0.0 ] ] ] ] } },
{ "type": "Feature", "properties": { "OBJECTID": 141, "ZONA": "Pertanian", "SUB_ZONA": "Tanaman Pangan", "KODE": "P-1", "KEPADATAN": 0.0, "JUML_RUMH": 0.0, "LUAS_BID": 2021.35787007, "Shape_Leng": 376.28001067000002, "Shape_Area": 2021.3578700600001 }, "geometry": { "type": "MultiPolygon", "coordinates": [ [ [ [ 110.647487146063895, -7.592117728873772, 0.0 ], [ 110.647384393767709, -7.592084324385485, 0.0 ], [ 110.647359657064072, -7.590509650206582, 0.0 ], [ 110.647465133644928, -7.590502407043514, 0.0 ], [ 110.647487146063895, -7.592117728873772, 0.0 ] ] ] ] } },
{ "type": "Feature", "properties": { "OBJECTID": 142, "ZONA": "Pertanian", "SUB_ZONA": "Tanaman Pangan", "KODE": "P-1", "KEPADATAN": 0.0, "JUML_RUMH": 0.0, "LUAS_BID": 1704.5195876499999, "Shape_Leng": 380.18888675199997, "Shape_Area": 1704.5195878100001 }, "geometry": { "type": "MultiPolygon", "coordinates": [ [ [ [ 110.647568345349057, -7.592144127260583, 0.0 ], [ 110.647528782073934, -7.592131264952136, 0.0 ], [ 110.647487146063895, -7.592117728873772, 0.0 ], [ 110.647465133644928, -7.590502407043514, 0.0 ], [ 110.647555482693122, -7.590496203588998, 0.0 ], [ 110.647568345349057, -7.592144127260583, 0.0 ] ] ] ] } },
{ "type": "Feature", "properties": { "OBJECTID": 143, "ZONA": "Pertanian", "SUB_ZONA": "Tanaman Pangan", "KODE": "P-1", "KEPADATAN": 0.0, "JUML_RUMH": 0.0, "LUAS_BID": 1473.9485108900001, "Shape_Leng": 384.35393599700001, "Shape_Area": 1473.94851094 }, "geometry": { "type": "MultiPolygon", "coordinates": [ [ [ [ 110.647649771222447, -7.592170599989949, 0.0 ], [ 110.647568345349057, -7.592144127260583, 0.0 ], [ 110.647555482693122, -7.590496203588998, 0.0 ], [ 110.647619670888076, -7.590491795258905, 0.0 ], [ 110.647649771222447, -7.592170599989949, 0.0 ] ] ] ] } },
{ "type": "Feature", "properties": { "OBJECTID": 144, "ZONA": "Pertanian", "SUB_ZONA": "Tanaman Pangan", "KODE": "P-1", "KEPADATAN": 0.0, "JUML_RUMH": 0.0, "LUAS_BID": 1845.10263175, "Shape_Leng": 393.54570025700002, "Shape_Area": 1845.1026316499999 }, "geometry": { "type": "MultiPolygon", "coordinates": [ [ [ [ 110.647762595671466, -7.590613190375828, 0.0 ], [ 110.647679106761856, -7.592180137893717, 0.0 ], [ 110.647649771222447, -7.592170599989949, 0.0 ], [ 110.647619670888076, -7.590491795258905, 0.0 ], [ 110.647643263341706, -7.590490176231326, 0.0 ], [ 110.647768699623455, -7.590481562487509, 0.0 ], [ 110.647762595671466, -7.590613190375828, 0.0 ] ] ] ] } },
{ "type": "Feature", "properties": { "OBJECTID": 145, "ZONA": "Pertanian", "SUB_ZONA": "Tanaman Pangan", "KODE": "P-1", "KEPADATAN": 0.0, "JUML_RUMH": 0.0, "LUAS_BID": 1557.0126633699999, "Shape_Leng": 204.24544346900001, "Shape_Area": 1557.0126633899999 }, "geometry": { "type": "MultiPolygon", "coordinates": [ [ [ [ 110.649320527543352, -7.589825722015782, 0.0 ], [ 110.649337778445116, -7.590546074000714, 0.0 ], [ 110.649169260655725, -7.590549644902063, 0.0 ], [ 110.649136514037281, -7.589788370044895, 0.0 ], [ 110.6492695914649, -7.5898423256687, 0.0 ], [ 110.649320527543352, -7.589825722015782, 0.0 ] ] ] ] } },
{ "type": "Feature", "properties": { "OBJECTID": 146, "ZONA": "Pertanian", "SUB_ZONA": "Tanaman Pangan", "KODE": "P-1", "KEPADATAN": 0.0, "JUML_RUMH": 0.0, "LUAS_BID": 1766.3831175400001, "Shape_Leng": 209.583229824, "Shape_Area": 1766.38311763 }, "geometry": { "type": "MultiPolygon", "coordinates": [ [ [ [ 110.649524781100737, -7.590542110887098, 0.0 ], [ 110.649337778445116, -7.590546074000714, 0.0 ], [ 110.649320527543352, -7.589825722015782, 0.0 ], [ 110.649518388584099, -7.589761224782084, 0.0 ], [ 110.649524781100737, -7.590542110887098, 0.0 ] ] ] ] } },
{ "type": "Feature", "properties": { "OBJECTID": 147, "ZONA": "Pertanian", "SUB_ZONA": "Tanaman Pangan", "KODE": "P-1", "KEPADATAN": 0.0, "JUML_RUMH": 0.0, "LUAS_BID": 1906.00360189, "Shape_Leng": 224.40055498300001, "Shape_Area": 1906.00360181 }, "geometry": { "type": "MultiPolygon", "coordinates": [ [ [ [ 110.649719054409402, -7.590537994349631, 0.0 ], [ 110.649524781100737, -7.590542110887098, 0.0 ], [ 110.649518388584099, -7.589761224782084, 0.0 ], [ 110.64968705464959, -7.589706244288847, 0.0 ], [ 110.649708986744244, -7.589688346315348, 0.0 ], [ 110.649719054409402, -7.590537994349631, 0.0 ] ] ] ] } },
{ "type": "Feature", "properties": { "OBJECTID": 148, "ZONA": "Pertanian", "SUB_ZONA": "Tanaman Pangan", "KODE": "P-1", "KEPADATAN": 0.0, "JUML_RUMH": 0.0, "LUAS_BID": 1569.7442322300001, "Shape_Leng": 219.657215745, "Shape_Area": 1569.7442322700001 }, "geometry": { "type": "MultiPolygon", "coordinates": [ [ [ [ 110.649136514037281, -7.589788370044895, 0.0 ], [ 110.649169260655725, -7.590549644902063, 0.0 ], [ 110.648995572352945, -7.590552666115554, 0.0 ], [ 110.648992686961037, -7.58968055474678, 0.0 ], [ 110.649136514037281, -7.589788370044895, 0.0 ] ] ] ] } },
{ "type": "Feature", "properties": { "OBJECTID": 149, "ZONA": "Pertanian", "SUB_ZONA": "Tanaman Pangan", "KODE": "P-1", "KEPADATAN": 0.0, "JUML_RUMH": 0.0, "LUAS_BID": 3142.9631939599999, "Shape_Leng": 251.555099316, "Shape_Area": 3142.9631939000001 }, "geometry": { "type": "MultiPolygon", "coordinates": [ [ [ [ 110.650402028064931, -7.589788355631775, 0.0 ], [ 110.650404366113591, -7.58979276993863, 0.0 ], [ 110.65037546143256, -7.589943527220802, 0.0 ], [ 110.650375460891865, -7.589944196592181, 0.0 ], [ 110.650375403435447, -7.590015326347636, 0.0 ], [ 110.650400541853941, -7.5900727849981, 0.0 ], [ 110.650400483859983, -7.590144584124702, 0.0 ], [ 110.650391298346634, -7.590161863717251, 0.0 ], [ 110.650389748512865, -7.590164778761049, 0.0 ], [ 110.650368054466284, -7.590205586662789, 0.0 ], [ 110.650366617881616, -7.590207465175822, 0.0 ], [ 110.650310426819615, -7.590280930572596, 0.0 ], [ 110.650281574281934, -7.590367066368533, 0.0 ], [ 110.650225375521401, -7.590539751641868, 0.0 ], [ 110.65022011288201, -7.590537654263691, 0.0 ], [ 110.650211963628564, -7.590535754469702, 0.0 ], [ 110.650203621182982, -7.590535096476168, 0.0 ], [ 110.65004255589561, -7.590534479285067, 0.0 ], [ 110.650018745235883, -7.589650072533365, 0.0 ], [ 110.650402028064931, -7.589788355631775, 0.0 ] ] ] ] } },
{ "type": "Feature", "properties": { "OBJECTID": 150, "ZONA": "Pertanian", "SUB_ZONA": "Tanaman Pangan", "KODE": "P-1", "KEPADATAN": 0.0, "JUML_RUMH": 0.0, "LUAS_BID": 741.23936698600005, "Shape_Leng": 136.357507801, "Shape_Area": 741.23936697600004 }, "geometry": { "type": "MultiPolygon", "coordinates": [ [ [ [ 110.64968705464959, -7.589706244288847, 0.0 ], [ 110.649518388584099, -7.589761224782084, 0.0 ], [ 110.649320527543352, -7.589825722015782, 0.0 ], [ 110.6492695914649, -7.5898423256687, 0.0 ], [ 110.649136514037281, -7.589788370044895, 0.0 ], [ 110.649287717708205, -7.589673613382061, 0.0 ], [ 110.649305750862467, -7.589619776970973, 0.0 ], [ 110.649377710950077, -7.589616246635973, 0.0 ], [ 110.649456866303296, -7.58961272028147, 0.0 ], [ 110.649528777882793, -7.589670217592305, 0.0 ], [ 110.649622298530744, -7.589699011735806, 0.0 ], [ 110.64968705464959, -7.589706244288847, 0.0 ] ] ] ] } },
{ "type": "Feature", "properties": { "OBJECTID": 151, "ZONA": "Pertanian", "SUB_ZONA": "Tanaman Pangan", "KODE": "P-1", "KEPADATAN": 0.0, "JUML_RUMH": 0.0, "LUAS_BID": 1727.14983723, "Shape_Leng": 236.72254161699999, "Shape_Area": 1727.14983725 }, "geometry": { "type": "MultiPolygon", "coordinates": [ [ [ [ 110.650018745235883, -7.589650072533365, 0.0 ], [ 110.65004255589561, -7.590534479285067, 0.0 ], [ 110.649908997057054, -7.590533968311359, 0.0 ], [ 110.649873769744588, -7.590534714239817, 0.0 ], [ 110.649875624059007, -7.589598433758586, 0.0 ], [ 110.650018745235883, -7.589650072533365, 0.0 ] ] ] ] } },
{ "type": "Feature", "properties": { "OBJECTID": 152, "ZONA": "Pertanian", "SUB_ZONA": "Tanaman Pangan", "KODE": "P-1", "KEPADATAN": 0.0, "JUML_RUMH": 0.0, "LUAS_BID": 1787.8392635299999, "Shape_Leng": 237.27396738300001, "Shape_Area": 1787.83926365 }, "geometry": { "type": "MultiPolygon", "coordinates": [ [ [ [ 110.649875624059007, -7.589598433758586, 0.0 ], [ 110.649873769744588, -7.590534714239817, 0.0 ], [ 110.649719054409402, -7.590537994349631, 0.0 ], [ 110.649708986744244, -7.589688346315348, 0.0 ], [ 110.649836464465537, -7.589584306516649, 0.0 ], [ 110.649875624059007, -7.589598433758586, 0.0 ] ] ] ] } },
{ "type": "Feature", "properties": { "OBJECTID": 153, "ZONA": "Pertanian", "SUB_ZONA": "Tanaman Pangan", "KODE": "P-1", "KEPADATAN": 0.0, "JUML_RUMH": 0.0, "LUAS_BID": 1315.17678856, "Shape_Leng": 258.85004484799998, "Shape_Area": 1315.17678867 }, "geometry": { "type": "MultiPolygon", "coordinates": [ [ [ [ 110.648262748903903, -7.590582220826925, 0.0 ], [ 110.648205111202188, -7.590585788792733, 0.0 ], [ 110.648104086566391, -7.590592045249772, 0.0 ], [ 110.648056800368551, -7.590594972103946, 0.0 ], [ 110.648018755850458, -7.589535148676794, 0.0 ], [ 110.648059129916177, -7.589724606308319, 0.0 ], [ 110.648231324806204, -7.590445481665576, 0.0 ], [ 110.648262748903903, -7.590582220826925, 0.0 ] ] ] ] } },
{ "type": "Feature", "properties": { "OBJECTID": 154, "ZONA": "Pertanian", "SUB_ZONA": "Tanaman Pangan", "KODE": "P-1", "KEPADATAN": 0.0, "JUML_RUMH": 0.0, "LUAS_BID": 821.73035912399996, "Shape_Leng": 201.046960332, "Shape_Area": 821.73035911 }, "geometry": { "type": "MultiPolygon", "coordinates": [ [ [ [ 110.651431954558532, -7.589434067254292, 0.0 ], [ 110.651479603851854, -7.5894450198343, 0.0 ], [ 110.651569528866659, -7.589472016040058, 0.0 ], [ 110.651706192951195, -7.58947625936838, 0.0 ], [ 110.65176740605618, -7.589478157316318, 0.0 ], [ 110.651857222551939, -7.58948231332069, 0.0 ], [ 110.651955901132112, -7.589486878024256, 0.0 ], [ 110.65194124247283, -7.589652335033469, 0.0 ], [ 110.651977363131408, -7.589655521757091, 0.0 ], [ 110.651975892310162, -7.589688716905234, 0.0 ], [ 110.651971753146441, -7.589782128968741, 0.0 ], [ 110.651890329036007, -7.589740114058655, 0.0 ], [ 110.651840164701028, -7.589675351954601, 0.0 ], [ 110.651837473234281, -7.589671878110726, 0.0 ], [ 110.651804069897011, -7.589628755566001, 0.0 ], [ 110.651770779475072, -7.589603044920571, 0.0 ], [ 110.651758470763227, -7.589593538121038, 0.0 ], [ 110.651728788313207, -7.589579211494439, 0.0 ], [ 110.65170101069026, -7.5895658027078, 0.0 ], [ 110.651570528448332, -7.589512982402618, 0.0 ], [ 110.651549949268215, -7.589504652129323, 0.0 ], [ 110.651419560004044, -7.589469258138425, 0.0 ], [ 110.651337722086069, -7.589447043542074, 0.0 ], [ 110.651289918298346, -7.589436569333215, 0.0 ], [ 110.651292992950886, -7.589402127187538, 0.0 ], [ 110.651431954558532, -7.589434067254292, 0.0 ] ] ] ] } },
{ "type": "Feature", "properties": { "OBJECTID": 155, "ZONA": "Pertanian", "SUB_ZONA": "Tanaman Pangan", "KODE": "P-1", "KEPADATAN": 0.0, "JUML_RUMH": 0.0, "LUAS_BID": 1264.0826356299999, "Shape_Leng": 157.97050121300001, "Shape_Area": 1264.0826357000001 }, "geometry": { "type": "MultiPolygon", "coordinates": [ [ [ [ 110.650018745235883, -7.589650072533365, 0.0 ], [ 110.649875624059007, -7.589598433758586, 0.0 ], [ 110.649836464465537, -7.589584306516649, 0.0 ], [ 110.64953981296803, -7.58937166134736, 0.0 ], [ 110.649534520116532, -7.589333001764936, 0.0 ], [ 110.649995904185658, -7.589281928595019, 0.0 ], [ 110.650018745235883, -7.589650072533365, 0.0 ] ] ] ] } },
{ "type": "Feature", "properties": { "OBJECTID": 156, "ZONA": "Pertanian", "SUB_ZONA": "Tanaman Pangan", "KODE": "P-1", "KEPADATAN": 0.0, "JUML_RUMH": 0.0, "LUAS_BID": 2138.4402535300001, "Shape_Leng": 274.30422401599998, "Shape_Area": 2138.4402535899999 }, "geometry": { "type": "MultiPolygon", "coordinates": [ [ [ [ 110.648369685049488, -7.589453509691876, 0.0 ], [ 110.648287852602124, -7.590489099881368, 0.0 ], [ 110.648275462185779, -7.590435183728287, 0.0 ], [ 110.648103350343206, -7.589714657610995, 0.0 ], [ 110.64803821863083, -7.589409024959426, 0.0 ], [ 110.648283868100179, -7.589447383366926, 0.0 ], [ 110.648369685049488, -7.589453509691876, 0.0 ] ] ] ] } },
{ "type": "Feature", "properties": { "OBJECTID": 157, "ZONA": "Pertanian", "SUB_ZONA": "Tanaman Pangan", "KODE": "P-1", "KEPADATAN": 0.0, "JUML_RUMH": 0.0, "LUAS_BID": 1669.2632024, "Shape_Leng": 269.55414363599999, "Shape_Area": 1669.2632024 }, "geometry": { "type": "MultiPolygon", "coordinates": [ [ [ [ 110.648481439537832, -7.589461486889435, 0.0 ], [ 110.64841889799969, -7.590562699278645, 0.0 ], [ 110.648324824015063, -7.590564334603421, 0.0 ], [ 110.648320720289547, -7.590564058107491, 0.0 ], [ 110.64831672319329, -7.590563088807642, 0.0 ], [ 110.648312947831613, -7.59056145936106, 0.0 ], [ 110.648309504767468, -7.590559214180455, 0.0 ], [ 110.648306492759588, -7.590556421187446, 0.0 ], [ 110.648303999681488, -7.590553156435867, 0.0 ], [ 110.648302096165324, -7.590549516770393, 0.0 ], [ 110.648300839236938, -7.59054560897482, 0.0 ], [ 110.648287852602124, -7.590489099881368, 0.0 ], [ 110.648369685049488, -7.589453509691876, 0.0 ], [ 110.648481439537832, -7.589461486889435, 0.0 ] ] ] ] } },
{ "type": "Feature", "properties": { "OBJECTID": 158, "ZONA": "Pertanian", "SUB_ZONA": "Tanaman Pangan", "KODE": "P-1", "KEPADATAN": 0.0, "JUML_RUMH": 0.0, "LUAS_BID": 1598.91090252, "Shape_Leng": 184.141593591, "Shape_Area": 1598.9109024899999 }, "geometry": { "type": "MultiPolygon", "coordinates": [ [ [ [ 110.650402028064931, -7.589788355631775, 0.0 ], [ 110.650018745235883, -7.589650072533365, 0.0 ], [ 110.649995904185658, -7.589281928595019, 0.0 ], [ 110.650311262110549, -7.589247020429449, 0.0 ], [ 110.650267957311641, -7.589408534871505, 0.0 ], [ 110.650271514789921, -7.589458795798479, 0.0 ], [ 110.650278033680777, -7.589485839141457, 0.0 ], [ 110.650287403173621, -7.589524710949354, 0.0 ], [ 110.650296615459354, -7.589562925922557, 0.0 ], [ 110.650330420245169, -7.589638582179223, 0.0 ], [ 110.650335827998404, -7.589650684972139, 0.0 ], [ 110.650372034435037, -7.589731715318706, 0.0 ], [ 110.650386470045845, -7.589758974883915, 0.0 ], [ 110.650401938454067, -7.589788185503088, 0.0 ], [ 110.650402028064931, -7.589788355631775, 0.0 ] ] ] ] } },
{ "type": "Feature", "properties": { "OBJECTID": 159, "ZONA": "Pertanian", "SUB_ZONA": "Tanaman Pangan", "KODE": "P-1", "KEPADATAN": 0.0, "JUML_RUMH": 0.0, "LUAS_BID": 1331.6507630200001, "Shape_Leng": 264.83374984800002, "Shape_Area": 1331.65076299 }, "geometry": { "type": "MultiPolygon", "coordinates": [ [ [ [ 110.648576299687321, -7.589468258197653, 0.0 ], [ 110.648522875273315, -7.590560891029567, 0.0 ], [ 110.64841889799969, -7.590562699278645, 0.0 ], [ 110.648481439537832, -7.589461486889435, 0.0 ], [ 110.648576299687321, -7.589468258197653, 0.0 ] ] ] ] } },
{ "type": "Feature", "properties": { "OBJECTID": 160, "ZONA": "Pertanian", "SUB_ZONA": "Tanaman Pangan", "KODE": "P-1", "KEPADATAN": 0.0, "JUML_RUMH": 0.0, "LUAS_BID": 3599.7364994499999, "Shape_Leng": 269.50765876000003, "Shape_Area": 3599.7364994 }, "geometry": { "type": "MultiPolygon", "coordinates": [ [ [ [ 110.649522525808123, -7.589245400275564, 0.0 ], [ 110.649534520116532, -7.589333001764936, 0.0 ], [ 110.64953981296803, -7.58937166134736, 0.0 ], [ 110.649836464465537, -7.589584306516649, 0.0 ], [ 110.649708986744244, -7.589688346315348, 0.0 ], [ 110.64968705464959, -7.589706244288847, 0.0 ], [ 110.649622298530744, -7.589699011735806, 0.0 ], [ 110.649528777882793, -7.589670217592305, 0.0 ], [ 110.649456866303296, -7.58961272028147, 0.0 ], [ 110.649377710950077, -7.589616246635973, 0.0 ], [ 110.649305750862467, -7.589619776970973, 0.0 ], [ 110.649287717708205, -7.589673613382061, 0.0 ], [ 110.649136514037281, -7.589788370044895, 0.0 ], [ 110.648992686961037, -7.58968055474678, 0.0 ], [ 110.648988175488043, -7.589494469379438, 0.0 ], [ 110.64898572368584, -7.589393352466431, 0.0 ], [ 110.649065890648089, -7.589233348687392, 0.0 ], [ 110.649260635428107, -7.589238487225871, 0.0 ], [ 110.649487608178575, -7.589244477520413, 0.0 ], [ 110.649522525808123, -7.589245400275564, 0.0 ] ] ] ] } },
{ "type": "Feature", "properties": { "OBJECTID": 161, "ZONA": "Pertanian", "SUB_ZONA": "Tanaman Pangan", "KODE": "P-1", "KEPADATAN": 0.0, "JUML_RUMH": 0.0, "LUAS_BID": 88.541169720499994, "Shape_Leng": 47.639810953900003, "Shape_Area": 88.541169709599998 }, "geometry": { "type": "MultiPolygon", "coordinates": [ [ [ [ 110.649065890648089, -7.589233348687392, 0.0 ], [ 110.64898572368584, -7.589393352466431, 0.0 ], [ 110.648976320291112, -7.589230984234796, 0.0 ], [ 110.649065890648089, -7.589233348687392, 0.0 ] ] ] ] } },
{ "type": "Feature", "properties": { "OBJECTID": 162, "ZONA": "Pertanian", "SUB_ZONA": "Tanaman Pangan", "KODE": "P-1", "KEPADATAN": 0.0, "JUML_RUMH": 0.0, "LUAS_BID": 1939.9759276499999, "Shape_Leng": 267.856009443, "Shape_Area": 1939.9759275599999 }, "geometry": { "type": "MultiPolygon", "coordinates": [ [ [ [ 110.648988175488043, -7.589494469379438, 0.0 ], [ 110.648992686961037, -7.58968055474678, 0.0 ], [ 110.648995572352945, -7.590552666115554, 0.0 ], [ 110.648837644638462, -7.590555414151731, 0.0 ], [ 110.648850175616971, -7.589486374326726, 0.0 ], [ 110.648988175488043, -7.589494469379438, 0.0 ] ] ] ] } },
{ "type": "Feature", "properties": { "OBJECTID": 163, "ZONA": "Pertanian", "SUB_ZONA": "Tanaman Pangan", "KODE": "P-1", "KEPADATAN": 0.0, "JUML_RUMH": 0.0, "LUAS_BID": 1188.6432542299999, "Shape_Leng": 260.72023080399998, "Shape_Area": 1188.6432542699999 }, "geometry": { "type": "MultiPolygon", "coordinates": [ [ [ [ 110.64865274167812, -7.589473714753858, 0.0 ], [ 110.648625305953217, -7.590559107737597, 0.0 ], [ 110.648522875273315, -7.590560891029567, 0.0 ], [ 110.648576299687321, -7.589468258197653, 0.0 ], [ 110.64865274167812, -7.589473714753858, 0.0 ] ] ] ] } },
{ "type": "Feature", "properties": { "OBJECTID": 164, "ZONA": "Pertanian", "SUB_ZONA": "Tanaman Pangan", "KODE": "P-1", "KEPADATAN": 0.0, "JUML_RUMH": 0.0, "LUAS_BID": 1303.27611211, "Shape_Leng": 259.27728874000002, "Shape_Area": 1303.27611219 }, "geometry": { "type": "MultiPolygon", "coordinates": [ [ [ [ 110.648850175616971, -7.589486374326726, 0.0 ], [ 110.648837644638462, -7.590555414151731, 0.0 ], [ 110.648751125942866, -7.590556919988719, 0.0 ], [ 110.648737508013639, -7.589479765983988, 0.0 ], [ 110.648850175616971, -7.589486374326726, 0.0 ] ] ] ] } },
{ "type": "Feature", "properties": { "OBJECTID": 165, "ZONA": "Pertanian", "SUB_ZONA": "Tanaman Pangan", "KODE": "P-1", "KEPADATAN": 0.0, "JUML_RUMH": 0.0, "LUAS_BID": 1388.54554158, "Shape_Leng": 262.37584610099998, "Shape_Area": 1388.5455415500001 }, "geometry": { "type": "MultiPolygon", "coordinates": [ [ [ [ 110.648737508013639, -7.589479765983988, 0.0 ], [ 110.648751125942866, -7.590556919988719, 0.0 ], [ 110.648625305953217, -7.590559107737597, 0.0 ], [ 110.64865274167812, -7.589473714753858, 0.0 ], [ 110.648737508013639, -7.589479765983988, 0.0 ] ] ] ] } },
{ "type": "Feature", "properties": { "OBJECTID": 166, "ZONA": "Pertanian", "SUB_ZONA": "Tanaman Pangan", "KODE": "P-1", "KEPADATAN": 0.0, "JUML_RUMH": 0.0, "LUAS_BID": 1031.11227123, "Shape_Leng": 154.21987561399999, "Shape_Area": 1031.1121049200001 }, "geometry": { "type": "MultiPolygon", "coordinates": [ [ [ [ 110.651262448595276, -7.589302045157195, 0.0 ], [ 110.651299806396054, -7.589325808877617, 0.0 ], [ 110.651292992950886, -7.589402127187538, 0.0 ], [ 110.651289918298346, -7.589436569333215, 0.0 ], [ 110.651288006727469, -7.589436149894852, 0.0 ], [ 110.651177883364539, -7.589412021153378, 0.0 ], [ 110.651134340369111, -7.589407157692654, 0.0 ], [ 110.65112065454754, -7.5894056288647, 0.0 ], [ 110.650964881072255, -7.589399525621906, 0.0 ], [ 110.650942675894129, -7.589398655702553, 0.0 ], [ 110.650933571725659, -7.589398299234261, 0.0 ], [ 110.650885912257692, -7.589388748649782, 0.0 ], [ 110.650840665631492, -7.589379681222016, 0.0 ], [ 110.650825652913468, -7.589376673273777, 0.0 ], [ 110.650791684668292, -7.589363083070327, 0.0 ], [ 110.650767880977483, -7.589353561583653, 0.0 ], [ 110.650740089768917, -7.589342442159239, 0.0 ], [ 110.650730845614689, -7.589335814283572, 0.0 ], [ 110.650715820128525, -7.589325039798629, 0.0 ], [ 110.650685438537977, -7.58929641692922, 0.0 ], [ 110.650860930151964, -7.589246477114999, 0.0 ], [ 110.651055238011978, -7.589217912529749, 0.0 ], [ 110.651141581685636, -7.589225161284817, 0.0 ], [ 110.651262448595276, -7.589302045157195, 0.0 ] ] ] ] } },
{ "type": "Feature", "properties": { "OBJECTID": 167, "ZONA": "Pertanian", "SUB_ZONA": "Tanaman Pangan", "KODE": "P-1", "KEPADATAN": 0.0, "JUML_RUMH": 0.0, "LUAS_BID": 1769.0067167699999, "Shape_Leng": 338.967120067, "Shape_Area": 1769.0067168200001 }, "geometry": { "type": "MultiPolygon", "coordinates": [ [ [ [ 110.648018755850458, -7.589535148676794, 0.0 ], [ 110.648056800368551, -7.590594972103946, 0.0 ], [ 110.64800441366404, -7.590598215940349, 0.0 ], [ 110.647936962063284, -7.59060239373551, 0.0 ], [ 110.647909981046141, -7.589150625976292, 0.0 ], [ 110.647943580001737, -7.58915221082968, 0.0 ], [ 110.647947682590683, -7.589152753267214, 0.0 ], [ 110.647951635043384, -7.589153979427744, 0.0 ], [ 110.647955324071759, -7.589155852132689, 0.0 ], [ 110.647958643654079, -7.589158317022864, 0.0 ], [ 110.647961499564005, -7.589161307084827, 0.0 ], [ 110.647963809378652, -7.589164732700735, 0.0 ], [ 110.647965506997394, -7.589168498838679, 0.0 ], [ 110.647966544461553, -7.589172496913088, 0.0 ], [ 110.647966891948514, -7.589176612021157, 0.0 ], [ 110.647969518796657, -7.589252812163505, 0.0 ], [ 110.647977484600759, -7.58932864304668, 0.0 ], [ 110.647990749779396, -7.589403731056713, 0.0 ], [ 110.648018755850458, -7.589535148676794, 0.0 ] ] ] ] } },
{ "type": "Feature", "properties": { "OBJECTID": 168, "ZONA": "Pertanian", "SUB_ZONA": "Tanaman Pangan", "KODE": "P-1", "KEPADATAN": 0.0, "JUML_RUMH": 0.0, "LUAS_BID": 1943.90830005, "Shape_Leng": 346.65945813899998, "Shape_Area": 1943.9082998700001 }, "geometry": { "type": "MultiPolygon", "coordinates": [ [ [ [ 110.647909981046141, -7.589150625976292, 0.0 ], [ 110.647936962063284, -7.59060239373551, 0.0 ], [ 110.647816699469828, -7.59060984031769, 0.0 ], [ 110.647762595671466, -7.590613190375828, 0.0 ], [ 110.647768699623455, -7.590481562487509, 0.0 ], [ 110.647868932377435, -7.589148688641777, 0.0 ], [ 110.647909981046141, -7.589150625976292, 0.0 ] ] ] ] } },
{ "type": "Feature", "properties": { "OBJECTID": 169, "ZONA": "Pertanian", "SUB_ZONA": "Tanaman Pangan", "KODE": "P-1", "KEPADATAN": 0.0, "JUML_RUMH": 0.0, "LUAS_BID": 1714.29786111, "Shape_Leng": 319.86223791600003, "Shape_Area": 1714.297861 }, "geometry": { "type": "MultiPolygon", "coordinates": [ [ [ [ 110.647868932377435, -7.589148688641777, 0.0 ], [ 110.647768699623455, -7.590481562487509, 0.0 ], [ 110.647658763575294, -7.589139246672794, 0.0 ], [ 110.647705522745284, -7.58914097879714, 0.0 ], [ 110.647868932377435, -7.589148688641777, 0.0 ] ] ] ] } },
{ "type": "Feature", "properties": { "OBJECTID": 170, "ZONA": "Pertanian", "SUB_ZONA": "Tanaman Pangan", "KODE": "P-1", "KEPADATAN": 0.0, "JUML_RUMH": 0.0, "LUAS_BID": 1800.8994517000001, "Shape_Leng": 323.02743586899999, "Shape_Area": 1800.89945195 }, "geometry": { "type": "MultiPolygon", "coordinates": [ [ [ [ 110.647658763575294, -7.589139246672794, 0.0 ], [ 110.647768699623455, -7.590481562487509, 0.0 ], [ 110.647643263341706, -7.590490176231326, 0.0 ], [ 110.647565509033171, -7.58913579347759, 0.0 ], [ 110.647658763575294, -7.589139246672794, 0.0 ] ] ] ] } },
{ "type": "Feature", "properties": { "OBJECTID": 171, "ZONA": "Pertanian", "SUB_ZONA": "Tanaman Pangan", "KODE": "P-1", "KEPADATAN": 0.0, "JUML_RUMH": 0.0, "LUAS_BID": 1570.6359641, "Shape_Leng": 322.042759515, "Shape_Area": 1570.6359639299999 }, "geometry": { "type": "MultiPolygon", "coordinates": [ [ [ [ 110.647565509033171, -7.58913579347759, 0.0 ], [ 110.647643263341706, -7.590490176231326, 0.0 ], [ 110.647619670888076, -7.590491795258905, 0.0 ], [ 110.647555482693122, -7.590496203588998, 0.0 ], [ 110.647463924488733, -7.589132031386493, 0.0 ], [ 110.647565509033171, -7.58913579347759, 0.0 ] ] ] ] } },
{ "type": "Feature", "properties": { "OBJECTID": 172, "ZONA": "Pertanian", "SUB_ZONA": "Tanaman Pangan", "KODE": "P-1", "KEPADATAN": 0.0, "JUML_RUMH": 0.0, "LUAS_BID": 1555.54289911, "Shape_Leng": 323.98119134299998, "Shape_Area": 1555.5428991399999 }, "geometry": { "type": "MultiPolygon", "coordinates": [ [ [ [ 110.647463924488733, -7.589132031386493, 0.0 ], [ 110.647555482693122, -7.590496203588998, 0.0 ], [ 110.647465133644928, -7.590502407043514, 0.0 ], [ 110.647422813660697, -7.58990312321479, 0.0 ], [ 110.647368110848376, -7.589128482904776, 0.0 ], [ 110.647463924488733, -7.589132031386493, 0.0 ] ] ] ] } },
{ "type": "Feature", "properties": { "OBJECTID": 173, "ZONA": "Pertanian", "SUB_ZONA": "Tanaman Pangan", "KODE": "P-1", "KEPADATAN": 0.0, "JUML_RUMH": 0.0, "LUAS_BID": 880.59186749900005, "Shape_Leng": 193.12703384700001, "Shape_Area": 880.591867546 }, "geometry": { "type": "MultiPolygon", "coordinates": [ [ [ [ 110.647368110848376, -7.589128482904776, 0.0 ], [ 110.647422813660697, -7.58990312321479, 0.0 ], [ 110.647383425179541, -7.589909640255835, 0.0 ], [ 110.647325496789591, -7.589909593266364, 0.0 ], [ 110.647280844779971, -7.589125250694571, 0.0 ], [ 110.647368110848376, -7.589128482904776, 0.0 ] ] ] ] } },
{ "type": "Feature", "properties": { "OBJECTID": 174, "ZONA": "Pertanian", "SUB_ZONA": "Tanaman Pangan", "KODE": "P-1", "KEPADATAN": 0.0, "JUML_RUMH": 0.0, "LUAS_BID": 482.30293610899997, "Shape_Leng": 101.84259458299999, "Shape_Area": 482.30293612200001 }, "geometry": { "type": "MultiPolygon", "coordinates": [ [ [ [ 110.642645218159529, -7.589436365621547, 0.0 ], [ 110.642393656738307, -7.589338880135723, 0.0 ], [ 110.642393491812712, -7.58933880039916, 0.0 ], [ 110.642399438600904, -7.589334600915146, 0.0 ], [ 110.642413882633178, -7.589323594401077, 0.0 ], [ 110.642441648037433, -7.589300911981383, 0.0 ], [ 110.642482255783094, -7.589265903788299, 0.0 ], [ 110.64258928944848, -7.58917202653173, 0.0 ], [ 110.642642919947932, -7.589125742884453, 0.0 ], [ 110.642649220232045, -7.589120507970875, 0.0 ], [ 110.642645218159529, -7.589436365621547, 0.0 ] ] ] ] } },
{ "type": "Feature", "properties": { "OBJECTID": 175, "ZONA": "Pertanian", "SUB_ZONA": "Tanaman Pangan", "KODE": "P-1", "KEPADATAN": 0.0, "JUML_RUMH": 0.0, "LUAS_BID": 922.11236902999997, "Shape_Leng": 195.38114780199999, "Shape_Area": 922.11236907499995 }, "geometry": { "type": "MultiPolygon", "coordinates": [ [ [ [ 110.647280844779971, -7.589125250694571, 0.0 ], [ 110.647325496789591, -7.589909593266364, 0.0 ], [ 110.647231709004615, -7.58990951717265, 0.0 ], [ 110.647182036005276, -7.58912159119541, 0.0 ], [ 110.647280844779971, -7.589125250694571, 0.0 ] ] ] ] } },
{ "type": "Feature", "properties": { "OBJECTID": 176, "ZONA": "Pertanian", "SUB_ZONA": "Tanaman Pangan", "KODE": "P-1", "KEPADATAN": 0.0, "JUML_RUMH": 0.0, "LUAS_BID": 902.84217201800004, "Shape_Leng": 195.59561382300001, "Shape_Area": 902.84217204200002 }, "geometry": { "type": "MultiPolygon", "coordinates": [ [ [ [ 110.647182036005276, -7.58912159119541, 0.0 ], [ 110.647231709004615, -7.58990951717265, 0.0 ], [ 110.647130913608009, -7.589909435370827, 0.0 ], [ 110.64709509761299, -7.5891178580898, 0.0 ], [ 110.647123953511297, -7.589119440060971, 0.0 ], [ 110.647182036005276, -7.58912159119541, 0.0 ] ] ] ] } },
{ "type": "Feature", "properties": { "OBJECTID": 177, "ZONA": "Pertanian", "SUB_ZONA": "Tanaman Pangan", "KODE": "P-1", "KEPADATAN": 0.0, "JUML_RUMH": 0.0, "LUAS_BID": 3647.4492528199999, "Shape_Leng": 318.09895149499999, "Shape_Area": 3647.44925281 }, "geometry": { "type": "MultiPolygon", "coordinates": [ [ [ [ 110.653469059513426, -7.589772761615428, 0.0 ], [ 110.653462564117547, -7.589525882982234, 0.0 ], [ 110.653487760404602, -7.589511544129786, 0.0 ], [ 110.653484358402338, -7.589139759514394, 0.0 ], [ 110.653642679985097, -7.589137022743101, 0.0 ], [ 110.6537830834164, -7.589134595477612, 0.0 ], [ 110.653905306699784, -7.589132482954099, 0.0 ], [ 110.654074809789591, -7.589129555018663, 0.0 ], [ 110.654250984255526, -7.58912650839799, 0.0 ], [ 110.654376739495731, -7.589124336135983, 0.0 ], [ 110.654440273013279, -7.589123236944262, 0.0 ], [ 110.654426811595386, -7.589133580708283, 0.0 ], [ 110.654413407322522, -7.589143882907658, 0.0 ], [ 110.654389871608856, -7.589161968001954, 0.0 ], [ 110.654365722889779, -7.589178004690702, 0.0 ], [ 110.65431643678663, -7.589210733081594, 0.0 ], [ 110.654239369411187, -7.589277658761831, 0.0 ], [ 110.654157876803311, -7.58934842617843, 0.0 ], [ 110.654116256424871, -7.589384568108327, 0.0 ], [ 110.654026653786616, -7.589431533772849, 0.0 ], [ 110.653970361684884, -7.589461039037682, 0.0 ], [ 110.653951945176985, -7.589461024379586, 0.0 ], [ 110.653914714187039, -7.589460994744254, 0.0 ], [ 110.653870592994991, -7.589445641854369, 0.0 ], [ 110.653865655938759, -7.589445637923811, 0.0 ], [ 110.653837512179905, -7.589445615516537, 0.0 ], [ 110.653830296970511, -7.589445609771698, 0.0 ], [ 110.653772722032798, -7.589457051797556, 0.0 ], [ 110.653740560548059, -7.589463710859551, 0.0 ], [ 110.653726660869509, -7.589466586230126, 0.0 ], [ 110.653713198828825, -7.58950487082662, 0.0 ], [ 110.653707367733361, -7.589564018772459, 0.0 ], [ 110.653705460289416, -7.589583365724027, 0.0 ], [ 110.653690079084456, -7.589621645172447, 0.0 ], [ 110.653645922646916, -7.589650330580962, 0.0 ], [ 110.653600562428139, -7.58972984026461, 0.0 ], [ 110.653594848619761, -7.589735296521499, 0.0 ], [ 110.653577866246934, -7.589748891142611, 0.0 ], [ 110.653558778666607, -7.589759338941343, 0.0 ], [ 110.653538162696179, -7.589766324686795, 0.0 ], [ 110.65351664493231, -7.589769634498166, 0.0 ], [ 110.653484067306522, -7.589771774946935, 0.0 ], [ 110.653469059513426, -7.589772761615428, 0.0 ] ] ] ] } },
{ "type": "Feature", "properties": { "OBJECTID": 178, "ZONA": "Pertanian", "SUB_ZONA": "Tanaman Pangan", "KODE": "P-1", "KEPADATAN": 0.0, "JUML_RUMH": 0.0, "LUAS_BID": 947.11934871999995, "Shape_Leng": 197.49122651900001, "Shape_Area": 947.11934871300002 }, "geometry": { "type": "MultiPolygon", "coordinates": [ [ [ [ 110.64709509761299, -7.5891178580898, 0.0 ], [ 110.647130913608009, -7.589909435370827, 0.0 ], [ 110.647041627740123, -7.589909362890192, 0.0 ], [ 110.647033616876016, -7.5899101044542, 0.0 ], [ 110.646996612086525, -7.589112458444812, 0.0 ], [ 110.64709509761299, -7.5891178580898, 0.0 ] ] ] ] } },
{ "type": "Feature", "properties": { "OBJECTID": 179, "ZONA": "Pertanian", "SUB_ZONA": "Tanaman Pangan", "KODE": "P-1", "KEPADATAN": 0.0, "JUML_RUMH": 0.0, "LUAS_BID": 1000.73468682, "Shape_Leng": 200.76234317399999, "Shape_Area": 1000.7346868 }, "geometry": { "type": "MultiPolygon", "coordinates": [ [ [ [ 110.646996612086525, -7.589112458444812, 0.0 ], [ 110.647033616876016, -7.5899101044542, 0.0 ], [ 110.64693471949829, -7.589919275044097, 0.0 ], [ 110.646891823626206, -7.589106715354765, 0.0 ], [ 110.646996612086525, -7.589112458444812, 0.0 ] ] ] ] } },
{ "type": "Feature", "properties": { "OBJECTID": 180, "ZONA": "Pertanian", "SUB_ZONA": "Tanaman Pangan", "KODE": "P-1", "KEPADATAN": 0.0, "JUML_RUMH": 0.0, "LUAS_BID": 966.78184237599999, "Shape_Leng": 202.83819383299999, "Shape_Area": 966.78184230099998 }, "geometry": { "type": "MultiPolygon", "coordinates": [ [ [ [ 110.646891823626206, -7.589106715354765, 0.0 ], [ 110.64693471949829, -7.589919275044097, 0.0 ], [ 110.646834815772863, -7.589928538867621, 0.0 ], [ 110.646798507003155, -7.589101599370878, 0.0 ], [ 110.646891823626206, -7.589106715354765, 0.0 ] ] ] ] } },
{ "type": "Feature", "properties": { "OBJECTID": 181, "ZONA": "Pertanian", "SUB_ZONA": "Tanaman Pangan", "KODE": "P-1", "KEPADATAN": 0.0, "JUML_RUMH": 0.0, "LUAS_BID": 923.18532488200003, "Shape_Leng": 203.08156538, "Shape_Area": 923.18532487799996 }, "geometry": { "type": "MultiPolygon", "coordinates": [ [ [ [ 110.646798507003155, -7.589101599370878, 0.0 ], [ 110.646834815772863, -7.589928538867621, 0.0 ], [ 110.646811346183995, -7.589930716063602, 0.0 ], [ 110.646741273034394, -7.589921457983952, 0.0 ], [ 110.646708665019773, -7.58909667433814, 0.0 ], [ 110.646798507003155, -7.589101599370878, 0.0 ] ] ] ] } },
{ "type": "Feature", "properties": { "OBJECTID": 182, "ZONA": "Pertanian", "SUB_ZONA": "Tanaman Pangan", "KODE": "P-1", "KEPADATAN": 0.0, "JUML_RUMH": 0.0, "LUAS_BID": 932.72656844100004, "Shape_Leng": 202.508790406, "Shape_Area": 932.72656849700002 }, "geometry": { "type": "MultiPolygon", "coordinates": [ [ [ [ 110.646708665019773, -7.58909667433814, 0.0 ], [ 110.646741273034394, -7.589921457983952, 0.0 ], [ 110.646650284453713, -7.58990943575681, 0.0 ], [ 110.646612683275663, -7.589091412324525, 0.0 ], [ 110.646708665019773, -7.58909667433814, 0.0 ] ] ] ] } },
{ "type": "Feature", "properties": { "OBJECTID": 183, "ZONA": "Pertanian", "SUB_ZONA": "Tanaman Pangan", "KODE": "P-1", "KEPADATAN": 0.0, "JUML_RUMH": 0.0, "LUAS_BID": 952.66016092999996, "Shape_Leng": 199.14338032200001, "Shape_Area": 952.66016082700003 }, "geometry": { "type": "MultiPolygon", "coordinates": [ [ [ [ 110.646507894831288, -7.589085667333285, 0.0 ], [ 110.646543109394457, -7.58989527735777, 0.0 ], [ 110.646537938096657, -7.589894592927082, 0.0 ], [ 110.646445748597486, -7.589871173178288, 0.0 ], [ 110.646408762079275, -7.589080233561019, 0.0 ], [ 110.646507894831288, -7.589085667333285, 0.0 ] ] ] ] } },
{ "type": "Feature", "properties": { "OBJECTID": 184, "ZONA": "Pertanian", "SUB_ZONA": "Tanaman Pangan", "KODE": "P-1", "KEPADATAN": 0.0, "JUML_RUMH": 0.0, "LUAS_BID": 778.69174691199999, "Shape_Leng": 191.683994087, "Shape_Area": 778.69174695200002 }, "geometry": { "type": "MultiPolygon", "coordinates": [ [ [ [ 110.646408762079275, -7.589080233561019, 0.0 ], [ 110.646445748597486, -7.589871173178288, 0.0 ], [ 110.646365107945343, -7.58985068813934, 0.0 ], [ 110.646325053914083, -7.589076279503689, 0.0 ], [ 110.646379331464246, -7.589078619415702, 0.0 ], [ 110.646408762079275, -7.589080233561019, 0.0 ] ] ] ] } },
{ "type": "Feature", "properties": { "OBJECTID": 185, "ZONA": "Pertanian", "SUB_ZONA": "Tanaman Pangan", "KODE": "P-1", "KEPADATAN": 0.0, "JUML_RUMH": 0.0, "LUAS_BID": 1006.88663231, "Shape_Leng": 193.473242795, "Shape_Area": 1006.8866322600001 }, "geometry": { "type": "MultiPolygon", "coordinates": [ [ [ [ 110.646325053914083, -7.589076279503689, 0.0 ], [ 110.646365107945343, -7.58985068813934, 0.0 ], [ 110.646296930655197, -7.589833368317785, 0.0 ], [ 110.646255257462812, -7.589824606348774, 0.0 ], [ 110.646216934850898, -7.589071617200769, 0.0 ], [ 110.646325053914083, -7.589076279503689, 0.0 ] ] ] ] } },
{ "type": "Feature", "properties": { "OBJECTID": 186, "ZONA": "Pertanian", "SUB_ZONA": "Tanaman Pangan", "KODE": "P-1", "KEPADATAN": 0.0, "JUML_RUMH": 0.0, "LUAS_BID": 970.37704134600006, "Shape_Leng": 194.13784401800001, "Shape_Area": 970.37704144500003 }, "geometry": { "type": "MultiPolygon", "coordinates": [ [ [ [ 110.646255257462812, -7.589824606348774, 0.0 ], [ 110.646293846019503, -7.590582832165215, 0.0 ], [ 110.646242758182439, -7.590586340071468, 0.0 ], [ 110.646190938717751, -7.590589898935887, 0.0 ], [ 110.646151450189862, -7.589802779958996, 0.0 ], [ 110.646255257462812, -7.589824606348774, 0.0 ] ] ] ] } },
{ "type": "Feature", "properties": { "OBJECTID": 187, "ZONA": "Pertanian", "SUB_ZONA": "Tanaman Pangan", "KODE": "P-1", "KEPADATAN": 0.0, "JUML_RUMH": 0.0, "LUAS_BID": 877.50399963999996, "Shape_Leng": 197.142701074, "Shape_Area": 877.503999583 }, "geometry": { "type": "MultiPolygon", "coordinates": [ [ [ [ 110.646151450189862, -7.589802779958996, 0.0 ], [ 110.646190938717751, -7.590589898935887, 0.0 ], [ 110.646098851690894, -7.590596220996014, 0.0 ], [ 110.64606297092422, -7.589784174484565, 0.0 ], [ 110.646151450189862, -7.589802779958996, 0.0 ] ] ] ] } },
{ "type": "Feature", "properties": { "OBJECTID": 188, "ZONA": "Pertanian", "SUB_ZONA": "Tanaman Pangan", "KODE": "P-1", "KEPADATAN": 0.0, "JUML_RUMH": 0.0, "LUAS_BID": 952.29094682499999, "Shape_Leng": 204.75223087800001, "Shape_Area": 952.29094681399999 }, "geometry": { "type": "MultiPolygon", "coordinates": [ [ [ [ 110.64606297092422, -7.589784174484565, 0.0 ], [ 110.646098851690894, -7.590596220996014, 0.0 ], [ 110.646005311380051, -7.59060264497244, 0.0 ], [ 110.645966667311143, -7.589757740019603, 0.0 ], [ 110.646005552808077, -7.589772102566439, 0.0 ], [ 110.64606297092422, -7.589784174484565, 0.0 ] ] ] ] } },
{ "type": "Feature", "properties": { "OBJECTID": 189, "ZONA": "Pertanian", "SUB_ZONA": "Tanaman Pangan", "KODE": "P-1", "KEPADATAN": 0.0, "JUML_RUMH": 0.0, "LUAS_BID": 1021.8471574, "Shape_Leng": 214.00774254300001, "Shape_Area": 1021.84715733 }, "geometry": { "type": "MultiPolygon", "coordinates": [ [ [ [ 110.645966667311143, -7.589757740019603, 0.0 ], [ 110.646005311380051, -7.59060264497244, 0.0 ], [ 110.645946725954289, -7.590606667762312, 0.0 ], [ 110.645909202669998, -7.590609243224917, 0.0 ], [ 110.645867976807452, -7.589721288344371, 0.0 ], [ 110.645966667311143, -7.589757740019603, 0.0 ] ] ] ] } },
{ "type": "Feature", "properties": { "OBJECTID": 190, "ZONA": "Pertanian", "SUB_ZONA": "Tanaman Pangan", "KODE": "P-1", "KEPADATAN": 0.0, "JUML_RUMH": 0.0, "LUAS_BID": 1154.9150719199999, "Shape_Leng": 233.31500570200001, "Shape_Area": 1154.91507196 }, "geometry": { "type": "MultiPolygon", "coordinates": [ [ [ [ 110.64576807270366, -7.589684531727745, 0.0 ], [ 110.645801157654859, -7.590616663017354, 0.0 ], [ 110.645701649187515, -7.590623496351713, 0.0 ], [ 110.645667721484898, -7.589651347721021, 0.0 ], [ 110.64576807270366, -7.589684531727745, 0.0 ] ] ] ] } },
{ "type": "Feature", "properties": { "OBJECTID": 191, "ZONA": "Pertanian", "SUB_ZONA": "Tanaman Pangan", "KODE": "P-1", "KEPADATAN": 0.0, "JUML_RUMH": 0.0, "LUAS_BID": 1066.3287513600001, "Shape_Leng": 239.50324889500001, "Shape_Area": 1066.3287514900001 }, "geometry": { "type": "MultiPolygon", "coordinates": [ [ [ [ 110.645667721484898, -7.589651347721021, 0.0 ], [ 110.645701649187515, -7.590623496351713, 0.0 ], [ 110.645652430755334, -7.590626874551158, 0.0 ], [ 110.64562129084176, -7.59062901286423, 0.0 ], [ 110.645570467118119, -7.589619185651142, 0.0 ], [ 110.645667721484898, -7.589651347721021, 0.0 ] ] ] ] } },
{ "type": "Feature", "properties": { "OBJECTID": 192, "ZONA": "Pertanian", "SUB_ZONA": "Tanaman Pangan", "KODE": "P-1", "KEPADATAN": 0.0, "JUML_RUMH": 0.0, "LUAS_BID": 1159.2021407300001, "Shape_Leng": 248.673677013, "Shape_Area": 1159.2021406199999 }, "geometry": { "type": "MultiPolygon", "coordinates": [ [ [ [ 110.645570467118119, -7.589619185651142, 0.0 ], [ 110.64562129084176, -7.59062901286423, 0.0 ], [ 110.645526503040529, -7.590635520748235, 0.0 ], [ 110.645479219734327, -7.589589011245431, 0.0 ], [ 110.645570467118119, -7.589619185651142, 0.0 ] ] ] ] } },
{ "type": "Feature", "properties": { "OBJECTID": 193, "ZONA": "Pertanian", "SUB_ZONA": "Tanaman Pangan", "KODE": "P-1", "KEPADATAN": 0.0, "JUML_RUMH": 0.0, "LUAS_BID": 1421.6688663699999, "Shape_Leng": 270.292586857, "Shape_Area": 1421.6688664200001 }, "geometry": { "type": "MultiPolygon", "coordinates": [ [ [ [ 110.645479219734327, -7.589589011245431, 0.0 ], [ 110.645526503040529, -7.590635520748235, 0.0 ], [ 110.645498795515962, -7.590637423048596, 0.0 ], [ 110.645301446712892, -7.590650973323935, 0.0 ], [ 110.645310755831701, -7.590633565502861, 0.0 ], [ 110.645381249420055, -7.590469453334317, 0.0 ], [ 110.6453934169365, -7.590433167949371, 0.0 ], [ 110.645399480975186, -7.590395386876938, 0.0 ], [ 110.645416874874016, -7.590169720665854, 0.0 ], [ 110.64542020906454, -7.590069137657911, 0.0 ], [ 110.645419090733981, -7.590047685199139, 0.0 ], [ 110.645414351240234, -7.59002673271996, 0.0 ], [ 110.645406126980433, -7.590006880956746, 0.0 ], [ 110.645391232382991, -7.589978124730147, 0.0 ], [ 110.645384904422301, -7.589962944736228, 0.0 ], [ 110.64538117077764, -7.589946932857763, 0.0 ], [ 110.6453801344379, -7.589930525174837, 0.0 ], [ 110.645382082096106, -7.589832673699219, 0.0 ], [ 110.645384170664784, -7.589805154284954, 0.0 ], [ 110.645389313060576, -7.589778039889008, 0.0 ], [ 110.645410068088253, -7.589694404378087, 0.0 ], [ 110.645420781086699, -7.589606580721948, 0.0 ], [ 110.645422510459042, -7.589578198067608, 0.0 ], [ 110.645422022120059, -7.589570097369754, 0.0 ], [ 110.645479219734327, -7.589589011245431, 0.0 ] ] ] ] } },
{ "type": "Feature", "properties": { "OBJECTID": 194, "ZONA": "Pertanian", "SUB_ZONA": "Tanaman Pangan", "KODE": "P-1", "KEPADATAN": 0.0, "JUML_RUMH": 0.0, "LUAS_BID": 635.17586002099995, "Shape_Leng": 118.556187513, "Shape_Area": 635.17586004600003 }, "geometry": { "type": "MultiPolygon", "coordinates": [ [ [ [ 110.651706192951195, -7.58947625936838, 0.0 ], [ 110.651569528866659, -7.589472016040058, 0.0 ], [ 110.651578822219477, -7.589101061184476, 0.0 ], [ 110.651702720369386, -7.58904649809432, 0.0 ], [ 110.651706192951195, -7.58947625936838, 0.0 ] ] ] ] } },
{ "type": "Feature", "properties": { "OBJECTID": 195, "ZONA": "Pertanian", "SUB_ZONA": "Tanaman Pangan", "KODE": "P-1", "KEPADATAN": 0.0, "JUML_RUMH": 0.0, "LUAS_BID": 458.17143431599999, "Shape_Leng": 108.495623979, "Shape_Area": 458.17143431900001 }, "geometry": { "type": "MultiPolygon", "coordinates": [ [ [ [ 110.642741043695352, -7.589469414529458, 0.0 ], [ 110.642674893538668, -7.589447866111694, 0.0 ], [ 110.642645218159529, -7.589436365621547, 0.0 ], [ 110.642649220232045, -7.589120507970875, 0.0 ], [ 110.642683587399119, -7.589091946824674, 0.0 ], [ 110.642697158207696, -7.589081188335586, 0.0 ], [ 110.642725623352902, -7.58905970410306, 0.0 ], [ 110.642754789746334, -7.589038723377767, 0.0 ], [ 110.642741043695352, -7.589469414529458, 0.0 ] ] ] ] } },
{ "type": "Feature", "properties": { "OBJECTID": 196, "ZONA": "Pertanian", "SUB_ZONA": "Tanaman Pangan", "KODE": "P-1", "KEPADATAN": 0.0, "JUML_RUMH": 0.0, "LUAS_BID": 570.88146608600005, "Shape_Leng": 127.705513932, "Shape_Area": 570.88146608 }, "geometry": { "type": "MultiPolygon", "coordinates": [ [ [ [ 110.642838420047141, -7.589456684216088, 0.0 ], [ 110.642774157635188, -7.589471000288602, 0.0 ], [ 110.642765873466942, -7.589472272523724, 0.0 ], [ 110.642757494123018, -7.589472432076832, 0.0 ], [ 110.642749167375712, -7.589471472737448, 0.0 ], [ 110.642741043695352, -7.589469414529458, 0.0 ], [ 110.642754789746334, -7.589038723377767, 0.0 ], [ 110.642769347543435, -7.589028251536849, 0.0 ], [ 110.64286210370031, -7.588963186147892, 0.0 ], [ 110.642838420047141, -7.589456684216088, 0.0 ] ] ] ] } },
{ "type": "Feature", "properties": { "OBJECTID": 197, "ZONA": "Pertanian", "SUB_ZONA": "Tanaman Pangan", "KODE": "P-1", "KEPADATAN": 0.0, "JUML_RUMH": 0.0, "LUAS_BID": 1789.8038305499999, "Shape_Leng": 176.857496252, "Shape_Area": 1789.80383054 }, "geometry": { "type": "MultiPolygon", "coordinates": [ [ [ [ 110.652014514450443, -7.588970935045618, 0.0 ], [ 110.651992929558219, -7.58909725177748, 0.0 ], [ 110.651984986037448, -7.589158586122945, 0.0 ], [ 110.651955901132112, -7.589486878024256, 0.0 ], [ 110.651857222551939, -7.58948231332069, 0.0 ], [ 110.65176740605618, -7.589478157316318, 0.0 ], [ 110.651706192951195, -7.58947625936838, 0.0 ], [ 110.651702720369386, -7.58904649809432, 0.0 ], [ 110.6517347845042, -7.589032377416925, 0.0 ], [ 110.651830838595188, -7.588894838708256, 0.0 ], [ 110.651860875162484, -7.58890728413201, 0.0 ], [ 110.652014514450443, -7.588970935045618, 0.0 ] ] ] ] } },
{ "type": "Feature", "properties": { "OBJECTID": 198, "ZONA": "Pertanian", "SUB_ZONA": "Tanaman Pangan", "KODE": "P-1", "KEPADATAN": 0.0, "JUML_RUMH": 0.0, "LUAS_BID": 753.87738586099999, "Shape_Leng": 144.44249183700001, "Shape_Area": 753.87738584900001 }, "geometry": { "type": "MultiPolygon", "coordinates": [ [ [ [ 110.642959751120529, -7.589427305303087, 0.0 ], [ 110.642868696116054, -7.589449939391157, 0.0 ], [ 110.642838420047141, -7.589456684216088, 0.0 ], [ 110.64286210370031, -7.588963186147892, 0.0 ], [ 110.642872822553883, -7.588955668142991, 0.0 ], [ 110.642917324691382, -7.588925130705711, 0.0 ], [ 110.642947174274212, -7.588905646662995, 0.0 ], [ 110.642962109905923, -7.588896499395203, 0.0 ], [ 110.642975870557819, -7.588888567789685, 0.0 ], [ 110.642983468096091, -7.588884438398776, 0.0 ], [ 110.642959751120529, -7.589427305303087, 0.0 ] ] ] ] } },
{ "type": "Feature", "properties": { "OBJECTID": 199, "ZONA": "Pertanian", "SUB_ZONA": "Tanaman Pangan", "KODE": "P-1", "KEPADATAN": 0.0, "JUML_RUMH": 0.0, "LUAS_BID": 999.08975744999998, "Shape_Leng": 184.63505417, "Shape_Area": 999.08975751200001 }, "geometry": { "type": "MultiPolygon", "coordinates": [ [ [ [ 110.643768593187019, -7.588861974578826, 0.0 ], [ 110.643754880082071, -7.589383854121432, 0.0 ], [ 110.643734852239959, -7.589405282017396, 0.0 ], [ 110.64372976860821, -7.589411547328669, 0.0 ], [ 110.643725611840736, -7.58941846015688, 0.0 ], [ 110.643722461826044, -7.589425883979585, 0.0 ], [ 110.643679555570117, -7.589550693813872, 0.0 ], [ 110.643675747285002, -7.589559359051855, 0.0 ], [ 110.643670558035723, -7.589567278708453, 0.0 ], [ 110.64364764446762, -7.589596625430464, 0.0 ], [ 110.643643744620007, -7.589600886310398, 0.0 ], [ 110.643639225239596, -7.589604484547558, 0.0 ], [ 110.643634197901605, -7.589607335205134, 0.0 ], [ 110.643628785955272, -7.589609366924287, 0.0 ], [ 110.643623122702394, -7.589610531872838, 0.0 ], [ 110.643617346869959, -7.589610799409589, 0.0 ], [ 110.643648084239473, -7.588859800777501, 0.0 ], [ 110.643677123008374, -7.588860538270749, 0.0 ], [ 110.643731261923477, -7.588861627397029, 0.0 ], [ 110.643767525268814, -7.58886198365399, 0.0 ], [ 110.643768593187019, -7.588861974578826, 0.0 ] ] ] ] } },
{ "type": "Feature", "properties": { "OBJECTID": 200, "ZONA": "Pertanian", "SUB_ZONA": "Tanaman Pangan", "KODE": "P-1", "KEPADATAN": 0.0, "JUML_RUMH": 0.0, "LUAS_BID": 698.26805212299996, "Shape_Leng": 139.031930507, "Shape_Area": 698.26805208600001 }, "geometry": { "type": "MultiPolygon", "coordinates": [ [ [ [ 110.643868126100571, -7.589357165711959, 0.0 ], [ 110.643812660939943, -7.589358164132989, 0.0 ], [ 110.643799740697915, -7.589359434399021, 0.0 ], [ 110.643787189551603, -7.589362748358889, 0.0 ], [ 110.6437753303005, -7.589368022153412, 0.0 ], [ 110.643764467658585, -7.589375116730682, 0.0 ], [ 110.643754880082071, -7.589383854121432, 0.0 ], [ 110.643768593187019, -7.588861974578826, 0.0 ], [ 110.643803946907667, -7.588861666143426, 0.0 ], [ 110.64384047908176, -7.588860323858471, 0.0 ], [ 110.643884513921947, -7.588857764755804, 0.0 ], [ 110.643868126100571, -7.589357165711959, 0.0 ] ] ] ] } },
{ "type": "Feature", "properties": { "OBJECTID": 201, "ZONA": "Pertanian", "SUB_ZONA": "Tanaman Pangan", "KODE": "P-1", "KEPADATAN": 0.0, "JUML_RUMH": 0.0, "LUAS_BID": 915.63814876200001, "Shape_Leng": 188.184193642, "Shape_Area": 915.63814868099996 }, "geometry": { "type": "MultiPolygon", "coordinates": [ [ [ [ 110.643648084239473, -7.588859800777501, 0.0 ], [ 110.643617346869959, -7.589610799409589, 0.0 ], [ 110.643517423527854, -7.589607600388383, 0.0 ], [ 110.643548214173236, -7.588857066756596, 0.0 ], [ 110.643587053238235, -7.588858250999725, 0.0 ], [ 110.643648084239473, -7.588859800777501, 0.0 ] ] ] ] } },
{ "type": "Feature", "properties": { "OBJECTID": 202, "ZONA": "Pertanian", "SUB_ZONA": "Tanaman Pangan", "KODE": "P-1", "KEPADATAN": 0.0, "JUML_RUMH": 0.0, "LUAS_BID": 812.13551991099996, "Shape_Leng": 185.68030381700001, "Shape_Area": 812.13551990799999 }, "geometry": { "type": "MultiPolygon", "coordinates": [ [ [ [ 110.643548214173236, -7.588857066756596, 0.0 ], [ 110.643517423527854, -7.589607600388383, 0.0 ], [ 110.643429948564332, -7.589604801417713, 0.0 ], [ 110.643458491484481, -7.588853834482603, 0.0 ], [ 110.643514955663974, -7.588856051714621, 0.0 ], [ 110.643548214173236, -7.588857066756596, 0.0 ] ] ] ] } },
{ "type": "Feature", "properties": { "OBJECTID": 203, "ZONA": "Pertanian", "SUB_ZONA": "Tanaman Pangan", "KODE": "P-1", "KEPADATAN": 0.0, "JUML_RUMH": 0.0, "LUAS_BID": 866.092945386, "Shape_Leng": 185.46531728299999, "Shape_Area": 866.09294544500005 }, "geometry": { "type": "MultiPolygon", "coordinates": [ [ [ [ 110.643458491484481, -7.588853834482603, 0.0 ], [ 110.643429948564332, -7.589604801417713, 0.0 ], [ 110.643409918026734, -7.589604159940896, 0.0 ], [ 110.643390806173798, -7.589601990517289, 0.0 ], [ 110.643372297880447, -7.58959676418911, 0.0 ], [ 110.64333567010614, -7.589583129621857, 0.0 ], [ 110.643363210313581, -7.588850052183747, 0.0 ], [ 110.643370823202446, -7.588850393113713, 0.0 ], [ 110.643458491484481, -7.588853834482603, 0.0 ] ] ] ] } },
{ "type": "Feature", "properties": { "OBJECTID": 204, "ZONA": "Pertanian", "SUB_ZONA": "Tanaman Pangan", "KODE": "P-1", "KEPADATAN": 0.0, "JUML_RUMH": 0.0, "LUAS_BID": 547.13628083100002, "Shape_Leng": 143.508325517, "Shape_Area": 547.13628087300003 }, "geometry": { "type": "MultiPolygon", "coordinates": [ [ [ [ 110.64303706438443, -7.58943361293663, 0.0 ], [ 110.643008048634087, -7.589426906253837, 0.0 ], [ 110.64299199567462, -7.589424501426626, 0.0 ], [ 110.642975762937326, -7.589424636443993, 0.0 ], [ 110.642959751120529, -7.589427305303087, 0.0 ], [ 110.642983468096091, -7.588884438398776, 0.0 ], [ 110.642989809505423, -7.588880991820556, 0.0 ], [ 110.643003876869372, -7.588873794965298, 0.0 ], [ 110.643018021834706, -7.58886703597833, 0.0 ], [ 110.643032197182819, -7.588860809799214, 0.0 ], [ 110.643046360194234, -7.588855252076271, 0.0 ], [ 110.643060467208699, -7.588850540066628, 0.0 ], [ 110.643067022942674, -7.588848830410446, 0.0 ], [ 110.64303706438443, -7.58943361293663, 0.0 ] ] ] ] } },
{ "type": "Feature", "properties": { "OBJECTID": 205, "ZONA": "Pertanian", "SUB_ZONA": "Tanaman Pangan", "KODE": "P-1", "KEPADATAN": 0.0, "JUML_RUMH": 0.0, "LUAS_BID": 1971.269007, "Shape_Leng": 233.84443216400001, "Shape_Area": 1971.2690070900001 }, "geometry": { "type": "MultiPolygon", "coordinates": [ [ [ [ 110.65255224000957, -7.589728584005547, 0.0 ], [ 110.65235529229399, -7.589736613705113, 0.0 ], [ 110.652352893982126, -7.5888759740015, 0.0 ], [ 110.652394510907257, -7.588886015290646, 0.0 ], [ 110.65253125575083, -7.588853816538086, 0.0 ], [ 110.65255224000957, -7.589728584005547, 0.0 ] ] ] ] } },
{ "type": "Feature", "properties": { "OBJECTID": 206, "ZONA": "Pertanian", "SUB_ZONA": "Tanaman Pangan", "KODE": "P-1", "KEPADATAN": 0.0, "JUML_RUMH": 0.0, "LUAS_BID": 772.94610388700005, "Shape_Leng": 178.48850276, "Shape_Area": 772.94610385 }, "geometry": { "type": "MultiPolygon", "coordinates": [ [ [ [ 110.643363210313581, -7.588850052183747, 0.0 ], [ 110.64333567010614, -7.589583129621857, 0.0 ], [ 110.643318044983531, -7.58957656979605, 0.0 ], [ 110.643298648589479, -7.589567663002954, 0.0 ], [ 110.643251151739378, -7.589541421761572, 0.0 ], [ 110.643272180182791, -7.588845972134713, 0.0 ], [ 110.643363210313581, -7.588850052183747, 0.0 ] ] ] ] } },
{ "type": "Feature", "properties": { "OBJECTID": 207, "ZONA": "Pertanian", "SUB_ZONA": "Tanaman Pangan", "KODE": "P-1", "KEPADATAN": 0.0, "JUML_RUMH": 0.0, "LUAS_BID": 831.66775757699997, "Shape_Leng": 141.44171575600001, "Shape_Area": 831.667757607 }, "geometry": { "type": "MultiPolygon", "coordinates": [ [ [ [ 110.644002832079096, -7.589354483668091, 0.0 ], [ 110.643981714456814, -7.589355120370071, 0.0 ], [ 110.643868126100571, -7.589357165711959, 0.0 ], [ 110.643884513921947, -7.588857764755804, 0.0 ], [ 110.643894930628093, -7.588857160902972, 0.0 ], [ 110.643967303610467, -7.588851871531886, 0.0 ], [ 110.644003475716374, -7.588848529869654, 0.0 ], [ 110.644021328174745, -7.58884650109427, 0.0 ], [ 110.644002832079096, -7.589354483668091, 0.0 ] ] ] ] } },
{ "type": "Feature", "properties": { "OBJECTID": 208, "ZONA": "Pertanian", "SUB_ZONA": "Tanaman Pangan", "KODE": "P-1", "KEPADATAN": 0.0, "JUML_RUMH": 0.0, "LUAS_BID": 871.16129626500003, "Shape_Leng": 172.71913378900001, "Shape_Area": 871.16129632499997 }, "geometry": { "type": "MultiPolygon", "coordinates": [ [ [ [ 110.643272180182791, -7.588845972134713, 0.0 ], [ 110.643251151739378, -7.589541421761572, 0.0 ], [ 110.643162247279179, -7.589492302877699, 0.0 ], [ 110.643140508510101, -7.589481033264515, 0.0 ], [ 110.643171150830526, -7.58884192456572, 0.0 ], [ 110.643208736123512, -7.588843127713825, 0.0 ], [ 110.643272180182791, -7.588845972134713, 0.0 ] ] ] ] } },
{ "type": "Feature", "properties": { "OBJECTID": 209, "ZONA": "Pertanian", "SUB_ZONA": "Tanaman Pangan", "KODE": "P-1", "KEPADATAN": 0.0, "JUML_RUMH": 0.0, "LUAS_BID": 782.35971717899997, "Shape_Leng": 159.611840908, "Shape_Area": 782.35971712100002 }, "geometry": { "type": "MultiPolygon", "coordinates": [ [ [ [ 110.643171150830526, -7.58884192456572, 0.0 ], [ 110.643140508510101, -7.589481033264515, 0.0 ], [ 110.643078355935756, -7.58944881171572, 0.0 ], [ 110.643058189886091, -7.589439915135149, 0.0 ], [ 110.64303706438443, -7.58943361293663, 0.0 ], [ 110.643067022942674, -7.588848830410446, 0.0 ], [ 110.643074519873082, -7.588846875487588, 0.0 ], [ 110.643089967812443, -7.588844187164659, 0.0 ], [ 110.643105959733504, -7.588842532290488, 0.0 ], [ 110.643122445083108, -7.588841652120556, 0.0 ], [ 110.643139296203316, -7.588841346643183, 0.0 ], [ 110.643156324668567, -7.58884145107452, 0.0 ], [ 110.643171150830526, -7.58884192456572, 0.0 ] ] ] ] } },
{ "type": "Feature", "properties": { "OBJECTID": 210, "ZONA": "Pertanian", "SUB_ZONA": "Tanaman Pangan", "KODE": "P-1", "KEPADATAN": 0.0, "JUML_RUMH": 0.0, "LUAS_BID": 1933.5134099899999, "Shape_Leng": 233.684859942, "Shape_Area": 1933.5134100299999 }, "geometry": { "type": "MultiPolygon", "coordinates": [ [ [ [ 110.652352893982126, -7.5888759740015, 0.0 ], [ 110.65235529229399, -7.589736613705113, 0.0 ], [ 110.652320871340876, -7.589738018092534, 0.0 ], [ 110.652264301781855, -7.5897403246963, 0.0 ], [ 110.652164196985765, -7.589722411280409, 0.0 ], [ 110.652183970943938, -7.588835217070778, 0.0 ], [ 110.652352893982126, -7.5888759740015, 0.0 ] ] ] ] } },
{ "type": "Feature", "properties": { "OBJECTID": 211, "ZONA": "Pertanian", "SUB_ZONA": "Tanaman Pangan", "KODE": "P-1", "KEPADATAN": 0.0, "JUML_RUMH": 0.0, "LUAS_BID": 754.48890365600005, "Shape_Leng": 143.530751111, "Shape_Area": 754.48890365299997 }, "geometry": { "type": "MultiPolygon", "coordinates": [ [ [ [ 110.644119805790339, -7.589350959399387, 0.0 ], [ 110.644002832079096, -7.589354483668091, 0.0 ], [ 110.644021328174745, -7.58884650109427, 0.0 ], [ 110.644021631894844, -7.588846467874365, 0.0 ], [ 110.64403971407269, -7.588843996958422, 0.0 ], [ 110.644056025979907, -7.58884126679407, 0.0 ], [ 110.644072255894869, -7.588837924177565, 0.0 ], [ 110.644088387656623, -7.588833778234414, 0.0 ], [ 110.644104380692141, -7.588828559373721, 0.0 ], [ 110.644120052146917, -7.588821941805657, 0.0 ], [ 110.644134430015768, -7.588814154491952, 0.0 ], [ 110.644144075299508, -7.588807977032322, 0.0 ], [ 110.644119805790339, -7.589350959399387, 0.0 ] ] ] ] } },
{ "type": "Feature", "properties": { "OBJECTID": 212, "ZONA": "Pertanian", "SUB_ZONA": "Tanaman Pangan", "KODE": "P-1", "KEPADATAN": 0.0, "JUML_RUMH": 0.0, "LUAS_BID": 1699.2688168499999, "Shape_Leng": 229.03948761800001, "Shape_Area": 1699.2688167599999 }, "geometry": { "type": "MultiPolygon", "coordinates": [ [ [ [ 110.652183970943938, -7.588835217070778, 0.0 ], [ 110.652164196985765, -7.589722411280409, 0.0 ], [ 110.652030599154386, -7.589698505484379, 0.0 ], [ 110.651975892310162, -7.589688716905234, 0.0 ], [ 110.651977363131408, -7.589655521757091, 0.0 ], [ 110.652021106656207, -7.589161771936578, 0.0 ], [ 110.652028675253874, -7.589103332776189, 0.0 ], [ 110.652078824703409, -7.588809846063652, 0.0 ], [ 110.652183970943938, -7.588835217070778, 0.0 ] ] ] ] } },
{ "type": "Feature", "properties": { "OBJECTID": 213, "ZONA": "Pertanian", "SUB_ZONA": "Tanaman Pangan", "KODE": "P-1", "KEPADATAN": 0.0, "JUML_RUMH": 0.0, "LUAS_BID": 3603.3549331499999, "Shape_Leng": 280.01639093900002, "Shape_Area": 3603.3549526299998 }, "geometry": { "type": "MultiPolygon", "coordinates": [ [ [ [ 110.650465495947472, -7.588836902722467, 0.0 ], [ 110.650469702039146, -7.589082010178513, 0.0 ], [ 110.650412133459781, -7.589085554079531, 0.0 ], [ 110.650372983498741, -7.589122387801669, 0.0 ], [ 110.650360175137834, -7.589134437954247, 0.0 ], [ 110.650347322321124, -7.589146530584829, 0.0 ], [ 110.650343546213634, -7.589157052063491, 0.0 ], [ 110.65033703251575, -7.589175204893167, 0.0 ], [ 110.650314467624654, -7.589238087798101, 0.0 ], [ 110.650311262110549, -7.589247020429449, 0.0 ], [ 110.649995904185658, -7.589281928595019, 0.0 ], [ 110.649534520116532, -7.589333001764936, 0.0 ], [ 110.649522525808123, -7.589245400275564, 0.0 ], [ 110.649601707248166, -7.589209563155266, 0.0 ], [ 110.649738617936464, -7.588972736658995, 0.0 ], [ 110.649953546655198, -7.588942276037815, 0.0 ], [ 110.650040873396406, -7.588929899636756, 0.0 ], [ 110.650170459951553, -7.588851024374208, 0.0 ], [ 110.650210576408924, -7.588851056649162, 0.0 ], [ 110.650343156895985, -7.58885116328801, 0.0 ], [ 110.650407976686978, -7.588779416232447, 0.0 ], [ 110.650465495947472, -7.588836902722467, 0.0 ] ] ] ] } },
{ "type": "Feature", "properties": { "OBJECTID": 214, "ZONA": "Pertanian", "SUB_ZONA": "Tanaman Pangan", "KODE": "P-1", "KEPADATAN": 0.0, "JUML_RUMH": 0.0, "LUAS_BID": 872.23035987000003, "Shape_Leng": 156.92697369800001, "Shape_Area": 872.23035983499994 }, "geometry": { "type": "MultiPolygon", "coordinates": [ [ [ [ 110.644243074600638, -7.58934849043969, 0.0 ], [ 110.64421541347798, -7.589348080654791, 0.0 ], [ 110.644119805790339, -7.589350959399387, 0.0 ], [ 110.644144075299508, -7.588807977032322, 0.0 ], [ 110.644147958265492, -7.588805489967653, 0.0 ], [ 110.644196086240825, -7.588770837823073, 0.0 ], [ 110.644207034110707, -7.588763700789423, 0.0 ], [ 110.644218091148062, -7.588757201556771, 0.0 ], [ 110.644229143822201, -7.588751598735228, 0.0 ], [ 110.644240200132998, -7.588747085906327, 0.0 ], [ 110.644252674491227, -7.588743419997199, 0.0 ], [ 110.644265752598145, -7.588740869899206, 0.0 ], [ 110.644269756282881, -7.588740407328452, 0.0 ], [ 110.644243074600638, -7.58934849043969, 0.0 ] ] ] ] } },
{ "type": "Feature", "properties": { "OBJECTID": 215, "ZONA": "Pertanian", "SUB_ZONA": "Tanaman Pangan", "KODE": "P-1", "KEPADATAN": 0.0, "JUML_RUMH": 0.0, "LUAS_BID": 1017.21512024, "Shape_Leng": 165.01013530899999, "Shape_Area": 1017.21512028 }, "geometry": { "type": "MultiPolygon", "coordinates": [ [ [ [ 110.644404045825468, -7.588745624298216, 0.0 ], [ 110.644381177479801, -7.589356757994332, 0.0 ], [ 110.644243074600638, -7.58934849043969, 0.0 ], [ 110.644269756282881, -7.588740407328452, 0.0 ], [ 110.644279370204359, -7.588739295353535, 0.0 ], [ 110.644293383232537, -7.588738619355031, 0.0 ], [ 110.644308068238374, -7.588738769765403, 0.0 ], [ 110.644323124399193, -7.588739563618207, 0.0 ], [ 110.644373968138126, -7.588743809582448, 0.0 ], [ 110.64438652746459, -7.588744857380242, 0.0 ], [ 110.644403056785777, -7.588745622584796, 0.0 ], [ 110.644404045825468, -7.588745624298216, 0.0 ] ] ] ] } },
{ "type": "Feature", "properties": { "OBJECTID": 216, "ZONA": "Pertanian", "SUB_ZONA": "Tanaman Pangan", "KODE": "P-1", "KEPADATAN": 0.0, "JUML_RUMH": 0.0, "LUAS_BID": 2134.97135858, "Shape_Leng": 199.75496558699999, "Shape_Area": 2134.9713585700001 }, "geometry": { "type": "MultiPolygon", "coordinates": [ [ [ [ 110.644991228158602, -7.588985340197294, 0.0 ], [ 110.644963709561409, -7.589425725257381, 0.0 ], [ 110.644917727546314, -7.589415951968925, 0.0 ], [ 110.644666155860662, -7.589382191928109, 0.0 ], [ 110.644688622084473, -7.588724819680235, 0.0 ], [ 110.644781512493196, -7.588790712884303, 0.0 ], [ 110.644925355347667, -7.588877588155008, 0.0 ], [ 110.644991228158602, -7.588985340197294, 0.0 ] ] ] ] } },
{ "type": "Feature", "properties": { "OBJECTID": 217, "ZONA": "Pertanian", "SUB_ZONA": "Tanaman Pangan", "KODE": "P-1", "KEPADATAN": 0.0, "JUML_RUMH": 0.0, "LUAS_BID": 2344.8908300399999, "Shape_Leng": 265.60657604800002, "Shape_Area": 2344.89082994 }, "geometry": { "type": "MultiPolygon", "coordinates": [ [ [ [ 110.65273040079424, -7.589689573519077, 0.0 ], [ 110.652609707985761, -7.589726240995232, 0.0 ], [ 110.65255224000957, -7.589728584005547, 0.0 ], [ 110.65253125575083, -7.588853816538086, 0.0 ], [ 110.652583926170195, -7.588677510760776, 0.0 ], [ 110.652610158549393, -7.588676810788134, 0.0 ], [ 110.652728566879318, -7.588673654397075, 0.0 ], [ 110.65273040079424, -7.589689573519077, 0.0 ] ] ] ] } },
{ "type": "Feature", "properties": { "OBJECTID": 218, "ZONA": "Pertanian", "SUB_ZONA": "Tanaman Pangan", "KODE": "P-1", "KEPADATAN": 0.0, "JUML_RUMH": 0.0, "LUAS_BID": 2164.3100513, "Shape_Leng": 259.39253487100001, "Shape_Area": 2164.3100513099998 }, "geometry": { "type": "MultiPolygon", "coordinates": [ [ [ [ 110.652914089549029, -7.589633768847674, 0.0 ], [ 110.65273040079424, -7.589689573519077, 0.0 ], [ 110.652728566879318, -7.588673654397075, 0.0 ], [ 110.652759420929044, -7.588672831468644, 0.0 ], [ 110.652804761894487, -7.588671623005645, 0.0 ], [ 110.652902899420226, -7.588669006682692, 0.0 ], [ 110.652914089549029, -7.589633768847674, 0.0 ] ] ] ] } },
{ "type": "Feature", "properties": { "OBJECTID": 219, "ZONA": "Pertanian", "SUB_ZONA": "Tanaman Pangan", "KODE": "P-1", "KEPADATAN": 0.0, "JUML_RUMH": 0.0, "LUAS_BID": 2861.8703459499998, "Shape_Leng": 223.453725117, "Shape_Area": 2861.8703459799999 }, "geometry": { "type": "MultiPolygon", "coordinates": [ [ [ [ 110.642207387517203, -7.588785247295382, 0.0 ], [ 110.642012231556819, -7.589347988092913, 0.0 ], [ 110.641957671242849, -7.589341187037996, 0.0 ], [ 110.64190588868162, -7.589334274290151, 0.0 ], [ 110.641871659035559, -7.58932911636041, 0.0 ], [ 110.64185483228178, -7.589326246817173, 0.0 ], [ 110.641822020602618, -7.589319839955611, 0.0 ], [ 110.641789215858708, -7.589312722116518, 0.0 ], [ 110.641673614943258, -7.589286358559094, 0.0 ], [ 110.641640145663416, -7.589279292625511, 0.0 ], [ 110.641896021453078, -7.58862790400191, 0.0 ], [ 110.642027312516504, -7.588692850669746, 0.0 ], [ 110.642207387517203, -7.588785247295382, 0.0 ] ] ] ] } },
{ "type": "Feature", "properties": { "OBJECTID": 220, "ZONA": "Pertanian", "SUB_ZONA": "Tanaman Pangan", "KODE": "P-1", "KEPADATAN": 0.0, "JUML_RUMH": 0.0, "LUAS_BID": 615.82866156800003, "Shape_Leng": 118.802546307, "Shape_Area": 615.828661539 }, "geometry": { "type": "MultiPolygon", "coordinates": [ [ [ [ 110.654496544445806, -7.588942347662622, 0.0 ], [ 110.654630860201053, -7.588826491076765, 0.0 ], [ 110.654745661741458, -7.588727467229204, 0.0 ], [ 110.654850817290139, -7.588636763947964, 0.0 ], [ 110.654845762308625, -7.588661878578301, 0.0 ], [ 110.654840703682254, -7.588687015819566, 0.0 ], [ 110.654847874893775, -7.588717175823803, 0.0 ], [ 110.654855631379192, -7.5887352749297, 0.0 ], [ 110.654860803577563, -7.588747342207253, 0.0 ], [ 110.654856262809204, -7.588767654952702, 0.0 ], [ 110.654846360639894, -7.588811950484163, 0.0 ], [ 110.654787270633236, -7.588918167308292, 0.0 ], [ 110.654710971355613, -7.588949698374491, 0.0 ], [ 110.65463036679067, -7.588965428824307, 0.0 ], [ 110.654590073337417, -7.588961090220436, 0.0 ], [ 110.654535403123546, -7.588939505666563, 0.0 ], [ 110.65450806331306, -7.588935177347319, 0.0 ], [ 110.654496544445806, -7.588942347662622, 0.0 ] ] ] ] } },
{ "type": "Feature", "properties": { "OBJECTID": 221, "ZONA": "Pertanian", "SUB_ZONA": "Tanaman Pangan", "KODE": "P-1", "KEPADATAN": 0.0, "JUML_RUMH": 0.0, "LUAS_BID": 2064.0745080900001, "Shape_Leng": 253.997835369, "Shape_Area": 2064.0745081199998 }, "geometry": { "type": "MultiPolygon", "coordinates": [ [ [ [ 110.653081144491424, -7.589583019055314, 0.0 ], [ 110.652914089549029, -7.589633768847674, 0.0 ], [ 110.652902899420226, -7.588669006682692, 0.0 ], [ 110.652976100957318, -7.588667053377089, 0.0 ], [ 110.653090361088474, -7.588620712747399, 0.0 ], [ 110.653081144491424, -7.589583019055314, 0.0 ] ] ] ] } },
{ "type": "Feature", "properties": { "OBJECTID": 222, "ZONA": "Pertanian", "SUB_ZONA": "Tanaman Pangan", "KODE": "P-1", "KEPADATAN": 0.0, "JUML_RUMH": 0.0, "LUAS_BID": 2380.6473746000001, "Shape_Leng": 227.59730967, "Shape_Area": 2380.6473746000001 }, "geometry": { "type": "MultiPolygon", "coordinates": [ [ [ [ 110.644688622084473, -7.588724819680235, 0.0 ], [ 110.644666155860662, -7.589382191928109, 0.0 ], [ 110.644553524393743, -7.589367075185558, 0.0 ], [ 110.644381177479801, -7.589356757994332, 0.0 ], [ 110.644404045825468, -7.588745624298216, 0.0 ], [ 110.644420351823115, -7.58874566748378, 0.0 ], [ 110.644437618575409, -7.588744830416838, 0.0 ], [ 110.644454818171852, -7.588742976573344, 0.0 ], [ 110.644471939030808, -7.588739858095476, 0.0 ], [ 110.644488859063443, -7.588735115774687, 0.0 ], [ 110.644505180511104, -7.588728487869076, 0.0 ], [ 110.644520578580227, -7.588720278948555, 0.0 ], [ 110.644535064882703, -7.588710699784263, 0.0 ], [ 110.644548598551907, -7.588699838084809, 0.0 ], [ 110.64456134556491, -7.58868759719846, 0.0 ], [ 110.644584032910075, -7.588663133030552, 0.0 ], [ 110.644595122046667, -7.58865175644805, 0.0 ], [ 110.644607065602031, -7.588640931438222, 0.0 ], [ 110.644619820056818, -7.588630664297312, 0.0 ], [ 110.644633273976581, -7.588620869001341, 0.0 ], [ 110.644647304089091, -7.588611523740179, 0.0 ], [ 110.644661252000176, -7.58860292376551, 0.0 ], [ 110.644705195175206, -7.588577262142157, 0.0 ], [ 110.644688622084473, -7.588724819680235, 0.0 ] ] ] ] } },
{ "type": "Feature", "properties": { "OBJECTID": 223, "ZONA": "Pertanian", "SUB_ZONA": "Tanaman Pangan", "KODE": "P-1", "KEPADATAN": 0.0, "JUML_RUMH": 0.0, "LUAS_BID": 1640.1779149500001, "Shape_Leng": 246.193672249, "Shape_Area": 1640.1779149399999 }, "geometry": { "type": "MultiPolygon", "coordinates": [ [ [ [ 110.653228694375088, -7.589536467065413, 0.0 ], [ 110.653081144491424, -7.589583019055314, 0.0 ], [ 110.653090361088474, -7.588620712747399, 0.0 ], [ 110.653221488432138, -7.588567528998103, 0.0 ], [ 110.653228694375088, -7.589536467065413, 0.0 ] ] ] ] } },
{ "type": "Feature", "properties": { "OBJECTID": 224, "ZONA": "Pertanian", "SUB_ZONA": "Tanaman Pangan", "KODE": "P-1", "KEPADATAN": 0.0, "JUML_RUMH": 0.0, "LUAS_BID": 2000.19038714, "Shape_Leng": 208.529607059, "Shape_Area": 2000.19038714 }, "geometry": { "type": "MultiPolygon", "coordinates": [ [ [ [ 110.648722313356416, -7.588536913765495, 0.0 ], [ 110.648734281987203, -7.58922459616145, 0.0 ], [ 110.648680642758762, -7.589223179705351, 0.0 ], [ 110.648658991763, -7.589226452986016, 0.0 ], [ 110.648587595157977, -7.589237242725166, 0.0 ], [ 110.64849336617749, -7.589251482967255, 0.0 ], [ 110.648498652896265, -7.588519412572178, 0.0 ], [ 110.648722313356416, -7.588536913765495, 0.0 ] ] ] ] } },
{ "type": "Feature", "properties": { "OBJECTID": 225, "ZONA": "Pertanian", "SUB_ZONA": "Tanaman Pangan", "KODE": "P-1", "KEPADATAN": 0.0, "JUML_RUMH": 0.0, "LUAS_BID": 1892.8231375400001, "Shape_Leng": 212.712007317, "Shape_Area": 1892.82313761 }, "geometry": { "type": "MultiPolygon", "coordinates": [ [ [ [ 110.648498652896265, -7.588519412572178, 0.0 ], [ 110.64849336617749, -7.589251482967255, 0.0 ], [ 110.648384346875602, -7.589267959050087, 0.0 ], [ 110.648290133297223, -7.589282196546298, 0.0 ], [ 110.648290962055341, -7.588503157997058, 0.0 ], [ 110.648498652896265, -7.588519412572178, 0.0 ] ] ] ] } },
{ "type": "Feature", "properties": { "OBJECTID": 226, "ZONA": "Pertanian", "SUB_ZONA": "Tanaman Pangan", "KODE": "P-1", "KEPADATAN": 0.0, "JUML_RUMH": 0.0, "LUAS_BID": 2390.8430154600001, "Shape_Leng": 227.53254125500001, "Shape_Area": 2390.8430154100001 }, "geometry": { "type": "MultiPolygon", "coordinates": [ [ [ [ 110.648290962055341, -7.588503157997058, 0.0 ], [ 110.648290133297223, -7.589282196546298, 0.0 ], [ 110.648022413406466, -7.58932265598136, 0.0 ], [ 110.648014778392323, -7.589250282580713, 0.0 ], [ 110.648012218518758, -7.589177552370565, 0.0 ], [ 110.648014744371238, -7.589104822659221, 0.0 ], [ 110.648022345689796, -7.589032444406024, 0.0 ], [ 110.648063365802855, -7.588740547428728, 0.0 ], [ 110.648105951611043, -7.588520951089398, 0.0 ], [ 110.648107531780497, -7.588515299795493, 0.0 ], [ 110.648110005535358, -7.588509978483275, 0.0 ], [ 110.648113306586808, -7.588505123687058, 0.0 ], [ 110.648117348708695, -7.588500863784069, 0.0 ], [ 110.648122027558671, -7.588497309045717, 0.0 ], [ 110.648127218862925, -7.588494554349846, 0.0 ], [ 110.648132787486759, -7.58849267285614, 0.0 ], [ 110.648138587439746, -7.588491709674259, 0.0 ], [ 110.648144467305471, -7.588491693627491, 0.0 ], [ 110.648290962055341, -7.588503157997058, 0.0 ] ] ] ] } },
{ "type": "Feature", "properties": { "OBJECTID": 227, "ZONA": "Pertanian", "SUB_ZONA": "Tanaman Pangan", "KODE": "P-1", "KEPADATAN": 0.0, "JUML_RUMH": 0.0, "LUAS_BID": 1020.40177202, "Shape_Leng": 205.53736473000001, "Shape_Area": 1020.401772 }, "geometry": { "type": "MultiPolygon", "coordinates": [ [ [ [ 110.642649823389519, -7.589072918880283, 0.0 ], [ 110.642619454113486, -7.589098157258235, 0.0 ], [ 110.642565458923997, -7.589144755388333, 0.0 ], [ 110.642458430705247, -7.589238626311804, 0.0 ], [ 110.64241830377189, -7.589273220611629, 0.0 ], [ 110.642391385653781, -7.589295211741624, 0.0 ], [ 110.642377953965308, -7.589305446597039, 0.0 ], [ 110.642375848643127, -7.589306932859571, 0.0 ], [ 110.642376731073753, -7.58930320410191, 0.0 ], [ 110.642474994464777, -7.589003432809899, 0.0 ], [ 110.642630783716328, -7.588544097178301, 0.0 ], [ 110.642657550121982, -7.58846311439122, 0.0 ], [ 110.642649823389519, -7.589072918880283, 0.0 ] ] ] ] } },
{ "type": "Feature", "properties": { "OBJECTID": 228, "ZONA": "Pertanian", "SUB_ZONA": "Tanaman Pangan", "KODE": "P-1", "KEPADATAN": 0.0, "JUML_RUMH": 0.0, "LUAS_BID": 1560.7671273399999, "Shape_Leng": 257.46084150399997, "Shape_Area": 1560.7671273599999 }, "geometry": { "type": "MultiPolygon", "coordinates": [ [ [ [ 110.653313782741904, -7.588520263517744, 0.0 ], [ 110.653373993283125, -7.589177442215977, 0.0 ], [ 110.653383436620658, -7.589493510039557, 0.0 ], [ 110.653275492660683, -7.589504194525323, 0.0 ], [ 110.653228694375088, -7.589536467065413, 0.0 ], [ 110.653221488432138, -7.588567528998103, 0.0 ], [ 110.653267623035319, -7.588548817944286, 0.0 ], [ 110.653307728259691, -7.588454186239743, 0.0 ], [ 110.653313782741904, -7.588520263517744, 0.0 ] ] ] ] } },
{ "type": "Feature", "properties": { "OBJECTID": 229, "ZONA": "Pertanian", "SUB_ZONA": "Tanaman Pangan", "KODE": "P-1", "KEPADATAN": 0.0, "JUML_RUMH": 0.0, "LUAS_BID": 2234.8264010399998, "Shape_Leng": 199.94323140899999, "Shape_Area": 2234.82640107 }, "geometry": { "type": "MultiPolygon", "coordinates": [ [ [ [ 110.645790926855597, -7.588414776072951, 0.0 ], [ 110.645785056798474, -7.589008843056348, 0.0 ], [ 110.645473584082296, -7.589001940706749, 0.0 ], [ 110.645481178826628, -7.588407858870929, 0.0 ], [ 110.645509268564325, -7.588410636145445, 0.0 ], [ 110.645559222934779, -7.588414915617983, 0.0 ], [ 110.64559387497647, -7.588416800011962, 0.0 ], [ 110.645629516849922, -7.588417718239389, 0.0 ], [ 110.645682695510075, -7.58841792530013, 0.0 ], [ 110.645718248787347, -7.588417436863296, 0.0 ], [ 110.645771425408697, -7.588415704543158, 0.0 ], [ 110.645790926855597, -7.588414776072951, 0.0 ] ] ] ] } },
{ "type": "Feature", "properties": { "OBJECTID": 230, "ZONA": "Pertanian", "SUB_ZONA": "Tanaman Pangan", "KODE": "P-1", "KEPADATAN": 0.0, "JUML_RUMH": 0.0, "LUAS_BID": 1844.8084761800001, "Shape_Leng": 187.47245522599999, "Shape_Area": 1844.8084761699999 }, "geometry": { "type": "MultiPolygon", "coordinates": [ [ [ [ 110.646315272848753, -7.588468643167124, 0.0 ], [ 110.64630782071994, -7.588973895958459, 0.0 ], [ 110.646306989623199, -7.589030229231751, 0.0 ], [ 110.646063309525033, -7.589019721707598, 0.0 ], [ 110.646053860885644, -7.588400672865625, 0.0 ], [ 110.646085308067654, -7.588401725133716, 0.0 ], [ 110.646100611473614, -7.588402807679254, 0.0 ], [ 110.646115779389035, -7.588404398474556, 0.0 ], [ 110.646130681169524, -7.588406622242077, 0.0 ], [ 110.646145600428241, -7.588409644746415, 0.0 ], [ 110.646160539952874, -7.588413382770703, 0.0 ], [ 110.646175503468058, -7.588417716011974, 0.0 ], [ 110.646190451167172, -7.588422544936651, 0.0 ], [ 110.646205346840276, -7.588427806196377, 0.0 ], [ 110.646220133417955, -7.588433447280425, 0.0 ], [ 110.646265555071025, -7.588452156987494, 0.0 ], [ 110.646281310393121, -7.588458231235484, 0.0 ], [ 110.646297540292935, -7.588463749566906, 0.0 ], [ 110.646315272848753, -7.588468643167124, 0.0 ] ] ] ] } },
{ "type": "Feature", "properties": { "OBJECTID": 231, "ZONA": "Pertanian", "SUB_ZONA": "Tanaman Pangan", "KODE": "P-1", "KEPADATAN": 0.0, "JUML_RUMH": 0.0, "LUAS_BID": 2002.91834965, "Shape_Leng": 193.89428036800001, "Shape_Area": 2002.91834963 }, "geometry": { "type": "MultiPolygon", "coordinates": [ [ [ [ 110.646053860885644, -7.588400672865625, 0.0 ], [ 110.646063309525033, -7.589019721707598, 0.0 ], [ 110.645838534798756, -7.589010028170373, 0.0 ], [ 110.645785056798474, -7.589008843056348, 0.0 ], [ 110.645790926855597, -7.588414776072951, 0.0 ], [ 110.645824550103072, -7.588413174355685, 0.0 ], [ 110.645876365409592, -7.588409947491614, 0.0 ], [ 110.645958110774671, -7.588403917349427, 0.0 ], [ 110.645990553102507, -7.588401937457803, 0.0 ], [ 110.646006536971299, -7.588401233157646, 0.0 ], [ 110.646038275623624, -7.588400602287384, 0.0 ], [ 110.646053860885644, -7.588400672865625, 0.0 ] ] ] ] } },
{ "type": "Feature", "properties": { "OBJECTID": 232, "ZONA": "Pertanian", "SUB_ZONA": "Tanaman Pangan", "KODE": "P-1", "KEPADATAN": 0.0, "JUML_RUMH": 0.0, "LUAS_BID": 1334.1005360199999, "Shape_Leng": 159.84154746, "Shape_Area": 1334.1005360500001 }, "geometry": { "type": "MultiPolygon", "coordinates": [ [ [ [ 110.650465495947472, -7.588836902722467, 0.0 ], [ 110.650407976686978, -7.588779416232447, 0.0 ], [ 110.650343156895985, -7.58885116328801, 0.0 ], [ 110.650210576408924, -7.588851056649162, 0.0 ], [ 110.650220706871906, -7.588414839685361, 0.0 ], [ 110.650479479574088, -7.588396569487465, 0.0 ], [ 110.650465495947472, -7.588836902722467, 0.0 ] ] ] ] } },
{ "type": "Feature", "properties": { "OBJECTID": 233, "ZONA": "Pertanian", "SUB_ZONA": "Tanaman Pangan", "KODE": "P-1", "KEPADATAN": 0.0, "JUML_RUMH": 0.0, "LUAS_BID": 2385.5687908700002, "Shape_Leng": 205.55722088799999, "Shape_Area": 2385.5687909100002 }, "geometry": { "type": "MultiPolygon", "coordinates": [ [ [ [ 110.645481178826628, -7.588407858870929, 0.0 ], [ 110.645473584082296, -7.589001940706749, 0.0 ], [ 110.64514508404072, -7.588994661510934, 0.0 ], [ 110.645164430585069, -7.58837537298115, 0.0 ], [ 110.64517059683665, -7.588376559363274, 0.0 ], [ 110.645187629461446, -7.588379314066988, 0.0 ], [ 110.645221924966648, -7.588383726433771, 0.0 ], [ 110.645256337235949, -7.588387253332723, 0.0 ], [ 110.645393084306335, -7.588399149430789, 0.0 ], [ 110.645481178826628, -7.588407858870929, 0.0 ] ] ] ] } },
{ "type": "Feature", "properties": { "OBJECTID": 234, "ZONA": "Pertanian", "SUB_ZONA": "Tanaman Pangan", "KODE": "P-1", "KEPADATAN": 0.0, "JUML_RUMH": 0.0, "LUAS_BID": 5164.7827623699995, "Shape_Leng": 294.33756173099999, "Shape_Area": 5164.7827623599997 }, "geometry": { "type": "MultiPolygon", "coordinates": [ [ [ [ 110.641896021453078, -7.58862790400191, 0.0 ], [ 110.641640145663416, -7.589279292625511, 0.0 ], [ 110.641605697680504, -7.589272879876417, 0.0 ], [ 110.641570429569555, -7.58926720547055, 0.0 ], [ 110.641535203653817, -7.589262030411396, 0.0 ], [ 110.641377321151197, -7.589240411586395, 0.0 ], [ 110.641324951666846, -7.589232902183981, 0.0 ], [ 110.641290346994069, -7.589227422782473, 0.0 ], [ 110.641256197120043, -7.5892211974951, 0.0 ], [ 110.641205239972479, -7.589210488021254, 0.0 ], [ 110.641120615354723, -7.589191228933773, 0.0 ], [ 110.641121562321629, -7.589188399360734, 0.0 ], [ 110.641127637278174, -7.589175046801502, 0.0 ], [ 110.64113897066494, -7.589148012655071, 0.0 ], [ 110.64137796678169, -7.588414015448828, 0.0 ], [ 110.64139003190067, -7.58837799875381, 0.0 ], [ 110.641391457916058, -7.588374690160451, 0.0 ], [ 110.641393415839559, -7.588371663322599, 0.0 ], [ 110.641395850301592, -7.588369003222798, 0.0 ], [ 110.64139869415574, -7.588366784883817, 0.0 ], [ 110.641401868481736, -7.58836506975034, 0.0 ], [ 110.641405284400079, -7.588363903881401, 0.0 ], [ 110.641408846695228, -7.588363321571603, 0.0 ], [ 110.641412456540451, -7.588363339021446, 0.0 ], [ 110.641416013310888, -7.588363954338811, 0.0 ], [ 110.641419418206041, -7.588365152064815, 0.0 ], [ 110.641422576067257, -7.588366897747848, 0.0 ], [ 110.641429125953792, -7.588371150942864, 0.0 ], [ 110.641600887934302, -7.588479654709774, 0.0 ], [ 110.641634753399842, -7.588498661106188, 0.0 ], [ 110.641896021453078, -7.58862790400191, 0.0 ] ] ] ] } },
{ "type": "Feature", "properties": { "OBJECTID": 235, "ZONA": "Pertanian", "SUB_ZONA": "Tanaman Pangan", "KODE": "P-1", "KEPADATAN": 0.0, "JUML_RUMH": 0.0, "LUAS_BID": 2257.24990854, "Shape_Leng": 249.42080661099999, "Shape_Area": 2257.24990845 }, "geometry": { "type": "MultiPolygon", "coordinates": [ [ [ [ 110.651262448595276, -7.589302045157195, 0.0 ], [ 110.651141581685636, -7.589225161284817, 0.0 ], [ 110.651055238011978, -7.589217912529749, 0.0 ], [ 110.65105531095368, -7.588355912634884, 0.0 ], [ 110.651146052233088, -7.588349505200637, 0.0 ], [ 110.651260895967624, -7.588342926217114, 0.0 ], [ 110.651262448595276, -7.589302045157195, 0.0 ] ] ] ] } },
{ "type": "Feature", "properties": { "OBJECTID": 236, "ZONA": "Pertanian", "SUB_ZONA": "Tanaman Pangan", "KODE": "P-1", "KEPADATAN": 0.0, "JUML_RUMH": 0.0, "LUAS_BID": 2231.42425241, "Shape_Leng": 276.299336971, "Shape_Area": 2231.4242525899999 }, "geometry": { "type": "MultiPolygon", "coordinates": [ [ [ [ 110.651431954558532, -7.589434067254292, 0.0 ], [ 110.651292992950886, -7.589402127187538, 0.0 ], [ 110.651299806396054, -7.589325808877617, 0.0 ], [ 110.651262448595276, -7.589302045157195, 0.0 ], [ 110.651260895967624, -7.588342926217114, 0.0 ], [ 110.651436811938353, -7.588332848492322, 0.0 ], [ 110.651431954558532, -7.589434067254292, 0.0 ] ] ] ] } },
{ "type": "Feature", "properties": { "OBJECTID": 237, "ZONA": "Pertanian", "SUB_ZONA": "Tanaman Pangan", "KODE": "P-1", "KEPADATAN": 0.0, "JUML_RUMH": 0.0, "LUAS_BID": 1865.55741558, "Shape_Leng": 284.71520117099999, "Shape_Area": 1865.5574154000001 }, "geometry": { "type": "MultiPolygon", "coordinates": [ [ [ [ 110.651579306198087, -7.588499742143483, 0.0 ], [ 110.651570097159038, -7.58876599011943, 0.0 ], [ 110.651513092207864, -7.58881381086019, 0.0 ], [ 110.651569964722384, -7.588930530681528, 0.0 ], [ 110.651578822219477, -7.589101061184476, 0.0 ], [ 110.651569528866659, -7.589472016040058, 0.0 ], [ 110.651479603851854, -7.5894450198343, 0.0 ], [ 110.651431954558532, -7.589434067254292, 0.0 ], [ 110.651436811938353, -7.588332848492322, 0.0 ], [ 110.651581081670287, -7.588324583398883, 0.0 ], [ 110.651579306198087, -7.588499742143483, 0.0 ] ] ] ] } },
{ "type": "Feature", "properties": { "OBJECTID": 238, "ZONA": "Pertanian", "SUB_ZONA": "Tanaman Pangan", "KODE": "P-1", "KEPADATAN": 0.0, "JUML_RUMH": 0.0, "LUAS_BID": 2762.0050053999998, "Shape_Leng": 217.57143982700001, "Shape_Area": 2762.00500534 }, "geometry": { "type": "MultiPolygon", "coordinates": [ [ [ [ 110.645164430585069, -7.58837537298115, 0.0 ], [ 110.64514508404072, -7.588994661510934, 0.0 ], [ 110.645120894205647, -7.588994125266193, 0.0 ], [ 110.645119888038721, -7.589039342297859, 0.0 ], [ 110.645023307033341, -7.588998804473334, 0.0 ], [ 110.644991228158602, -7.588985340197294, 0.0 ], [ 110.644925355347667, -7.588877588155008, 0.0 ], [ 110.644781512493196, -7.588790712884303, 0.0 ], [ 110.644688622084473, -7.588724819680235, 0.0 ], [ 110.644705195175206, -7.588577262142157, 0.0 ], [ 110.644720030117412, -7.588568135534123, 0.0 ], [ 110.644733603953185, -7.588559132723907, 0.0 ], [ 110.644746842831623, -7.588549563387486, 0.0 ], [ 110.644759666168966, -7.588539307153106, 0.0 ], [ 110.644771961697657, -7.588528188445198, 0.0 ], [ 110.644783513822645, -7.588516008989913, 0.0 ], [ 110.644794501687556, -7.588502093230272, 0.0 ], [ 110.644804310569484, -7.588487650055605, 0.0 ], [ 110.64481329554819, -7.588473028010122, 0.0 ], [ 110.644837842921106, -7.588431099274041, 0.0 ], [ 110.644845607749986, -7.588418611887983, 0.0 ], [ 110.644853637068167, -7.588406394275498, 0.0 ], [ 110.644861932541104, -7.58839462644458, 0.0 ], [ 110.644870542087219, -7.58838346492254, 0.0 ], [ 110.644879553518166, -7.588373059937391, 0.0 ], [ 110.644888963057909, -7.588363594206357, 0.0 ], [ 110.644898961318148, -7.588354778427123, 0.0 ], [ 110.644909442199136, -7.5883466541226, 0.0 ], [ 110.644920281420525, -7.588339323406093, 0.0 ], [ 110.644931378238013, -7.588332930019746, 0.0 ], [ 110.644943125245305, -7.588327401015034, 0.0 ], [ 110.64495509343719, -7.588322992031032, 0.0 ], [ 110.644967109582268, -7.588319802427415, 0.0 ], [ 110.644978980461417, -7.588317984916429, 0.0 ], [ 110.644992723945975, -7.588317657833273, 0.0 ], [ 110.645006708095224, -7.588319017038691, 0.0 ], [ 110.64502076261104, -7.588321901382645, 0.0 ], [ 110.645034673595177, -7.588326254608071, 0.0 ], [ 110.645047347281505, -7.588331548465938, 0.0 ], [ 110.645088520242609, -7.588352043132379, 0.0 ], [ 110.645103657690754, -7.588358721161305, 0.0 ], [ 110.645120130223361, -7.588364606079099, 0.0 ], [ 110.64513686021229, -7.588369388552529, 0.0 ], [ 110.645153694257914, -7.588373304545505, 0.0 ], [ 110.645164430585069, -7.58837537298115, 0.0 ] ] ] ] } },
{ "type": "Feature", "properties": { "OBJECTID": 239, "ZONA": "Pertanian", "SUB_ZONA": "Tanaman Pangan", "KODE": "P-1", "KEPADATAN": 0.0, "JUML_RUMH": 0.0, "LUAS_BID": 1547.76756009, "Shape_Leng": 193.73573862000001, "Shape_Area": 1547.76756013 }, "geometry": { "type": "MultiPolygon", "coordinates": [ [ [ [ 110.64656861385167, -7.588906464411536, 0.0 ], [ 110.64630782071994, -7.588973895958459, 0.0 ], [ 110.646315272848753, -7.588468643167124, 0.0 ], [ 110.646333257426008, -7.588472425272055, 0.0 ], [ 110.646351456890997, -7.588475053337305, 0.0 ], [ 110.646369845077885, -7.588476375376148, 0.0 ], [ 110.646387407687413, -7.588476238598226, 0.0 ], [ 110.646404746506079, -7.588474837972577, 0.0 ], [ 110.646421842434208, -7.588472249466442, 0.0 ], [ 110.646438687360074, -7.588468415181619, 0.0 ], [ 110.646455237940756, -7.588463125225859, 0.0 ], [ 110.646471315872731, -7.588456029390969, 0.0 ], [ 110.646486637712471, -7.588446753864838, 0.0 ], [ 110.646500619278811, -7.588435746832481, 0.0 ], [ 110.646513240477773, -7.588423191902605, 0.0 ], [ 110.64652437620623, -7.588409088973623, 0.0 ], [ 110.646534027667599, -7.588393074415038, 0.0 ], [ 110.646541940968604, -7.58837633298919, 0.0 ], [ 110.646548576372453, -7.588359185283238, 0.0 ], [ 110.646554280094193, -7.588341735602609, 0.0 ], [ 110.646559269650652, -7.588324050156767, 0.0 ], [ 110.646563668312695, -7.588306152564378, 0.0 ], [ 110.646567520470029, -7.58828808085291, 0.0 ], [ 110.64656861385167, -7.588906464411536, 0.0 ] ] ] ] } },
{ "type": "Feature", "properties": { "OBJECTID": 240, "ZONA": "Pertanian", "SUB_ZONA": "Tanaman Pangan", "KODE": "P-1", "KEPADATAN": 0.0, "JUML_RUMH": 0.0, "LUAS_BID": 948.92727415499996, "Shape_Leng": 181.437771607, "Shape_Area": 948.92727418699997 }, "geometry": { "type": "MultiPolygon", "coordinates": [ [ [ [ 110.641314058010408, -7.588522464193684, 0.0 ], [ 110.641107784326138, -7.58915596871256, 0.0 ], [ 110.64110108483986, -7.589177971021851, 0.0 ], [ 110.64109884895484, -7.589186037812762, 0.0 ], [ 110.641052345096483, -7.589174934897479, 0.0 ], [ 110.641018746562779, -7.589166340111105, 0.0 ], [ 110.641002148741947, -7.589161810864781, 0.0 ], [ 110.640985284676248, -7.589156944903285, 0.0 ], [ 110.641221936242886, -7.588473855159518, 0.0 ], [ 110.641314058010408, -7.588522464193684, 0.0 ] ] ] ] } },
{ "type": "Feature", "properties": { "OBJECTID": 241, "ZONA": "Pertanian", "SUB_ZONA": "Tanaman Pangan", "KODE": "P-1", "KEPADATAN": 0.0, "JUML_RUMH": 0.0, "LUAS_BID": 1097.63266666, "Shape_Leng": 149.72098486900001, "Shape_Area": 1097.63266671 }, "geometry": { "type": "MultiPolygon", "coordinates": [ [ [ [ 110.647846471400698, -7.589102349930278, 0.0 ], [ 110.647707434259658, -7.589095790522299, 0.0 ], [ 110.647669523628394, -7.589094385781848, 0.0 ], [ 110.647697796320827, -7.588647425809248, 0.0 ], [ 110.647884599467986, -7.588593476515114, 0.0 ], [ 110.647900350835741, -7.588586616451336, 0.0 ], [ 110.647846471400698, -7.589102349930278, 0.0 ] ] ] ] } },
{ "type": "Feature", "properties": { "OBJECTID": 242, "ZONA": "Pertanian", "SUB_ZONA": "Tanaman Pangan", "KODE": "P-1", "KEPADATAN": 0.0, "JUML_RUMH": 0.0, "LUAS_BID": 1424.6602707899999, "Shape_Leng": 162.76806008899999, "Shape_Area": 1424.6602708400001 }, "geometry": { "type": "MultiPolygon", "coordinates": [ [ [ [ 110.644463304785162, -7.588271101060734, 0.0 ], [ 110.64454302482676, -7.588291672521296, 0.0 ], [ 110.64460895877022, -7.588303754296466, 0.0 ], [ 110.644680475286179, -7.588316859153721, 0.0 ], [ 110.644763195920802, -7.588332016544983, 0.0 ], [ 110.644843105788823, -7.588346659646276, 0.0 ], [ 110.644842432588163, -7.588360583832432, 0.0 ], [ 110.644832721325514, -7.588373172748046, 0.0 ], [ 110.644823636240133, -7.588386059773831, 0.0 ], [ 110.644815035080313, -7.588399152528917, 0.0 ], [ 110.644806776442266, -7.588412430093022, 0.0 ], [ 110.644782180043663, -7.588454444720077, 0.0 ], [ 110.644773828679917, -7.588468034279522, 0.0 ], [ 110.644765212438159, -7.58848072178, 0.0 ], [ 110.644756046809746, -7.588492328791505, 0.0 ], [ 110.644746579728903, -7.588502310069282, 0.0 ], [ 110.644736129481217, -7.588511761378262, 0.0 ], [ 110.6447248537267, -7.588520778730122, 0.0 ], [ 110.644712922861544, -7.58852940387362, 0.0 ], [ 110.644700471941562, -7.588537660437491, 0.0 ], [ 110.64468651860598, -7.588546245936237, 0.0 ], [ 110.644642560921753, -7.588571915686996, 0.0 ], [ 110.644627700564953, -7.588581078453763, 0.0 ], [ 110.644612511255005, -7.588591195257736, 0.0 ], [ 110.6445977348029, -7.588601952824269, 0.0 ], [ 110.644583470857228, -7.588613438072227, 0.0 ], [ 110.644569908823385, -7.588625727139191, 0.0 ], [ 110.644557723655538, -7.58863822990191, 0.0 ], [ 110.644535444617148, -7.588662253883474, 0.0 ], [ 110.644524615553493, -7.588672652851924, 0.0 ], [ 110.644513640029118, -7.588681460586307, 0.0 ], [ 110.64450197643059, -7.588689171435922, 0.0 ], [ 110.644489759914848, -7.588695686010084, 0.0 ], [ 110.644477083996492, -7.58870083342411, 0.0 ], [ 110.644463761965298, -7.588704567392955, 0.0 ], [ 110.644449607767214, -7.588707146467423, 0.0 ], [ 110.644434788971253, -7.588708743554673, 0.0 ], [ 110.644419520326053, -7.588709483659001, 0.0 ], [ 110.644405400006249, -7.588709445879189, 0.0 ], [ 110.644422198985964, -7.588260494093547, 0.0 ], [ 110.644463304785162, -7.588271101060734, 0.0 ] ] ] ] } },
{ "type": "Feature", "properties": { "OBJECTID": 243, "ZONA": "Pertanian", "SUB_ZONA": "Tanaman Pangan", "KODE": "P-1", "KEPADATAN": 0.0, "JUML_RUMH": 0.0, "LUAS_BID": 1591.4999766200001, "Shape_Leng": 191.742931046, "Shape_Area": 1591.49997661 }, "geometry": { "type": "MultiPolygon", "coordinates": [ [ [ [ 110.649990917804715, -7.588338316537793, 0.0 ], [ 110.650041925519801, -7.588414517636225, 0.0 ], [ 110.649985986652339, -7.58843642800788, 0.0 ], [ 110.649793842674001, -7.588521452671586, 0.0 ], [ 110.649783830683432, -7.588524940718679, 0.0 ], [ 110.649773383088956, -7.588526758603328, 0.0 ], [ 110.649762779145291, -7.588526858608956, 0.0 ], [ 110.649652419107895, -7.588518903678563, 0.0 ], [ 110.649483527984174, -7.588518767564327, 0.0 ], [ 110.649447433046703, -7.588520912115107, 0.0 ], [ 110.649411858598455, -7.588527370912422, 0.0 ], [ 110.649352019278794, -7.588542002707648, 0.0 ], [ 110.649298326962068, -7.588366737769931, 0.0 ], [ 110.649343820598702, -7.588377334252105, 0.0 ], [ 110.649359004417647, -7.588380575763175, 0.0 ], [ 110.649374526802148, -7.588383293808532, 0.0 ], [ 110.649390445147972, -7.588385138371052, 0.0 ], [ 110.649408036153289, -7.588385760416689, 0.0 ], [ 110.64942554491175, -7.588384955909716, 0.0 ], [ 110.64944289520605, -7.588382808007892, 0.0 ], [ 110.649460097957032, -7.588379264255765, 0.0 ], [ 110.649477030003368, -7.588374165352077, 0.0 ], [ 110.649492207836687, -7.58836800579802, 0.0 ], [ 110.649506692960514, -7.588360860623008, 0.0 ], [ 110.64952062745256, -7.588353038395424, 0.0 ], [ 110.649534172516624, -7.588344738247646, 0.0 ], [ 110.649571183682298, -7.588320533198651, 0.0 ], [ 110.649583260450044, -7.588312971793171, 0.0 ], [ 110.649595341286656, -7.588305982974874, 0.0 ], [ 110.649609565436961, -7.588298695570574, 0.0 ], [ 110.649624234166438, -7.588292067945726, 0.0 ], [ 110.649639297694222, -7.588286002368053, 0.0 ], [ 110.649654648154765, -7.588280482468598, 0.0 ], [ 110.64967022298778, -7.58827551905163, 0.0 ], [ 110.649684724647258, -7.588271458421449, 0.0 ], [ 110.64969941543319, -7.588267819466481, 0.0 ], [ 110.64971421196914, -7.58826457046005, 0.0 ], [ 110.649729029942137, -7.588261716761577, 0.0 ], [ 110.649743501230063, -7.588259338580071, 0.0 ], [ 110.649758388293137, -7.588257366878851, 0.0 ], [ 110.649772700078657, -7.588256047803589, 0.0 ], [ 110.649783146535299, -7.58825562836212, 0.0 ], [ 110.649788268680609, -7.588255422630392, 0.0 ], [ 110.649803281689373, -7.588255771216565, 0.0 ], [ 110.649817480643307, -7.588257212755488, 0.0 ], [ 110.649830509145445, -7.588259901639414, 0.0 ], [ 110.649842176653323, -7.588264045763014, 0.0 ], [ 110.649852678806454, -7.588269860568385, 0.0 ], [ 110.649862972825815, -7.588277458086882, 0.0 ], [ 110.649873186795446, -7.588286515494924, 0.0 ], [ 110.649895547378208, -7.588308131595687, 0.0 ], [ 110.64990925838849, -7.588318819115794, 0.0 ], [ 110.649924583138841, -7.588327154278582, 0.0 ], [ 110.649940968701344, -7.588333057037769, 0.0 ], [ 110.649957988831602, -7.58833673509808, 0.0 ], [ 110.649974438635894, -7.588338305986448, 0.0 ], [ 110.649990917804715, -7.588338316537793, 0.0 ] ] ] ] } },
{ "type": "Feature", "properties": { "OBJECTID": 244, "ZONA": "Pertanian", "SUB_ZONA": "Tanaman Pangan", "KODE": "P-1", "KEPADATAN": 0.0, "JUML_RUMH": 0.0, "LUAS_BID": 747.1013209, "Shape_Leng": 132.05364685399999, "Shape_Area": 747.10132085800001 }, "geometry": { "type": "MultiPolygon", "coordinates": [ [ [ [ 110.644318391739233, -7.588233707605163, 0.0 ], [ 110.64439498575679, -7.588253472384952, 0.0 ], [ 110.644422198985964, -7.588260494093547, 0.0 ], [ 110.644405400006249, -7.588709445879189, 0.0 ], [ 110.64440394409759, -7.588709441974847, 0.0 ], [ 110.644388879698369, -7.588708745810196, 0.0 ], [ 110.6443255944816, -7.588703461190696, 0.0 ], [ 110.644309211197722, -7.588702596601583, 0.0 ], [ 110.644292691360675, -7.5887024275037, 0.0 ], [ 110.64427640281346, -7.588703214710109, 0.0 ], [ 110.644271362848826, -7.58870379764363, 0.0 ], [ 110.644292284263713, -7.588226970825339, 0.0 ], [ 110.644318391739233, -7.588233707605163, 0.0 ] ] ] ] } },
{ "type": "Feature", "properties": { "OBJECTID": 245, "ZONA": "Pertanian", "SUB_ZONA": "Tanaman Pangan", "KODE": "P-1", "KEPADATAN": 0.0, "JUML_RUMH": 0.0, "LUAS_BID": 1064.25076967, "Shape_Leng": 150.877124192, "Shape_Area": 1064.2507696600001 }, "geometry": { "type": "MultiPolygon", "coordinates": [ [ [ [ 110.647404494448239, -7.588247764947975, 0.0 ], [ 110.647400351401359, -7.588303587185512, 0.0 ], [ 110.64736928492168, -7.58872216712739, 0.0 ], [ 110.647193106711086, -7.588762362896746, 0.0 ], [ 110.647232563649979, -7.588227819334783, 0.0 ], [ 110.64726662910914, -7.588233098823586, 0.0 ], [ 110.647317569277675, -7.588239140064796, 0.0 ], [ 110.647404494448239, -7.588247764947975, 0.0 ] ] ] ] } },
{ "type": "Feature", "properties": { "OBJECTID": 246, "ZONA": "Pertanian", "SUB_ZONA": "Tanaman Pangan", "KODE": "P-1", "KEPADATAN": 0.0, "JUML_RUMH": 0.0, "LUAS_BID": 775.79641615200001, "Shape_Leng": 128.17402145599999, "Shape_Area": 775.79641610700003 }, "geometry": { "type": "MultiPolygon", "coordinates": [ [ [ [ 110.647669523628394, -7.589094385781848, 0.0 ], [ 110.64751887736881, -7.589088807395284, 0.0 ], [ 110.647547388714017, -7.58868295157587, 0.0 ], [ 110.64766147972712, -7.588657915467856, 0.0 ], [ 110.647697796320827, -7.588647425809248, 0.0 ], [ 110.647669523628394, -7.589094385781848, 0.0 ] ] ] ] } },
{ "type": "Feature", "properties": { "OBJECTID": 247, "ZONA": "Pertanian", "SUB_ZONA": "Tanaman Pangan", "KODE": "P-1", "KEPADATAN": 0.0, "JUML_RUMH": 0.0, "LUAS_BID": 1153.7260533799999, "Shape_Leng": 157.674335582, "Shape_Area": 1153.72605335 }, "geometry": { "type": "MultiPolygon", "coordinates": [ [ [ [ 110.654250984255526, -7.58912650839799, 0.0 ], [ 110.654074809789591, -7.589129555018663, 0.0 ], [ 110.654071048235792, -7.588602401588403, 0.0 ], [ 110.654079509024839, -7.588602408319563, 0.0 ], [ 110.654161079163558, -7.58857854043882, 0.0 ], [ 110.654243315527566, -7.588578605839499, 0.0 ], [ 110.654250984255526, -7.58912650839799, 0.0 ] ] ] ] } },
{ "type": "Feature", "properties": { "OBJECTID": 248, "ZONA": "Pertanian", "SUB_ZONA": "Tanaman Pangan", "KODE": "P-1", "KEPADATAN": 0.0, "JUML_RUMH": 0.0, "LUAS_BID": 767.36503103899997, "Shape_Leng": 144.697213847, "Shape_Area": 767.36503107099998 }, "geometry": { "type": "MultiPolygon", "coordinates": [ [ [ [ 110.644235050842781, -7.588212203258335, 0.0 ], [ 110.644292284263713, -7.588226970825339, 0.0 ], [ 110.644271362848826, -7.58870379764363, 0.0 ], [ 110.644260179549761, -7.588705090150162, 0.0 ], [ 110.644244056777524, -7.588708232954771, 0.0 ], [ 110.644228183866829, -7.588712898330951, 0.0 ], [ 110.644214040642055, -7.588718669584728, 0.0 ], [ 110.644200658988424, -7.588725454563917, 0.0 ], [ 110.644187904079018, -7.588732951036566, 0.0 ], [ 110.644175548495951, -7.588741006851198, 0.0 ], [ 110.644146121839015, -7.588762194606483, 0.0 ], [ 110.644171438521823, -7.588195787790406, 0.0 ], [ 110.644235050842781, -7.588212203258335, 0.0 ] ] ] ] } },
{ "type": "Feature", "properties": { "OBJECTID": 249, "ZONA": "Pertanian", "SUB_ZONA": "Tanaman Pangan", "KODE": "P-1", "KEPADATAN": 0.0, "JUML_RUMH": 0.0, "LUAS_BID": 1047.1172233, "Shape_Leng": 172.75736104800001, "Shape_Area": 1047.11722328 }, "geometry": { "type": "MultiPolygon", "coordinates": [ [ [ [ 110.647846471400698, -7.589102349930278, 0.0 ], [ 110.647900350835741, -7.588586616451336, 0.0 ], [ 110.647911783447242, -7.58847717620039, 0.0 ], [ 110.6480720183269, -7.588457861574853, 0.0 ], [ 110.648018641071303, -7.588733105622864, 0.0 ], [ 110.647977457711562, -7.589026165721991, 0.0 ], [ 110.647970491521775, -7.589088945336589, 0.0 ], [ 110.647969926738611, -7.589092295355944, 0.0 ], [ 110.64796880092193, -7.589095499287473, 0.0 ], [ 110.64796714496859, -7.589098465796003, 0.0 ], [ 110.647965007901945, -7.589101108988382, 0.0 ], [ 110.647962451431127, -7.589103350218145, 0.0 ], [ 110.647959550850203, -7.589105127131888, 0.0 ], [ 110.647956389604815, -7.589106386428321, 0.0 ], [ 110.647953060193529, -7.589107090190981, 0.0 ], [ 110.647949659632999, -7.589107218598184, 0.0 ], [ 110.647846471400698, -7.589102349930278, 0.0 ] ] ] ] } },
{ "type": "Feature", "properties": { "OBJECTID": 250, "ZONA": "Pertanian", "SUB_ZONA": "Tanaman Pangan", "KODE": "P-1", "KEPADATAN": 0.0, "JUML_RUMH": 0.0, "LUAS_BID": 1024.21903099, "Shape_Leng": 185.425627029, "Shape_Area": 1024.21903099 }, "geometry": { "type": "MultiPolygon", "coordinates": [ [ [ [ 110.641221936242886, -7.588473855159518, 0.0 ], [ 110.640985284676248, -7.589156944903285, 0.0 ], [ 110.640951441030438, -7.589146583312236, 0.0 ], [ 110.640900676227602, -7.589130242198769, 0.0 ], [ 110.64087127683888, -7.589120533743214, 0.0 ], [ 110.64111525130609, -7.588443298064438, 0.0 ], [ 110.641155413183412, -7.588438751445094, 0.0 ], [ 110.641221936242886, -7.588473855159518, 0.0 ] ] ] ] } },
{ "type": "Feature", "properties": { "OBJECTID": 251, "ZONA": "Pertanian", "SUB_ZONA": "Tanaman Pangan", "KODE": "P-1", "KEPADATAN": 0.0, "JUML_RUMH": 0.0, "LUAS_BID": 1040.2579495, "Shape_Leng": 160.33088098799999, "Shape_Area": 1040.2579495299999 }, "geometry": { "type": "MultiPolygon", "coordinates": [ [ [ [ 110.647232563649979, -7.588227819334783, 0.0 ], [ 110.647193106711086, -7.588762362896746, 0.0 ], [ 110.647164884320361, -7.588768801241116, 0.0 ], [ 110.647046858662534, -7.588796286274129, 0.0 ], [ 110.64707931212503, -7.588190199312573, 0.0 ], [ 110.647129862582389, -7.588203889187084, 0.0 ], [ 110.647180678431511, -7.588216747983958, 0.0 ], [ 110.647214979445764, -7.588224430169376, 0.0 ], [ 110.647232563649979, -7.588227819334783, 0.0 ] ] ] ] } },
{ "type": "Feature", "properties": { "OBJECTID": 252, "ZONA": "Pertanian", "SUB_ZONA": "Tanaman Pangan", "KODE": "P-1", "KEPADATAN": 0.0, "JUML_RUMH": 0.0, "LUAS_BID": 928.12706584800003, "Shape_Leng": 163.32946844700001, "Shape_Area": 928.12706581899999 }, "geometry": { "type": "MultiPolygon", "coordinates": [ [ [ [ 110.644077800577321, -7.58817162554332, 0.0 ], [ 110.644171438521823, -7.588195787790406, 0.0 ], [ 110.644146121839015, -7.588762194606483, 0.0 ], [ 110.644127540258552, -7.588775571349697, 0.0 ], [ 110.644115960294826, -7.588782988276266, 0.0 ], [ 110.644104299645221, -7.588789306100953, 0.0 ], [ 110.644091657106742, -7.588794642582906, 0.0 ], [ 110.644078217589339, -7.588799028628311, 0.0 ], [ 110.644064062515511, -7.588802666924298, 0.0 ], [ 110.644049359483077, -7.58880569510051, 0.0 ], [ 110.644034253448552, -7.588808223631379, 0.0 ], [ 110.644022664681245, -7.58880980706672, 0.0 ], [ 110.644046210884682, -7.588163112236517, 0.0 ], [ 110.644077800577321, -7.58817162554332, 0.0 ] ] ] ] } },
{ "type": "Feature", "properties": { "OBJECTID": 253, "ZONA": "Pertanian", "SUB_ZONA": "Tanaman Pangan", "KODE": "P-1", "KEPADATAN": 0.0, "JUML_RUMH": 0.0, "LUAS_BID": 2055.26906409, "Shape_Leng": 262.44488317399998, "Shape_Area": 2055.2690640300002 }, "geometry": { "type": "MultiPolygon", "coordinates": [ [ [ [ 110.649298326962068, -7.588366737769931, 0.0 ], [ 110.649352019278794, -7.588542002707648, 0.0 ], [ 110.649331310150714, -7.588545363620627, 0.0 ], [ 110.649310329009381, -7.588545428109414, 0.0 ], [ 110.648776983169299, -7.588504898639602, 0.0 ], [ 110.648404365040392, -7.588475739436321, 0.0 ], [ 110.648441980490077, -7.588158488551016, 0.0 ], [ 110.648454710053713, -7.588166470698096, 0.0 ], [ 110.648467269442577, -7.588175255048785, 0.0 ], [ 110.648479623431555, -7.588184681468134, 0.0 ], [ 110.648491726789658, -7.588194631422708, 0.0 ], [ 110.648503533333127, -7.588205043365373, 0.0 ], [ 110.6485160712067, -7.588216882384355, 0.0 ], [ 110.648553747218685, -7.588254835460107, 0.0 ], [ 110.648577692747139, -7.588278222218997, 0.0 ], [ 110.648589376773444, -7.588288804117076, 0.0 ], [ 110.648601422863194, -7.588298953024927, 0.0 ], [ 110.648614048640624, -7.588308603085773, 0.0 ], [ 110.64862741292059, -7.588317545475364, 0.0 ], [ 110.648642531745509, -7.588326019817516, 0.0 ], [ 110.648658133820206, -7.588333302344265, 0.0 ], [ 110.648674098467012, -7.588339525023295, 0.0 ], [ 110.648690423808105, -7.588344767454005, 0.0 ], [ 110.648707127987549, -7.588349013369004, 0.0 ], [ 110.648725512675298, -7.588352421212601, 0.0 ], [ 110.648743920844595, -7.588354821398551, 0.0 ], [ 110.648762282468979, -7.588356487950849, 0.0 ], [ 110.648780610985114, -7.588357619882799, 0.0 ], [ 110.648799006910011, -7.588358352054471, 0.0 ], [ 110.648849898933761, -7.588358980213125, 0.0 ], [ 110.648917623824147, -7.588358321204981, 0.0 ], [ 110.648968424979373, -7.588356978247909, 0.0 ], [ 110.649002079873981, -7.588355471288147, 0.0 ], [ 110.649085489251419, -7.588351024872567, 0.0 ], [ 110.649118511243358, -7.588349682926828, 0.0 ], [ 110.649152802683844, -7.588349107257613, 0.0 ], [ 110.649169686953158, -7.588349271037003, 0.0 ], [ 110.64918649473924, -7.588349846327235, 0.0 ], [ 110.649203143452795, -7.588350948844905, 0.0 ], [ 110.649218906948079, -7.588352582527025, 0.0 ], [ 110.649234736207177, -7.588354727336047, 0.0 ], [ 110.649250621340954, -7.588357281049089, 0.0 ], [ 110.649266466324647, -7.588360158560403, 0.0 ], [ 110.649298326962068, -7.588366737769931, 0.0 ] ] ] ] } },
{ "type": "Feature", "properties": { "OBJECTID": 254, "ZONA": "Pertanian", "SUB_ZONA": "Tanaman Pangan", "KODE": "P-1", "KEPADATAN": 0.0, "JUML_RUMH": 0.0, "LUAS_BID": 1073.20118568, "Shape_Leng": 126.967385764, "Shape_Area": 1073.2011856900001 }, "geometry": { "type": "MultiPolygon", "coordinates": [ [ [ [ 110.648441980490077, -7.588158488551016, 0.0 ], [ 110.648404365040392, -7.588475739436321, 0.0 ], [ 110.648153822745428, -7.588456132232238, 0.0 ], [ 110.648148653405229, -7.588455286811879, 0.0 ], [ 110.648143698701418, -7.588453590377616, 0.0 ], [ 110.648139100018909, -7.588451087367097, 0.0 ], [ 110.648134986026051, -7.588447852962648, 0.0 ], [ 110.648131473596521, -7.588443974096272, 0.0 ], [ 110.648128662358317, -7.588439563918158, 0.0 ], [ 110.648126631987338, -7.588434745512446, 0.0 ], [ 110.648125438577608, -7.588429656417121, 0.0 ], [ 110.648125117368139, -7.588424439580602, 0.0 ], [ 110.648125676397981, -7.58841924245209, 0.0 ], [ 110.64816453057044, -7.588218889327392, 0.0 ], [ 110.648174312144306, -7.588177668466408, 0.0 ], [ 110.648230816465059, -7.588156099805373, 0.0 ], [ 110.648256795663443, -7.588146742380209, 0.0 ], [ 110.648269478848022, -7.588142624244143, 0.0 ], [ 110.648282071853885, -7.588139036104795, 0.0 ], [ 110.648296786919488, -7.588135645970171, 0.0 ], [ 110.648311542093779, -7.588133099818595, 0.0 ], [ 110.648326270273515, -7.588131421114271, 0.0 ], [ 110.648340821812127, -7.588130692050805, 0.0 ], [ 110.648355072399355, -7.588131052733943, 0.0 ], [ 110.648370186704753, -7.588132798990918, 0.0 ], [ 110.648385279122451, -7.588135822463322, 0.0 ], [ 110.648400251859712, -7.588139982865838, 0.0 ], [ 110.648414901915444, -7.588145200433392, 0.0 ], [ 110.648429086941007, -7.588151501283058, 0.0 ], [ 110.648441980490077, -7.588158488551016, 0.0 ] ] ] ] } },
{ "type": "Feature", "properties": { "OBJECTID": 255, "ZONA": "Pertanian", "SUB_ZONA": "Tanaman Pangan", "KODE": "P-1", "KEPADATAN": 0.0, "JUML_RUMH": 0.0, "LUAS_BID": 1128.4468480400001, "Shape_Leng": 179.36160002400001, "Shape_Area": 1128.4468480600001 }, "geometry": { "type": "MultiPolygon", "coordinates": [ [ [ [ 110.643934548484623, -7.588133017598949, 0.0 ], [ 110.64401121878079, -7.588153681635928, 0.0 ], [ 110.644046210884682, -7.588163112236517, 0.0 ], [ 110.644022664681245, -7.58880980706672, 0.0 ], [ 110.644017121439902, -7.588810563259916, 0.0 ], [ 110.643999752216104, -7.588812538157502, 0.0 ], [ 110.643964307218042, -7.588815812573256, 0.0 ], [ 110.643892552543321, -7.588821056318167, 0.0 ], [ 110.643885705078148, -7.588821453237337, 0.0 ], [ 110.643908527371451, -7.58812600407319, 0.0 ], [ 110.643934548484623, -7.588133017598949, 0.0 ] ] ] ] } },
{ "type": "Feature", "properties": { "OBJECTID": 256, "ZONA": "Pertanian", "SUB_ZONA": "Tanaman Pangan", "KODE": "P-1", "KEPADATAN": 0.0, "JUML_RUMH": 0.0, "LUAS_BID": 1143.4815039299999, "Shape_Leng": 163.103331879, "Shape_Area": 1143.4815039699999 }, "geometry": { "type": "MultiPolygon", "coordinates": [ [ [ [ 110.654071048235792, -7.588602401588403, 0.0 ], [ 110.654074809789591, -7.589129555018663, 0.0 ], [ 110.653905306699784, -7.589132482954099, 0.0 ], [ 110.653895812644691, -7.588543736402854, 0.0 ], [ 110.653916440521684, -7.588559198130852, 0.0 ], [ 110.654002754538254, -7.588602347249875, 0.0 ], [ 110.654071048235792, -7.588602401588403, 0.0 ] ] ] ] } },
{ "type": "Feature", "properties": { "OBJECTID": 257, "ZONA": "Pertanian", "SUB_ZONA": "Tanaman Pangan", "KODE": "P-1", "KEPADATAN": 0.0, "JUML_RUMH": 0.0, "LUAS_BID": 935.19049281100001, "Shape_Leng": 183.721453999, "Shape_Area": 935.19049279900003 }, "geometry": { "type": "MultiPolygon", "coordinates": [ [ [ [ 110.64111525130609, -7.588443298064438, 0.0 ], [ 110.64087127683888, -7.589120533743214, 0.0 ], [ 110.640770464828904, -7.589087247842046, 0.0 ], [ 110.641017156911616, -7.588401674465332, 0.0 ], [ 110.64110503902991, -7.588444454703255, 0.0 ], [ 110.64111525130609, -7.588443298064438, 0.0 ] ] ] ] } },
{ "type": "Feature", "properties": { "OBJECTID": 258, "ZONA": "Pertanian", "SUB_ZONA": "Tanaman Pangan", "KODE": "P-1", "KEPADATAN": 0.0, "JUML_RUMH": 0.0, "LUAS_BID": 889.32615301500005, "Shape_Leng": 149.58378504199999, "Shape_Area": 889.32615300099997 }, "geometry": { "type": "MultiPolygon", "coordinates": [ [ [ [ 110.654381443401107, -7.588595421012087, 0.0 ], [ 110.654376739495731, -7.589124336135983, 0.0 ], [ 110.654250984255526, -7.58912650839799, 0.0 ], [ 110.654243315527566, -7.588578605839499, 0.0 ], [ 110.654252225056297, -7.588578612924107, 0.0 ], [ 110.654324197391432, -7.588559522486448, 0.0 ], [ 110.654376939742576, -7.588593071916105, 0.0 ], [ 110.654381443401107, -7.588595421012087, 0.0 ] ] ] ] } },
{ "type": "Feature", "properties": { "OBJECTID": 259, "ZONA": "Pertanian", "SUB_ZONA": "Tanaman Pangan", "KODE": "P-1", "KEPADATAN": 0.0, "JUML_RUMH": 0.0, "LUAS_BID": 1031.15987746, "Shape_Leng": 184.38920345400001, "Shape_Area": 1031.1598775 }, "geometry": { "type": "MultiPolygon", "coordinates": [ [ [ [ 110.643862417162978, -7.588113576607706, 0.0 ], [ 110.643908527371451, -7.58812600407319, 0.0 ], [ 110.643885705078148, -7.588821453237337, 0.0 ], [ 110.643838757372819, -7.588824180010787, 0.0 ], [ 110.643803120894248, -7.588825491370053, 0.0 ], [ 110.643769544020316, -7.588825782265611, 0.0 ], [ 110.643788780412407, -7.58809373003504, 0.0 ], [ 110.643862417162978, -7.588113576607706, 0.0 ] ] ] ] } },
{ "type": "Feature", "properties": { "OBJECTID": 260, "ZONA": "Pertanian", "SUB_ZONA": "Tanaman Pangan", "KODE": "P-1", "KEPADATAN": 0.0, "JUML_RUMH": 0.0, "LUAS_BID": 1037.1382342700001, "Shape_Leng": 228.63127926000001, "Shape_Area": 1037.13823428 }, "geometry": { "type": "MultiPolygon", "coordinates": [ [ [ [ 110.642756242420674, -7.588993215462725, 0.0 ], [ 110.642748316434663, -7.588998775586915, 0.0 ], [ 110.64270408065039, -7.58903059588494, 0.0 ], [ 110.642674938801477, -7.589052590634019, 0.0 ], [ 110.64266070215298, -7.589063876835803, 0.0 ], [ 110.642649823389519, -7.589072918880283, 0.0 ], [ 110.642657550121982, -7.58846311439122, 0.0 ], [ 110.642785518335444, -7.588075936657174, 0.0 ], [ 110.642756242420674, -7.588993215462725, 0.0 ] ] ] ] } },
{ "type": "Feature", "properties": { "OBJECTID": 261, "ZONA": "Pertanian", "SUB_ZONA": "Tanaman Pangan", "KODE": "P-1", "KEPADATAN": 0.0, "JUML_RUMH": 0.0, "LUAS_BID": 367.38624621500003, "Shape_Leng": 81.684104379100006, "Shape_Area": 367.38624619199999 }, "geometry": { "type": "MultiPolygon", "coordinates": [ [ [ [ 110.647833706674774, -7.588247185603938, 0.0 ], [ 110.647819197700741, -7.588247962626161, 0.0 ], [ 110.647803808432613, -7.58824767336753, 0.0 ], [ 110.647788544273624, -7.588246262559823, 0.0 ], [ 110.647773519426352, -7.588243757432268, 0.0 ], [ 110.647758798307763, -7.58824009381356, 0.0 ], [ 110.647747412450613, -7.588236327967686, 0.0 ], [ 110.647735941073307, -7.58823182302972, 0.0 ], [ 110.647724499142143, -7.588226781713391, 0.0 ], [ 110.647685455101694, -7.588207927167776, 0.0 ], [ 110.647670774144089, -7.588201702779713, 0.0 ], [ 110.647655203854328, -7.58819660746143, 0.0 ], [ 110.647638448187266, -7.588193269639564, 0.0 ], [ 110.647621554975089, -7.588191852983234, 0.0 ], [ 110.647604689403707, -7.58819211791888, 0.0 ], [ 110.647587932258418, -7.588193937874076, 0.0 ], [ 110.647589426491692, -7.588133494822026, 0.0 ], [ 110.647681954021351, -7.588095421945576, 0.0 ], [ 110.647832673087919, -7.588075715255544, 0.0 ], [ 110.647833706674774, -7.588247185603938, 0.0 ] ] ] ] } },
{ "type": "Feature", "properties": { "OBJECTID": 262, "ZONA": "Pertanian", "SUB_ZONA": "Tanaman Pangan", "KODE": "P-1", "KEPADATAN": 0.0, "JUML_RUMH": 0.0, "LUAS_BID": 1042.17149023, "Shape_Leng": 190.53748836299999, "Shape_Area": 1042.17149015 }, "geometry": { "type": "MultiPolygon", "coordinates": [ [ [ [ 110.643706544286871, -7.588071566168343, 0.0 ], [ 110.643788780412407, -7.58809373003504, 0.0 ], [ 110.643769544020316, -7.588825782265611, 0.0 ], [ 110.643767545979614, -7.588825799624295, 0.0 ], [ 110.643731806615833, -7.588825449224162, 0.0 ], [ 110.643677950542042, -7.588824366661824, 0.0 ], [ 110.643649564475268, -7.588823645081137, 0.0 ], [ 110.643680631036517, -7.58806458166343, 0.0 ], [ 110.643706544286871, -7.588071566168343, 0.0 ] ] ] ] } },
{ "type": "Feature", "properties": { "OBJECTID": 263, "ZONA": "Pertanian", "SUB_ZONA": "Tanaman Pangan", "KODE": "P-1", "KEPADATAN": 0.0, "JUML_RUMH": 0.0, "LUAS_BID": 210.47908928699999, "Shape_Leng": 60.9764481084, "Shape_Area": 210.47908931699999 }, "geometry": { "type": "MultiPolygon", "coordinates": [ [ [ [ 110.647939612812891, -7.588224945103209, 0.0 ], [ 110.647924829956665, -7.588229197212793, 0.0 ], [ 110.647893858724672, -7.588237047202604, 0.0 ], [ 110.64787870586801, -7.588240343799452, 0.0 ], [ 110.647863535223877, -7.588243217953541, 0.0 ], [ 110.647848510071768, -7.58824554496834, 0.0 ], [ 110.647833706674774, -7.588247185603938, 0.0 ], [ 110.647832673087919, -7.588075715255544, 0.0 ], [ 110.647900246839967, -7.588066879092001, 0.0 ], [ 110.647927983332437, -7.588052557999545, 0.0 ], [ 110.647939612812891, -7.588224945103209, 0.0 ] ] ] ] } },
{ "type": "Feature", "properties": { "OBJECTID": 264, "ZONA": "Pertanian", "SUB_ZONA": "Tanaman Pangan", "KODE": "P-1", "KEPADATAN": 0.0, "JUML_RUMH": 0.0, "LUAS_BID": 2680.6577962599999, "Shape_Leng": 231.347042655, "Shape_Area": 2680.6577963300001 }, "geometry": { "type": "MultiPolygon", "coordinates": [ [ [ [ 110.64707931212503, -7.588190199312573, 0.0 ], [ 110.647046858662534, -7.588796286274129, 0.0 ], [ 110.646765446011614, -7.588861815363897, 0.0 ], [ 110.646746789524869, -7.588865979256511, 0.0 ], [ 110.646755055713584, -7.588044574734033, 0.0 ], [ 110.646782167137331, -7.588060858869527, 0.0 ], [ 110.646841762223318, -7.588097810455641, 0.0 ], [ 110.646857568409288, -7.588107094994124, 0.0 ], [ 110.646873617847746, -7.588116014288867, 0.0 ], [ 110.646890035750189, -7.588124435471753, 0.0 ], [ 110.646905258121336, -7.588131499753415, 0.0 ], [ 110.646920652247331, -7.588138052195168, 0.0 ], [ 110.646951311011094, -7.588149866170194, 0.0 ], [ 110.64698227607775, -7.588160704375567, 0.0 ], [ 110.647028881150376, -7.588175623968705, 0.0 ], [ 110.64707931212503, -7.588190199312573, 0.0 ] ] ] ] } },
{ "type": "Feature", "properties": { "OBJECTID": 265, "ZONA": "Pertanian", "SUB_ZONA": "Tanaman Pangan", "KODE": "P-1", "KEPADATAN": 0.0, "JUML_RUMH": 0.0, "LUAS_BID": 968.17674504599995, "Shape_Leng": 182.21425924100001, "Shape_Area": 968.17674504800004 }, "geometry": { "type": "MultiPolygon", "coordinates": [ [ [ [ 110.641017156911616, -7.588401674465332, 0.0 ], [ 110.640770464828904, -7.589087247842046, 0.0 ], [ 110.640663579738984, -7.589051954212832, 0.0 ], [ 110.640896148852136, -7.588415632246233, 0.0 ], [ 110.640946779346862, -7.588388320293112, 0.0 ], [ 110.640995708570287, -7.588391233562192, 0.0 ], [ 110.641017156911616, -7.588401674465332, 0.0 ] ] ] ] } },
{ "type": "Feature", "properties": { "OBJECTID": 266, "ZONA": "Pertanian", "SUB_ZONA": "Tanaman Pangan", "KODE": "P-1", "KEPADATAN": 0.0, "JUML_RUMH": 0.0, "LUAS_BID": 939.75872290200004, "Shape_Leng": 192.92663801899999, "Shape_Area": 939.75872290300003 }, "geometry": { "type": "MultiPolygon", "coordinates": [ [ [ [ 110.64362151300962, -7.588048648309691, 0.0 ], [ 110.643680631036517, -7.58806458166343, 0.0 ], [ 110.643649564475268, -7.588823645081137, 0.0 ], [ 110.643588069339273, -7.588822081354991, 0.0 ], [ 110.643549697136947, -7.588820911063164, 0.0 ], [ 110.643581818820209, -7.58803794925247, 0.0 ], [ 110.64362151300962, -7.588048648309691, 0.0 ] ] ] ] } },
{ "type": "Feature", "properties": { "OBJECTID": 267, "ZONA": "Pertanian", "SUB_ZONA": "Tanaman Pangan", "KODE": "P-1", "KEPADATAN": 0.0, "JUML_RUMH": 0.0, "LUAS_BID": 1706.8249231100001, "Shape_Leng": 242.59747527299999, "Shape_Area": 1706.8249231299999 }, "geometry": { "type": "MultiPolygon", "coordinates": [ [ [ [ 110.6508780309278, -7.588250946692238, 0.0 ], [ 110.650884352408596, -7.5883317105839, 0.0 ], [ 110.650218146938769, -7.588378748532744, 0.0 ], [ 110.650158442703344, -7.588385569703958, 0.0 ], [ 110.650099554742539, -7.588397522168518, 0.0 ], [ 110.650041925519801, -7.588414517636225, 0.0 ], [ 110.649990917804715, -7.588338316537793, 0.0 ], [ 110.650007408012513, -7.588337007349396, 0.0 ], [ 110.650023906456113, -7.588334481538434, 0.0 ], [ 110.650040331555886, -7.588330727280004, 0.0 ], [ 110.650055640525935, -7.588326064852477, 0.0 ], [ 110.650070523106152, -7.588320668485871, 0.0 ], [ 110.650085102368692, -7.588314807837156, 0.0 ], [ 110.650147166054012, -7.588288138080166, 0.0 ], [ 110.650179229030201, -7.588275436765078, 0.0 ], [ 110.650211902259116, -7.588263672154479, 0.0 ], [ 110.650261691975771, -7.588246279589208, 0.0 ], [ 110.650294771844557, -7.588233881205066, 0.0 ], [ 110.650327190834275, -7.58822036787316, 0.0 ], [ 110.650343355952742, -7.588212994262983, 0.0 ], [ 110.650359305687871, -7.588205156441481, 0.0 ], [ 110.650375038360238, -7.588196688873434, 0.0 ], [ 110.650388584104661, -7.588188643783521, 0.0 ], [ 110.650401768520197, -7.58818012441502, 0.0 ], [ 110.650414631480146, -7.588171148891134, 0.0 ], [ 110.650427189308857, -7.588161709084016, 0.0 ], [ 110.650439413920225, -7.588151784166289, 0.0 ], [ 110.650451436866874, -7.588141245796712, 0.0 ], [ 110.650485496691999, -7.58810976475448, 0.0 ], [ 110.650497890653156, -7.58809892908257, 0.0 ], [ 110.650510518069765, -7.588088629095436, 0.0 ], [ 110.650523381521324, -7.588079038469974, 0.0 ], [ 110.650536518925733, -7.588070351716316, 0.0 ], [ 110.6505508207444, -7.588062278282814, 0.0 ], [ 110.650565664796829, -7.588055178587464, 0.0 ], [ 110.650580891524058, -7.588049061547564, 0.0 ], [ 110.650596353984284, -7.588044028355346, 0.0 ], [ 110.65061043183681, -7.588040507373284, 0.0 ], [ 110.650624619566983, -7.588037879276425, 0.0 ], [ 110.650638649748871, -7.588036138422553, 0.0 ], [ 110.65065220505123, -7.588035335211937, 0.0 ], [ 110.650664891956751, -7.588035565211484, 0.0 ], [ 110.650676202716198, -7.588036932941955, 0.0 ], [ 110.650686487030853, -7.588039717287822, 0.0 ], [ 110.650694210447995, -7.588043512679734, 0.0 ], [ 110.650699301620719, -7.588047984374579, 0.0 ], [ 110.650702090036006, -7.588052622467148, 0.0 ], [ 110.650704088141552, -7.588059263517797, 0.0 ], [ 110.650704863769803, -7.588067592393698, 0.0 ], [ 110.650704004260817, -7.588078958361843, 0.0 ], [ 110.650701534299017, -7.588091980184073, 0.0 ], [ 110.650689962489267, -7.588137757735685, 0.0 ], [ 110.650687161970225, -7.588152614637609, 0.0 ], [ 110.650685483481965, -7.588167808031357, 0.0 ], [ 110.650685452759006, -7.588183414322032, 0.0 ], [ 110.650687950115213, -7.588200484407067, 0.0 ], [ 110.650692913929831, -7.588216741467908, 0.0 ], [ 110.650700123224496, -7.588231914864538, 0.0 ], [ 110.650709684223443, -7.588245808393405, 0.0 ], [ 110.650721801426982, -7.588257768224192, 0.0 ], [ 110.650734568908348, -7.588266004517367, 0.0 ], [ 110.650748273899765, -7.588271817351442, 0.0 ], [ 110.650762655958658, -7.58827553396665, 0.0 ], [ 110.650777617978051, -7.588277286350165, 0.0 ], [ 110.650794934187161, -7.588276924865847, 0.0 ], [ 110.650812143245943, -7.588274536183394, 0.0 ], [ 110.650829112441187, -7.588270563428973, 0.0 ], [ 110.650845865163404, -7.588265229142336, 0.0 ], [ 110.650862340617806, -7.588258602925539, 0.0 ], [ 110.6508780309278, -7.588250946692238, 0.0 ] ] ] ] } },
{ "type": "Feature", "properties": { "OBJECTID": 268, "ZONA": "Pertanian", "SUB_ZONA": "Tanaman Pangan", "KODE": "P-1", "KEPADATAN": 0.0, "JUML_RUMH": 0.0, "LUAS_BID": 1840.64294098, "Shape_Leng": 223.08213487699999, "Shape_Area": 1840.6429409 }, "geometry": { "type": "MultiPolygon", "coordinates": [ [ [ [ 110.646755055713584, -7.588044574734033, 0.0 ], [ 110.646746789524869, -7.588865979256511, 0.0 ], [ 110.646589118812258, -7.58890116138382, 0.0 ], [ 110.64656861385167, -7.588906464411536, 0.0 ], [ 110.646567520470029, -7.58828808085291, 0.0 ], [ 110.646570544521481, -7.58827164661964, 0.0 ], [ 110.646575648632933, -7.588239118403405, 0.0 ], [ 110.646584975256872, -7.588174594942169, 0.0 ], [ 110.646590483086925, -7.588142798839636, 0.0 ], [ 110.646593624175438, -7.588127358808433, 0.0 ], [ 110.646597138520491, -7.588112212156748, 0.0 ], [ 110.646601104801576, -7.588097591419504, 0.0 ], [ 110.646605634356689, -7.588083701116841, 0.0 ], [ 110.646610873871609, -7.588070754843246, 0.0 ], [ 110.646616790346741, -7.588059198518107, 0.0 ], [ 110.646623516477092, -7.588048616153339, 0.0 ], [ 110.64663089612452, -7.588039268134243, 0.0 ], [ 110.646638735008921, -7.588031497129718, 0.0 ], [ 110.646646853385207, -7.588025608733707, 0.0 ], [ 110.646656902603013, -7.588020950293852, 0.0 ], [ 110.646668024590141, -7.58801811178806, 0.0 ], [ 110.646679906600269, -7.588017079393777, 0.0 ], [ 110.646692167786313, -7.588017974012057, 0.0 ], [ 110.646703748533398, -7.588020630152744, 0.0 ], [ 110.646716009657993, -7.588024933138274, 0.0 ], [ 110.646728761950257, -7.588030567124743, 0.0 ], [ 110.646741834332659, -7.588037214473891, 0.0 ], [ 110.646755055713584, -7.588044574734033, 0.0 ] ] ] ] } },
{ "type": "Feature", "properties": { "OBJECTID": 269, "ZONA": "Pertanian", "SUB_ZONA": "Tanaman Pangan", "KODE": "P-1", "KEPADATAN": 0.0, "JUML_RUMH": 0.0, "LUAS_BID": 882.36738154299996, "Shape_Leng": 195.97432111099999, "Shape_Area": 882.36738156399997 }, "geometry": { "type": "MultiPolygon", "coordinates": [ [ [ [ 110.643525087201454, -7.588022659172089, 0.0 ], [ 110.643581818820209, -7.58803794925247, 0.0 ], [ 110.643549697136947, -7.588820911063164, 0.0 ], [ 110.6435162219707, -7.588819890416475, 0.0 ], [ 110.643476938089591, -7.588818349407414, 0.0 ], [ 110.643459865669527, -7.588817679605187, 0.0 ], [ 110.643490436812897, -7.588013321075413, 0.0 ], [ 110.643525087201454, -7.588022659172089, 0.0 ] ] ] ] } },
{ "type": "Feature", "properties": { "OBJECTID": 270, "ZONA": "Pertanian", "SUB_ZONA": "Tanaman Pangan", "KODE": "P-1", "KEPADATAN": 0.0, "JUML_RUMH": 0.0, "LUAS_BID": 207.876641616, "Shape_Leng": 63.076525261999997, "Shape_Area": 207.87664162 }, "geometry": { "type": "MultiPolygon", "coordinates": [ [ [ [ 110.648021369703301, -7.588196876872715, 0.0 ], [ 110.647988657390997, -7.588208709126382, 0.0 ], [ 110.647955883079348, -7.588219860196364, 0.0 ], [ 110.647939612812891, -7.588224945103209, 0.0 ], [ 110.647927983332437, -7.588052557999545, 0.0 ], [ 110.648029824666963, -7.587999972648638, 0.0 ], [ 110.648021369703301, -7.588196876872715, 0.0 ] ] ] ] } },
{ "type": "Feature", "properties": { "OBJECTID": 271, "ZONA": "Pertanian", "SUB_ZONA": "Tanaman Pangan", "KODE": "P-1", "KEPADATAN": 0.0, "JUML_RUMH": 0.0, "LUAS_BID": 951.30059731200004, "Shape_Leng": 201.98650478100001, "Shape_Area": 951.30059729499999 }, "geometry": { "type": "MultiPolygon", "coordinates": [ [ [ [ 110.643454310900665, -7.588003584666132, 0.0 ], [ 110.643490436812897, -7.588013321075413, 0.0 ], [ 110.643459865669527, -7.588817679605187, 0.0 ], [ 110.643372348784055, -7.588814242883855, 0.0 ], [ 110.643364569098267, -7.588813893676122, 0.0 ], [ 110.643395672953218, -7.587985943874411, 0.0 ], [ 110.643454310900665, -7.588003584666132, 0.0 ] ] ] ] } },
{ "type": "Feature", "properties": { "OBJECTID": 272, "ZONA": "Pertanian", "SUB_ZONA": "Tanaman Pangan", "KODE": "P-1", "KEPADATAN": 0.0, "JUML_RUMH": 0.0, "LUAS_BID": 752.929442376, "Shape_Leng": 158.61919876499999, "Shape_Area": 752.92944238799998 }, "geometry": { "type": "MultiPolygon", "coordinates": [ [ [ [ 110.654495451200106, -7.588649236873943, 0.0 ], [ 110.65448722773894, -7.588650598934094, 0.0 ], [ 110.654381443401107, -7.588595421012087, 0.0 ], [ 110.654385654243598, -7.58812197653443, 0.0 ], [ 110.654419207448413, -7.588094521856194, 0.0 ], [ 110.65444864116138, -7.588062708459744, 0.0 ], [ 110.654473392838383, -7.588027145570323, 0.0 ], [ 110.654492987812915, -7.587988514847522, 0.0 ], [ 110.654495451200106, -7.588649236873943, 0.0 ] ] ] ] } },
{ "type": "Feature", "properties": { "OBJECTID": 273, "ZONA": "Pertanian", "SUB_ZONA": "Tanaman Pangan", "KODE": "P-1", "KEPADATAN": 0.0, "JUML_RUMH": 0.0, "LUAS_BID": 869.444264073, "Shape_Leng": 167.96424207300001, "Shape_Area": 869.44426410999995 }, "geometry": { "type": "MultiPolygon", "coordinates": [ [ [ [ 110.640663579738984, -7.589051954212832, 0.0 ], [ 110.640552127834795, -7.58901515431576, 0.0 ], [ 110.640551700061977, -7.589015013755994, 0.0 ], [ 110.640744751268343, -7.588496631356646, 0.0 ], [ 110.640843114934597, -7.588444238436228, 0.0 ], [ 110.640896148852136, -7.588415632246233, 0.0 ], [ 110.640663579738984, -7.589051954212832, 0.0 ] ] ] ] } },
{ "type": "Feature", "properties": { "OBJECTID": 274, "ZONA": "Pertanian", "SUB_ZONA": "Tanaman Pangan", "KODE": "P-1", "KEPADATAN": 0.0, "JUML_RUMH": 0.0, "LUAS_BID": 968.66934479099996, "Shape_Leng": 207.14161274099999, "Shape_Area": 968.66934483600005 }, "geometry": { "type": "MultiPolygon", "coordinates": [ [ [ [ 110.643314796657137, -7.587961615543618, 0.0 ], [ 110.643373083853248, -7.587979149320702, 0.0 ], [ 110.643395672953218, -7.587985943874411, 0.0 ], [ 110.643364569098267, -7.588813893676122, 0.0 ], [ 110.643273273366333, -7.588809802555138, 0.0 ], [ 110.643299062958519, -7.587956881760338, 0.0 ], [ 110.643314796657137, -7.587961615543618, 0.0 ] ] ] ] } },
{ "type": "Feature", "properties": { "OBJECTID": 275, "ZONA": "Pertanian", "SUB_ZONA": "Tanaman Pangan", "KODE": "P-1", "KEPADATAN": 0.0, "JUML_RUMH": 0.0, "LUAS_BID": 978.19594406800002, "Shape_Leng": 211.885877373, "Shape_Area": 978.19594410499997 }, "geometry": { "type": "MultiPolygon", "coordinates": [ [ [ [ 110.643254570851227, -7.587943496729936, 0.0 ], [ 110.643299062958519, -7.587956881760338, 0.0 ], [ 110.643273273366333, -7.588809802555138, 0.0 ], [ 110.643210131179856, -7.588806972855263, 0.0 ], [ 110.643172884022249, -7.588805780839583, 0.0 ], [ 110.643214798854842, -7.587931533007009, 0.0 ], [ 110.643254570851227, -7.587943496729936, 0.0 ] ] ] ] } },
{ "type": "Feature", "properties": { "OBJECTID": 276, "ZONA": "Pertanian", "SUB_ZONA": "Tanaman Pangan", "KODE": "P-1", "KEPADATAN": 0.0, "JUML_RUMH": 0.0, "LUAS_BID": 321.06831352199998, "Shape_Leng": 78.797772785199996, "Shape_Area": 321.06831349399999 }, "geometry": { "type": "MultiPolygon", "coordinates": [ [ [ [ 110.648133200042025, -7.588154618763606, 0.0 ], [ 110.64808694103742, -7.588172276260618, 0.0 ], [ 110.648021369703301, -7.588196876872715, 0.0 ], [ 110.648029824666963, -7.587999972648638, 0.0 ], [ 110.648185672853373, -7.587933489042431, 0.0 ], [ 110.648133200042025, -7.588154618763606, 0.0 ] ] ] ] } },
{ "type": "Feature", "properties": { "OBJECTID": 277, "ZONA": "Pertanian", "SUB_ZONA": "Tanaman Pangan", "KODE": "P-1", "KEPADATAN": 0.0, "JUML_RUMH": 0.0, "LUAS_BID": 1109.02109673, "Shape_Leng": 220.37252164899999, "Shape_Area": 1109.02109666 }, "geometry": { "type": "MultiPolygon", "coordinates": [ [ [ [ 110.643185084281441, -7.587922595131793, 0.0 ], [ 110.643214798854842, -7.587931533007009, 0.0 ], [ 110.643172884022249, -7.588805780839583, 0.0 ], [ 110.643157018082164, -7.588805273026569, 0.0 ], [ 110.643139077639461, -7.588805161514933, 0.0 ], [ 110.643121145901318, -7.588805487814759, 0.0 ], [ 110.643103119358244, -7.588806449938791, 0.0 ], [ 110.643084975115357, -7.588808328280562, 0.0 ], [ 110.64306895506391, -7.588811117444001, 0.0 ], [ 110.643115546060812, -7.587901675389301, 0.0 ], [ 110.643185084281441, -7.587922595131793, 0.0 ] ] ] ] } },
{ "type": "Feature", "properties": { "OBJECTID": 278, "ZONA": "Pertanian", "SUB_ZONA": "Tanaman Pangan", "KODE": "P-1", "KEPADATAN": 0.0, "JUML_RUMH": 0.0, "LUAS_BID": 702.59759185200005, "Shape_Leng": 156.423032318, "Shape_Area": 702.59759190600005 }, "geometry": { "type": "MultiPolygon", "coordinates": [ [ [ [ 110.640946230760292, -7.587955617481716, 0.0 ], [ 110.640744751268343, -7.588496631356646, 0.0 ], [ 110.640719294215629, -7.588510190416939, 0.0 ], [ 110.64066894298206, -7.588487174000758, 0.0 ], [ 110.640646953898155, -7.588480548049541, 0.0 ], [ 110.640874419460161, -7.587889392645562, 0.0 ], [ 110.640946230760292, -7.587955617481716, 0.0 ] ] ] ] } },
{ "type": "Feature", "properties": { "OBJECTID": 279, "ZONA": "Pertanian", "SUB_ZONA": "Tanaman Pangan", "KODE": "P-1", "KEPADATAN": 0.0, "JUML_RUMH": 0.0, "LUAS_BID": 986.54371648400002, "Shape_Leng": 175.47384808499999, "Shape_Area": 986.54371646699997 }, "geometry": { "type": "MultiPolygon", "coordinates": [ [ [ [ 110.653895812644691, -7.588543736402854, 0.0 ], [ 110.653905306699784, -7.589132482954099, 0.0 ], [ 110.6537830834164, -7.589134595477612, 0.0 ], [ 110.653765897597168, -7.588434626631791, 0.0 ], [ 110.653787016472009, -7.58843464344751, 0.0 ], [ 110.653839731972454, -7.588501698610771, 0.0 ], [ 110.653895812644691, -7.588543736402854, 0.0 ] ] ] ] } },
{ "type": "Feature", "properties": { "OBJECTID": 280, "ZONA": "Pertanian", "SUB_ZONA": "Tanaman Pangan", "KODE": "P-1", "KEPADATAN": 0.0, "JUML_RUMH": 0.0, "LUAS_BID": 1434.43107227, "Shape_Leng": 254.72868107900001, "Shape_Area": 1434.4310723599999 }, "geometry": { "type": "MultiPolygon", "coordinates": [ [ [ [ 110.643027559728083, -7.587875208228326, 0.0 ], [ 110.642985293900423, -7.588842642180627, 0.0 ], [ 110.642972861729291, -7.588849001854747, 0.0 ], [ 110.6429581264794, -7.588857009547189, 0.0 ], [ 110.642943553175982, -7.588865410853883, 0.0 ], [ 110.642927759520731, -7.588875082058839, 0.0 ], [ 110.642897122632874, -7.588895081050518, 0.0 ], [ 110.642864290722457, -7.588917608279639, 0.0 ], [ 110.642915927557425, -7.587841625392671, 0.0 ], [ 110.643027559728083, -7.587875208228326, 0.0 ] ] ] ] } },
{ "type": "Feature", "properties": { "OBJECTID": 281, "ZONA": "Pertanian", "SUB_ZONA": "Tanaman Pangan", "KODE": "P-1", "KEPADATAN": 0.0, "JUML_RUMH": 0.0, "LUAS_BID": 1451.98926579, "Shape_Leng": 269.53492561299998, "Shape_Area": 1451.9892657800001 }, "geometry": { "type": "MultiPolygon", "coordinates": [ [ [ [ 110.642915927557425, -7.587841625392671, 0.0 ], [ 110.642864290722457, -7.588917608279639, 0.0 ], [ 110.642852121616826, -7.588925958189054, 0.0 ], [ 110.642756242420674, -7.588993215462725, 0.0 ], [ 110.642785518335444, -7.588075936657174, 0.0 ], [ 110.642808267731823, -7.588007104169376, 0.0 ], [ 110.642868481783069, -7.587827352338133, 0.0 ], [ 110.642915927557425, -7.587841625392671, 0.0 ] ] ] ] } },
{ "type": "Feature", "properties": { "OBJECTID": 282, "ZONA": "Pertanian", "SUB_ZONA": "Tanaman Pangan", "KODE": "P-1", "KEPADATAN": 0.0, "JUML_RUMH": 0.0, "LUAS_BID": 823.46186088699994, "Shape_Leng": 152.65630779, "Shape_Area": 823.46186085099998 }, "geometry": { "type": "MultiPolygon", "coordinates": [ [ [ [ 110.640412012768877, -7.588394498827386, 0.0 ], [ 110.640223384992552, -7.588911996451795, 0.0 ], [ 110.640104078353147, -7.588874713242685, 0.0 ], [ 110.640313242328659, -7.588328689410075, 0.0 ], [ 110.640352430340798, -7.58836916179301, 0.0 ], [ 110.640412012768877, -7.588394498827386, 0.0 ] ] ] ] } },
{ "type": "Feature", "properties": { "OBJECTID": 283, "ZONA": "Pertanian", "SUB_ZONA": "Tanaman Pangan", "KODE": "P-1", "KEPADATAN": 0.0, "JUML_RUMH": 0.0, "LUAS_BID": 900.07955255800005, "Shape_Leng": 171.36990655, "Shape_Area": 900.07955255000002 }, "geometry": { "type": "MultiPolygon", "coordinates": [ [ [ [ 110.640874419460161, -7.587889392645562, 0.0 ], [ 110.640646953898155, -7.588480548049541, 0.0 ], [ 110.640536536296594, -7.588447277680714, 0.0 ], [ 110.640788420758653, -7.587810083440214, 0.0 ], [ 110.640874419460161, -7.587889392645562, 0.0 ] ] ] ] } },
{ "type": "Feature", "properties": { "OBJECTID": 284, "ZONA": "Pertanian", "SUB_ZONA": "Tanaman Pangan", "KODE": "P-1", "KEPADATAN": 0.0, "JUML_RUMH": 0.0, "LUAS_BID": 757.18539559600003, "Shape_Leng": 159.84972246000001, "Shape_Area": 757.18539558500004 }, "geometry": { "type": "MultiPolygon", "coordinates": [ [ [ [ 110.640313242328659, -7.588328689410075, 0.0 ], [ 110.640104078353147, -7.588874713242685, 0.0 ], [ 110.640010885236023, -7.588845591718672, 0.0 ], [ 110.640236379308092, -7.588240156664492, 0.0 ], [ 110.640264730765949, -7.588262825670585, 0.0 ], [ 110.640309293184416, -7.58832461112024, 0.0 ], [ 110.640313242328659, -7.588328689410075, 0.0 ] ] ] ] } },
{ "type": "Feature", "properties": { "OBJECTID": 285, "ZONA": "Pertanian", "SUB_ZONA": "Tanaman Pangan", "KODE": "P-1", "KEPADATAN": 0.0, "JUML_RUMH": 0.0, "LUAS_BID": 1142.55964423, "Shape_Leng": 177.66012313600001, "Shape_Area": 1142.5596442000001 }, "geometry": { "type": "MultiPolygon", "coordinates": [ [ [ [ 110.640788420758653, -7.587810083440214, 0.0 ], [ 110.640536536296594, -7.588447277680714, 0.0 ], [ 110.640535136942162, -7.588446855905492, 0.0 ], [ 110.640412012768877, -7.588394498827386, 0.0 ], [ 110.640610758378003, -7.587849241400058, 0.0 ], [ 110.640624350840085, -7.587848446674325, 0.0 ], [ 110.640637665786116, -7.587845604709345, 0.0 ], [ 110.640650393126506, -7.587840777663192, 0.0 ], [ 110.640662239046733, -7.587834079267159, 0.0 ], [ 110.640736518116768, -7.58778425801228, 0.0 ], [ 110.640739624456842, -7.587782534686349, 0.0 ], [ 110.640742976924599, -7.587781356106258, 0.0 ], [ 110.64074647939951, -7.5877807547566, 0.0 ], [ 110.640750033960018, -7.587780748647589, 0.0 ], [ 110.640753539071852, -7.587781339504466, 0.0 ], [ 110.640756895031885, -7.587782507344614, 0.0 ], [ 110.640760007586721, -7.587784219526189, 0.0 ], [ 110.640762787026205, -7.587786430747309, 0.0 ], [ 110.640764117708855, -7.587787671087891, 0.0 ], [ 110.640788420758653, -7.587810083440214, 0.0 ] ] ] ] } },
{ "type": "Feature", "properties": { "OBJECTID": 286, "ZONA": "Pertanian", "SUB_ZONA": "Tanaman Pangan", "KODE": "P-1", "KEPADATAN": 0.0, "JUML_RUMH": 0.0, "LUAS_BID": 872.06212284399999, "Shape_Leng": 172.01026379800001, "Shape_Area": 872.06212290600001 }, "geometry": { "type": "MultiPolygon", "coordinates": [ [ [ [ 110.640236379308092, -7.588240156664492, 0.0 ], [ 110.640010885236023, -7.588845591718672, 0.0 ], [ 110.639911376967902, -7.588814495727767, 0.0 ], [ 110.640146174462188, -7.588166104751058, 0.0 ], [ 110.640178439793033, -7.588193827135421, 0.0 ], [ 110.640236379308092, -7.588240156664492, 0.0 ] ] ] ] } },
{ "type": "Feature", "properties": { "OBJECTID": 287, "ZONA": "Pertanian", "SUB_ZONA": "Tanaman Pangan", "KODE": "P-1", "KEPADATAN": 0.0, "JUML_RUMH": 0.0, "LUAS_BID": 1051.1867246, "Shape_Leng": 182.76696871799999, "Shape_Area": 1051.1867245799999 }, "geometry": { "type": "MultiPolygon", "coordinates": [ [ [ [ 110.640146174462188, -7.588166104751058, 0.0 ], [ 110.639911376967902, -7.588814495727767, 0.0 ], [ 110.639795221623572, -7.58877819739334, 0.0 ], [ 110.64003946691237, -7.588104063417259, 0.0 ], [ 110.640096466999594, -7.588123396628464, 0.0 ], [ 110.640146174462188, -7.588166104751058, 0.0 ] ] ] ] } },
{ "type": "Feature", "properties": { "OBJECTID": 288, "ZONA": "Pertanian", "SUB_ZONA": "Tanaman Pangan", "KODE": "P-1", "KEPADATAN": 0.0, "JUML_RUMH": 0.0, "LUAS_BID": 1172.77074975, "Shape_Leng": 183.75829551800001, "Shape_Area": 1172.77074973 }, "geometry": { "type": "MultiPolygon", "coordinates": [ [ [ [ 110.6537830834164, -7.589134595477612, 0.0 ], [ 110.653642679985097, -7.589137022743101, 0.0 ], [ 110.653630692795389, -7.588452580239126, 0.0 ], [ 110.653695871520597, -7.588434570866797, 0.0 ], [ 110.653765897597168, -7.588434626631791, 0.0 ], [ 110.6537830834164, -7.589134595477612, 0.0 ] ] ] ] } },
{ "type": "Feature", "properties": { "OBJECTID": 289, "ZONA": "Pertanian", "SUB_ZONA": "Tanaman Pangan", "KODE": "P-1", "KEPADATAN": 0.0, "JUML_RUMH": 0.0, "LUAS_BID": 1084.66365131, "Shape_Leng": 186.203743339, "Shape_Area": 1084.6636513000001 }, "geometry": { "type": "MultiPolygon", "coordinates": [ [ [ [ 110.64003946691237, -7.588104063417259, 0.0 ], [ 110.639795221623572, -7.58877819739334, 0.0 ], [ 110.63967740866029, -7.588741381153832, 0.0 ], [ 110.639921953505919, -7.588063688072063, 0.0 ], [ 110.639969138958008, -7.588080210858948, 0.0 ], [ 110.64003946691237, -7.588104063417259, 0.0 ] ] ] ] } },
{ "type": "Feature", "properties": { "OBJECTID": 290, "ZONA": "Pertanian", "SUB_ZONA": "Tanaman Pangan", "KODE": "P-1", "KEPADATAN": 0.0, "JUML_RUMH": 0.0, "LUAS_BID": 985.88221733900002, "Shape_Leng": 184.38974795600001, "Shape_Area": 985.88221735000002 }, "geometry": { "type": "MultiPolygon", "coordinates": [ [ [ [ 110.639921953505919, -7.588063688072063, 0.0 ], [ 110.63967740866029, -7.588741381153832, 0.0 ], [ 110.639638798981537, -7.588729314949276, 0.0 ], [ 110.639569755443816, -7.588707739249633, 0.0 ], [ 110.639817043488748, -7.588026952212685, 0.0 ], [ 110.639921953505919, -7.588063688072063, 0.0 ] ] ] ] } },
{ "type": "Feature", "properties": { "OBJECTID": 291, "ZONA": "Pertanian", "SUB_ZONA": "Tanaman Pangan", "KODE": "P-1", "KEPADATAN": 0.0, "JUML_RUMH": 0.0, "LUAS_BID": 946.230679087, "Shape_Leng": 183.48008829599999, "Shape_Area": 946.23067898 }, "geometry": { "type": "MultiPolygon", "coordinates": [ [ [ [ 110.639817043488748, -7.588026952212685, 0.0 ], [ 110.639569755443816, -7.588707739249633, 0.0 ], [ 110.639527443498537, -7.58869451665816, 0.0 ], [ 110.639497492517705, -7.588683203878052, 0.0 ], [ 110.639468337235726, -7.588672190259043, 0.0 ], [ 110.639715488187463, -7.587993989295935, 0.0 ], [ 110.639753331137214, -7.588004642844679, 0.0 ], [ 110.639817043488748, -7.588026952212685, 0.0 ] ] ] ] } },
{ "type": "Feature", "properties": { "OBJECTID": 292, "ZONA": "Pertanian", "SUB_ZONA": "Tanaman Pangan", "KODE": "P-1", "KEPADATAN": 0.0, "JUML_RUMH": 0.0, "LUAS_BID": 2089.75776718, "Shape_Leng": 278.000520618, "Shape_Area": 2089.7580113 }, "geometry": { "type": "MultiPolygon", "coordinates": [ [ [ [ 110.655131747828008, -7.588209986191963, 0.0 ], [ 110.655117496924149, -7.588232759776361, 0.0 ], [ 110.65501829606977, -7.588391284303442, 0.0 ], [ 110.654995224107111, -7.588428155642001, 0.0 ], [ 110.654967856897031, -7.588471888253921, 0.0 ], [ 110.654964612504642, -7.588476268258161, 0.0 ], [ 110.654950831778777, -7.588494870392224, 0.0 ], [ 110.654946725536831, -7.588498904171612, 0.0 ], [ 110.654850817290139, -7.588636763947964, 0.0 ], [ 110.654745661741458, -7.588727467229204, 0.0 ], [ 110.654722402097534, -7.587633320136757, 0.0 ], [ 110.654753409204076, -7.587750827715748, 0.0 ], [ 110.654821258761345, -7.587975774352627, 0.0 ], [ 110.654834324306947, -7.588016180430837, 0.0 ], [ 110.654848299088158, -7.588049803052797, 0.0 ], [ 110.65486752763249, -7.588080734264376, 0.0 ], [ 110.654891506547358, -7.588108164086886, 0.0 ], [ 110.6549196072651, -7.588131371993349, 0.0 ], [ 110.65493792183257, -7.588142065727205, 0.0 ], [ 110.65506490398522, -7.588186881441636, 0.0 ], [ 110.655098760388483, -7.588199829894171, 0.0 ], [ 110.655104081410528, -7.588201468649202, 0.0 ], [ 110.655110396670068, -7.588203412123902, 0.0 ], [ 110.655131747828008, -7.588209986191963, 0.0 ] ] ] ] } },
{ "type": "Feature", "properties": { "OBJECTID": 293, "ZONA": "Pertanian", "SUB_ZONA": "Tanaman Pangan", "KODE": "P-1", "KEPADATAN": 0.0, "JUML_RUMH": 0.0, "LUAS_BID": 1004.01050133, "Shape_Leng": 183.81281599900001, "Shape_Area": 1004.0105013899999 }, "geometry": { "type": "MultiPolygon", "coordinates": [ [ [ [ 110.639715488187463, -7.587993989295935, 0.0 ], [ 110.639468337235726, -7.588672190259043, 0.0 ], [ 110.639365150512475, -7.588633213322376, 0.0 ], [ 110.639600225539922, -7.587961539638012, 0.0 ], [ 110.639715488187463, -7.587993989295935, 0.0 ] ] ] ] } },
{ "type": "Feature", "properties": { "OBJECTID": 294, "ZONA": "Pertanian", "SUB_ZONA": "Tanaman Pangan", "KODE": "P-1", "KEPADATAN": 0.0, "JUML_RUMH": 0.0, "LUAS_BID": 2424.3657029599999, "Shape_Leng": 209.87278912100001, "Shape_Area": 2424.3657029599999 }, "geometry": { "type": "MultiPolygon", "coordinates": [ [ [ [ 110.6520116466139, -7.587744418944248, 0.0 ], [ 110.652025151797034, -7.587911987131701, 0.0 ], [ 110.652031408362461, -7.58796099107313, 0.0 ], [ 110.652032459343246, -7.587986565542671, 0.0 ], [ 110.652029122803512, -7.58801194654434, 0.0 ], [ 110.651988061367675, -7.58819852916807, 0.0 ], [ 110.651983287400355, -7.588229103887869, 0.0 ], [ 110.651982177433283, -7.588235185239019, 0.0 ], [ 110.651980025169749, -7.588240979916026, 0.0 ], [ 110.651976897832157, -7.588246316106917, 0.0 ], [ 110.651972888927673, -7.588251028352595, 0.0 ], [ 110.651968120954663, -7.58825497383113, 0.0 ], [ 110.651962739055534, -7.588258034161748, 0.0 ], [ 110.651956905576711, -7.588260116305021, 0.0 ], [ 110.651950799159849, -7.588261155275822, 0.0 ], [ 110.65170386724715, -7.588281307368265, 0.0 ], [ 110.651728517698061, -7.587611178120359, 0.0 ], [ 110.651998051683307, -7.587575731747031, 0.0 ], [ 110.6520116466139, -7.587744418944248, 0.0 ] ] ] ] } },
{ "type": "Feature", "properties": { "OBJECTID": 295, "ZONA": "Pertanian", "SUB_ZONA": "Tanaman Pangan", "KODE": "P-1", "KEPADATAN": 0.0, "JUML_RUMH": 0.0, "LUAS_BID": 3034.8325360600002, "Shape_Leng": 228.832715377, "Shape_Area": 3034.8325360600002 }, "geometry": { "type": "MultiPolygon", "coordinates": [ [ [ [ 110.650714552398057, -7.588013178431173, 0.0 ], [ 110.650808621780854, -7.58793340424388, 0.0 ], [ 110.65090148163749, -7.587548017359478, 0.0 ], [ 110.651137509838549, -7.587603630767152, 0.0 ], [ 110.651227993902026, -7.587616982238557, 0.0 ], [ 110.651240230824044, -7.587619868542905, 0.0 ], [ 110.651251799804911, -7.587624780518245, 0.0 ], [ 110.651262366440378, -7.587631581308414, 0.0 ], [ 110.651271623573351, -7.587640070760129, 0.0 ], [ 110.651279303970355, -7.587650004428879, 0.0 ], [ 110.651285185760628, -7.587661093583247, 0.0 ], [ 110.651289096052224, -7.587673017871569, 0.0 ], [ 110.651290924525739, -7.587685430760221, 0.0 ], [ 110.65129061617256, -7.587697971286992, 0.0 ], [ 110.651276234081536, -7.587828247577159, 0.0 ], [ 110.651270282205715, -7.587879407244075, 0.0 ], [ 110.65126581927295, -7.587912064493266, 0.0 ], [ 110.651263259255103, -7.587927742025791, 0.0 ], [ 110.651260313374351, -7.587943015816544, 0.0 ], [ 110.651256860347573, -7.587957645156172, 0.0 ], [ 110.651252748969938, -7.587971396547788, 0.0 ], [ 110.6512477745067, -7.587984090724928, 0.0 ], [ 110.651242656298194, -7.587994043075417, 0.0 ], [ 110.651236702020469, -7.588003161658572, 0.0 ], [ 110.651230009752254, -7.588011233077637, 0.0 ], [ 110.651222628586851, -7.588018083697102, 0.0 ], [ 110.651212415307043, -7.588025019786796, 0.0 ], [ 110.651200486584059, -7.588031153967573, 0.0 ], [ 110.651187060639899, -7.588036803009202, 0.0 ], [ 110.651172564273182, -7.588042195202177, 0.0 ], [ 110.651116109547331, -7.5880620221165, 0.0 ], [ 110.65108669212114, -7.588073335321922, 0.0 ], [ 110.651071559361384, -7.588079847746476, 0.0 ], [ 110.651056633722249, -7.588086952821299, 0.0 ], [ 110.651041924092695, -7.588094869456245, 0.0 ], [ 110.651026357309064, -7.588104492301175, 0.0 ], [ 110.651011393762573, -7.588114761483122, 0.0 ], [ 110.65094272285215, -7.588165538829897, 0.0 ], [ 110.650915724049042, -7.588184756171505, 0.0 ], [ 110.650888401506705, -7.588202973716302, 0.0 ], [ 110.650874839250548, -7.588211269371088, 0.0 ], [ 110.650861202302181, -7.588218881120651, 0.0 ], [ 110.650847579729174, -7.588225528623924, 0.0 ], [ 110.650833558181674, -7.588231169034854, 0.0 ], [ 110.650819444184847, -7.588235662393262, 0.0 ], [ 110.650805488915822, -7.588238929299888, 0.0 ], [ 110.650792046067124, -7.588240796363901, 0.0 ], [ 110.650779362382409, -7.588241061162858, 0.0 ], [ 110.650769347820301, -7.588239887146411, 0.0 ], [ 110.650759976098684, -7.588237465357911, 0.0 ], [ 110.650751632393167, -7.588233927267455, 0.0 ], [ 110.650744638413954, -7.588229413339779, 0.0 ], [ 110.650737630054579, -7.588222497802612, 0.0 ], [ 110.650731651147026, -7.588213810161252, 0.0 ], [ 110.650726823833992, -7.588203649017511, 0.0 ], [ 110.650723436867395, -7.588192554623681, 0.0 ], [ 110.650721720270752, -7.588180822954555, 0.0 ], [ 110.650721741828377, -7.588169833513455, 0.0 ], [ 110.650723055029658, -7.588157946885108, 0.0 ], [ 110.650725394865049, -7.588145532820326, 0.0 ], [ 110.65073696121604, -7.58809977516349, 0.0 ], [ 110.65074001020389, -7.588083698213793, 0.0 ], [ 110.65074125272578, -7.588067276986164, 0.0 ], [ 110.650739858741218, -7.588052319927217, 0.0 ], [ 110.650735517156079, -7.588037888761862, 0.0 ], [ 110.650727494124155, -7.58802454372567, 0.0 ], [ 110.650714552398057, -7.588013178431173, 0.0 ] ] ] ] } },
{ "type": "Feature", "properties": { "OBJECTID": 296, "ZONA": "Pertanian", "SUB_ZONA": "Tanaman Pangan", "KODE": "P-1", "KEPADATAN": 0.0, "JUML_RUMH": 0.0, "LUAS_BID": 1182.73435763, "Shape_Leng": 190.122166773, "Shape_Area": 1182.7343576000001 }, "geometry": { "type": "MultiPolygon", "coordinates": [ [ [ [ 110.639600225539922, -7.587961539638012, 0.0 ], [ 110.639365150512475, -7.588633213322376, 0.0 ], [ 110.63926852875295, -7.588596714863287, 0.0 ], [ 110.639231736434127, -7.588582818406442, 0.0 ], [ 110.639485009418536, -7.587898278112615, 0.0 ], [ 110.639523122157328, -7.58793983333182, 0.0 ], [ 110.639600225539922, -7.587961539638012, 0.0 ] ] ] ] } },
{ "type": "Feature", "properties": { "OBJECTID": 297, "ZONA": "Pertanian", "SUB_ZONA": "Tanaman Pangan", "KODE": "P-1", "KEPADATAN": 0.0, "JUML_RUMH": 0.0, "LUAS_BID": 4503.5418828000002, "Shape_Leng": 354.68673557900001, "Shape_Area": 4503.5418827499998 }, "geometry": { "type": "MultiPolygon", "coordinates": [ [ [ [ 110.642904317442671, -7.587581147177352, 0.0 ], [ 110.642896551124821, -7.587600889064502, 0.0 ], [ 110.642765249484555, -7.587992853735525, 0.0 ], [ 110.642587791778681, -7.588529767145777, 0.0 ], [ 110.642478261033474, -7.588852711170085, 0.0 ], [ 110.642476613457006, -7.588856468244741, 0.0 ], [ 110.642474346986745, -7.588859890124833, 0.0 ], [ 110.642471526072569, -7.588862873743984, 0.0 ], [ 110.642468235094114, -7.588865333238786, 0.0 ], [ 110.64246457202097, -7.588867192707053, 0.0 ], [ 110.642460642962263, -7.588868399771835, 0.0 ], [ 110.642456564891432, -7.588868919251637, 0.0 ], [ 110.642452458393151, -7.588868734059043, 0.0 ], [ 110.642448444031956, -7.588867851529637, 0.0 ], [ 110.642444640545065, -7.588866296184097, 0.0 ], [ 110.642214948609421, -7.58874844081009, 0.0 ], [ 110.642636839272399, -7.587531697904526, 0.0 ], [ 110.642659805875752, -7.58754237968187, 0.0 ], [ 110.642736575880207, -7.587523295118867, 0.0 ], [ 110.642904317442671, -7.587581147177352, 0.0 ] ] ] ] } },
{ "type": "Feature", "properties": { "OBJECTID": 298, "ZONA": "Pertanian", "SUB_ZONA": "Tanaman Pangan", "KODE": "P-1", "KEPADATAN": 0.0, "JUML_RUMH": 0.0, "LUAS_BID": 1243.55244373, "Shape_Leng": 201.61987522800001, "Shape_Area": 1243.5524437500001 }, "geometry": { "type": "MultiPolygon", "coordinates": [ [ [ [ 110.639485009418536, -7.587898278112615, 0.0 ], [ 110.639231736434127, -7.588582818406442, 0.0 ], [ 110.639192657627362, -7.588568056198758, 0.0 ], [ 110.639104501263589, -7.588534756905267, 0.0 ], [ 110.639390248086983, -7.587780087197892, 0.0 ], [ 110.639444040950679, -7.587853607946811, 0.0 ], [ 110.639485009418536, -7.587898278112615, 0.0 ] ] ] ] } },
{ "type": "Feature", "properties": { "OBJECTID": 299, "ZONA": "Pertanian", "SUB_ZONA": "Tanaman Pangan", "KODE": "P-1", "KEPADATAN": 0.0, "JUML_RUMH": 0.0, "LUAS_BID": 1522.60054016, "Shape_Leng": 305.35134949000002, "Shape_Area": 1522.60054012 }, "geometry": { "type": "MultiPolygon", "coordinates": [ [ [ [ 110.654722402097534, -7.587633320136757, 0.0 ], [ 110.654745661741458, -7.588727467229204, 0.0 ], [ 110.654630860201053, -7.588826491076765, 0.0 ], [ 110.65463153489695, -7.588636446003703, 0.0 ], [ 110.654635610566643, -7.587487731512165, 0.0 ], [ 110.654651803985175, -7.587495904381023, 0.0 ], [ 110.654666553199462, -7.587506451469182, 0.0 ], [ 110.654679510291814, -7.587519128270141, 0.0 ], [ 110.654690370902443, -7.587533635134004, 0.0 ], [ 110.6546988778464, -7.587549629029598, 0.0 ], [ 110.654704831078945, -7.587566731693377, 0.0 ], [ 110.654722402097534, -7.587633320136757, 0.0 ] ] ] ] } },
{ "type": "Feature", "properties": { "OBJECTID": 300, "ZONA": "Pertanian", "SUB_ZONA": "Tanaman Pangan", "KODE": "P-1", "KEPADATAN": 0.0, "JUML_RUMH": 0.0, "LUAS_BID": 1008.08074031, "Shape_Leng": 209.366765934, "Shape_Area": 1008.08074026 }, "geometry": { "type": "MultiPolygon", "coordinates": [ [ [ [ 110.639390248086983, -7.587780087197892, 0.0 ], [ 110.639104501263589, -7.588534756905267, 0.0 ], [ 110.639072671632633, -7.588522732461486, 0.0 ], [ 110.639012729847579, -7.588500091428147, 0.0 ], [ 110.639320532722124, -7.587684804103048, 0.0 ], [ 110.639390248086983, -7.587780087197892, 0.0 ] ] ] ] } },
{ "type": "Feature", "properties": { "OBJECTID": 301, "ZONA": "Pertanian", "SUB_ZONA": "Tanaman Pangan", "KODE": "P-1", "KEPADATAN": 0.0, "JUML_RUMH": 0.0, "LUAS_BID": 4116.7685290199997, "Shape_Leng": 413.08337468799999, "Shape_Area": 4116.7687403099999 }, "geometry": { "type": "MultiPolygon", "coordinates": [ [ [ [ 110.653293361830592, -7.587468685400725, 0.0 ], [ 110.653297291681014, -7.587470969826275, 0.0 ], [ 110.653308799963554, -7.587475859085473, 0.0 ], [ 110.653367793840147, -7.587496687402659, 0.0 ], [ 110.653393714518657, -7.587508167894229, 0.0 ], [ 110.653417544337188, -7.587523510080491, 0.0 ], [ 110.653498428675107, -7.587584947817249, 0.0 ], [ 110.653498833597368, -7.587585326244672, 0.0 ], [ 110.65343920245958, -7.587720718031274, 0.0 ], [ 110.653323963375769, -7.587982366041794, 0.0 ], [ 110.653069818484383, -7.587852924793848, 0.0 ], [ 110.652954765169625, -7.587754705757018, 0.0 ], [ 110.652782215972309, -7.58773586087809, 0.0 ], [ 110.652791762366661, -7.587630125806167, 0.0 ], [ 110.652671856978017, -7.587601308565968, 0.0 ], [ 110.652592720235958, -7.587582099502879, 0.0 ], [ 110.652489585751908, -7.58757722927976, 0.0 ], [ 110.65243433737308, -7.587677704906163, 0.0 ], [ 110.652283207231875, -7.587703911214453, 0.0 ], [ 110.652204094578963, -7.587653588060272, 0.0 ], [ 110.6520116466139, -7.587744418944248, 0.0 ], [ 110.651998051683307, -7.587575731747031, 0.0 ], [ 110.652089531613214, -7.58756370016479, 0.0 ], [ 110.652113332670652, -7.587561751794742, 0.0 ], [ 110.652962109428955, -7.587471524717105, 0.0 ], [ 110.65317790170451, -7.587458514761663, 0.0 ], [ 110.65322878772092, -7.587458624992067, 0.0 ], [ 110.653279263446734, -7.587465061360278, 0.0 ], [ 110.653293361830592, -7.587468685400725, 0.0 ] ] ] ] } },
{ "type": "Feature", "properties": { "OBJECTID": 302, "ZONA": "Pertanian", "SUB_ZONA": "Tanaman Pangan", "KODE": "P-1", "KEPADATAN": 0.0, "JUML_RUMH": 0.0, "LUAS_BID": 1141.7931393599999, "Shape_Leng": 225.37466604299999, "Shape_Area": 1141.7931394100001 }, "geometry": { "type": "MultiPolygon", "coordinates": [ [ [ [ 110.639320532722124, -7.587684804103048, 0.0 ], [ 110.639012729847579, -7.588500091428147, 0.0 ], [ 110.638974230155469, -7.588485548584674, 0.0 ], [ 110.638915080452236, -7.588463205794699, 0.0 ], [ 110.639248992333165, -7.587584302007612, 0.0 ], [ 110.639267946944784, -7.587612935155429, 0.0 ], [ 110.639320532722124, -7.587684804103048, 0.0 ] ] ] ] } },
{ "type": "Feature", "properties": { "OBJECTID": 303, "ZONA": "Pertanian", "SUB_ZONA": "Tanaman Pangan", "KODE": "P-1", "KEPADATAN": 0.0, "JUML_RUMH": 0.0, "LUAS_BID": 5383.9186379399998, "Shape_Leng": 357.76403222699997, "Shape_Area": 5383.9186379599996 }, "geometry": { "type": "MultiPolygon", "coordinates": [ [ [ [ 110.642636839272399, -7.587531697904526, 0.0 ], [ 110.642214948609421, -7.58874844081009, 0.0 ], [ 110.64204365794248, -7.588660551584854, 0.0 ], [ 110.641906374356068, -7.588592641185122, 0.0 ], [ 110.641954502002392, -7.588452238583571, 0.0 ], [ 110.642312424491763, -7.587408068767552, 0.0 ], [ 110.642352900678361, -7.587408102057259, 0.0 ], [ 110.642376885962435, -7.587408121782218, 0.0 ], [ 110.642556707185719, -7.587494428568665, 0.0 ], [ 110.642636839272399, -7.587531697904526, 0.0 ] ] ] ] } },
{ "type": "Feature", "properties": { "OBJECTID": 304, "ZONA": "Pertanian", "SUB_ZONA": "Tanaman Pangan", "KODE": "P-1", "KEPADATAN": 0.0, "JUML_RUMH": 0.0, "LUAS_BID": 1114.89148871, "Shape_Leng": 239.08715339599999, "Shape_Area": 1114.8914887200001 }, "geometry": { "type": "MultiPolygon", "coordinates": [ [ [ [ 110.639248992333165, -7.587584302007612, 0.0 ], [ 110.638915080452236, -7.588463205794699, 0.0 ], [ 110.638834820366085, -7.58843288808848, 0.0 ], [ 110.638871523242599, -7.588321408590171, 0.0 ], [ 110.639121421990012, -7.587649399238698, 0.0 ], [ 110.639180351935266, -7.587480620985764, 0.0 ], [ 110.639248992333165, -7.587584302007612, 0.0 ] ] ] ] } },
{ "type": "Feature", "properties": { "OBJECTID": 305, "ZONA": "Pertanian", "SUB_ZONA": "Tanaman Pangan", "KODE": "P-1", "KEPADATAN": 0.0, "JUML_RUMH": 0.0, "LUAS_BID": 1380.96703901, "Shape_Leng": 263.51710802100001, "Shape_Area": 1380.9670391100001 }, "geometry": { "type": "MultiPolygon", "coordinates": [ [ [ [ 110.642312424491763, -7.587408068767552, 0.0 ], [ 110.641954502002392, -7.588452238583571, 0.0 ], [ 110.641858879430487, -7.588394459126125, 0.0 ], [ 110.642212518944689, -7.587389463089245, 0.0 ], [ 110.642256957729614, -7.587408023142705, 0.0 ], [ 110.642312424491763, -7.587408068767552, 0.0 ] ] ] ] } },
{ "type": "Feature", "properties": { "OBJECTID": 306, "ZONA": "Pertanian", "SUB_ZONA": "Tanaman Pangan", "KODE": "P-1", "KEPADATAN": 0.0, "JUML_RUMH": 0.0, "LUAS_BID": 3135.0800013100002, "Shape_Leng": 336.002107857, "Shape_Area": 3135.0800011599999 }, "geometry": { "type": "MultiPolygon", "coordinates": [ [ [ [ 110.642212518944689, -7.587389463089245, 0.0 ], [ 110.641858879430487, -7.588394459126125, 0.0 ], [ 110.641954502002392, -7.588452238583571, 0.0 ], [ 110.641906374356068, -7.588592641185122, 0.0 ], [ 110.641650860522674, -7.588466244248131, 0.0 ], [ 110.641620285193071, -7.588449084953961, 0.0 ], [ 110.642038763938345, -7.58731689683883, 0.0 ], [ 110.642212518944689, -7.587389463089245, 0.0 ] ] ] ] } },
{ "type": "Feature", "properties": { "OBJECTID": 307, "ZONA": "Pertanian", "SUB_ZONA": "Tanaman Pangan", "KODE": "P-1", "KEPADATAN": 0.0, "JUML_RUMH": 0.0, "LUAS_BID": 799.14438463, "Shape_Leng": 129.14501142, "Shape_Area": 799.14438457200004 }, "geometry": { "type": "MultiPolygon", "coordinates": [ [ [ [ 110.648788962232786, -7.587921609617642, 0.0 ], [ 110.648765045881433, -7.588320407426913, 0.0 ], [ 110.648747913443188, -7.588318852223613, 0.0 ], [ 110.64873117858015, -7.588316670483196, 0.0 ], [ 110.648714923954543, -7.588313656938211, 0.0 ], [ 110.648700463919241, -7.588309980898051, 0.0 ], [ 110.648686261154879, -7.588305419504539, 0.0 ], [ 110.648672428026771, -7.588300029835557, 0.0 ], [ 110.648659116830785, -7.588293816536962, 0.0 ], [ 110.648646421006347, -7.588286699178775, 0.0 ], [ 110.648635193199084, -7.588279186810767, 0.0 ], [ 110.648624158327735, -7.58827075285538, 0.0 ], [ 110.648613266386292, -7.588261577278977, 0.0 ], [ 110.648633743646272, -7.58783683764383, 0.0 ], [ 110.648697693193185, -7.587882492524035, 0.0 ], [ 110.648788962232786, -7.587921609617642, 0.0 ] ] ] ] } },
{ "type": "Feature", "properties": { "OBJECTID": 308, "ZONA": "Pertanian", "SUB_ZONA": "Tanaman Pangan", "KODE": "P-1", "KEPADATAN": 0.0, "JUML_RUMH": 0.0, "LUAS_BID": 3484.5717754299999, "Shape_Leng": 309.51189984299998, "Shape_Area": 3484.5717755599999 }, "geometry": { "type": "MultiPolygon", "coordinates": [ [ [ [ 110.642038763938345, -7.58731689683883, 0.0 ], [ 110.641620285193071, -7.588449084953961, 0.0 ], [ 110.641448522313311, -7.588340580289584, 0.0 ], [ 110.641435657448795, -7.588331937505844, 0.0 ], [ 110.641430730185306, -7.588327795100242, 0.0 ], [ 110.641426522413369, -7.588322926025086, 0.0 ], [ 110.641423141004793, -7.588317451579, 0.0 ], [ 110.641420671056252, -7.588311514751996, 0.0 ], [ 110.641419175906648, -7.588305259420657, 0.0 ], [ 110.641418691682844, -7.588298848434844, 0.0 ], [ 110.641419231850307, -7.588292441912007, 0.0 ], [ 110.641420782677486, -7.588286200851752, 0.0 ], [ 110.64146453005462, -7.588155608221316, 0.0 ], [ 110.64166453703794, -7.587615842838523, 0.0 ], [ 110.64175361262366, -7.587390633892508, 0.0 ], [ 110.641761468746438, -7.587374166593795, 0.0 ], [ 110.64177150137138, -7.587358922238137, 0.0 ], [ 110.641783523515031, -7.587345185606393, 0.0 ], [ 110.641797310144739, -7.587333210693248, 0.0 ], [ 110.641841441896048, -7.587299887927222, 0.0 ], [ 110.641858671795816, -7.587284351897793, 0.0 ], [ 110.641872944103298, -7.587266072627927, 0.0 ], [ 110.641883829565856, -7.587245604257142, 0.0 ], [ 110.641990995551822, -7.587294916610922, 0.0 ], [ 110.642038763938345, -7.58731689683883, 0.0 ] ] ] ] } },
{ "type": "Feature", "properties": { "OBJECTID": 309, "ZONA": "Pertanian", "SUB_ZONA": "Tanaman Pangan", "KODE": "P-1", "KEPADATAN": 0.0, "JUML_RUMH": 0.0, "LUAS_BID": 1017.21434834, "Shape_Leng": 215.59909371500001, "Shape_Area": 1017.21434838 }, "geometry": { "type": "MultiPolygon", "coordinates": [ [ [ [ 110.647710880408766, -7.587241541462545, 0.0 ], [ 110.647681954021351, -7.588095421945576, 0.0 ], [ 110.647589426491692, -7.588133494822026, 0.0 ], [ 110.647611581386627, -7.587237049490946, 0.0 ], [ 110.647667364555943, -7.587241534250869, 0.0 ], [ 110.647710880408766, -7.587241541462545, 0.0 ] ] ] ] } },
{ "type": "Feature", "properties": { "OBJECTID": 310, "ZONA": "Pertanian", "SUB_ZONA": "Tanaman Pangan", "KODE": "P-1", "KEPADATAN": 0.0, "JUML_RUMH": 0.0, "LUAS_BID": 1496.55054449, "Shape_Leng": 220.40842759099999, "Shape_Area": 1496.5505443699999 }, "geometry": { "type": "MultiPolygon", "coordinates": [ [ [ [ 110.647832673087919, -7.588075715255544, 0.0 ], [ 110.647681954021351, -7.588095421945576, 0.0 ], [ 110.647710880408766, -7.587241541462545, 0.0 ], [ 110.647816992696747, -7.587233042262947, 0.0 ], [ 110.647849838403275, -7.587227647854429, 0.0 ], [ 110.647832673087919, -7.588075715255544, 0.0 ] ] ] ] } },
{ "type": "Feature", "properties": { "OBJECTID": 311, "ZONA": "Pertanian", "SUB_ZONA": "Tanaman Pangan", "KODE": "P-1", "KEPADATAN": 0.0, "JUML_RUMH": 0.0, "LUAS_BID": 1618.4795363799999, "Shape_Leng": 245.40312041600001, "Shape_Area": 1618.4795364700001 }, "geometry": { "type": "MultiPolygon", "coordinates": [ [ [ [ 110.647611581386627, -7.587237049490946, 0.0 ], [ 110.647589426491692, -7.588133494822026, 0.0 ], [ 110.647587932258418, -7.588193937874076, 0.0 ], [ 110.64757093817154, -7.588197280909442, 0.0 ], [ 110.647523782422226, -7.588209551890126, 0.0 ], [ 110.647509015129089, -7.588212500532365, 0.0 ], [ 110.647493196235246, -7.588214346572015, 0.0 ], [ 110.647476855155134, -7.5882150994837, 0.0 ], [ 110.647460017966509, -7.588215019800741, 0.0 ], [ 110.64744288484043, -7.58821432296978, 0.0 ], [ 110.647484508750736, -7.587226832661452, 0.0 ], [ 110.647611581386627, -7.587237049490946, 0.0 ] ] ] ] } },
{ "type": "Feature", "properties": { "OBJECTID": 312, "ZONA": "Pertanian", "SUB_ZONA": "Tanaman Pangan", "KODE": "P-1", "KEPADATAN": 0.0, "JUML_RUMH": 0.0, "LUAS_BID": 1578.54476241, "Shape_Leng": 247.36067881599999, "Shape_Area": 1578.5447623099999 }, "geometry": { "type": "MultiPolygon", "coordinates": [ [ [ [ 110.647484508750736, -7.587226832661452, 0.0 ], [ 110.64744288484043, -7.58821432296978, 0.0 ], [ 110.647407629630337, -7.588211715493933, 0.0 ], [ 110.647321503975334, -7.588203169051994, 0.0 ], [ 110.647344522910828, -7.587216018266814, 0.0 ], [ 110.647375243076496, -7.587218049482908, 0.0 ], [ 110.647484508750736, -7.587226832661452, 0.0 ] ] ] ] } },
{ "type": "Feature", "properties": { "OBJECTID": 313, "ZONA": "Pertanian", "SUB_ZONA": "Tanaman Pangan", "KODE": "P-1", "KEPADATAN": 0.0, "JUML_RUMH": 0.0, "LUAS_BID": 3124.9620241600001, "Shape_Leng": 272.233271081, "Shape_Area": 3124.9620241799998 }, "geometry": { "type": "MultiPolygon", "coordinates": [ [ [ [ 110.647344522910828, -7.587216018266814, 0.0 ], [ 110.647321503975334, -7.588203169051994, 0.0 ], [ 110.647271551848036, -7.58819724620522, 0.0 ], [ 110.64723878802512, -7.588192168584367, 0.0 ], [ 110.647222391209127, -7.588189008330771, 0.0 ], [ 110.647189107155498, -7.588181553110251, 0.0 ], [ 110.647139068964123, -7.588168892138842, 0.0 ], [ 110.647089105823312, -7.588155359230437, 0.0 ], [ 110.647039466984282, -7.588141014288141, 0.0 ], [ 110.647101238134127, -7.587199939622176, 0.0 ], [ 110.647344522910828, -7.587216018266814, 0.0 ] ] ] ] } },
{ "type": "Feature", "properties": { "OBJECTID": 314, "ZONA": "Pertanian", "SUB_ZONA": "Tanaman Pangan", "KODE": "P-1", "KEPADATAN": 0.0, "JUML_RUMH": 0.0, "LUAS_BID": 1057.0957386099999, "Shape_Leng": 211.44056340700001, "Shape_Area": 1057.0957387399999 }, "geometry": { "type": "MultiPolygon", "coordinates": [ [ [ [ 110.647927983332437, -7.588052557999545, 0.0 ], [ 110.647900246839967, -7.588066879092001, 0.0 ], [ 110.647832673087919, -7.588075715255544, 0.0 ], [ 110.647849838403275, -7.587227647854429, 0.0 ], [ 110.647959030152634, -7.587200266689416, 0.0 ], [ 110.647927983332437, -7.588052557999545, 0.0 ] ] ] ] } },
{ "type": "Feature", "properties": { "OBJECTID": 315, "ZONA": "Pertanian", "SUB_ZONA": "Tanaman Pangan", "KODE": "P-1", "KEPADATAN": 0.0, "JUML_RUMH": 0.0, "LUAS_BID": 1550.16766884, "Shape_Leng": 235.27634382400001, "Shape_Area": 1550.1676688299999 }, "geometry": { "type": "MultiPolygon", "coordinates": [ [ [ [ 110.647101238134127, -7.587199939622176, 0.0 ], [ 110.647039466984282, -7.588141014288141, 0.0 ], [ 110.646993818977336, -7.588126399404117, 0.0 ], [ 110.64696384720078, -7.588115910260241, 0.0 ], [ 110.646934301324322, -7.588104526854019, 0.0 ], [ 110.646920021862982, -7.588098447496223, 0.0 ], [ 110.646905977554695, -7.588091929619138, 0.0 ], [ 110.646963145311005, -7.587188962917007, 0.0 ], [ 110.646992217771356, -7.587192734997862, 0.0 ], [ 110.647101238134127, -7.587199939622176, 0.0 ] ] ] ] } },
{ "type": "Feature", "properties": { "OBJECTID": 316, "ZONA": "Pertanian", "SUB_ZONA": "Tanaman Pangan", "KODE": "P-1", "KEPADATAN": 0.0, "JUML_RUMH": 0.0, "LUAS_BID": 6833.8777751500002, "Shape_Leng": 341.60873124900002, "Shape_Area": 6833.8777751600001 }, "geometry": { "type": "MultiPolygon", "coordinates": [ [ [ [ 110.65090148163749, -7.587548017359478, 0.0 ], [ 110.650808621780854, -7.58793340424388, 0.0 ], [ 110.650714552398057, -7.588013178431173, 0.0 ], [ 110.650699365641202, -7.588005713590252, 0.0 ], [ 110.650683166509168, -7.588001328855431, 0.0 ], [ 110.650667410489959, -7.587999423865703, 0.0 ], [ 110.65065146007494, -7.587999132448261, 0.0 ], [ 110.650635333688925, -7.58800009008155, 0.0 ], [ 110.650619067746874, -7.588002106837918, 0.0 ], [ 110.650602707613061, -7.588005136621383, 0.0 ], [ 110.650586308539843, -7.588009237367984, 0.0 ], [ 110.650568481189296, -7.588015042960001, 0.0 ], [ 110.650551041776765, -7.588022049209644, 0.0 ], [ 110.650534037502311, -7.588030181981236, 0.0 ], [ 110.650517551730601, -7.588039487474229, 0.0 ], [ 110.650502496867603, -7.588049442683712, 0.0 ], [ 110.650488178442899, -7.588060118511608, 0.0 ], [ 110.650474460642869, -7.588071306800821, 0.0 ], [ 110.650461223000093, -7.588082879912091, 0.0 ], [ 110.650427146844535, -7.588114377221375, 0.0 ], [ 110.650415996612949, -7.588124149227919, 0.0 ], [ 110.650404827912453, -7.588133216569714, 0.0 ], [ 110.650393324126156, -7.588141867545756, 0.0 ], [ 110.650381516981668, -7.588150103990642, 0.0 ], [ 110.65036944819829, -7.588157903323999, 0.0 ], [ 110.650357150459129, -7.588165206775871, 0.0 ], [ 110.650342682061833, -7.588172992419704, 0.0 ], [ 110.650327804288139, -7.588180304650755, 0.0 ], [ 110.650312932380643, -7.588187087720371, 0.0 ], [ 110.650281402098727, -7.588200239943434, 0.0 ], [ 110.650249323359688, -7.588212264645491, 0.0 ], [ 110.650199756719317, -7.588229579597126, 0.0 ], [ 110.650166381623464, -7.588241596013538, 0.0 ], [ 110.650060250704769, -7.587954341947735, 0.0 ], [ 110.650135825993289, -7.587929274177763, 0.0 ], [ 110.650056771602024, -7.58780715060692, 0.0 ], [ 110.650103738186615, -7.587566660471837, 0.0 ], [ 110.650060613405458, -7.587505596243162, 0.0 ], [ 110.650139812790357, -7.587448221527588, 0.0 ], [ 110.650219057651, -7.587333406583793, 0.0 ], [ 110.650495931882176, -7.587191194081292, 0.0 ], [ 110.650521922613365, -7.587224703464245, 0.0 ], [ 110.65057792247525, -7.58731121231845, 0.0 ], [ 110.650599182469449, -7.587340734228651, 0.0 ], [ 110.650623266346614, -7.58736801148785, 0.0 ], [ 110.650675489385094, -7.58743005084812, 0.0 ], [ 110.650694359790691, -7.587449400904138, 0.0 ], [ 110.650715856117529, -7.587465796977349, 0.0 ], [ 110.650739518120488, -7.587478893157114, 0.0 ], [ 110.650853384737545, -7.58753144164158, 0.0 ], [ 110.650877015202809, -7.587540937653308, 0.0 ], [ 110.65090148163749, -7.587548017359478, 0.0 ] ] ] ] } },
{ "type": "Feature", "properties": { "OBJECTID": 317, "ZONA": "Pertanian", "SUB_ZONA": "Tanaman Pangan", "KODE": "P-1", "KEPADATAN": 0.0, "JUML_RUMH": 0.0, "LUAS_BID": 1808.85617217, "Shape_Leng": 288.535885162, "Shape_Area": 1808.8561723099999 }, "geometry": { "type": "MultiPolygon", "coordinates": [ [ [ [ 110.64186979771037, -7.587218683975499, 0.0 ], [ 110.641863796551533, -7.587237135590557, 0.0 ], [ 110.641854684323931, -7.587254268514703, 0.0 ], [ 110.641842736132858, -7.587269570995722, 0.0 ], [ 110.64182831316856, -7.587282575675467, 0.0 ], [ 110.641779400953439, -7.587319509107548, 0.0 ], [ 110.641761731533251, -7.587334855719396, 0.0 ], [ 110.64174632387973, -7.587352460155867, 0.0 ], [ 110.641733466541098, -7.587371998823948, 0.0 ], [ 110.641723398243371, -7.587393102861774, 0.0 ], [ 110.641639131035006, -7.587606154915284, 0.0 ], [ 110.641438872350477, -7.588146599399207, 0.0 ], [ 110.641397631414833, -7.588269707990584, 0.0 ], [ 110.641396527831262, -7.588272282350634, 0.0 ], [ 110.641395021011121, -7.58827464471211, 0.0 ], [ 110.641393149083186, -7.588276729978403, 0.0 ], [ 110.641390963763882, -7.588278485727943, 0.0 ], [ 110.641388521297898, -7.58827986497023, 0.0 ], [ 110.641385886988573, -7.588280828863187, 0.0 ], [ 110.641383130659278, -7.588281353945962, 0.0 ], [ 110.641380325751271, -7.5882814267108, 0.0 ], [ 110.641377546604886, -7.588281042696205, 0.0 ], [ 110.641374865732374, -7.588280215530349, 0.0 ], [ 110.641372355641494, -7.588278964268682, 0.0 ], [ 110.641370082482212, -7.588277322434346, 0.0 ], [ 110.64129406904047, -7.588212422085107, 0.0 ], [ 110.64165306856367, -7.587182943739027, 0.0 ], [ 110.641728527882279, -7.587195387470198, 0.0 ], [ 110.64186979771037, -7.587218683975499, 0.0 ] ] ] ] } },
{ "type": "Feature", "properties": { "OBJECTID": 318, "ZONA": "Pertanian", "SUB_ZONA": "Tanaman Pangan", "KODE": "P-1", "KEPADATAN": 0.0, "JUML_RUMH": 0.0, "LUAS_BID": 993.680357426, "Shape_Leng": 208.52559754000001, "Shape_Area": 993.68035742100005 }, "geometry": { "type": "MultiPolygon", "coordinates": [ [ [ [ 110.648029824666963, -7.587999972648638, 0.0 ], [ 110.647927983332437, -7.588052557999545, 0.0 ], [ 110.647959030152634, -7.587200266689416, 0.0 ], [ 110.64801230854728, -7.58718690700227, 0.0 ], [ 110.648054257216941, -7.587178820749225, 0.0 ], [ 110.648029824666963, -7.587999972648638, 0.0 ] ] ] ] } },
{ "type": "Feature", "properties": { "OBJECTID": 319, "ZONA": "Pertanian", "SUB_ZONA": "Tanaman Pangan", "KODE": "P-1", "KEPADATAN": 0.0, "JUML_RUMH": 0.0, "LUAS_BID": 1466.7125264700001, "Shape_Leng": 208.86656334700001, "Shape_Area": 1466.7125264199999 }, "geometry": { "type": "MultiPolygon", "coordinates": [ [ [ [ 110.648199215859435, -7.587876414349457, 0.0 ], [ 110.648185672853373, -7.587933489042431, 0.0 ], [ 110.648029824666963, -7.587999972648638, 0.0 ], [ 110.648054257216941, -7.587178820749225, 0.0 ], [ 110.648096844823385, -7.587175410661205, 0.0 ], [ 110.648191043731629, -7.587173087085961, 0.0 ], [ 110.648199215859435, -7.587876414349457, 0.0 ] ] ] ] } },
{ "type": "Feature", "properties": { "OBJECTID": 320, "ZONA": "Pertanian", "SUB_ZONA": "Tanaman Pangan", "KODE": "P-1", "KEPADATAN": 0.0, "JUML_RUMH": 0.0, "LUAS_BID": 757.38382892599998, "Shape_Leng": 176.337294235, "Shape_Area": 757.38382898999998 }, "geometry": { "type": "MultiPolygon", "coordinates": [ [ [ [ 110.648199215859435, -7.587876414349457, 0.0 ], [ 110.648191043731629, -7.587173087085961, 0.0 ], [ 110.64834638924944, -7.587169258005073, 0.0 ], [ 110.648349232938514, -7.587169424029189, 0.0 ], [ 110.648352010070226, -7.587170057655127, 0.0 ], [ 110.64835464269521, -7.587171142537882, 0.0 ], [ 110.64835705922016, -7.587172649673751, 0.0 ], [ 110.648359192597695, -7.587174533780702, 0.0 ], [ 110.648360982129944, -7.58717674505905, 0.0 ], [ 110.648362380727377, -7.587179221056327, 0.0 ], [ 110.648363347648512, -7.58718189661155, 0.0 ], [ 110.648363857574793, -7.587184692103267, 0.0 ], [ 110.648363895155242, -7.587187533345432, 0.0 ], [ 110.648363460452316, -7.587190343450827, 0.0 ], [ 110.648281700024185, -7.587528808482586, 0.0 ], [ 110.648199215859435, -7.587876414349457, 0.0 ] ] ] ] } },
{ "type": "Feature", "properties": { "OBJECTID": 321, "ZONA": "Pertanian", "SUB_ZONA": "Tanaman Pangan", "KODE": "P-1", "KEPADATAN": 0.0, "JUML_RUMH": 0.0, "LUAS_BID": 4075.8727654700001, "Shape_Leng": 296.00754855100001, "Shape_Area": 4075.8727653800001 }, "geometry": { "type": "MultiPolygon", "coordinates": [ [ [ [ 110.641546245065911, -7.587163504542226, 0.0 ], [ 110.641621528837362, -7.587177740976588, 0.0 ], [ 110.64165306856367, -7.587182943739027, 0.0 ], [ 110.64129406904047, -7.588212422085107, 0.0 ], [ 110.641079082907623, -7.588028865009647, 0.0 ], [ 110.641015752149329, -7.587970461652056, 0.0 ], [ 110.641316170771688, -7.587143094406501, 0.0 ], [ 110.641494424368688, -7.58715370438343, 0.0 ], [ 110.641546245065911, -7.587163504542226, 0.0 ] ] ] ] } },
{ "type": "Feature", "properties": { "OBJECTID": 322, "ZONA": "Pertanian", "SUB_ZONA": "Tanaman Pangan", "KODE": "P-1", "KEPADATAN": 0.0, "JUML_RUMH": 0.0, "LUAS_BID": 563.39672923199998, "Shape_Leng": 203.10264248, "Shape_Area": 563.39672915300002 }, "geometry": { "type": "MultiPolygon", "coordinates": [ [ [ [ 110.641316170771688, -7.587143094406501, 0.0 ], [ 110.641015752149329, -7.587970461652056, 0.0 ], [ 110.640970948771681, -7.587929143453933, 0.0 ], [ 110.641263917743117, -7.58713757422192, 0.0 ], [ 110.641290556790253, -7.58714156900408, 0.0 ], [ 110.641316170771688, -7.587143094406501, 0.0 ] ] ] ] } },
{ "type": "Feature", "properties": { "OBJECTID": 323, "ZONA": "Pertanian", "SUB_ZONA": "Tanaman Pangan", "KODE": "P-1", "KEPADATAN": 0.0, "JUML_RUMH": 0.0, "LUAS_BID": 1434.3892960799999, "Shape_Leng": 229.60537189499999, "Shape_Area": 1434.38929609 }, "geometry": { "type": "MultiPolygon", "coordinates": [ [ [ [ 110.646963145311005, -7.587188962917007, 0.0 ], [ 110.646905977554695, -7.588091929619138, 0.0 ], [ 110.64689073404314, -7.588084110920458, 0.0 ], [ 110.64687559073964, -7.588075694390955, 0.0 ], [ 110.64686053118777, -7.58806685007384, 0.0 ], [ 110.646801088328999, -7.588029989974187, 0.0 ], [ 110.646809596737768, -7.587140344074462, 0.0 ], [ 110.646934781097045, -7.587181565947525, 0.0 ], [ 110.646963145311005, -7.587188962917007, 0.0 ] ] ] ] } },
{ "type": "Feature", "properties": { "OBJECTID": 324, "ZONA": "Pertanian", "SUB_ZONA": "Tanaman Pangan", "KODE": "P-1", "KEPADATAN": 0.0, "JUML_RUMH": 0.0, "LUAS_BID": 560.96731229500006, "Shape_Leng": 195.74143583099999, "Shape_Area": 560.96731233000003 }, "geometry": { "type": "MultiPolygon", "coordinates": [ [ [ [ 110.641263917743117, -7.58713757422192, 0.0 ], [ 110.640970948771681, -7.587929143453933, 0.0 ], [ 110.64093002968994, -7.587891406881262, 0.0 ], [ 110.641203517834512, -7.58712851954238, 0.0 ], [ 110.641263917743117, -7.58713757422192, 0.0 ] ] ] ] } },
{ "type": "Feature", "properties": { "OBJECTID": 325, "ZONA": "Pertanian", "SUB_ZONA": "Tanaman Pangan", "KODE": "P-1", "KEPADATAN": 0.0, "JUML_RUMH": 0.0, "LUAS_BID": 965.46698186499998, "Shape_Leng": 176.042797729, "Shape_Area": 965.46698182099999 }, "geometry": { "type": "MultiPolygon", "coordinates": [ [ [ [ 110.648658718658979, -7.587318814723381, 0.0 ], [ 110.648633743646272, -7.58783683764383, 0.0 ], [ 110.648630571673252, -7.587834573689742, 0.0 ], [ 110.648509072255052, -7.58780649304641, 0.0 ], [ 110.648550816742244, -7.587110764579207, 0.0 ], [ 110.64862654252714, -7.587169376803982, 0.0 ], [ 110.648658718658979, -7.587318814723381, 0.0 ] ] ] ] } },
{ "type": "Feature", "properties": { "OBJECTID": 326, "ZONA": "Pertanian", "SUB_ZONA": "Tanaman Pangan", "KODE": "P-1", "KEPADATAN": 0.0, "JUML_RUMH": 0.0, "LUAS_BID": 1487.4926005100001, "Shape_Leng": 228.33334449099999, "Shape_Area": 1487.4926005 }, "geometry": { "type": "MultiPolygon", "coordinates": [ [ [ [ 110.646809596737768, -7.587140344074462, 0.0 ], [ 110.646801088328999, -7.588029989974187, 0.0 ], [ 110.646773244775645, -7.588013268344519, 0.0 ], [ 110.646758907039967, -7.588005286652518, 0.0 ], [ 110.646744346731538, -7.587997880981566, 0.0 ], [ 110.646729385080391, -7.587991272802721, 0.0 ], [ 110.646713855895243, -7.587985821994306, 0.0 ], [ 110.646697583753252, -7.58798209195226, 0.0 ], [ 110.646679657005905, -7.587980782966881, 0.0 ], [ 110.64666191830888, -7.587982321676624, 0.0 ], [ 110.646644666805642, -7.587986727320299, 0.0 ], [ 110.646688389332013, -7.587105877005415, 0.0 ], [ 110.646714834364332, -7.587112189677673, 0.0 ], [ 110.646809596737768, -7.587140344074462, 0.0 ] ] ] ] } },
{ "type": "Feature", "properties": { "OBJECTID": 327, "ZONA": "Pertanian", "SUB_ZONA": "Tanaman Pangan", "KODE": "P-1", "KEPADATAN": 0.0, "JUML_RUMH": 0.0, "LUAS_BID": 1073.6441657, "Shape_Leng": 281.57821735700003, "Shape_Area": 1073.64416562 }, "geometry": { "type": "MultiPolygon", "coordinates": [ [ [ [ 110.646688389332013, -7.587105877005415, 0.0 ], [ 110.646644666805642, -7.587986727320299, 0.0 ], [ 110.646628381833665, -7.587994274367981, 0.0 ], [ 110.646615156591395, -7.588003866389572, 0.0 ], [ 110.646603773875881, -7.588015153237438, 0.0 ], [ 110.646593885945066, -7.588027680541864, 0.0 ], [ 110.646585266332892, -7.58804124007096, 0.0 ], [ 110.64657785167293, -7.588055719608313, 0.0 ], [ 110.646571540272873, -7.588071314455503, 0.0 ], [ 110.646566340009855, -7.588087259364396, 0.0 ], [ 110.646561962726395, -7.588103403039928, 0.0 ], [ 110.64655818456167, -7.588119677458456, 0.0 ], [ 110.646554841402491, -7.588136117764303, 0.0 ], [ 110.646549156869639, -7.588168931348418, 0.0 ], [ 110.646539790120727, -7.588233738806713, 0.0 ], [ 110.646534793540908, -7.588265578742527, 0.0 ], [ 110.646531946145004, -7.588281048862161, 0.0 ], [ 110.646528316033098, -7.58829807960954, 0.0 ], [ 110.646524197516626, -7.588314836783852, 0.0 ], [ 110.64660617191646, -7.587098568326319, 0.0 ], [ 110.646661412499682, -7.587102481093553, 0.0 ], [ 110.646688389332013, -7.587105877005415, 0.0 ] ] ] ] } },
{ "type": "Feature", "properties": { "OBJECTID": 328, "ZONA": "Pertanian", "SUB_ZONA": "Tanaman Pangan", "KODE": "P-1", "KEPADATAN": 0.0, "JUML_RUMH": 0.0, "LUAS_BID": 1651.2198260800001, "Shape_Leng": 314.297521829, "Shape_Area": 1651.21982613 }, "geometry": { "type": "MultiPolygon", "coordinates": [ [ [ [ 110.64660617191646, -7.587098568326319, 0.0 ], [ 110.646524197516626, -7.588314836783852, 0.0 ], [ 110.646519575264804, -7.588331221775984, 0.0 ], [ 110.646514400474842, -7.588347050016786, 0.0 ], [ 110.646508584501859, -7.588362080822227, 0.0 ], [ 110.646502009760212, -7.588375989361002, 0.0 ], [ 110.646494477042822, -7.588388490535913, 0.0 ], [ 110.646486101878196, -7.58839909778959, 0.0 ], [ 110.646476507372384, -7.588408641198179, 0.0 ], [ 110.646465923910299, -7.588416970792585, 0.0 ], [ 110.646454505768503, -7.588423885886685, 0.0 ], [ 110.646442336456289, -7.58842925538767, 0.0 ], [ 110.646429106511135, -7.588433484285051, 0.0 ], [ 110.646415079652584, -7.588436676817127, 0.0 ], [ 110.64650038048768, -7.58709606085103, 0.0 ], [ 110.646581448312915, -7.587096817819257, 0.0 ], [ 110.64660617191646, -7.587098568326319, 0.0 ] ] ] ] } },
{ "type": "Feature", "properties": { "OBJECTID": 329, "ZONA": "Pertanian", "SUB_ZONA": "Tanaman Pangan", "KODE": "P-1", "KEPADATAN": 0.0, "JUML_RUMH": 0.0, "LUAS_BID": 1345.5877893700001, "Shape_Leng": 315.19435811, "Shape_Area": 1345.5877893 }, "geometry": { "type": "MultiPolygon", "coordinates": [ [ [ [ 110.64650038048768, -7.58709606085103, 0.0 ], [ 110.646415079652584, -7.588436676817127, 0.0 ], [ 110.646400556818037, -7.58843887664725, 0.0 ], [ 110.646385801824508, -7.588440068612465, 0.0 ], [ 110.646371007822992, -7.588440183219022, 0.0 ], [ 110.646355362680609, -7.588439059699949, 0.0 ], [ 110.646339601537008, -7.588436781872261, 0.0 ], [ 110.646411599861523, -7.587095231564369, 0.0 ], [ 110.64650038048768, -7.58709606085103, 0.0 ] ] ] ] } },
{ "type": "Feature", "properties": { "OBJECTID": 330, "ZONA": "Pertanian", "SUB_ZONA": "Tanaman Pangan", "KODE": "P-1", "KEPADATAN": 0.0, "JUML_RUMH": 0.0, "LUAS_BID": 1752.70850662, "Shape_Leng": 317.47587945100003, "Shape_Area": 1752.7085066100001 }, "geometry": { "type": "MultiPolygon", "coordinates": [ [ [ [ 110.646411599861523, -7.587095231564369, 0.0 ], [ 110.646339601537008, -7.588436781872261, 0.0 ], [ 110.646323853931364, -7.588433468338165, 0.0 ], [ 110.646308231336221, -7.588429158988828, 0.0 ], [ 110.646293698020017, -7.588424215526552, 0.0 ], [ 110.646279008457327, -7.588418555528214, 0.0 ], [ 110.646233528808182, -7.588399821352464, 0.0 ], [ 110.646217872220205, -7.588393847588917, 0.0 ], [ 110.646314028983184, -7.587158176276758, 0.0 ], [ 110.646319263004116, -7.587090910494029, 0.0 ], [ 110.646356706431618, -7.587094718370238, 0.0 ], [ 110.646411599861523, -7.587095231564369, 0.0 ] ] ] ] } },
{ "type": "Feature", "properties": { "OBJECTID": 331, "ZONA": "Pertanian", "SUB_ZONA": "Tanaman Pangan", "KODE": "P-1", "KEPADATAN": 0.0, "JUML_RUMH": 0.0, "LUAS_BID": 1101.3928101399999, "Shape_Leng": 283.76521455300002, "Shape_Area": 1101.39281018 }, "geometry": { "type": "MultiPolygon", "coordinates": [ [ [ [ 110.646217872220205, -7.588393847588917, 0.0 ], [ 110.646202088389728, -7.588388273535128, 0.0 ], [ 110.646186143756125, -7.588383121777683, 0.0 ], [ 110.64617000563716, -7.588378449276997, 0.0 ], [ 110.646153625002526, -7.588374350067001, 0.0 ], [ 110.646218785716371, -7.587250410581186, 0.0 ], [ 110.646273285794607, -7.587214220199518, 0.0 ], [ 110.646314028983184, -7.587158176276758, 0.0 ], [ 110.646217872220205, -7.588393847588917, 0.0 ] ] ] ] } },
{ "type": "Feature", "properties": { "OBJECTID": 332, "ZONA": "Pertanian", "SUB_ZONA": "Tanaman Pangan", "KODE": "P-1", "KEPADATAN": 0.0, "JUML_RUMH": 0.0, "LUAS_BID": 858.07681799500006, "Shape_Leng": 233.56715174300001, "Shape_Area": 858.07681799299996 }, "geometry": { "type": "MultiPolygon", "coordinates": [ [ [ [ 110.646054550429454, -7.588364493893581, 0.0 ], [ 110.646037996983964, -7.588364417099929, 0.0 ], [ 110.646005375345453, -7.588365065342576, 0.0 ], [ 110.645988646270553, -7.58836580340919, 0.0 ], [ 110.646031942951751, -7.58747862913868, 0.0 ], [ 110.646042819790466, -7.587462937609604, 0.0 ], [ 110.646121723910753, -7.587358141144524, 0.0 ], [ 110.646071881889569, -7.588104846103002, 0.0 ], [ 110.646054550429454, -7.588364493893581, 0.0 ] ] ] ] } },
{ "type": "Feature", "properties": { "OBJECTID": 333, "ZONA": "Pertanian", "SUB_ZONA": "Tanaman Pangan", "KODE": "P-1", "KEPADATAN": 0.0, "JUML_RUMH": 0.0, "LUAS_BID": 10761.831231800001, "Shape_Leng": 517.12345684299999, "Shape_Area": 10761.8312317 }, "geometry": { "type": "MultiPolygon", "coordinates": [ [ [ [ 110.650219057651, -7.587333406583793, 0.0 ], [ 110.650139812790357, -7.587448221527588, 0.0 ], [ 110.650060613405458, -7.587505596243162, 0.0 ], [ 110.650103738186615, -7.587566660471837, 0.0 ], [ 110.650056771602024, -7.58780715060692, 0.0 ], [ 110.650135825993289, -7.587929274177763, 0.0 ], [ 110.650060250704769, -7.587954341947735, 0.0 ], [ 110.650166381623464, -7.588241596013538, 0.0 ], [ 110.65013330117921, -7.588254701750481, 0.0 ], [ 110.650071154065955, -7.588281408525397, 0.0 ], [ 110.650057552378826, -7.588286874669211, 0.0 ], [ 110.650044147902165, -7.588291734013859, 0.0 ], [ 110.650030978905377, -7.588295745978117, 0.0 ], [ 110.650017098043023, -7.588298917940516, 0.0 ], [ 110.650003214399689, -7.588301044232842, 0.0 ], [ 110.649989489333777, -7.588302133126015, 0.0 ], [ 110.64997618125885, -7.588302125127313, 0.0 ], [ 110.649963574909691, -7.588300921869348, 0.0 ], [ 110.649951008766379, -7.588298204415721, 0.0 ], [ 110.649939504434428, -7.588294060426322, 0.0 ], [ 110.649929232356698, -7.588288474661007, 0.0 ], [ 110.649919393481113, -7.588280803336831, 0.0 ], [ 110.649897857208643, -7.588259985719843, 0.0 ], [ 110.649885844130964, -7.588249333035158, 0.0 ], [ 110.649872341044812, -7.58823936751793, 0.0 ], [ 110.649857155964938, -7.588230960101402, 0.0 ], [ 110.649840308135794, -7.588224975556918, 0.0 ], [ 110.649823003269844, -7.588221404000582, 0.0 ], [ 110.649805542836361, -7.588219631481245, 0.0 ], [ 110.649787958916136, -7.588219222932999, 0.0 ], [ 110.649770301567969, -7.588219932356782, 0.0 ], [ 110.649754337934851, -7.588221404780684, 0.0 ], [ 110.649738462641679, -7.588223496896372, 0.0 ], [ 110.649722645863179, -7.588226096514834, 0.0 ], [ 110.64970687768367, -7.588229133977203, 0.0 ], [ 110.649691149056679, -7.588232585757743, 0.0 ], [ 110.649675457244257, -7.588236474468179, 0.0 ], [ 110.649659805827852, -7.588240855289321, 0.0 ], [ 110.649642979640561, -7.588246218416272, 0.0 ], [ 110.649626361461713, -7.588252194999483, 0.0 ], [ 110.649609964880653, -7.588258795904595, 0.0 ], [ 110.649593794363398, -7.588266103449872, 0.0 ], [ 110.649577954081224, -7.588274218125051, 0.0 ], [ 110.649564523673874, -7.588281988296654, 0.0 ], [ 110.649551605206611, -7.588290076379728, 0.0 ], [ 110.649514740981161, -7.588314184758049, 0.0 ], [ 110.649502242589989, -7.588321843513817, 0.0 ], [ 110.649489755602048, -7.588328853711395, 0.0 ], [ 110.649477321903689, -7.588334986531737, 0.0 ], [ 110.649464935333057, -7.588340014926217, 0.0 ], [ 110.649451175157751, -7.588344156652155, 0.0 ], [ 110.649436986264533, -7.588347082308069, 0.0 ], [ 110.649422475556918, -7.588348877008433, 0.0 ], [ 110.649407844282806, -7.588349547247383, 0.0 ], [ 110.649393183147268, -7.588349030683635, 0.0 ], [ 110.649379755755547, -7.588347473969701, 0.0 ], [ 110.649365933809435, -7.588345053990304, 0.0 ], [ 110.649351737955186, -7.588342023133333, 0.0 ], [ 110.649306124680834, -7.588331398514387, 0.0 ], [ 110.64927338665737, -7.588324637686552, 0.0 ], [ 110.649256751283247, -7.588321617522634, 0.0 ], [ 110.649240059430241, -7.588318934712092, 0.0 ], [ 110.64922322039186, -7.588316653405257, 0.0 ], [ 110.649206218662272, -7.588314890277397, 0.0 ], [ 110.649188315358586, -7.588313705337648, 0.0 ], [ 110.649170485018914, -7.588313095753949, 0.0 ], [ 110.649152674269985, -7.588312922181546, 0.0 ], [ 110.649117469023864, -7.588313511586385, 0.0 ], [ 110.64908378342146, -7.588314881037878, 0.0 ], [ 110.649000299709954, -7.588319332820792, 0.0 ], [ 110.64896713074431, -7.588320817558908, 0.0 ], [ 110.6489896955392, -7.587885885226351, 0.0 ], [ 110.648991775935087, -7.587845782489808, 0.0 ], [ 110.649128459555115, -7.587888972299852, 0.0 ], [ 110.649373144970326, -7.58784968034242, 0.0 ], [ 110.649585656722493, -7.587555474570235, 0.0 ], [ 110.649711781368126, -7.587307868795249, 0.0 ], [ 110.649753682443503, -7.587106446940002, 0.0 ], [ 110.650024991446998, -7.587064001943354, 0.0 ], [ 110.650082530744896, -7.587096359005054, 0.0 ], [ 110.650154372394852, -7.587240015164908, 0.0 ], [ 110.650219057651, -7.587333406583793, 0.0 ] ] ] ] } },
{ "type": "Feature", "properties": { "OBJECTID": 334, "ZONA": "Pertanian", "SUB_ZONA": "Tanaman Pangan", "KODE": "P-1", "KEPADATAN": 0.0, "JUML_RUMH": 0.0, "LUAS_BID": 595.16395824799997, "Shape_Leng": 204.76844407199999, "Shape_Area": 595.16395826099995 }, "geometry": { "type": "MultiPolygon", "coordinates": [ [ [ [ 110.645988646270553, -7.58836580340919, 0.0 ], [ 110.645955667242404, -7.588367818141504, 0.0 ], [ 110.6459371028063, -7.58836918518737, 0.0 ], [ 110.645962907141694, -7.587578217948004, 0.0 ], [ 110.646031942951751, -7.58747862913868, 0.0 ], [ 110.645988646270553, -7.58836580340919, 0.0 ] ] ] ] } },
{ "type": "Feature", "properties": { "OBJECTID": 335, "ZONA": "Pertanian", "SUB_ZONA": "Tanaman Pangan", "KODE": "P-1", "KEPADATAN": 0.0, "JUML_RUMH": 0.0, "LUAS_BID": 808.91476936399999, "Shape_Leng": 189.57266812099999, "Shape_Area": 808.91476928400004 }, "geometry": { "type": "MultiPolygon", "coordinates": [ [ [ [ 110.6459371028063, -7.58836918518737, 0.0 ], [ 110.645873898313994, -7.588373848264359, 0.0 ], [ 110.645845246411568, -7.588375633136779, 0.0 ], [ 110.645868758893215, -7.587695843950055, 0.0 ], [ 110.645903539204767, -7.587663860933004, 0.0 ], [ 110.645962907141694, -7.587578217948004, 0.0 ], [ 110.6459371028063, -7.58836918518737, 0.0 ] ] ] ] } },
{ "type": "Feature", "properties": { "OBJECTID": 336, "ZONA": "Pertanian", "SUB_ZONA": "Tanaman Pangan", "KODE": "P-1", "KEPADATAN": 0.0, "JUML_RUMH": 0.0, "LUAS_BID": 711.18317300399997, "Shape_Leng": 175.712940637, "Shape_Area": 711.18317298900001 }, "geometry": { "type": "MultiPolygon", "coordinates": [ [ [ [ 110.645891355764789, -7.58704251135682, 0.0 ], [ 110.645868758893215, -7.587695843950055, 0.0 ], [ 110.645785638855386, -7.587772277282803, 0.0 ], [ 110.645804624630003, -7.587036407339184, 0.0 ], [ 110.645845690657794, -7.587037913400103, 0.0 ], [ 110.645891355764789, -7.58704251135682, 0.0 ] ] ] ] } },
{ "type": "Feature", "properties": { "OBJECTID": 337, "ZONA": "Pertanian", "SUB_ZONA": "Tanaman Pangan", "KODE": "P-1", "KEPADATAN": 0.0, "JUML_RUMH": 0.0, "LUAS_BID": 771.59147558699999, "Shape_Leng": 199.749693635, "Shape_Area": 771.59147559600001 }, "geometry": { "type": "MultiPolygon", "coordinates": [ [ [ [ 110.645804624630003, -7.587036407339184, 0.0 ], [ 110.645785638855386, -7.587772277282803, 0.0 ], [ 110.645778719442333, -7.587778639722008, 0.0 ], [ 110.645735478751206, -7.587859976561248, 0.0 ], [ 110.645699870610457, -7.587884359712477, 0.0 ], [ 110.645729553421688, -7.587033651519625, 0.0 ], [ 110.645804624630003, -7.587036407339184, 0.0 ] ] ] ] } },
{ "type": "Feature", "properties": { "OBJECTID": 338, "ZONA": "Pertanian", "SUB_ZONA": "Tanaman Pangan", "KODE": "P-1", "KEPADATAN": 0.0, "JUML_RUMH": 0.0, "LUAS_BID": 827.79177977999996, "Shape_Leng": 215.55288824, "Shape_Area": 827.79177976300002 }, "geometry": { "type": "MultiPolygon", "coordinates": [ [ [ [ 110.645729553421688, -7.587033651519625, 0.0 ], [ 110.645699870610457, -7.587884359712477, 0.0 ], [ 110.645658681371529, -7.587912567299056, 0.0 ], [ 110.645615266330296, -7.587949918130199, 0.0 ], [ 110.645657799152858, -7.587031016886562, 0.0 ], [ 110.645729553421688, -7.587033651519625, 0.0 ] ] ] ] } },
{ "type": "Feature", "properties": { "OBJECTID": 339, "ZONA": "Pertanian", "SUB_ZONA": "Tanaman Pangan", "KODE": "P-1", "KEPADATAN": 0.0, "JUML_RUMH": 0.0, "LUAS_BID": 678.405257979, "Shape_Leng": 207.97426896499999, "Shape_Area": 678.40525800099999 }, "geometry": { "type": "MultiPolygon", "coordinates": [ [ [ [ 110.648378838284216, -7.587846527451113, 0.0 ], [ 110.648357119988958, -7.587853497587589, 0.0 ], [ 110.648237048623002, -7.58791328030067, 0.0 ], [ 110.64832578665947, -7.587539317995766, 0.0 ], [ 110.648448449032628, -7.587031529533494, 0.0 ], [ 110.648378838284216, -7.587846527451113, 0.0 ] ] ] ] } },
{ "type": "Feature", "properties": { "OBJECTID": 340, "ZONA": "Pertanian", "SUB_ZONA": "Tanaman Pangan", "KODE": "P-1", "KEPADATAN": 0.0, "JUML_RUMH": 0.0, "LUAS_BID": 1083.2466171900001, "Shape_Leng": 196.85125812000001, "Shape_Area": 1083.24661715 }, "geometry": { "type": "MultiPolygon", "coordinates": [ [ [ [ 110.648550816742244, -7.587110764579207, 0.0 ], [ 110.648509072255052, -7.58780649304641, 0.0 ], [ 110.648505870037624, -7.587805751435466, 0.0 ], [ 110.648378838284216, -7.587846527451113, 0.0 ], [ 110.648448449032628, -7.587031529533494, 0.0 ], [ 110.648550816742244, -7.587110764579207, 0.0 ] ] ] ] } },
{ "type": "Feature", "properties": { "OBJECTID": 341, "ZONA": "Pertanian", "SUB_ZONA": "Tanaman Pangan", "KODE": "P-1", "KEPADATAN": 0.0, "JUML_RUMH": 0.0, "LUAS_BID": 166.36437128, "Shape_Leng": 52.939138641, "Shape_Area": 166.36437127299999 }, "geometry": { "type": "MultiPolygon", "coordinates": [ [ [ [ 110.646965121636555, -7.587157753710369, 0.0 ], [ 110.646944439643221, -7.587152361142641, 0.0 ], [ 110.646818825706276, -7.58711099690845, 0.0 ], [ 110.646875464610545, -7.587029904200703, 0.0 ], [ 110.646973278592824, -7.587028911712069, 0.0 ], [ 110.646965121636555, -7.587157753710369, 0.0 ] ] ] ] } },
{ "type": "Feature", "properties": { "OBJECTID": 342, "ZONA": "Pertanian", "SUB_ZONA": "Tanaman Pangan", "KODE": "P-1", "KEPADATAN": 0.0, "JUML_RUMH": 0.0, "LUAS_BID": 231.04141938800001, "Shape_Leng": 60.642479719000001, "Shape_Area": 231.041419383 }, "geometry": { "type": "MultiPolygon", "coordinates": [ [ [ [ 110.647103252099939, -7.587169251469471, 0.0 ], [ 110.646994255315633, -7.58716204596057, 0.0 ], [ 110.646969040692738, -7.587158775422149, 0.0 ], [ 110.646965121636555, -7.587157753710369, 0.0 ], [ 110.646973278592824, -7.587028911712069, 0.0 ], [ 110.64711255634225, -7.587027497856105, 0.0 ], [ 110.647103252099939, -7.587169251469471, 0.0 ] ] ] ] } },
{ "type": "Feature", "properties": { "OBJECTID": 343, "ZONA": "Pertanian", "SUB_ZONA": "Tanaman Pangan", "KODE": "P-1", "KEPADATAN": 0.0, "JUML_RUMH": 0.0, "LUAS_BID": 1869.59298405, "Shape_Leng": 296.96110983, "Shape_Area": 1869.5929839800001 }, "geometry": { "type": "MultiPolygon", "coordinates": [ [ [ [ 110.639154936283873, -7.587443435327984, 0.0 ], [ 110.639087299055191, -7.587637152183815, 0.0 ], [ 110.638837287599529, -7.588309464446408, 0.0 ], [ 110.638800370227827, -7.588421595043285, 0.0 ], [ 110.638793034647549, -7.588448547416593, 0.0 ], [ 110.638788555073077, -7.588476116355409, 0.0 ], [ 110.638778653373336, -7.58856679886153, 0.0 ], [ 110.63869825778805, -7.588550014071529, 0.0 ], [ 110.638614821280683, -7.588532597168985, 0.0 ], [ 110.638589205891364, -7.588527250760771, 0.0 ], [ 110.639069924189783, -7.587411039582784, 0.0 ], [ 110.639126821553873, -7.587432721961012, 0.0 ], [ 110.639154936283873, -7.587443435327984, 0.0 ] ] ] ] } },
{ "type": "Feature", "properties": { "OBJECTID": 344, "ZONA": "Pertanian", "SUB_ZONA": "Tanaman Pangan", "KODE": "P-1", "KEPADATAN": 0.0, "JUML_RUMH": 0.0, "LUAS_BID": 441.67847273000001, "Shape_Leng": 86.675997511600002, "Shape_Area": 441.67847271800002 }, "geometry": { "type": "MultiPolygon", "coordinates": [ [ [ [ 110.647345240574694, -7.587185243128203, 0.0 ], [ 110.647103252099939, -7.587169251469471, 0.0 ], [ 110.64711255634225, -7.587027497856105, 0.0 ], [ 110.647312006324626, -7.587025472430894, 0.0 ], [ 110.64734905902526, -7.587021506147657, 0.0 ], [ 110.647345240574694, -7.587185243128203, 0.0 ] ] ] ] } },
{ "type": "Feature", "properties": { "OBJECTID": 345, "ZONA": "Pertanian", "SUB_ZONA": "Tanaman Pangan", "KODE": "P-1", "KEPADATAN": 0.0, "JUML_RUMH": 0.0, "LUAS_BID": 958.81698564199996, "Shape_Leng": 246.113408273, "Shape_Area": 958.81698578800001 }, "geometry": { "type": "MultiPolygon", "coordinates": [ [ [ [ 110.645590852163693, -7.587027413761361, 0.0 ], [ 110.645552694306076, -7.587874186537396, 0.0 ], [ 110.64554662070968, -7.58800897492535, 0.0 ], [ 110.645467390055344, -7.588077139195373, 0.0 ], [ 110.645513520180572, -7.587016740291173, 0.0 ], [ 110.645590852163693, -7.587027413761361, 0.0 ] ] ] ] } },
{ "type": "Feature", "properties": { "OBJECTID": 346, "ZONA": "Pertanian", "SUB_ZONA": "Tanaman Pangan", "KODE": "P-1", "KEPADATAN": 0.0, "JUML_RUMH": 0.0, "LUAS_BID": 1211.87636309, "Shape_Leng": 299.42390481000001, "Shape_Area": 1211.8763629499999 }, "geometry": { "type": "MultiPolygon", "coordinates": [ [ [ [ 110.645012135039067, -7.588283190193767, 0.0 ], [ 110.644994055449615, -7.588281432353969, 0.0 ], [ 110.644975784593825, -7.588281867905768, 0.0 ], [ 110.644959675994485, -7.588284334141557, 0.0 ], [ 110.644944127183635, -7.588288461598777, 0.0 ], [ 110.64492908306373, -7.588294004193247, 0.0 ], [ 110.644986184466319, -7.587015979074637, 0.0 ], [ 110.645060213785413, -7.587013521214818, 0.0 ], [ 110.645012135039067, -7.588283190193767, 0.0 ] ] ] ] } },
{ "type": "Feature", "properties": { "OBJECTID": 347, "ZONA": "Pertanian", "SUB_ZONA": "Tanaman Pangan", "KODE": "P-1", "KEPADATAN": 0.0, "JUML_RUMH": 0.0, "LUAS_BID": 1293.3635000300001, "Shape_Leng": 309.36042334400003, "Shape_Area": 1293.36350017 }, "geometry": { "type": "MultiPolygon", "coordinates": [ [ [ [ 110.644986184466319, -7.587015979074637, 0.0 ], [ 110.64492908306373, -7.588294004193247, 0.0 ], [ 110.64491454826306, -7.588300845241052, 0.0 ], [ 110.644901018943742, -7.588308640511562, 0.0 ], [ 110.644888122539172, -7.588317361659377, 0.0 ], [ 110.644875809270985, -7.588326909142701, 0.0 ], [ 110.644864058300499, -7.588337268471701, 0.0 ], [ 110.644852932162152, -7.588348460502245, 0.0 ], [ 110.644843105788823, -7.588346659646276, 0.0 ], [ 110.644907606129181, -7.587011792861125, 0.0 ], [ 110.644986184466319, -7.587015979074637, 0.0 ] ] ] ] } },
{ "type": "Feature", "properties": { "OBJECTID": 348, "ZONA": "Pertanian", "SUB_ZONA": "Tanaman Pangan", "KODE": "P-1", "KEPADATAN": 0.0, "JUML_RUMH": 0.0, "LUAS_BID": 843.33364626599996, "Shape_Leng": 295.03881446499997, "Shape_Area": 843.33364643699997 }, "geometry": { "type": "MultiPolygon", "coordinates": [ [ [ [ 110.645062459209797, -7.588298585209587, 0.0 ], [ 110.64506245735592, -7.588298634958657, 0.0 ], [ 110.645047126591223, -7.588292231755651, 0.0 ], [ 110.645029865878215, -7.588286831033878, 0.0 ], [ 110.645012135039067, -7.588283190193767, 0.0 ], [ 110.645060213785413, -7.587013521214818, 0.0 ], [ 110.645117632084194, -7.587011616040146, 0.0 ], [ 110.645062459209797, -7.588298585209587, 0.0 ] ] ] ] } },
{ "type": "Feature", "properties": { "OBJECTID": 349, "ZONA": "Pertanian", "SUB_ZONA": "Tanaman Pangan", "KODE": "P-1", "KEPADATAN": 0.0, "JUML_RUMH": 0.0, "LUAS_BID": 1391.4034983, "Shape_Leng": 300.52780264, "Shape_Area": 1391.4034981899999 }, "geometry": { "type": "MultiPolygon", "coordinates": [ [ [ [ 110.645164075819253, -7.588239703750443, 0.0 ], [ 110.645062459209797, -7.588298585209587, 0.0 ], [ 110.645117632084194, -7.587011616040146, 0.0 ], [ 110.645199499575995, -7.587008899517509, 0.0 ], [ 110.645164075819253, -7.588239703750443, 0.0 ] ] ] ] } },
{ "type": "Feature", "properties": { "OBJECTID": 350, "ZONA": "Pertanian", "SUB_ZONA": "Tanaman Pangan", "KODE": "P-1", "KEPADATAN": 0.0, "JUML_RUMH": 0.0, "LUAS_BID": 1296.2808691099999, "Shape_Leng": 312.034205649, "Shape_Area": 1296.28086908 }, "geometry": { "type": "MultiPolygon", "coordinates": [ [ [ [ 110.644907606129181, -7.587011792861125, 0.0 ], [ 110.644843105788823, -7.588346659646276, 0.0 ], [ 110.644763195920802, -7.588332016544983, 0.0 ], [ 110.64482854916271, -7.587007579105898, 0.0 ], [ 110.644907606129181, -7.587011792861125, 0.0 ] ] ] ] } },
{ "type": "Feature", "properties": { "OBJECTID": 351, "ZONA": "Pertanian", "SUB_ZONA": "Tanaman Pangan", "KODE": "P-1", "KEPADATAN": 0.0, "JUML_RUMH": 0.0, "LUAS_BID": 1115.1493639600001, "Shape_Leng": 285.87804294799997, "Shape_Area": 1115.1493639299999 }, "geometry": { "type": "MultiPolygon", "coordinates": [ [ [ [ 110.645232610258915, -7.588195846185885, 0.0 ], [ 110.645217102122331, -7.588208976733229, 0.0 ], [ 110.645164075819253, -7.588239703750443, 0.0 ], [ 110.645199499575995, -7.587008899517509, 0.0 ], [ 110.645237011487922, -7.587007652885466, 0.0 ], [ 110.645283556037413, -7.587007690850802, 0.0 ], [ 110.645232610258915, -7.588195846185885, 0.0 ] ] ] ] } },
{ "type": "Feature", "properties": { "OBJECTID": 352, "ZONA": "Pertanian", "SUB_ZONA": "Tanaman Pangan", "KODE": "P-1", "KEPADATAN": 0.0, "JUML_RUMH": 0.0, "LUAS_BID": 854.91839083699995, "Shape_Leng": 272.76361292000001, "Shape_Area": 854.918390864 }, "geometry": { "type": "MultiPolygon", "coordinates": [ [ [ [ 110.645295634338893, -7.588142481752965, 0.0 ], [ 110.645232610258915, -7.588195846185885, 0.0 ], [ 110.645283556037413, -7.587007690850802, 0.0 ], [ 110.645343520118004, -7.587007739754807, 0.0 ], [ 110.645295634338893, -7.588142481752965, 0.0 ] ] ] ] } },
{ "type": "Feature", "properties": { "OBJECTID": 353, "ZONA": "Pertanian", "SUB_ZONA": "Tanaman Pangan", "KODE": "P-1", "KEPADATAN": 0.0, "JUML_RUMH": 0.0, "LUAS_BID": 1186.44379927, "Shape_Leng": 267.79345573000001, "Shape_Area": 1186.4437992000001 }, "geometry": { "type": "MultiPolygon", "coordinates": [ [ [ [ 110.645383564778598, -7.588110169456542, 0.0 ], [ 110.645313111945015, -7.588127682998427, 0.0 ], [ 110.645295634338893, -7.588142481752965, 0.0 ], [ 110.645343520118004, -7.587007739754807, 0.0 ], [ 110.64543158879259, -7.587007811564665, 0.0 ], [ 110.645383564778598, -7.588110169456542, 0.0 ] ] ] ] } },
{ "type": "Feature", "properties": { "OBJECTID": 354, "ZONA": "Pertanian", "SUB_ZONA": "Tanaman Pangan", "KODE": "P-1", "KEPADATAN": 0.0, "JUML_RUMH": 0.0, "LUAS_BID": 1091.4560542300001, "Shape_Leng": 258.58461678800001, "Shape_Area": 1091.4560541799999 }, "geometry": { "type": "MultiPolygon", "coordinates": [ [ [ [ 110.645513520180572, -7.587016740291173, 0.0 ], [ 110.645467390055344, -7.588077139195373, 0.0 ], [ 110.645447458332114, -7.588094285087764, 0.0 ], [ 110.645383564778598, -7.588110169456542, 0.0 ], [ 110.64543158879259, -7.587007811564665, 0.0 ], [ 110.645466146934623, -7.587010199725045, 0.0 ], [ 110.645513520180572, -7.587016740291173, 0.0 ] ] ] ] } },
{ "type": "Feature", "properties": { "OBJECTID": 355, "ZONA": "Pertanian", "SUB_ZONA": "Tanaman Pangan", "KODE": "P-1", "KEPADATAN": 0.0, "JUML_RUMH": 0.0, "LUAS_BID": 307.29560575900001, "Shape_Leng": 70.749513078000007, "Shape_Area": 307.29560580600003 }, "geometry": { "type": "MultiPolygon", "coordinates": [ [ [ [ 110.647485804758574, -7.587196082413998, 0.0 ], [ 110.647377499963781, -7.587187376902501, 0.0 ], [ 110.647345240574694, -7.587185243128203, 0.0 ], [ 110.64734905902526, -7.587021506147657, 0.0 ], [ 110.647493816503925, -7.587006009051878, 0.0 ], [ 110.647485804758574, -7.587196082413998, 0.0 ] ] ] ] } },
{ "type": "Feature", "properties": { "OBJECTID": 356, "ZONA": "Pertanian", "SUB_ZONA": "Tanaman Pangan", "KODE": "P-1", "KEPADATAN": 0.0, "JUML_RUMH": 0.0, "LUAS_BID": 1328.20316024, "Shape_Leng": 310.279223672, "Shape_Area": 1328.20316026 }, "geometry": { "type": "MultiPolygon", "coordinates": [ [ [ [ 110.64482854916271, -7.587007579105898, 0.0 ], [ 110.644763195920802, -7.588332016544983, 0.0 ], [ 110.644680475286179, -7.588316859153721, 0.0 ], [ 110.64474710084508, -7.587003238554246, 0.0 ], [ 110.64482854916271, -7.587007579105898, 0.0 ] ] ] ] } },
{ "type": "Feature", "properties": { "OBJECTID": 357, "ZONA": "Pertanian", "SUB_ZONA": "Tanaman Pangan", "KODE": "P-1", "KEPADATAN": 0.0, "JUML_RUMH": 0.0, "LUAS_BID": 1116.23694828, "Shape_Leng": 305.26505509200001, "Shape_Area": 1116.2369482500001 }, "geometry": { "type": "MultiPolygon", "coordinates": [ [ [ [ 110.64474710084508, -7.587003238554246, 0.0 ], [ 110.644680475286179, -7.588316859153721, 0.0 ], [ 110.64460895877022, -7.588303754296466, 0.0 ], [ 110.644679626259887, -7.586999643903916, 0.0 ], [ 110.64474710084508, -7.587003238554246, 0.0 ] ] ] ] } },
{ "type": "Feature", "properties": { "OBJECTID": 358, "ZONA": "Pertanian", "SUB_ZONA": "Tanaman Pangan", "KODE": "P-1", "KEPADATAN": 0.0, "JUML_RUMH": 0.0, "LUAS_BID": 1006.21517806, "Shape_Leng": 301.86207791099997, "Shape_Area": 1006.21517804 }, "geometry": { "type": "MultiPolygon", "coordinates": [ [ [ [ 110.644679626259887, -7.586999643903916, 0.0 ], [ 110.64460895877022, -7.588303754296466, 0.0 ], [ 110.64454302482676, -7.588291672521296, 0.0 ], [ 110.644619452645841, -7.586996436931858, 0.0 ], [ 110.644679626259887, -7.586999643903916, 0.0 ] ] ] ] } },
{ "type": "Feature", "properties": { "OBJECTID": 359, "ZONA": "Pertanian", "SUB_ZONA": "Tanaman Pangan", "KODE": "P-1", "KEPADATAN": 0.0, "JUML_RUMH": 0.0, "LUAS_BID": 1433.2144394100001, "Shape_Leng": 292.03958975299997, "Shape_Area": 1433.2144395099999 }, "geometry": { "type": "MultiPolygon", "coordinates": [ [ [ [ 110.639069924189783, -7.587411039582784, 0.0 ], [ 110.638589205891364, -7.588527250760771, 0.0 ], [ 110.638484628838128, -7.588505420122105, 0.0 ], [ 110.638988138505894, -7.587379714779999, 0.0 ], [ 110.63900093740051, -7.587384751115272, 0.0 ], [ 110.639069924189783, -7.587411039582784, 0.0 ] ] ] ] } },
{ "type": "Feature", "properties": { "OBJECTID": 360, "ZONA": "Pertanian", "SUB_ZONA": "Tanaman Pangan", "KODE": "P-1", "KEPADATAN": 0.0, "JUML_RUMH": 0.0, "LUAS_BID": 1216.27977182, "Shape_Leng": 302.31279438500002, "Shape_Area": 1216.2797719600001 }, "geometry": { "type": "MultiPolygon", "coordinates": [ [ [ [ 110.644619452645841, -7.586996436931858, 0.0 ], [ 110.64454302482676, -7.588291672521296, 0.0 ], [ 110.644463304785162, -7.588271101060734, 0.0 ], [ 110.644545682406175, -7.586992506953322, 0.0 ], [ 110.644619452645841, -7.586996436931858, 0.0 ] ] ] ] } },
{ "type": "Feature", "properties": { "OBJECTID": 361, "ZONA": "Pertanian", "SUB_ZONA": "Tanaman Pangan", "KODE": "P-1", "KEPADATAN": 0.0, "JUML_RUMH": 0.0, "LUAS_BID": 307.88838048899999, "Shape_Leng": 72.379761252400002, "Shape_Area": 307.88838049200001 }, "geometry": { "type": "MultiPolygon", "coordinates": [ [ [ [ 110.647612342561104, -7.587206255390638, 0.0 ], [ 110.647485804758574, -7.587196082413998, 0.0 ], [ 110.647493816503925, -7.587006009051878, 0.0 ], [ 110.647617619240663, -7.58699275632022, 0.0 ], [ 110.647612342561104, -7.587206255390638, 0.0 ] ] ] ] } },
{ "type": "Feature", "properties": { "OBJECTID": 362, "ZONA": "Pertanian", "SUB_ZONA": "Tanaman Pangan", "KODE": "P-1", "KEPADATAN": 0.0, "JUML_RUMH": 0.0, "LUAS_BID": 1068.05177781, "Shape_Leng": 297.04346665499997, "Shape_Area": 1068.0517775400001 }, "geometry": { "type": "MultiPolygon", "coordinates": [ [ [ [ 110.644545682406175, -7.586992506953322, 0.0 ], [ 110.644463304785162, -7.588271101060734, 0.0 ], [ 110.644422198985964, -7.588260494093547, 0.0 ], [ 110.64439498575679, -7.588253472384952, 0.0 ], [ 110.644477628571195, -7.586988881043439, 0.0 ], [ 110.644545682406175, -7.586992506953322, 0.0 ] ] ] ] } },
{ "type": "Feature", "properties": { "OBJECTID": 363, "ZONA": "Pertanian", "SUB_ZONA": "Tanaman Pangan", "KODE": "P-1", "KEPADATAN": 0.0, "JUML_RUMH": 0.0, "LUAS_BID": 272.97894439200002, "Shape_Leng": 71.245304792900001, "Shape_Area": 272.97894436799999 }, "geometry": { "type": "MultiPolygon", "coordinates": [ [ [ [ 110.64771192816049, -7.587210603769422, 0.0 ], [ 110.647708414172044, -7.587210885858126, 0.0 ], [ 110.647669840791977, -7.587210879032338, 0.0 ], [ 110.647612342561104, -7.587206255390638, 0.0 ], [ 110.647617619240663, -7.58699275632022, 0.0 ], [ 110.647719678480456, -7.586981829646459, 0.0 ], [ 110.64771192816049, -7.587210603769422, 0.0 ] ] ] ] } },
{ "type": "Feature", "properties": { "OBJECTID": 364, "ZONA": "Pertanian", "SUB_ZONA": "Tanaman Pangan", "KODE": "P-1", "KEPADATAN": 0.0, "JUML_RUMH": 0.0, "LUAS_BID": 1225.91415201, "Shape_Leng": 297.36948923699998, "Shape_Area": 1225.9141521700001 }, "geometry": { "type": "MultiPolygon", "coordinates": [ [ [ [ 110.644477628571195, -7.586988881043439, 0.0 ], [ 110.64439498575679, -7.588253472384952, 0.0 ], [ 110.644318391739233, -7.588233707605163, 0.0 ], [ 110.644396916494742, -7.586974460655474, 0.0 ], [ 110.644436824464265, -7.586984166607472, 0.0 ], [ 110.644477628571195, -7.586988881043439, 0.0 ] ] ] ] } },
{ "type": "Feature", "properties": { "OBJECTID": 365, "ZONA": "Pertanian", "SUB_ZONA": "Tanaman Pangan", "KODE": "P-1", "KEPADATAN": 0.0, "JUML_RUMH": 0.0, "LUAS_BID": 383.57588233199999, "Shape_Leng": 81.700245346299994, "Shape_Area": 383.57588234399998 }, "geometry": { "type": "MultiPolygon", "coordinates": [ [ [ [ 110.647850483494551, -7.587195774523146, 0.0 ], [ 110.647842325667426, -7.587197820355798, 0.0 ], [ 110.647814526451768, -7.587202387563347, 0.0 ], [ 110.64771192816049, -7.587210603769422, 0.0 ], [ 110.647719678480456, -7.586981829646459, 0.0 ], [ 110.647844533793631, -7.586968463728054, 0.0 ], [ 110.647855205972306, -7.586962440787418, 0.0 ], [ 110.647850483494551, -7.587195774523146, 0.0 ] ] ] ] } },
{ "type": "Feature", "properties": { "OBJECTID": 366, "ZONA": "Pertanian", "SUB_ZONA": "Tanaman Pangan", "KODE": "P-1", "KEPADATAN": 0.0, "JUML_RUMH": 0.0, "LUAS_BID": 1533.1049546700001, "Shape_Leng": 297.12241362600003, "Shape_Area": 1533.1049547 }, "geometry": { "type": "MultiPolygon", "coordinates": [ [ [ [ 110.638988138505894, -7.587379714779999, 0.0 ], [ 110.638484628838128, -7.588505420122105, 0.0 ], [ 110.638406289865372, -7.588489068461973, 0.0 ], [ 110.638382541638393, -7.588484110744261, 0.0 ], [ 110.638894459092114, -7.587342848729432, 0.0 ], [ 110.638988138505894, -7.587379714779999, 0.0 ] ] ] ] } },
{ "type": "Feature", "properties": { "OBJECTID": 367, "ZONA": "Pertanian", "SUB_ZONA": "Tanaman Pangan", "KODE": "P-1", "KEPADATAN": 0.0, "JUML_RUMH": 0.0, "LUAS_BID": 1246.0315307599999, "Shape_Leng": 298.92987384100002, "Shape_Area": 1246.03153069 }, "geometry": { "type": "MultiPolygon", "coordinates": [ [ [ [ 110.644396916494742, -7.586974460655474, 0.0 ], [ 110.644318391739233, -7.588233707605163, 0.0 ], [ 110.644292284263713, -7.588226970825339, 0.0 ], [ 110.644235050842781, -7.588212203258335, 0.0 ], [ 110.644322209801942, -7.586940736510313, 0.0 ], [ 110.644358515552327, -7.58695991022537, 0.0 ], [ 110.644396916494742, -7.586974460655474, 0.0 ] ] ] ] } },
{ "type": "Feature", "properties": { "OBJECTID": 368, "ZONA": "Pertanian", "SUB_ZONA": "Tanaman Pangan", "KODE": "P-1", "KEPADATAN": 0.0, "JUML_RUMH": 0.0, "LUAS_BID": 882.51319951699998, "Shape_Leng": 233.18688430099999, "Shape_Area": 882.51319942500004 }, "geometry": { "type": "MultiPolygon", "coordinates": [ [ [ [ 110.643254570851227, -7.587943496729936, 0.0 ], [ 110.643214798854842, -7.587931533007009, 0.0 ], [ 110.643185084281441, -7.587922595131793, 0.0 ], [ 110.643227064662909, -7.587132491820537, 0.0 ], [ 110.643266279503379, -7.587055895435405, 0.0 ], [ 110.643310623243266, -7.586949948601932, 0.0 ], [ 110.643313704993986, -7.586943941259539, 0.0 ], [ 110.643317680143198, -7.586938481906193, 0.0 ], [ 110.643322452490239, -7.586933700719044, 0.0 ], [ 110.643327908623633, -7.586929711579083, 0.0 ], [ 110.64332874662361, -7.58692927988859, 0.0 ], [ 110.643254570851227, -7.587943496729936, 0.0 ] ] ] ] } },
{ "type": "Feature", "properties": { "OBJECTID": 369, "ZONA": "Pertanian", "SUB_ZONA": "Tanaman Pangan", "KODE": "P-1", "KEPADATAN": 0.0, "JUML_RUMH": 0.0, "LUAS_BID": 1497.7275933599999, "Shape_Leng": 300.23518305699997, "Shape_Area": 1497.7275933000001 }, "geometry": { "type": "MultiPolygon", "coordinates": [ [ [ [ 110.638894459092114, -7.587342848729432, 0.0 ], [ 110.638382541638393, -7.588484110744261, 0.0 ], [ 110.638320099783499, -7.588471075725897, 0.0 ], [ 110.638283518941776, -7.588463440699224, 0.0 ], [ 110.638805137655098, -7.587306813947211, 0.0 ], [ 110.63881810708925, -7.587312800212631, 0.0 ], [ 110.638894459092114, -7.587342848729432, 0.0 ] ] ] ] } },
{ "type": "Feature", "properties": { "OBJECTID": 370, "ZONA": "Pertanian", "SUB_ZONA": "Tanaman Pangan", "KODE": "P-1", "KEPADATAN": 0.0, "JUML_RUMH": 0.0, "LUAS_BID": 914.50191928799995, "Shape_Leng": 297.20105950099997, "Shape_Area": 914.50191935700002 }, "geometry": { "type": "MultiPolygon", "coordinates": [ [ [ [ 110.644322209801942, -7.586940736510313, 0.0 ], [ 110.644235050842781, -7.588212203258335, 0.0 ], [ 110.644171438521823, -7.588195787790406, 0.0 ], [ 110.644271972678823, -7.586910095194951, 0.0 ], [ 110.644322209801942, -7.586940736510313, 0.0 ] ] ] ] } },
{ "type": "Feature", "properties": { "OBJECTID": 371, "ZONA": "Pertanian", "SUB_ZONA": "Tanaman Pangan", "KODE": "P-1", "KEPADATAN": 0.0, "JUML_RUMH": 0.0, "LUAS_BID": 741.88303525799995, "Shape_Leng": 243.427813117, "Shape_Area": 741.88303534900001 }, "geometry": { "type": "MultiPolygon", "coordinates": [ [ [ [ 110.643314796657137, -7.587961615543618, 0.0 ], [ 110.643299062958519, -7.587956881760338, 0.0 ], [ 110.643254570851227, -7.587943496729936, 0.0 ], [ 110.64332874662361, -7.58692927988859, 0.0 ], [ 110.64333391610792, -7.586926612069743, 0.0 ], [ 110.643386446664806, -7.586904475434117, 0.0 ], [ 110.643314796657137, -7.587961615543618, 0.0 ] ] ] ] } },
{ "type": "Feature", "properties": { "OBJECTID": 372, "ZONA": "Pertanian", "SUB_ZONA": "Tanaman Pangan", "KODE": "P-1", "KEPADATAN": 0.0, "JUML_RUMH": 0.0, "LUAS_BID": 340.923749628, "Shape_Leng": 82.772986861500002, "Shape_Area": 340.92374960699999 }, "geometry": { "type": "MultiPolygon", "coordinates": [ [ [ [ 110.647960195697422, -7.587168262618191, 0.0 ], [ 110.647850483494551, -7.587195774523146, 0.0 ], [ 110.647855205972306, -7.586962440787418, 0.0 ], [ 110.647970054086372, -7.586897626415235, 0.0 ], [ 110.647960195697422, -7.587168262618191, 0.0 ] ] ] ] } },
{ "type": "Feature", "properties": { "OBJECTID": 373, "ZONA": "Pertanian", "SUB_ZONA": "Tanaman Pangan", "KODE": "P-1", "KEPADATAN": 0.0, "JUML_RUMH": 0.0, "LUAS_BID": 1314.64402062, "Shape_Leng": 301.473418455, "Shape_Area": 1314.6440204800001 }, "geometry": { "type": "MultiPolygon", "coordinates": [ [ [ [ 110.638805137655098, -7.587306813947211, 0.0 ], [ 110.638283518941776, -7.588463440699224, 0.0 ], [ 110.638196562974173, -7.588445289004792, 0.0 ], [ 110.638730763682048, -7.587272488510848, 0.0 ], [ 110.638805137655098, -7.587306813947211, 0.0 ] ] ] ] } },
{ "type": "Feature", "properties": { "OBJECTID": 374, "ZONA": "Pertanian", "SUB_ZONA": "Tanaman Pangan", "KODE": "P-1", "KEPADATAN": 0.0, "JUML_RUMH": 0.0, "LUAS_BID": 1881.9328445900001, "Shape_Leng": 209.99299235000001, "Shape_Area": 1881.9328445900001 }, "geometry": { "type": "MultiPolygon", "coordinates": [ [ [ [ 110.650495931882176, -7.587191194081292, 0.0 ], [ 110.650219057651, -7.587333406583793, 0.0 ], [ 110.650154372394852, -7.587240015164908, 0.0 ], [ 110.650082530744896, -7.587096359005054, 0.0 ], [ 110.650024991446998, -7.587064001943354, 0.0 ], [ 110.649753682443503, -7.587106446940002, 0.0 ], [ 110.6497796461436, -7.586981639040933, 0.0 ], [ 110.649813148455664, -7.58695120597993, 0.0 ], [ 110.649850998555152, -7.586926358435312, 0.0 ], [ 110.649892270369577, -7.586907707140747, 0.0 ], [ 110.649935952736499, -7.586895708987084, 0.0 ], [ 110.649980975701936, -7.586890656188921, 0.0 ], [ 110.650015602017803, -7.58688949275411, 0.0 ], [ 110.650055414711062, -7.586890510757486, 0.0 ], [ 110.650094826548013, -7.586896220369891, 0.0 ], [ 110.650133285508943, -7.586906543355555, 0.0 ], [ 110.65017024960224, -7.58692133183606, 0.0 ], [ 110.65024608113805, -7.586957012457665, 0.0 ], [ 110.650280181959303, -7.586975688220007, 0.0 ], [ 110.650311737593356, -7.586998382687531, 0.0 ], [ 110.650340275098259, -7.587024758080956, 0.0 ], [ 110.650400050125697, -7.587087213307528, 0.0 ], [ 110.650495931882176, -7.587191194081292, 0.0 ] ] ] ] } },
{ "type": "Feature", "properties": { "OBJECTID": 375, "ZONA": "Pertanian", "SUB_ZONA": "Tanaman Pangan", "KODE": "P-1", "KEPADATAN": 0.0, "JUML_RUMH": 0.0, "LUAS_BID": 841.90054726100004, "Shape_Leng": 254.706715772, "Shape_Area": 841.900547061 }, "geometry": { "type": "MultiPolygon", "coordinates": [ [ [ [ 110.643373083853248, -7.587979149320702, 0.0 ], [ 110.643314796657137, -7.587961615543618, 0.0 ], [ 110.643386446664806, -7.586904475434117, 0.0 ], [ 110.643456790591657, -7.58687483201279, 0.0 ], [ 110.643373083853248, -7.587979149320702, 0.0 ] ] ] ] } },
{ "type": "Feature", "properties": { "OBJECTID": 376, "ZONA": "Pertanian", "SUB_ZONA": "Tanaman Pangan", "KODE": "P-1", "KEPADATAN": 0.0, "JUML_RUMH": 0.0, "LUAS_BID": 126.042196461, "Shape_Leng": 58.132428023700001, "Shape_Area": 126.042196457 }, "geometry": { "type": "MultiPolygon", "coordinates": [ [ [ [ 110.646358417706452, -7.587063978417364, 0.0 ], [ 110.646230349360991, -7.58705095086358, 0.0 ], [ 110.646240483179923, -7.586876140947411, 0.0 ], [ 110.646299844153972, -7.586986358753123, 0.0 ], [ 110.646358417706452, -7.587063978417364, 0.0 ] ] ] ] } },
{ "type": "Feature", "properties": { "OBJECTID": 377, "ZONA": "Pertanian", "SUB_ZONA": "Tanaman Pangan", "KODE": "P-1", "KEPADATAN": 0.0, "JUML_RUMH": 0.0, "LUAS_BID": 313.51762394000002, "Shape_Leng": 82.045303624400006, "Shape_Area": 313.51762393500002 }, "geometry": { "type": "MultiPolygon", "coordinates": [ [ [ [ 110.648055176167077, -7.587147941746021, 0.0 ], [ 110.648050094666146, -7.587148348302312, 0.0 ], [ 110.648004795800674, -7.587157079505905, 0.0 ], [ 110.647960195697422, -7.587168262618191, 0.0 ], [ 110.647970054086372, -7.586897626415235, 0.0 ], [ 110.647988514310171, -7.586887208203449, 0.0 ], [ 110.648063407597235, -7.586871305203168, 0.0 ], [ 110.648055176167077, -7.587147941746021, 0.0 ] ] ] ] } },
{ "type": "Feature", "properties": { "OBJECTID": 378, "ZONA": "Pertanian", "SUB_ZONA": "Tanaman Pangan", "KODE": "P-1", "KEPADATAN": 0.0, "JUML_RUMH": 0.0, "LUAS_BID": 1359.9724232599999, "Shape_Leng": 307.047981392, "Shape_Area": 1359.9724234600001 }, "geometry": { "type": "MultiPolygon", "coordinates": [ [ [ [ 110.638730763682048, -7.587272488510848, 0.0 ], [ 110.638196562974173, -7.588445289004792, 0.0 ], [ 110.638107913886188, -7.588426783107532, 0.0 ], [ 110.638657301745027, -7.58723268040451, 0.0 ], [ 110.638662260038288, -7.587240871656227, 0.0 ], [ 110.638730763682048, -7.587272488510848, 0.0 ] ] ] ] } },
{ "type": "Feature", "properties": { "OBJECTID": 379, "ZONA": "Pertanian", "SUB_ZONA": "Tanaman Pangan", "KODE": "P-1", "KEPADATAN": 0.0, "JUML_RUMH": 0.0, "LUAS_BID": 1423.48875185, "Shape_Leng": 310.41913198399999, "Shape_Area": 1423.48875185 }, "geometry": { "type": "MultiPolygon", "coordinates": [ [ [ [ 110.644271972678823, -7.586910095194951, 0.0 ], [ 110.644171438521823, -7.588195787790406, 0.0 ], [ 110.644077800577321, -7.58817162554332, 0.0 ], [ 110.644193210824795, -7.586852370743838, 0.0 ], [ 110.644202776149967, -7.586858496081921, 0.0 ], [ 110.644271972678823, -7.586910095194951, 0.0 ] ] ] ] } },
{ "type": "Feature", "properties": { "OBJECTID": 380, "ZONA": "Pertanian", "SUB_ZONA": "Tanaman Pangan", "KODE": "P-1", "KEPADATAN": 0.0, "JUML_RUMH": 0.0, "LUAS_BID": 452.02125033900001, "Shape_Leng": 92.398465002199998, "Shape_Area": 452.02125033200002 }, "geometry": { "type": "MultiPolygon", "coordinates": [ [ [ [ 110.648190686158159, -7.58714233368726, 0.0 ], [ 110.648096082931602, -7.587144665981138, 0.0 ], [ 110.648055176167077, -7.587147941746021, 0.0 ], [ 110.648063407597235, -7.586871305203168, 0.0 ], [ 110.6481872317609, -7.586845009524757, 0.0 ], [ 110.648190686158159, -7.58714233368726, 0.0 ] ] ] ] } },
{ "type": "Feature", "properties": { "OBJECTID": 381, "ZONA": "Pertanian", "SUB_ZONA": "Tanaman Pangan", "KODE": "P-1", "KEPADATAN": 0.0, "JUML_RUMH": 0.0, "LUAS_BID": 1304.8997741400001, "Shape_Leng": 273.55551495600002, "Shape_Area": 1304.8997742700001 }, "geometry": { "type": "MultiPolygon", "coordinates": [ [ [ [ 110.643454310900665, -7.588003584666132, 0.0 ], [ 110.643395672953218, -7.587985943874411, 0.0 ], [ 110.643373083853248, -7.587979149320702, 0.0 ], [ 110.643456790591657, -7.58687483201279, 0.0 ], [ 110.643496381208493, -7.58685814736844, 0.0 ], [ 110.64352988461998, -7.586846697823981, 0.0 ], [ 110.643564656902413, -7.586840000044893, 0.0 ], [ 110.643454310900665, -7.588003584666132, 0.0 ] ] ] ] } },
{ "type": "Feature", "properties": { "OBJECTID": 382, "ZONA": "Pertanian", "SUB_ZONA": "Tanaman Pangan", "KODE": "P-1", "KEPADATAN": 0.0, "JUML_RUMH": 0.0, "LUAS_BID": 991.17568279800003, "Shape_Leng": 276.61222059900001, "Shape_Area": 991.17568279499994 }, "geometry": { "type": "MultiPolygon", "coordinates": [ [ [ [ 110.643525087201454, -7.588022659172089, 0.0 ], [ 110.643490436812897, -7.588013321075413, 0.0 ], [ 110.643454310900665, -7.588003584666132, 0.0 ], [ 110.643564656902413, -7.586840000044893, 0.0 ], [ 110.643592534927834, -7.586836617238309, 0.0 ], [ 110.643630870551831, -7.586833553261783, 0.0 ], [ 110.643525087201454, -7.588022659172089, 0.0 ] ] ] ] } },
{ "type": "Feature", "properties": { "OBJECTID": 383, "ZONA": "Pertanian", "SUB_ZONA": "Tanaman Pangan", "KODE": "P-1", "KEPADATAN": 0.0, "JUML_RUMH": 0.0, "LUAS_BID": 1342.4120214100001, "Shape_Leng": 287.83108971899998, "Shape_Area": 1342.4120215 }, "geometry": { "type": "MultiPolygon", "coordinates": [ [ [ [ 110.64362151300962, -7.588048648309691, 0.0 ], [ 110.643581818820209, -7.58803794925247, 0.0 ], [ 110.643525087201454, -7.588022659172089, 0.0 ], [ 110.643630870551831, -7.586833553261783, 0.0 ], [ 110.643715484529181, -7.586826791379707, 0.0 ], [ 110.64362151300962, -7.588048648309691, 0.0 ] ] ] ] } },
{ "type": "Feature", "properties": { "OBJECTID": 384, "ZONA": "Pertanian", "SUB_ZONA": "Tanaman Pangan", "KODE": "P-1", "KEPADATAN": 0.0, "JUML_RUMH": 0.0, "LUAS_BID": 1200.3347990699999, "Shape_Leng": 310.927445213, "Shape_Area": 1200.3347991000001 }, "geometry": { "type": "MultiPolygon", "coordinates": [ [ [ [ 110.644193210824795, -7.586852370743838, 0.0 ], [ 110.644077800577321, -7.58817162554332, 0.0 ], [ 110.644046210884682, -7.588163112236517, 0.0 ], [ 110.64401121878079, -7.588153681635928, 0.0 ], [ 110.644115645670198, -7.586822168376524, 0.0 ], [ 110.644126410481078, -7.586823719453212, 0.0 ], [ 110.64415343975395, -7.586831642866671, 0.0 ], [ 110.644179068061632, -7.586843313612597, 0.0 ], [ 110.644193210824795, -7.586852370743838, 0.0 ] ] ] ] } },
{ "type": "Feature", "properties": { "OBJECTID": 385, "ZONA": "Pertanian", "SUB_ZONA": "Tanaman Pangan", "KODE": "P-1", "KEPADATAN": 0.0, "JUML_RUMH": 0.0, "LUAS_BID": 1301.9334188600001, "Shape_Leng": 293.52522628299999, "Shape_Area": 1301.93341872 }, "geometry": { "type": "MultiPolygon", "coordinates": [ [ [ [ 110.643706544286871, -7.588071566168343, 0.0 ], [ 110.643680631036517, -7.58806458166343, 0.0 ], [ 110.64362151300962, -7.588048648309691, 0.0 ], [ 110.643715484529181, -7.586826791379707, 0.0 ], [ 110.643801872723984, -7.586819886205163, 0.0 ], [ 110.643706544286871, -7.588071566168343, 0.0 ] ] ] ] } },
{ "type": "Feature", "properties": { "OBJECTID": 386, "ZONA": "Pertanian", "SUB_ZONA": "Tanaman Pangan", "KODE": "P-1", "KEPADATAN": 0.0, "JUML_RUMH": 0.0, "LUAS_BID": 1250.3593487600001, "Shape_Leng": 298.54027665299998, "Shape_Area": 1250.3593487799999 }, "geometry": { "type": "MultiPolygon", "coordinates": [ [ [ [ 110.643788780412407, -7.58809373003504, 0.0 ], [ 110.643706544286871, -7.588071566168343, 0.0 ], [ 110.643801872723984, -7.586819886205163, 0.0 ], [ 110.643839654411522, -7.586816867888778, 0.0 ], [ 110.643880385691816, -7.586815307414956, 0.0 ], [ 110.643788780412407, -7.58809373003504, 0.0 ] ] ] ] } },
{ "type": "Feature", "properties": { "OBJECTID": 387, "ZONA": "Pertanian", "SUB_ZONA": "Tanaman Pangan", "KODE": "P-1", "KEPADATAN": 0.0, "JUML_RUMH": 0.0, "LUAS_BID": 1299.3455916400001, "Shape_Leng": 311.60945522499998, "Shape_Area": 1299.34559154 }, "geometry": { "type": "MultiPolygon", "coordinates": [ [ [ [ 110.644115645670198, -7.586822168376524, 0.0 ], [ 110.64401121878079, -7.588153681635928, 0.0 ], [ 110.643934548484623, -7.588133017598949, 0.0 ], [ 110.644033653965394, -7.586815026742964, 0.0 ], [ 110.644098528568762, -7.586819703022531, 0.0 ], [ 110.644115645670198, -7.586822168376524, 0.0 ] ] ] ] } },
{ "type": "Feature", "properties": { "OBJECTID": 388, "ZONA": "Pertanian", "SUB_ZONA": "Tanaman Pangan", "KODE": "P-1", "KEPADATAN": 0.0, "JUML_RUMH": 0.0, "LUAS_BID": 1135.4367955600001, "Shape_Leng": 301.92888951700002, "Shape_Area": 1135.43679559 }, "geometry": { "type": "MultiPolygon", "coordinates": [ [ [ [ 110.643862417162978, -7.588113576607706, 0.0 ], [ 110.643788780412407, -7.58809373003504, 0.0 ], [ 110.643880385691816, -7.586815307414956, 0.0 ], [ 110.643949944988961, -7.586812642557524, 0.0 ], [ 110.643862417162978, -7.588113576607706, 0.0 ] ] ] ] } },
{ "type": "Feature", "properties": { "OBJECTID": 389, "ZONA": "Pertanian", "SUB_ZONA": "Tanaman Pangan", "KODE": "P-1", "KEPADATAN": 0.0, "JUML_RUMH": 0.0, "LUAS_BID": 1257.8294577900001, "Shape_Leng": 307.75241644800002, "Shape_Area": 1257.8294578499999 }, "geometry": { "type": "MultiPolygon", "coordinates": [ [ [ [ 110.644033653965394, -7.586815026742964, 0.0 ], [ 110.643934548484623, -7.588133017598949, 0.0 ], [ 110.643908527371451, -7.58812600407319, 0.0 ], [ 110.643862417162978, -7.588113576607706, 0.0 ], [ 110.643949944988961, -7.586812642557524, 0.0 ], [ 110.643983005781479, -7.586811375202438, 0.0 ], [ 110.644033653965394, -7.586815026742964, 0.0 ] ] ] ] } },
{ "type": "Feature", "properties": { "OBJECTID": 390, "ZONA": "Pertanian", "SUB_ZONA": "Tanaman Pangan", "KODE": "P-1", "KEPADATAN": 0.0, "JUML_RUMH": 0.0, "LUAS_BID": 1737.57771957, "Shape_Leng": 326.786548891, "Shape_Area": 1737.5777194299999 }, "geometry": { "type": "MultiPolygon", "coordinates": [ [ [ [ 110.638657301745027, -7.58723268040451, 0.0 ], [ 110.638107913886188, -7.588426783107532, 0.0 ], [ 110.638002731419306, -7.588404827927153, 0.0 ], [ 110.638591925960355, -7.587124703561913, 0.0 ], [ 110.638657301745027, -7.58723268040451, 0.0 ] ] ] ] } },
{ "type": "Feature", "properties": { "OBJECTID": 391, "ZONA": "Pertanian", "SUB_ZONA": "Tanaman Pangan", "KODE": "P-1", "KEPADATAN": 0.0, "JUML_RUMH": 0.0, "LUAS_BID": 868.25275828600002, "Shape_Leng": 119.741260371, "Shape_Area": 868.25275830600003 }, "geometry": { "type": "MultiPolygon", "coordinates": [ [ [ [ 110.648190686158159, -7.58714233368726, 0.0 ], [ 110.6481872317609, -7.586845009524757, 0.0 ], [ 110.648438041701681, -7.586791749434865, 0.0 ], [ 110.64843147563171, -7.586868776155625, 0.0 ], [ 110.648420242211543, -7.586945263605387, 0.0 ], [ 110.648404383366639, -7.587020932309672, 0.0 ], [ 110.648381946263555, -7.587113814830865, 0.0 ], [ 110.648380300468872, -7.587118797606252, 0.0 ], [ 110.648377863535671, -7.587123444151517, 0.0 ], [ 110.648374699926066, -7.587127634212797, 0.0 ], [ 110.648370894042486, -7.587131252075066, 0.0 ], [ 110.648366548400546, -7.587134203747338, 0.0 ], [ 110.648361779101535, -7.587136410627055, 0.0 ], [ 110.648356713111269, -7.587137811307039, 0.0 ], [ 110.6483514855354, -7.587138367905129, 0.0 ], [ 110.648190686158159, -7.58714233368726, 0.0 ] ] ] ] } },
{ "type": "Feature", "properties": { "OBJECTID": 392, "ZONA": "Pertanian", "SUB_ZONA": "Tanaman Pangan", "KODE": "P-1", "KEPADATAN": 0.0, "JUML_RUMH": 0.0, "LUAS_BID": 1448.56142976, "Shape_Leng": 340.26608890599999, "Shape_Area": 1448.5614299700001 }, "geometry": { "type": "MultiPolygon", "coordinates": [ [ [ [ 110.638591925960355, -7.587124703561913, 0.0 ], [ 110.638002731419306, -7.588404827927153, 0.0 ], [ 110.637924873779767, -7.58838857427458, 0.0 ], [ 110.63853767988175, -7.587035107483345, 0.0 ], [ 110.638591925960355, -7.587124703561913, 0.0 ] ] ] ] } },
{ "type": "Feature", "properties": { "OBJECTID": 393, "ZONA": "Pertanian", "SUB_ZONA": "Tanaman Pangan", "KODE": "P-1", "KEPADATAN": 0.0, "JUML_RUMH": 0.0, "LUAS_BID": 1635.3194506100001, "Shape_Leng": 357.20839743300002, "Shape_Area": 1635.31945049 }, "geometry": { "type": "MultiPolygon", "coordinates": [ [ [ [ 110.63853767988175, -7.587035107483345, 0.0 ], [ 110.637924873779767, -7.58838857427458, 0.0 ], [ 110.637895074531158, -7.588382355969177, 0.0 ], [ 110.637829274550441, -7.588368618863778, 0.0 ], [ 110.638483829516531, -7.586958014493879, 0.0 ], [ 110.638524532310328, -7.587013392650783, 0.0 ], [ 110.63853767988175, -7.587035107483345, 0.0 ] ] ] ] } },
{ "type": "Feature", "properties": { "OBJECTID": 394, "ZONA": "Pertanian", "SUB_ZONA": "Tanaman Pangan", "KODE": "P-1", "KEPADATAN": 0.0, "JUML_RUMH": 0.0, "LUAS_BID": 257.47570493900002, "Shape_Leng": 81.427978037499997, "Shape_Area": 257.475704931 }, "geometry": { "type": "MultiPolygon", "coordinates": [ [ [ [ 110.646240483179923, -7.586876140947411, 0.0 ], [ 110.646230349360991, -7.58705095086358, 0.0 ], [ 110.646188039120545, -7.587046646034167, 0.0 ], [ 110.646142696091445, -7.587043947938614, 0.0 ], [ 110.64616343694972, -7.586733221701735, 0.0 ], [ 110.646165728036934, -7.586737344723993, 0.0 ], [ 110.646240483179923, -7.586876140947411, 0.0 ] ] ] ] } },
{ "type": "Feature", "properties": { "OBJECTID": 395, "ZONA": "Pertanian", "SUB_ZONA": "Tanaman Pangan", "KODE": "P-1", "KEPADATAN": 0.0, "JUML_RUMH": 0.0, "LUAS_BID": 1735.2108461400001, "Shape_Leng": 373.34279006200001, "Shape_Area": 1735.2108460899999 }, "geometry": { "type": "MultiPolygon", "coordinates": [ [ [ [ 110.638483829516531, -7.586958014493879, 0.0 ], [ 110.637829274550441, -7.588368618863778, 0.0 ], [ 110.637749189932819, -7.588351903811336, 0.0 ], [ 110.638416694820819, -7.58686668631864, 0.0 ], [ 110.638416720181283, -7.586866713476396, 0.0 ], [ 110.638483829516531, -7.586958014493879, 0.0 ] ] ] ] } },
{ "type": "Feature", "properties": { "OBJECTID": 396, "ZONA": "Pertanian", "SUB_ZONA": "Tanaman Pangan", "KODE": "P-1", "KEPADATAN": 0.0, "JUML_RUMH": 0.0, "LUAS_BID": 2001.9694924800001, "Shape_Leng": 387.981800432, "Shape_Area": 2001.96949249 }, "geometry": { "type": "MultiPolygon", "coordinates": [ [ [ [ 110.638416694820819, -7.58686668631864, 0.0 ], [ 110.637749189932819, -7.588351903811336, 0.0 ], [ 110.637701517675197, -7.588341950166386, 0.0 ], [ 110.63765310566022, -7.588315773603818, 0.0 ], [ 110.638345825107322, -7.586790670961897, 0.0 ], [ 110.638416694820819, -7.58686668631864, 0.0 ] ] ] ] } },
{ "type": "Feature", "properties": { "OBJECTID": 397, "ZONA": "Pertanian", "SUB_ZONA": "Tanaman Pangan", "KODE": "P-1", "KEPADATAN": 0.0, "JUML_RUMH": 0.0, "LUAS_BID": 1815.1625397600001, "Shape_Leng": 394.04091610099999, "Shape_Area": 1815.1625399300001 }, "geometry": { "type": "MultiPolygon", "coordinates": [ [ [ [ 110.638345825107322, -7.586790670961897, 0.0 ], [ 110.63765310566022, -7.588315773603818, 0.0 ], [ 110.63757919051784, -7.588275808447902, 0.0 ], [ 110.638277400179504, -7.586718125693608, 0.0 ], [ 110.638293903271261, -7.586734979528719, 0.0 ], [ 110.638345825107322, -7.586790670961897, 0.0 ] ] ] ] } },
{ "type": "Feature", "properties": { "OBJECTID": 398, "ZONA": "Pertanian", "SUB_ZONA": "Tanaman Pangan", "KODE": "P-1", "KEPADATAN": 0.0, "JUML_RUMH": 0.0, "LUAS_BID": 3964.1427190200002, "Shape_Leng": 587.16085018499996, "Shape_Area": 3964.1427191299999 }, "geometry": { "type": "MultiPolygon", "coordinates": [ [ [ [ 110.6497796461436, -7.586981639040933, 0.0 ], [ 110.649753682443503, -7.587106446940002, 0.0 ], [ 110.649711781368126, -7.587307868795249, 0.0 ], [ 110.649585656722493, -7.587555474570235, 0.0 ], [ 110.649373144970326, -7.58784968034242, 0.0 ], [ 110.649128459555115, -7.587888972299852, 0.0 ], [ 110.648991775935087, -7.587845782489808, 0.0 ], [ 110.648799977975344, -7.587737928425561, 0.0 ], [ 110.648692255839435, -7.587474577494106, 0.0 ], [ 110.648658718658979, -7.587318814723381, 0.0 ], [ 110.64862654252714, -7.587169376803982, 0.0 ], [ 110.648550816742244, -7.587110764579207, 0.0 ], [ 110.648448449032628, -7.587031529533494, 0.0 ], [ 110.648464871199891, -7.586953175654502, 0.0 ], [ 110.648476502974802, -7.586873973951287, 0.0 ], [ 110.648483301516734, -7.586794214752311, 0.0 ], [ 110.64849202223526, -7.586634781962835, 0.0 ], [ 110.648492399523235, -7.586627875979041, 0.0 ], [ 110.648529225830814, -7.586657067737126, 0.0 ], [ 110.648616352844329, -7.586746170014605, 0.0 ], [ 110.648639157560552, -7.586773286237361, 0.0 ], [ 110.648712522946695, -7.586875132530099, 0.0 ], [ 110.648769152838526, -7.586970092475954, 0.0 ], [ 110.648786172447231, -7.587003392090498, 0.0 ], [ 110.648798709457211, -7.587038618408124, 0.0 ], [ 110.648806550411464, -7.58707516972671, 0.0 ], [ 110.648809562547584, -7.587112429031758, 0.0 ], [ 110.648811557580885, -7.587242410886968, 0.0 ], [ 110.648814408964498, -7.587282269757262, 0.0 ], [ 110.648838349752765, -7.587469059197863, 0.0 ], [ 110.648846532272415, -7.587510341621686, 0.0 ], [ 110.648860253167967, -7.587550135094654, 0.0 ], [ 110.648887253571772, -7.587613957977364, 0.0 ], [ 110.648905108518704, -7.587649025765622, 0.0 ], [ 110.648927732389666, -7.587681239004811, 0.0 ], [ 110.648954674249026, -7.587709953285994, 0.0 ], [ 110.648985397886264, -7.58773459740042, 0.0 ], [ 110.649019292687811, -7.587754681489415, 0.0 ], [ 110.649055683601702, -7.587769806098022, 0.0 ], [ 110.649093844729251, -7.587779670327079, 0.0 ], [ 110.649133017452996, -7.587784075466087, 0.0 ], [ 110.649135259261257, -7.587784167730539, 0.0 ], [ 110.649180572422253, -7.587782467540534, 0.0 ], [ 110.649225050072673, -7.587773655048638, 0.0 ], [ 110.649267576076085, -7.587757950971126, 0.0 ], [ 110.649307087642498, -7.587735748838041, 0.0 ], [ 110.64934259346758, -7.587707605057597, 0.0 ], [ 110.649373204566928, -7.587674224468008, 0.0 ], [ 110.649496363838153, -7.587516487683206, 0.0 ], [ 110.649515348669013, -7.587489610518496, 0.0 ], [ 110.6495316687203, -7.587461045111868, 0.0 ], [ 110.649602356323712, -7.587322273447705, 0.0 ], [ 110.649705104309902, -7.587120073855314, 0.0 ], [ 110.649712451001065, -7.587090851740794, 0.0 ], [ 110.64972884124029, -7.587056172483624, 0.0 ], [ 110.649751312638756, -7.587016916544099, 0.0 ], [ 110.6497796461436, -7.586981639040933, 0.0 ] ] ] ] } },
{ "type": "Feature", "properties": { "OBJECTID": 399, "ZONA": "Pertanian", "SUB_ZONA": "Tanaman Pangan", "KODE": "P-1", "KEPADATAN": 0.0, "JUML_RUMH": 0.0, "LUAS_BID": 395.82115772499998, "Shape_Leng": 82.775676921100001, "Shape_Area": 395.821157734 }, "geometry": { "type": "MultiPolygon", "coordinates": [ [ [ [ 110.642346505460765, -7.586632723257985, 0.0 ], [ 110.642265971282185, -7.586843177932974, 0.0 ], [ 110.642264784407601, -7.586845629207696, 0.0 ], [ 110.64226319794362, -7.586847844064642, 0.0 ], [ 110.642261258175381, -7.586849760127547, 0.0 ], [ 110.642259020450439, -7.586851318645769, 0.0 ], [ 110.642256550982125, -7.586852476255107, 0.0 ], [ 110.642253919602496, -7.586853198639866, 0.0 ], [ 110.642251204290488, -7.58685346596396, 0.0 ], [ 110.642248482109522, -7.586853269245236, 0.0 ], [ 110.642245833736524, -7.586852614881924, 0.0 ], [ 110.642182003935631, -7.586830951627026, 0.0 ], [ 110.642126637659558, -7.586814712712507, 0.0 ], [ 110.642226477440317, -7.586589079217605, 0.0 ], [ 110.642346505460765, -7.586632723257985, 0.0 ] ] ] ] } },
{ "type": "Feature", "properties": { "OBJECTID": 400, "ZONA": "Pertanian", "SUB_ZONA": "Tanaman Pangan", "KODE": "P-1", "KEPADATAN": 0.0, "JUML_RUMH": 0.0, "LUAS_BID": 1874.5625909400001, "Shape_Leng": 401.939641413, "Shape_Area": 1874.5625851899999 }, "geometry": { "type": "MultiPolygon", "coordinates": [ [ [ [ 110.638277400179504, -7.586718125693608, 0.0 ], [ 110.63757919051784, -7.588275808447902, 0.0 ], [ 110.637571150395047, -7.588271459880818, 0.0 ], [ 110.637571108713004, -7.588271437232198, 0.0 ], [ 110.637563110270904, -7.588267113122718, 0.0 ], [ 110.637514907589974, -7.588241049789347, 0.0 ], [ 110.638197875582165, -7.586636913681318, 0.0 ], [ 110.638277400179504, -7.586718125693608, 0.0 ] ] ] ] } },
{ "type": "Feature", "properties": { "OBJECTID": 401, "ZONA": "Pertanian", "SUB_ZONA": "Tanaman Pangan", "KODE": "P-1", "KEPADATAN": 0.0, "JUML_RUMH": 0.0, "LUAS_BID": 438.13119896500001, "Shape_Leng": 115.314267031, "Shape_Area": 438.131198982 }, "geometry": { "type": "MultiPolygon", "coordinates": [ [ [ [ 110.64616343694972, -7.586733221701735, 0.0 ], [ 110.646142696091445, -7.587043947938614, 0.0 ], [ 110.646069250721254, -7.587039576153864, 0.0 ], [ 110.646053455674135, -7.587037804841935, 0.0 ], [ 110.646075999094876, -7.586575875360978, 0.0 ], [ 110.64616343694972, -7.586733221701735, 0.0 ] ] ] ] } },
{ "type": "Feature", "properties": { "OBJECTID": 402, "ZONA": "Pertanian", "SUB_ZONA": "Tanaman Pangan", "KODE": "P-1", "KEPADATAN": 0.0, "JUML_RUMH": 0.0, "LUAS_BID": 1939.22270624, "Shape_Leng": 409.86472205699999, "Shape_Area": 1939.2227063800001 }, "geometry": { "type": "MultiPolygon", "coordinates": [ [ [ [ 110.638197875582165, -7.586636913681318, 0.0 ], [ 110.637514907589974, -7.588241049789347, 0.0 ], [ 110.63751300380406, -7.588240019722858, 0.0 ], [ 110.63742615907374, -7.588193061500649, 0.0 ], [ 110.63813972105369, -7.58656852160991, 0.0 ], [ 110.638156104300862, -7.586594258085086, 0.0 ], [ 110.638197875582165, -7.586636913681318, 0.0 ] ] ] ] } },
{ "type": "Feature", "properties": { "OBJECTID": 403, "ZONA": "Pertanian", "SUB_ZONA": "Tanaman Pangan", "KODE": "P-1", "KEPADATAN": 0.0, "JUML_RUMH": 0.0, "LUAS_BID": 334.34832859099998, "Shape_Leng": 78.5949459948, "Shape_Area": 334.34832860300003 }, "geometry": { "type": "MultiPolygon", "coordinates": [ [ [ [ 110.642226477440317, -7.586589079217605, 0.0 ], [ 110.642126637659558, -7.586814712712507, 0.0 ], [ 110.642048186474483, -7.586791704091534, 0.0 ], [ 110.642045871899057, -7.586790820244572, 0.0 ], [ 110.642043728047128, -7.586789581047658, 0.0 ], [ 110.642041807471145, -7.586788019108075, 0.0 ], [ 110.642040159999425, -7.586786172458161, 0.0 ], [ 110.642038826386624, -7.586784089072927, 0.0 ], [ 110.642037841039439, -7.586781819635828, 0.0 ], [ 110.642037228385107, -7.58677942386767, 0.0 ], [ 110.642037004691232, -7.586776962387066, 0.0 ], [ 110.642037175346942, -7.586774495803696, 0.0 ], [ 110.642037735767218, -7.586772087432701, 0.0 ], [ 110.642108736274864, -7.586549176460907, 0.0 ], [ 110.642226477440317, -7.586589079217605, 0.0 ] ] ] ] } },
{ "type": "Feature", "properties": { "OBJECTID": 404, "ZONA": "Pertanian", "SUB_ZONA": "Tanaman Pangan", "KODE": "P-1", "KEPADATAN": 0.0, "JUML_RUMH": 0.0, "LUAS_BID": 309.68673781400003, "Shape_Leng": 107.66111885799999, "Shape_Area": 309.68673776200001 }, "geometry": { "type": "MultiPolygon", "coordinates": [ [ [ [ 110.645362767882958, -7.58655162033514, 0.0 ], [ 110.645344818092269, -7.586976985903657, 0.0 ], [ 110.645284874866391, -7.586976937017035, 0.0 ], [ 110.645303218353646, -7.586549115000166, 0.0 ], [ 110.645345570022343, -7.586554784922206, 0.0 ], [ 110.645362767882958, -7.58655162033514, 0.0 ] ] ] ] } },
{ "type": "Feature", "properties": { "OBJECTID": 405, "ZONA": "Pertanian", "SUB_ZONA": "Tanaman Pangan", "KODE": "P-1", "KEPADATAN": 0.0, "JUML_RUMH": 0.0, "LUAS_BID": 462.78303908100003, "Shape_Leng": 115.233558688, "Shape_Area": 462.78303908100003 }, "geometry": { "type": "MultiPolygon", "coordinates": [ [ [ [ 110.645303218353646, -7.586549115000166, 0.0 ], [ 110.645284874866391, -7.586976937017035, 0.0 ], [ 110.645237036685856, -7.586976897996737, 0.0 ], [ 110.645200446671069, -7.586976003392035, 0.0 ], [ 110.645213079997333, -7.586537047065395, 0.0 ], [ 110.645303218353646, -7.586549115000166, 0.0 ] ] ] ] } },
{ "type": "Feature", "properties": { "OBJECTID": 406, "ZONA": "Pertanian", "SUB_ZONA": "Tanaman Pangan", "KODE": "P-1", "KEPADATAN": 0.0, "JUML_RUMH": 0.0, "LUAS_BID": 467.509659038, "Shape_Leng": 115.721557041, "Shape_Area": 467.509659054 }, "geometry": { "type": "MultiPolygon", "coordinates": [ [ [ [ 110.645432924762019, -7.586977147295006, 0.0 ], [ 110.645431613976697, -7.586977056675288, 0.0 ], [ 110.645344818092269, -7.586976985903657, 0.0 ], [ 110.645362767882958, -7.58655162033514, 0.0 ], [ 110.645452178976868, -7.586535176035111, 0.0 ], [ 110.645432924762019, -7.586977147295006, 0.0 ] ] ] ] } },
{ "type": "Feature", "properties": { "OBJECTID": 407, "ZONA": "Pertanian", "SUB_ZONA": "Tanaman Pangan", "KODE": "P-1", "KEPADATAN": 0.0, "JUML_RUMH": 0.0, "LUAS_BID": 422.17308949, "Shape_Leng": 115.276070601, "Shape_Area": 422.17308951000001 }, "geometry": { "type": "MultiPolygon", "coordinates": [ [ [ [ 110.645213079997333, -7.586537047065395, 0.0 ], [ 110.645200446671069, -7.586976003392035, 0.0 ], [ 110.645119243911338, -7.586974014051926, 0.0 ], [ 110.645138405536002, -7.586527051403946, 0.0 ], [ 110.645213079997333, -7.586537047065395, 0.0 ] ] ] ] } },
{ "type": "Feature", "properties": { "OBJECTID": 408, "ZONA": "Pertanian", "SUB_ZONA": "Tanaman Pangan", "KODE": "P-1", "KEPADATAN": 0.0, "JUML_RUMH": 0.0, "LUAS_BID": 1780.0698814899999, "Shape_Leng": 412.76160736999998, "Shape_Area": 1780.06988146 }, "geometry": { "type": "MultiPolygon", "coordinates": [ [ [ [ 110.638117838703067, -7.58653414567197, 0.0 ], [ 110.63813972105369, -7.58656852160991, 0.0 ], [ 110.63742615907374, -7.588193061500649, 0.0 ], [ 110.637352480475428, -7.588153224047452, 0.0 ], [ 110.638075989408151, -7.586515434492088, 0.0 ], [ 110.638117838703067, -7.58653414567197, 0.0 ] ] ] ] } },
{ "type": "Feature", "properties": { "OBJECTID": 409, "ZONA": "Pertanian", "SUB_ZONA": "Tanaman Pangan", "KODE": "P-1", "KEPADATAN": 0.0, "JUML_RUMH": 0.0, "LUAS_BID": 454.938827242, "Shape_Leng": 118.867746498, "Shape_Area": 454.938827258 }, "geometry": { "type": "MultiPolygon", "coordinates": [ [ [ [ 110.645514862653698, -7.586985876119396, 0.0 ], [ 110.645470370981329, -7.586979734098209, 0.0 ], [ 110.645432924762019, -7.586977147295006, 0.0 ], [ 110.645452178976868, -7.586535176035111, 0.0 ], [ 110.645535133616931, -7.586519916850416, 0.0 ], [ 110.645514862653698, -7.586985876119396, 0.0 ] ] ] ] } },
{ "type": "Feature", "properties": { "OBJECTID": 410, "ZONA": "Pertanian", "SUB_ZONA": "Tanaman Pangan", "KODE": "P-1", "KEPADATAN": 0.0, "JUML_RUMH": 0.0, "LUAS_BID": 322.10088043299999, "Shape_Leng": 112.591669771, "Shape_Area": 322.100880421 }, "geometry": { "type": "MultiPolygon", "coordinates": [ [ [ [ 110.645138405536002, -7.586527051403946, 0.0 ], [ 110.645119243911338, -7.586974014051926, 0.0 ], [ 110.645061763061904, -7.586972606691428, 0.0 ], [ 110.645078936634292, -7.586519089821485, 0.0 ], [ 110.645138405536002, -7.586527051403946, 0.0 ] ] ] ] } },
{ "type": "Feature", "properties": { "OBJECTID": 411, "ZONA": "Pertanian", "SUB_ZONA": "Tanaman Pangan", "KODE": "P-1", "KEPADATAN": 0.0, "JUML_RUMH": 0.0, "LUAS_BID": 456.58385473800001, "Shape_Leng": 123.50791930299999, "Shape_Area": 456.58385474400001 }, "geometry": { "type": "MultiPolygon", "coordinates": [ [ [ [ 110.645592242672166, -7.586996556864712, 0.0 ], [ 110.645514862653698, -7.586985876119396, 0.0 ], [ 110.645535133616931, -7.586519916850416, 0.0 ], [ 110.645604653105991, -7.586507129709221, 0.0 ], [ 110.645614403993008, -7.586504751435164, 0.0 ], [ 110.645592242672166, -7.586996556864712, 0.0 ] ] ] ] } },
{ "type": "Feature", "properties": { "OBJECTID": 412, "ZONA": "Pertanian", "SUB_ZONA": "Tanaman Pangan", "KODE": "P-1", "KEPADATAN": 0.0, "JUML_RUMH": 0.0, "LUAS_BID": 406.47180356899997, "Shape_Leng": 119.167603101, "Shape_Area": 406.471803588 }, "geometry": { "type": "MultiPolygon", "coordinates": [ [ [ [ 110.645078936634292, -7.586519089821485, 0.0 ], [ 110.645061763061904, -7.586972606691428, 0.0 ], [ 110.644988601167015, -7.586970816559766, 0.0 ], [ 110.644988203212492, -7.586970795430124, 0.0 ], [ 110.645009474809029, -7.58649469514422, 0.0 ], [ 110.645057773946462, -7.586516257572539, 0.0 ], [ 110.645078936634292, -7.586519089821485, 0.0 ] ] ] ] } },
{ "type": "Feature", "properties": { "OBJECTID": 413, "ZONA": "Pertanian", "SUB_ZONA": "Tanaman Pangan", "KODE": "P-1", "KEPADATAN": 0.0, "JUML_RUMH": 0.0, "LUAS_BID": 413.34543932000003, "Shape_Leng": 126.300120998, "Shape_Area": 413.34543934300001 }, "geometry": { "type": "MultiPolygon", "coordinates": [ [ [ [ 110.645659221276716, -7.587000292984999, 0.0 ], [ 110.645614709592607, -7.586998659270176, 0.0 ], [ 110.645595076201914, -7.586996948132942, 0.0 ], [ 110.645592242672166, -7.586996556864712, 0.0 ], [ 110.645614403993008, -7.586504751435164, 0.0 ], [ 110.645682931307363, -7.586488039507931, 0.0 ], [ 110.645659221276716, -7.587000292984999, 0.0 ] ] ] ] } },
{ "type": "Feature", "properties": { "OBJECTID": 414, "ZONA": "Pertanian", "SUB_ZONA": "Tanaman Pangan", "KODE": "P-1", "KEPADATAN": 0.0, "JUML_RUMH": 0.0, "LUAS_BID": 2197.0190873900001, "Shape_Leng": 417.12118118400002, "Shape_Area": 2197.0190874099999 }, "geometry": { "type": "MultiPolygon", "coordinates": [ [ [ [ 110.638075989408151, -7.586515434492088, 0.0 ], [ 110.637352480475428, -7.588153224047452, 0.0 ], [ 110.637282889458092, -7.588115595297889, 0.0 ], [ 110.63725618572154, -7.588101155314808, 0.0 ], [ 110.637991505153323, -7.58647766049924, 0.0 ], [ 110.638075989408151, -7.586515434492088, 0.0 ] ] ] ] } },
{ "type": "Feature", "properties": { "OBJECTID": 415, "ZONA": "Pertanian", "SUB_ZONA": "Tanaman Pangan", "KODE": "P-1", "KEPADATAN": 0.0, "JUML_RUMH": 0.0, "LUAS_BID": 436.00165514100001, "Shape_Leng": 130.83374691099999, "Shape_Area": 436.00165512199999 }, "geometry": { "type": "MultiPolygon", "coordinates": [ [ [ [ 110.645730625626626, -7.587002913764227, 0.0 ], [ 110.645659221276716, -7.587000292984999, 0.0 ], [ 110.645682931307363, -7.586488039507931, 0.0 ], [ 110.645749153730648, -7.58647188923084, 0.0 ], [ 110.645730625626626, -7.587002913764227, 0.0 ] ] ] ] } },
{ "type": "Feature", "properties": { "OBJECTID": 416, "ZONA": "Pertanian", "SUB_ZONA": "Tanaman Pangan", "KODE": "P-1", "KEPADATAN": 0.0, "JUML_RUMH": 0.0, "LUAS_BID": 465.15796889299997, "Shape_Leng": 126.39375074900001, "Shape_Area": 465.15796889400002 }, "geometry": { "type": "MultiPolygon", "coordinates": [ [ [ [ 110.645009474809029, -7.58649469514422, 0.0 ], [ 110.644988203212492, -7.586970795430124, 0.0 ], [ 110.644909788960774, -7.586966617492307, 0.0 ], [ 110.644934215957875, -7.586461097292241, 0.0 ], [ 110.645009474809029, -7.58649469514422, 0.0 ] ] ] ] } },
{ "type": "Feature", "properties": { "OBJECTID": 417, "ZONA": "Pertanian", "SUB_ZONA": "Tanaman Pangan", "KODE": "P-1", "KEPADATAN": 0.0, "JUML_RUMH": 0.0, "LUAS_BID": 1710.2395304900001, "Shape_Leng": 410.61401033599998, "Shape_Area": 1710.2395304300001 }, "geometry": { "type": "MultiPolygon", "coordinates": [ [ [ [ 110.637991505153323, -7.58647766049924, 0.0 ], [ 110.63725618572154, -7.588101155314808, 0.0 ], [ 110.637229721204221, -7.588086846690269, 0.0 ], [ 110.637177539736854, -7.588058630778319, 0.0 ], [ 110.637795519399276, -7.586735538959986, 0.0 ], [ 110.637795596592866, -7.586735374395192, 0.0 ], [ 110.637929016229805, -7.586449721037726, 0.0 ], [ 110.637991505153323, -7.58647766049924, 0.0 ] ] ] ] } },
{ "type": "Feature", "properties": { "OBJECTID": 418, "ZONA": "Pertanian", "SUB_ZONA": "Tanaman Pangan", "KODE": "P-1", "KEPADATAN": 0.0, "JUML_RUMH": 0.0, "LUAS_BID": 477.76011294199998, "Shape_Leng": 135.92999607, "Shape_Area": 477.76011299300001 }, "geometry": { "type": "MultiPolygon", "coordinates": [ [ [ [ 110.645805417622299, -7.587005660310399, 0.0 ], [ 110.645730625626626, -7.587002913764227, 0.0 ], [ 110.645749153730648, -7.58647188923084, 0.0 ], [ 110.645819633207935, -7.586454700361331, 0.0 ], [ 110.645805417622299, -7.587005660310399, 0.0 ] ] ] ] } },
{ "type": "Feature", "properties": { "OBJECTID": 419, "ZONA": "Pertanian", "SUB_ZONA": "Tanaman Pangan", "KODE": "P-1", "KEPADATAN": 0.0, "JUML_RUMH": 0.0, "LUAS_BID": 614.40042033400005, "Shape_Leng": 143.98368406899999, "Shape_Area": 614.40042028799996 }, "geometry": { "type": "MultiPolygon", "coordinates": [ [ [ [ 110.645892418896594, -7.587011769070331, 0.0 ], [ 110.645846823589835, -7.587007179311719, 0.0 ], [ 110.645805417622299, -7.587005660310399, 0.0 ], [ 110.645819633207935, -7.586454700361331, 0.0 ], [ 110.645858951379822, -7.586445109708407, 0.0 ], [ 110.645912142897586, -7.586441493181364, 0.0 ], [ 110.645892418896594, -7.587011769070331, 0.0 ] ] ] ] } },
{ "type": "Feature", "properties": { "OBJECTID": 420, "ZONA": "Pertanian", "SUB_ZONA": "Tanaman Pangan", "KODE": "P-1", "KEPADATAN": 0.0, "JUML_RUMH": 0.0, "LUAS_BID": 493.74523602300002, "Shape_Leng": 141.42515241000001, "Shape_Area": 493.74523604199999 }, "geometry": { "type": "MultiPolygon", "coordinates": [ [ [ [ 110.646075999094876, -7.586575875360978, 0.0 ], [ 110.646053455674135, -7.587037804841935, 0.0 ], [ 110.646046974492222, -7.587037078635813, 0.0 ], [ 110.64598091826953, -7.587026151199146, 0.0 ], [ 110.646000065603474, -7.586439231901472, 0.0 ], [ 110.646075999094876, -7.586575875360978, 0.0 ] ] ] ] } },
{ "type": "Feature", "properties": { "OBJECTID": 421, "ZONA": "Pertanian", "SUB_ZONA": "Tanaman Pangan", "KODE": "P-1", "KEPADATAN": 0.0, "JUML_RUMH": 0.0, "LUAS_BID": 625.66087207199996, "Shape_Leng": 147.847193361, "Shape_Area": 625.660872047 }, "geometry": { "type": "MultiPolygon", "coordinates": [ [ [ [ 110.646000065603474, -7.586439231901472, 0.0 ], [ 110.64598091826953, -7.587026151199146, 0.0 ], [ 110.64589639738189, -7.587012169409871, 0.0 ], [ 110.645892418896594, -7.587011769070331, 0.0 ], [ 110.645912142897586, -7.586441493181364, 0.0 ], [ 110.645998075954253, -7.586435650952976, 0.0 ], [ 110.646000065603474, -7.586439231901472, 0.0 ] ] ] ] } },
{ "type": "Feature", "properties": { "OBJECTID": 422, "ZONA": "Pertanian", "SUB_ZONA": "Tanaman Pangan", "KODE": "P-1", "KEPADATAN": 0.0, "JUML_RUMH": 0.0, "LUAS_BID": 501.22894862099997, "Shape_Leng": 133.277470607, "Shape_Area": 501.22894864599999 }, "geometry": { "type": "MultiPolygon", "coordinates": [ [ [ [ 110.644934215957875, -7.586461097292241, 0.0 ], [ 110.644909788960774, -7.586966617492307, 0.0 ], [ 110.644830778233114, -7.586962407393836, 0.0 ], [ 110.64485721176078, -7.586426720084278, 0.0 ], [ 110.644934215957875, -7.586461097292241, 0.0 ] ] ] ] } },
{ "type": "Feature", "properties": { "OBJECTID": 423, "ZONA": "Pertanian", "SUB_ZONA": "Tanaman Pangan", "KODE": "P-1", "KEPADATAN": 0.0, "JUML_RUMH": 0.0, "LUAS_BID": 667.65145162099998, "Shape_Leng": 142.532648432, "Shape_Area": 667.65145160600002 }, "geometry": { "type": "MultiPolygon", "coordinates": [ [ [ [ 110.64277674499499, -7.58651321233094, 0.0 ], [ 110.642679794010505, -7.586875856902587, 0.0 ], [ 110.642649428138625, -7.586989436938994, 0.0 ], [ 110.64252130521632, -7.586946109249763, 0.0 ], [ 110.642604704291188, -7.586737455135093, 0.0 ], [ 110.64272968692498, -7.58642476057143, 0.0 ], [ 110.64277674499499, -7.58651321233094, 0.0 ] ] ] ] } },
{ "type": "Feature", "properties": { "OBJECTID": 424, "ZONA": "Pertanian", "SUB_ZONA": "Tanaman Pangan", "KODE": "P-1", "KEPADATAN": 0.0, "JUML_RUMH": 0.0, "LUAS_BID": 546.03097010199997, "Shape_Leng": 140.73881801900001, "Shape_Area": 546.03097011900002 }, "geometry": { "type": "MultiPolygon", "coordinates": [ [ [ [ 110.64485721176078, -7.586426720084278, 0.0 ], [ 110.644830778233114, -7.586962407393836, 0.0 ], [ 110.644749391566478, -7.586958069607005, 0.0 ], [ 110.644778188580247, -7.586390291490048, 0.0 ], [ 110.644789233414741, -7.586396372795805, 0.0 ], [ 110.64485721176078, -7.586426720084278, 0.0 ] ] ] ] } },
{ "type": "Feature", "properties": { "OBJECTID": 425, "ZONA": "Pertanian", "SUB_ZONA": "Tanaman Pangan", "KODE": "P-1", "KEPADATAN": 0.0, "JUML_RUMH": 0.0, "LUAS_BID": 473.162119953, "Shape_Leng": 144.64664444499999, "Shape_Area": 473.16211991900002 }, "geometry": { "type": "MultiPolygon", "coordinates": [ [ [ [ 110.644778188580247, -7.586390291490048, 0.0 ], [ 110.644749391566478, -7.586958069607005, 0.0 ], [ 110.644682073813215, -7.586954483226465, 0.0 ], [ 110.644714544640891, -7.586355250370329, 0.0 ], [ 110.644778188580247, -7.586390291490048, 0.0 ] ] ] ] } },
{ "type": "Feature", "properties": { "OBJECTID": 426, "ZONA": "Pertanian", "SUB_ZONA": "Tanaman Pangan", "KODE": "P-1", "KEPADATAN": 0.0, "JUML_RUMH": 0.0, "LUAS_BID": 438.45117701100003, "Shape_Leng": 149.341184911, "Shape_Area": 438.45117701499998 }, "geometry": { "type": "MultiPolygon", "coordinates": [ [ [ [ 110.644714544640891, -7.586355250370329, 0.0 ], [ 110.644682073813215, -7.586954483226465, 0.0 ], [ 110.644622116859068, -7.586951288191306, 0.0 ], [ 110.644659089418766, -7.586324717003164, 0.0 ], [ 110.644714544640891, -7.586355250370329, 0.0 ] ] ] ] } },
{ "type": "Feature", "properties": { "OBJECTID": 427, "ZONA": "Pertanian", "SUB_ZONA": "Tanaman Pangan", "KODE": "P-1", "KEPADATAN": 0.0, "JUML_RUMH": 0.0, "LUAS_BID": 417.85021009000002, "Shape_Leng": 115.827668, "Shape_Area": 417.850210022 }, "geometry": { "type": "MultiPolygon", "coordinates": [ [ [ [ 110.643914982008269, -7.586332475583337, 0.0 ], [ 110.64388363761465, -7.586769920360457, 0.0 ], [ 110.643836974651137, -7.586771709352663, 0.0 ], [ 110.643805349693679, -7.586774236110136, 0.0 ], [ 110.643839906750969, -7.586320494777692, 0.0 ], [ 110.643914982008269, -7.586332475583337, 0.0 ] ] ] ] } },
{ "type": "Feature", "properties": { "OBJECTID": 428, "ZONA": "Pertanian", "SUB_ZONA": "Tanaman Pangan", "KODE": "P-1", "KEPADATAN": 0.0, "JUML_RUMH": 0.0, "LUAS_BID": 367.19787246, "Shape_Leng": 113.41780066699999, "Shape_Area": 367.19787245100002 }, "geometry": { "type": "MultiPolygon", "coordinates": [ [ [ [ 110.643952998365393, -7.586767263480613, 0.0 ], [ 110.64388363761465, -7.586769920360457, 0.0 ], [ 110.643914982008269, -7.586332475583337, 0.0 ], [ 110.643921006085208, -7.586333436630952, 0.0 ], [ 110.643983109031723, -7.58631971922149, 0.0 ], [ 110.643952998365393, -7.586767263480613, 0.0 ] ] ] ] } },
{ "type": "Feature", "properties": { "OBJECTID": 429, "ZONA": "Pertanian", "SUB_ZONA": "Tanaman Pangan", "KODE": "P-1", "KEPADATAN": 0.0, "JUML_RUMH": 0.0, "LUAS_BID": 484.582476552, "Shape_Leng": 121.865069844, "Shape_Area": 484.58247659900002 }, "geometry": { "type": "MultiPolygon", "coordinates": [ [ [ [ 110.643839906750969, -7.586320494777692, 0.0 ], [ 110.643805349693679, -7.586774236110136, 0.0 ], [ 110.643718995959574, -7.586781137695799, 0.0 ], [ 110.64375546000953, -7.586307017384282, 0.0 ], [ 110.643839906750969, -7.586320494777692, 0.0 ] ] ] ] } },
{ "type": "Feature", "properties": { "OBJECTID": 430, "ZONA": "Pertanian", "SUB_ZONA": "Tanaman Pangan", "KODE": "P-1", "KEPADATAN": 0.0, "JUML_RUMH": 0.0, "LUAS_BID": 480.28271122199999, "Shape_Leng": 121.05974587599999, "Shape_Area": 480.28271122199999 }, "geometry": { "type": "MultiPolygon", "coordinates": [ [ [ [ 110.644037045244488, -7.586769925640358, 0.0 ], [ 110.64398377187797, -7.586766084708422, 0.0 ], [ 110.643952998365393, -7.586767263480613, 0.0 ], [ 110.643983109031723, -7.58631971922149, 0.0 ], [ 110.644072380480452, -7.586300001502426, 0.0 ], [ 110.644037045244488, -7.586769925640358, 0.0 ] ] ] ] } },
{ "type": "Feature", "properties": { "OBJECTID": 431, "ZONA": "Pertanian", "SUB_ZONA": "Tanaman Pangan", "KODE": "P-1", "KEPADATAN": 0.0, "JUML_RUMH": 0.0, "LUAS_BID": 565.060512464, "Shape_Leng": 159.197200968, "Shape_Area": 565.06051248799997 }, "geometry": { "type": "MultiPolygon", "coordinates": [ [ [ [ 110.644659089418766, -7.586324717003164, 0.0 ], [ 110.644622116859068, -7.586951288191306, 0.0 ], [ 110.644548590476916, -7.586947370172092, 0.0 ], [ 110.644591118724563, -7.586287293348652, 0.0 ], [ 110.644659089418766, -7.586324717003164, 0.0 ] ] ] ] } },
{ "type": "Feature", "properties": { "OBJECTID": 432, "ZONA": "Pertanian", "SUB_ZONA": "Tanaman Pangan", "KODE": "P-1", "KEPADATAN": 0.0, "JUML_RUMH": 0.0, "LUAS_BID": 560.24275250999995, "Shape_Leng": 165.57061665500001, "Shape_Area": 560.24275255299995 }, "geometry": { "type": "MultiPolygon", "coordinates": [ [ [ [ 110.644591118724563, -7.586287293348652, 0.0 ], [ 110.644548590476916, -7.586947370172092, 0.0 ], [ 110.644480578348393, -7.586943746106185, 0.0 ], [ 110.644525827470559, -7.586251345395777, 0.0 ], [ 110.644591118724563, -7.586287293348652, 0.0 ] ] ] ] } },
{ "type": "Feature", "properties": { "OBJECTID": 433, "ZONA": "Pertanian", "SUB_ZONA": "Tanaman Pangan", "KODE": "P-1", "KEPADATAN": 0.0, "JUML_RUMH": 0.0, "LUAS_BID": 483.83966905599999, "Shape_Leng": 132.851018896, "Shape_Area": 483.83966903800001 }, "geometry": { "type": "MultiPolygon", "coordinates": [ [ [ [ 110.64375546000953, -7.586307017384282, 0.0 ], [ 110.643718995959574, -7.586781137695799, 0.0 ], [ 110.643634935923274, -7.586787856614214, 0.0 ], [ 110.643682755909325, -7.586250305484321, 0.0 ], [ 110.64370996128757, -7.586299756331029, 0.0 ], [ 110.64375546000953, -7.586307017384282, 0.0 ] ] ] ] } },
{ "type": "Feature", "properties": { "OBJECTID": 434, "ZONA": "Pertanian", "SUB_ZONA": "Tanaman Pangan", "KODE": "P-1", "KEPADATAN": 0.0, "JUML_RUMH": 0.0, "LUAS_BID": 936.86798184999998, "Shape_Leng": 163.23075216800001, "Shape_Area": 936.86798185800001 }, "geometry": { "type": "MultiPolygon", "coordinates": [ [ [ [ 110.643332488361438, -7.58687811855745, 0.0 ], [ 110.643316281026955, -7.586884948231534, 0.0 ], [ 110.643304033886409, -7.586891266460659, 0.0 ], [ 110.643292912082501, -7.586899398342593, 0.0 ], [ 110.643283183210144, -7.586909143285456, 0.0 ], [ 110.643275079531563, -7.586920273531761, 0.0 ], [ 110.643203123492981, -7.58676320529843, 0.0 ], [ 110.643153247031137, -7.586600858091094, 0.0 ], [ 110.64322514919229, -7.586486581203246, 0.0 ], [ 110.643303081358539, -7.58636271823926, 0.0 ], [ 110.643379007397328, -7.586242046696434, 0.0 ], [ 110.643332488361438, -7.58687811855745, 0.0 ] ] ] ] } },
{ "type": "Feature", "properties": { "OBJECTID": 435, "ZONA": "Pertanian", "SUB_ZONA": "Tanaman Pangan", "KODE": "P-1", "KEPADATAN": 0.0, "JUML_RUMH": 0.0, "LUAS_BID": 513.22310482499995, "Shape_Leng": 135.93848989200001, "Shape_Area": 513.22310481099998 }, "geometry": { "type": "MultiPolygon", "coordinates": [ [ [ [ 110.644119180149758, -7.586777097240435, 0.0 ], [ 110.644101794745254, -7.586774593675739, 0.0 ], [ 110.644037045244488, -7.586769925640358, 0.0 ], [ 110.644072380480452, -7.586300001502426, 0.0 ], [ 110.644093734288646, -7.586295283625395, 0.0 ], [ 110.644162580464894, -7.586223719918714, 0.0 ], [ 110.644119180149758, -7.586777097240435, 0.0 ] ] ] ] } },
{ "type": "Feature", "properties": { "OBJECTID": 436, "ZONA": "Pertanian", "SUB_ZONA": "Tanaman Pangan", "KODE": "P-1", "KEPADATAN": 0.0, "JUML_RUMH": 0.0, "LUAS_BID": 714.99200018800002, "Shape_Leng": 175.06871643599999, "Shape_Area": 714.99200016299994 }, "geometry": { "type": "MultiPolygon", "coordinates": [ [ [ [ 110.644525827470559, -7.586251345395777, 0.0 ], [ 110.644480578348393, -7.586943746106185, 0.0 ], [ 110.644480045326006, -7.586943716724665, 0.0 ], [ 110.644444813204572, -7.586939648174758, 0.0 ], [ 110.644410355186409, -7.586931266427015, 0.0 ], [ 110.644399857981867, -7.586927287747485, 0.0 ], [ 110.644444439473901, -7.586212361248695, 0.0 ], [ 110.644458381449567, -7.586214210703632, 0.0 ], [ 110.644525827470559, -7.586251345395777, 0.0 ] ] ] ] } },
{ "type": "Feature", "properties": { "OBJECTID": 437, "ZONA": "Pertanian", "SUB_ZONA": "Tanaman Pangan", "KODE": "P-1", "KEPADATAN": 0.0, "JUML_RUMH": 0.0, "LUAS_BID": 637.92102887800002, "Shape_Leng": 172.479584722, "Shape_Area": 637.92102888700003 }, "geometry": { "type": "MultiPolygon", "coordinates": [ [ [ [ 110.644444439473901, -7.586212361248695, 0.0 ], [ 110.644399857981867, -7.586927287747485, 0.0 ], [ 110.644377198772389, -7.586918702169061, 0.0 ], [ 110.644345850562203, -7.586902147581397, 0.0 ], [ 110.644325697360401, -7.586889856274373, 0.0 ], [ 110.644372790716901, -7.58620286001092, 0.0 ], [ 110.644444439473901, -7.586212361248695, 0.0 ] ] ] ] } },
{ "type": "Feature", "properties": { "OBJECTID": 438, "ZONA": "Pertanian", "SUB_ZONA": "Tanaman Pangan", "KODE": "P-1", "KEPADATAN": 0.0, "JUML_RUMH": 0.0, "LUAS_BID": 400.70985213599999, "Shape_Leng": 160.89465377, "Shape_Area": 400.70985211099998 }, "geometry": { "type": "MultiPolygon", "coordinates": [ [ [ [ 110.644372790716901, -7.58620286001092, 0.0 ], [ 110.644325697360401, -7.586889856274373, 0.0 ], [ 110.644297415650172, -7.586872604969354, 0.0 ], [ 110.644276144898953, -7.586856743367854, 0.0 ], [ 110.644327741486109, -7.586196885668572, 0.0 ], [ 110.644372790716901, -7.58620286001092, 0.0 ] ] ] ] } },
{ "type": "Feature", "properties": { "OBJECTID": 439, "ZONA": "Pertanian", "SUB_ZONA": "Tanaman Pangan", "KODE": "P-1", "KEPADATAN": 0.0, "JUML_RUMH": 0.0, "LUAS_BID": 621.58851199900005, "Shape_Leng": 160.523196469, "Shape_Area": 621.58851204699999 }, "geometry": { "type": "MultiPolygon", "coordinates": [ [ [ [ 110.644327741486109, -7.586196885668572, 0.0 ], [ 110.644276144898953, -7.586856743367854, 0.0 ], [ 110.644229909693749, -7.586822267289957, 0.0 ], [ 110.6442007733732, -7.586803608695201, 0.0 ], [ 110.64419760257185, -7.586802164238818, 0.0 ], [ 110.644251439066011, -7.58618676641195, 0.0 ], [ 110.644327741486109, -7.586196885668572, 0.0 ] ] ] ] } },
{ "type": "Feature", "properties": { "OBJECTID": 440, "ZONA": "Pertanian", "SUB_ZONA": "Tanaman Pangan", "KODE": "P-1", "KEPADATAN": 0.0, "JUML_RUMH": 0.0, "LUAS_BID": 604.24530563300004, "Shape_Leng": 150.67519576699999, "Shape_Area": 604.24530562799998 }, "geometry": { "type": "MultiPolygon", "coordinates": [ [ [ [ 110.644251439066011, -7.58618676641195, 0.0 ], [ 110.64419760257185, -7.586802164238818, 0.0 ], [ 110.644169277407997, -7.586789265614114, 0.0 ], [ 110.644136060670803, -7.586779528026843, 0.0 ], [ 110.644119180149758, -7.586777097240435, 0.0 ], [ 110.644162580464894, -7.586223719918714, 0.0 ], [ 110.644204161807451, -7.586180495349344, 0.0 ], [ 110.644251439066011, -7.58618676641195, 0.0 ] ] ] ] } },
{ "type": "Feature", "properties": { "OBJECTID": 441, "ZONA": "Pertanian", "SUB_ZONA": "Tanaman Pangan", "KODE": "P-1", "KEPADATAN": 0.0, "JUML_RUMH": 0.0, "LUAS_BID": 456.674387373, "Shape_Leng": 150.19020171700001, "Shape_Area": 456.67438737100002 }, "geometry": { "type": "MultiPolygon", "coordinates": [ [ [ [ 110.643682755909325, -7.586250305484321, 0.0 ], [ 110.643634935923274, -7.586787856614214, 0.0 ], [ 110.643587987594415, -7.586791609136831, 0.0 ], [ 110.643569028109752, -7.586793909262485, 0.0 ], [ 110.64362972105468, -7.586153903297437, 0.0 ], [ 110.643682755909325, -7.586250305484321, 0.0 ] ] ] ] } },
{ "type": "Feature", "properties": { "OBJECTID": 442, "ZONA": "Pertanian", "SUB_ZONA": "Tanaman Pangan", "KODE": "P-1", "KEPADATAN": 0.0, "JUML_RUMH": 0.0, "LUAS_BID": 214.493602022, "Shape_Leng": 59.375108563399998, "Shape_Area": 214.493601998 }, "geometry": { "type": "MultiPolygon", "coordinates": [ [ [ [ 110.640520415664469, -7.586100234502672, 0.0 ], [ 110.640514689986418, -7.58610784793892, 0.0 ], [ 110.640510315257885, -7.5861163055376, 0.0 ], [ 110.640507412242357, -7.586125374023194, 0.0 ], [ 110.640484648436313, -7.586224368783299, 0.0 ], [ 110.640356360344072, -7.586194920746122, 0.0 ], [ 110.640382082092444, -7.586064416431589, 0.0 ], [ 110.640520415664469, -7.586100234502672, 0.0 ] ] ] ] } },
{ "type": "Feature", "properties": { "OBJECTID": 443, "ZONA": "Pertanian", "SUB_ZONA": "Tanaman Pangan", "KODE": "P-1", "KEPADATAN": 0.0, "JUML_RUMH": 0.0, "LUAS_BID": 496.81846811000003, "Shape_Leng": 205.72853715, "Shape_Area": 496.81846811700001 }, "geometry": { "type": "MultiPolygon", "coordinates": [ [ [ [ 110.643389872407511, -7.586853935272964, 0.0 ], [ 110.643332488361438, -7.58687811855745, 0.0 ], [ 110.643379007397328, -7.586242046696434, 0.0 ], [ 110.643449578222643, -7.58597302355989, 0.0 ], [ 110.643389872407511, -7.586853935272964, 0.0 ] ] ] ] } },
{ "type": "Feature", "properties": { "OBJECTID": 444, "ZONA": "Pertanian", "SUB_ZONA": "Tanaman Pangan", "KODE": "P-1", "KEPADATAN": 0.0, "JUML_RUMH": 0.0, "LUAS_BID": 437.41391021099997, "Shape_Leng": 90.182313977600003, "Shape_Area": 437.413910219 }, "geometry": { "type": "MultiPolygon", "coordinates": [ [ [ [ 110.640382082092444, -7.586064416431589, 0.0 ], [ 110.640356360344072, -7.586194920746122, 0.0 ], [ 110.640222739207601, -7.586164249824029, 0.0 ], [ 110.640277871933861, -7.585919053182427, 0.0 ], [ 110.640314054967632, -7.585919738907851, 0.0 ], [ 110.640344398476543, -7.585918851302177, 0.0 ], [ 110.640374513245149, -7.585915040885672, 0.0 ], [ 110.640412852756398, -7.585908300174121, 0.0 ], [ 110.640382082092444, -7.586064416431589, 0.0 ] ] ] ] } },
{ "type": "Feature", "properties": { "OBJECTID": 445, "ZONA": "Pertanian", "SUB_ZONA": "Tanaman Pangan", "KODE": "P-1", "KEPADATAN": 0.0, "JUML_RUMH": 0.0, "LUAS_BID": 820.37175331499998, "Shape_Leng": 223.638263962, "Shape_Area": 820.37175329800004 }, "geometry": { "type": "MultiPolygon", "coordinates": [ [ [ [ 110.64346063438704, -7.586824114900369, 0.0 ], [ 110.643389872407511, -7.586853935272964, 0.0 ], [ 110.643449578222643, -7.58597302355989, 0.0 ], [ 110.643465408951002, -7.585912670989899, 0.0 ], [ 110.643465627204705, -7.585911839881803, 0.0 ], [ 110.643531112821719, -7.585894306271642, 0.0 ], [ 110.64346063438704, -7.586824114900369, 0.0 ] ] ] ] } },
{ "type": "Feature", "properties": { "OBJECTID": 446, "ZONA": "Pertanian", "SUB_ZONA": "Tanaman Pangan", "KODE": "P-1", "KEPADATAN": 0.0, "JUML_RUMH": 0.0, "LUAS_BID": 334.99297523500002, "Shape_Leng": 75.185218117800005, "Shape_Area": 334.99297522000001 }, "geometry": { "type": "MultiPolygon", "coordinates": [ [ [ [ 110.640520415664469, -7.586100234502672, 0.0 ], [ 110.640382082092444, -7.586064416431589, 0.0 ], [ 110.640412852756398, -7.585908300174121, 0.0 ], [ 110.640565766524844, -7.585881412004495, 0.0 ], [ 110.640520415664469, -7.586100234502672, 0.0 ] ] ] ] } },
{ "type": "Feature", "properties": { "OBJECTID": 447, "ZONA": "Pertanian", "SUB_ZONA": "Tanaman Pangan", "KODE": "P-1", "KEPADATAN": 0.0, "JUML_RUMH": 0.0, "LUAS_BID": 1150.64683926, "Shape_Leng": 224.60389382, "Shape_Area": 1150.6468392899999 }, "geometry": { "type": "MultiPolygon", "coordinates": [ [ [ [ 110.64362972105468, -7.586153903297437, 0.0 ], [ 110.643569028109752, -7.586793909262485, 0.0 ], [ 110.643559184807302, -7.586795104254852, 0.0 ], [ 110.643518218056499, -7.586802994588501, 0.0 ], [ 110.643478746114795, -7.586816482631537, 0.0 ], [ 110.64346063438704, -7.586824114900369, 0.0 ], [ 110.643531112821719, -7.585894306271642, 0.0 ], [ 110.643590380016818, -7.585878437366495, 0.0 ], [ 110.643604582236108, -7.586108205333438, 0.0 ], [ 110.64362972105468, -7.586153903297437, 0.0 ] ] ] ] } },
{ "type": "Feature", "properties": { "OBJECTID": 448, "ZONA": "Pertanian", "SUB_ZONA": "Tanaman Pangan", "KODE": "P-1", "KEPADATAN": 0.0, "JUML_RUMH": 0.0, "LUAS_BID": 3909.4824072400002, "Shape_Leng": 388.30911865600001, "Shape_Area": 3909.4824073499999 }, "geometry": { "type": "MultiPolygon", "coordinates": [ [ [ [ 110.639367821256016, -7.585701995924866, 0.0 ], [ 110.639198701938042, -7.586089373637706, 0.0 ], [ 110.639192431345037, -7.58610794258106, 0.0 ], [ 110.63918943088342, -7.586127306627728, 0.0 ], [ 110.6391897889619, -7.586146896885642, 0.0 ], [ 110.639191832352012, -7.58616642160446, 0.0 ], [ 110.639191962049907, -7.586170698450968, 0.0 ], [ 110.639191460819333, -7.586174947637444, 0.0 ], [ 110.639190338709042, -7.58617907690751, 0.0 ], [ 110.639135611285255, -7.586334196259281, 0.0 ], [ 110.639132902489649, -7.586341876402516, 0.0 ], [ 110.639066572681358, -7.58632241412367, 0.0 ], [ 110.639032906869971, -7.586425298378543, 0.0 ], [ 110.639262820269749, -7.586696954407686, 0.0 ], [ 110.639367082260122, -7.58682014455939, 0.0 ], [ 110.639354755613681, -7.586848935388114, 0.0 ], [ 110.639344910296458, -7.586878660870864, 0.0 ], [ 110.6393233577149, -7.586954325354796, 0.0 ], [ 110.63932121629631, -7.586959968910297, 0.0 ], [ 110.639318151478236, -7.586965172990519, 0.0 ], [ 110.639314248604293, -7.586969782987206, 0.0 ], [ 110.639309622004077, -7.586973672357392, 0.0 ], [ 110.639304403223946, -7.586976723617902, 0.0 ], [ 110.639298742819761, -7.586978852769929, 0.0 ], [ 110.639292804020101, -7.586979998439057, 0.0 ], [ 110.639286756378226, -7.586980124583681, 0.0 ], [ 110.639280773951512, -7.586979229539054, 0.0 ], [ 110.6392750289601, -7.586977340584697, 0.0 ], [ 110.638886240836641, -7.586811852424054, 0.0 ], [ 110.638737265072436, -7.586746989661933, 0.0 ], [ 110.639229722553054, -7.585652225825497, 0.0 ], [ 110.639367821256016, -7.585701995924866, 0.0 ] ] ] ] } },
{ "type": "Feature", "properties": { "OBJECTID": 449, "ZONA": "Pertanian", "SUB_ZONA": "Tanaman Pangan", "KODE": "P-1", "KEPADATAN": 0.0, "JUML_RUMH": 0.0, "LUAS_BID": 1713.55361111, "Shape_Leng": 322.74358832899998, "Shape_Area": 1713.55361135 }, "geometry": { "type": "MultiPolygon", "coordinates": [ [ [ [ 110.639179249197468, -7.585481411092753, 0.0 ], [ 110.638622850441692, -7.58669717390456, 0.0 ], [ 110.638515377414706, -7.58665038148498, 0.0 ], [ 110.639110326745254, -7.585415256227152, 0.0 ], [ 110.639142639762497, -7.585448530881358, 0.0 ], [ 110.639179249197468, -7.585481411092753, 0.0 ] ] ] ] } },
{ "type": "Feature", "properties": { "OBJECTID": 450, "ZONA": "Pertanian", "SUB_ZONA": "Tanaman Pangan", "KODE": "P-1", "KEPADATAN": 0.0, "JUML_RUMH": 0.0, "LUAS_BID": 2015.1175664100001, "Shape_Leng": 335.26354959499997, "Shape_Area": 2015.1175663500001 }, "geometry": { "type": "MultiPolygon", "coordinates": [ [ [ [ 110.639110326745254, -7.585415256227152, 0.0 ], [ 110.638515377414706, -7.58665038148498, 0.0 ], [ 110.638398798805127, -7.586599624039042, 0.0 ], [ 110.639029865122097, -7.585329369749674, 0.0 ], [ 110.639074429637589, -7.585378291628162, 0.0 ], [ 110.639110326745254, -7.585415256227152, 0.0 ] ] ] ] } },
{ "type": "Feature", "properties": { "OBJECTID": 451, "ZONA": "Pertanian", "SUB_ZONA": "Tanaman Pangan", "KODE": "P-1", "KEPADATAN": 0.0, "JUML_RUMH": 0.0, "LUAS_BID": 1812.30145975, "Shape_Leng": 341.97467304100002, "Shape_Area": 1812.30145975 }, "geometry": { "type": "MultiPolygon", "coordinates": [ [ [ [ 110.639029865122097, -7.585329369749674, 0.0 ], [ 110.638398798805127, -7.586599624039042, 0.0 ], [ 110.638341455594741, -7.586574657664269, 0.0 ], [ 110.638302826020862, -7.586557385617079, 0.0 ], [ 110.638956509040696, -7.585248838697944, 0.0 ], [ 110.639029865122097, -7.585329369749674, 0.0 ] ] ] ] } },
{ "type": "Feature", "properties": { "OBJECTID": 452, "ZONA": "Pertanian", "SUB_ZONA": "Tanaman Pangan", "KODE": "P-1", "KEPADATAN": 0.0, "JUML_RUMH": 0.0, "LUAS_BID": 2324.4927703799999, "Shape_Leng": 359.45347051900001, "Shape_Area": 2324.4927702599998 }, "geometry": { "type": "MultiPolygon", "coordinates": [ [ [ [ 110.638956509040696, -7.585248838697944, 0.0 ], [ 110.638302826020862, -7.586557385617079, 0.0 ], [ 110.638246530046871, -7.58653221476706, 0.0 ], [ 110.63819346287535, -7.586508488457451, 0.0 ], [ 110.63885958081957, -7.585138322851879, 0.0 ], [ 110.638890632324646, -7.585176520876888, 0.0 ], [ 110.638956509040696, -7.585248838697944, 0.0 ] ] ] ] } },
{ "type": "Feature", "properties": { "OBJECTID": 453, "ZONA": "Pertanian", "SUB_ZONA": "Tanaman Pangan", "KODE": "P-1", "KEPADATAN": 0.0, "JUML_RUMH": 0.0, "LUAS_BID": 1464.4001246099999, "Shape_Leng": 358.950682363, "Shape_Area": 1464.4001245699999 }, "geometry": { "type": "MultiPolygon", "coordinates": [ [ [ [ 110.63885958081957, -7.585138322851879, 0.0 ], [ 110.63819346287535, -7.586508488457451, 0.0 ], [ 110.638120585240159, -7.586475902724497, 0.0 ], [ 110.638806789289916, -7.585073379869534, 0.0 ], [ 110.63885958081957, -7.585138322851879, 0.0 ] ] ] ] } },
{ "type": "Feature", "properties": { "OBJECTID": 454, "ZONA": "Pertanian", "SUB_ZONA": "Tanaman Pangan", "KODE": "P-1", "KEPADATAN": 0.0, "JUML_RUMH": 0.0, "LUAS_BID": 2369.57196092, "Shape_Leng": 376.227300243, "Shape_Area": 2369.5719610800002 }, "geometry": { "type": "MultiPolygon", "coordinates": [ [ [ [ 110.638806789289916, -7.585073379869534, 0.0 ], [ 110.638120585240159, -7.586475902724497, 0.0 ], [ 110.638018475373812, -7.586430247152465, 0.0 ], [ 110.638698886580684, -7.584988979348735, 0.0 ], [ 110.638736899122932, -7.585012245333878, 0.0 ], [ 110.638762459584143, -7.585029946099685, 0.0 ], [ 110.638785855649346, -7.585050413007063, 0.0 ], [ 110.638806789289916, -7.585073379869534, 0.0 ] ] ] ] } },
{ "type": "Feature", "properties": { "OBJECTID": 455, "ZONA": "Pertanian", "SUB_ZONA": "Tanaman Pangan", "KODE": "P-1", "KEPADATAN": 0.0, "JUML_RUMH": 0.0, "LUAS_BID": 1675.9690330799999, "Shape_Leng": 372.14844753800003, "Shape_Area": 1675.96903309 }, "geometry": { "type": "MultiPolygon", "coordinates": [ [ [ [ 110.638698886580684, -7.584988979348735, 0.0 ], [ 110.638018475373812, -7.586430247152465, 0.0 ], [ 110.637945444617657, -7.586397593422165, 0.0 ], [ 110.638618413511139, -7.58494416594782, 0.0 ], [ 110.638638310979559, -7.584951904667984, 0.0 ], [ 110.638698886580684, -7.584988979348735, 0.0 ] ] ] ] } },
{ "type": "Feature", "properties": { "OBJECTID": 456, "ZONA": "Pertanian", "SUB_ZONA": "Tanaman Pangan", "KODE": "P-1", "KEPADATAN": 0.0, "JUML_RUMH": 0.0, "LUAS_BID": 1834.01088054, "Shape_Leng": 374.38303382599997, "Shape_Area": 1834.01088054 }, "geometry": { "type": "MultiPolygon", "coordinates": [ [ [ [ 110.638618413511139, -7.58494416594782, 0.0 ], [ 110.637945444617657, -7.586397593422165, 0.0 ], [ 110.637919892465405, -7.586386167515515, 0.0 ], [ 110.63785538105131, -7.586358249878887, 0.0 ], [ 110.638534581527992, -7.58491155491042, 0.0 ], [ 110.638618413511139, -7.58494416594782, 0.0 ] ] ] ] } },
{ "type": "Feature", "properties": { "OBJECTID": 457, "ZONA": "Pertanian", "SUB_ZONA": "Tanaman Pangan", "KODE": "P-1", "KEPADATAN": 0.0, "JUML_RUMH": 0.0, "LUAS_BID": 2026.03018858, "Shape_Leng": 374.800062, "Shape_Area": 2026.03018862 }, "geometry": { "type": "MultiPolygon", "coordinates": [ [ [ [ 110.638534581527992, -7.58491155491042, 0.0 ], [ 110.63785538105131, -7.586358249878887, 0.0 ], [ 110.637760569551844, -7.586317218985632, 0.0 ], [ 110.638431570851338, -7.584883305061912, 0.0 ], [ 110.638466548540222, -7.584888887199078, 0.0 ], [ 110.638482864185903, -7.584892389629191, 0.0 ], [ 110.63849871425694, -7.584897603090988, 0.0 ], [ 110.638534581527992, -7.58491155491042, 0.0 ] ] ] ] } },
{ "type": "Feature", "properties": { "OBJECTID": 458, "ZONA": "Pertanian", "SUB_ZONA": "Tanaman Pangan", "KODE": "P-1", "KEPADATAN": 0.0, "JUML_RUMH": 0.0, "LUAS_BID": 1793.38772167, "Shape_Leng": 368.60568507200003, "Shape_Area": 1793.3877216200001 }, "geometry": { "type": "MultiPolygon", "coordinates": [ [ [ [ 110.638431570851338, -7.584883305061912, 0.0 ], [ 110.637760569551844, -7.586317218985632, 0.0 ], [ 110.637663863184585, -7.586275366062117, 0.0 ], [ 110.638347009556654, -7.584870815222239, 0.0 ], [ 110.638366562696092, -7.584872929141603, 0.0 ], [ 110.638431570851338, -7.584883305061912, 0.0 ] ] ] ] } },
{ "type": "Feature", "properties": { "OBJECTID": 459, "ZONA": "Pertanian", "SUB_ZONA": "Tanaman Pangan", "KODE": "P-1", "KEPADATAN": 0.0, "JUML_RUMH": 0.0, "LUAS_BID": 1975.1894859199999, "Shape_Leng": 364.65994071799997, "Shape_Area": 1975.1894860800001 }, "geometry": { "type": "MultiPolygon", "coordinates": [ [ [ [ 110.638347009556654, -7.584870815222239, 0.0 ], [ 110.637663863184585, -7.586275366062117, 0.0 ], [ 110.637575430545184, -7.586237094815325, 0.0 ], [ 110.6382239449255, -7.58486376138606, 0.0 ], [ 110.638347009556654, -7.584870815222239, 0.0 ] ] ] ] } },
{ "type": "Feature", "properties": { "OBJECTID": 460, "ZONA": "Pertanian", "SUB_ZONA": "Tanaman Pangan", "KODE": "P-1", "KEPADATAN": 0.0, "JUML_RUMH": 0.0, "LUAS_BID": 2156.0283786700002, "Shape_Leng": 358.04797034799998, "Shape_Area": 2156.0283785000001 }, "geometry": { "type": "MultiPolygon", "coordinates": [ [ [ [ 110.6382239449255, -7.58486376138606, 0.0 ], [ 110.637575430545184, -7.586237094815325, 0.0 ], [ 110.63752459299873, -7.586215094367713, 0.0 ], [ 110.637460317042454, -7.586185364141746, 0.0 ], [ 110.638105398261928, -7.584856967262994, 0.0 ], [ 110.6382239449255, -7.58486376138606, 0.0 ] ] ] ] } },
{ "type": "Feature", "properties": { "OBJECTID": 461, "ZONA": "Pertanian", "SUB_ZONA": "Tanaman Pangan", "KODE": "P-1", "KEPADATAN": 0.0, "JUML_RUMH": 0.0, "LUAS_BID": 1773.13578874, "Shape_Leng": 344.434116593, "Shape_Area": 1773.1357888800001 }, "geometry": { "type": "MultiPolygon", "coordinates": [ [ [ [ 110.638105398261928, -7.584856967262994, 0.0 ], [ 110.637460317042454, -7.586185364141746, 0.0 ], [ 110.637387583640802, -7.586151720080919, 0.0 ], [ 110.637977671193113, -7.584846815898829, 0.0 ], [ 110.63804006457174, -7.584853222320384, 0.0 ], [ 110.638105398261928, -7.584856967262994, 0.0 ] ] ] ] } },
{ "type": "Feature", "properties": { "OBJECTID": 462, "ZONA": "Pertanian", "SUB_ZONA": "Tanaman Pangan", "KODE": "P-1", "KEPADATAN": 0.0, "JUML_RUMH": 0.0, "LUAS_BID": 1811.09838855, "Shape_Leng": 336.45355364099998, "Shape_Area": 1811.0983884699999 }, "geometry": { "type": "MultiPolygon", "coordinates": [ [ [ [ 110.637977671193113, -7.584846815898829, 0.0 ], [ 110.637387583640802, -7.586151720080919, 0.0 ], [ 110.637297074462097, -7.586109855058833, 0.0 ], [ 110.637863292159153, -7.584832110317469, 0.0 ], [ 110.637890423619268, -7.584837860547978, 0.0 ], [ 110.637977671193113, -7.584846815898829, 0.0 ] ] ] ] } },
{ "type": "Feature", "properties": { "OBJECTID": 463, "ZONA": "Pertanian", "SUB_ZONA": "Tanaman Pangan", "KODE": "P-1", "KEPADATAN": 0.0, "JUML_RUMH": 0.0, "LUAS_BID": 1188.2541341599999, "Shape_Leng": 322.93076244600002, "Shape_Area": 1188.25413398 }, "geometry": { "type": "MultiPolygon", "coordinates": [ [ [ [ 110.637863292159153, -7.584832110317469, 0.0 ], [ 110.637297074462097, -7.586109855058833, 0.0 ], [ 110.63722662377387, -7.586077267587299, 0.0 ], [ 110.63780068242508, -7.584818840827883, 0.0 ], [ 110.637863292159153, -7.584832110317469, 0.0 ] ] ] ] } },
{ "type": "Feature", "properties": { "OBJECTID": 464, "ZONA": "Pertanian", "SUB_ZONA": "Tanaman Pangan", "KODE": "P-1", "KEPADATAN": 0.0, "JUML_RUMH": 0.0, "LUAS_BID": 1799.2176978099999, "Shape_Leng": 324.857344517, "Shape_Area": 1799.21769786 }, "geometry": { "type": "MultiPolygon", "coordinates": [ [ [ [ 110.637730899637916, -7.58480404932104, 0.0 ], [ 110.637162868013149, -7.586047776555582, 0.0 ], [ 110.637074225627018, -7.586006774182949, 0.0 ], [ 110.637617529720316, -7.584765364749572, 0.0 ], [ 110.63765085376383, -7.584778651482383, 0.0 ], [ 110.637730899637916, -7.58480404932104, 0.0 ] ] ] ] } },
{ "type": "Feature", "properties": { "OBJECTID": 465, "ZONA": "Pertanian", "SUB_ZONA": "Tanaman Pangan", "KODE": "P-1", "KEPADATAN": 0.0, "JUML_RUMH": 0.0, "LUAS_BID": 1862.9034625500001, "Shape_Leng": 326.84629922, "Shape_Area": 1862.9034624599999 }, "geometry": { "type": "MultiPolygon", "coordinates": [ [ [ [ 110.637617529720316, -7.584765364749572, 0.0 ], [ 110.637074225627018, -7.586006774182949, 0.0 ], [ 110.636961539384686, -7.585954650116994, 0.0 ], [ 110.637535366179705, -7.58470423337449, 0.0 ], [ 110.637558323880995, -7.584725212862409, 0.0 ], [ 110.637586470472584, -7.584747426867493, 0.0 ], [ 110.637617529720316, -7.584765364749572, 0.0 ] ] ] ] } },
{ "type": "Feature", "properties": { "OBJECTID": 466, "ZONA": "Pertanian", "SUB_ZONA": "Tanaman Pangan", "KODE": "P-1", "KEPADATAN": 0.0, "JUML_RUMH": 0.0, "LUAS_BID": 1634.66640577, "Shape_Leng": 329.13727185599998, "Shape_Area": 1634.6664058199999 }, "geometry": { "type": "MultiPolygon", "coordinates": [ [ [ [ 110.637535366179705, -7.58470423337449, 0.0 ], [ 110.636961539384686, -7.585954650116994, 0.0 ], [ 110.636871751616937, -7.585913118488349, 0.0 ], [ 110.637462590545979, -7.584637932132619, 0.0 ], [ 110.637488003246006, -7.584660951633435, 0.0 ], [ 110.637535366179705, -7.58470423337449, 0.0 ] ] ] ] } },
{ "type": "Feature", "properties": { "OBJECTID": 467, "ZONA": "Pertanian", "SUB_ZONA": "Tanaman Pangan", "KODE": "P-1", "KEPADATAN": 0.0, "JUML_RUMH": 0.0, "LUAS_BID": 1324.17517075, "Shape_Leng": 330.69080479299998, "Shape_Area": 1324.1775835599999 }, "geometry": { "type": "MultiPolygon", "coordinates": [ [ [ [ 110.637462590545979, -7.584637932132619, 0.0 ], [ 110.636871751616937, -7.585913118488349, 0.0 ], [ 110.636820713530852, -7.585890360681291, 0.0 ], [ 110.636998658868038, -7.585475123806575, 0.0 ], [ 110.637366182113695, -7.584617505612845, 0.0 ], [ 110.637366195739006, -7.584617473060208, 0.0 ], [ 110.637384276569293, -7.584575281571873, 0.0 ], [ 110.637407705010347, -7.58459053381415, 0.0 ], [ 110.637432832487804, -7.584610978715275, 0.0 ], [ 110.637462590545979, -7.584637932132619, 0.0 ] ] ] ] } },
{ "type": "Feature", "properties": { "OBJECTID": 468, "ZONA": "Pertanian", "SUB_ZONA": "Tanaman Pangan", "KODE": "P-1", "KEPADATAN": 0.0, "JUML_RUMH": 0.0, "LUAS_BID": 1007.51362294, "Shape_Leng": 125.96294431600001, "Shape_Area": 1007.51362288 }, "geometry": { "type": "MultiPolygon", "coordinates": [ [ [ [ 110.643076966282919, -7.586369733006856, 0.0 ], [ 110.642892347289632, -7.586623954356728, 0.0 ], [ 110.642804525466559, -7.586565429834134, 0.0 ], [ 110.64277674499499, -7.58651321233094, 0.0 ], [ 110.64272968692498, -7.58642476057143, 0.0 ], [ 110.642722491855636, -7.586260871738226, 0.0 ], [ 110.642773629473965, -7.586268938057234, 0.0 ], [ 110.642825383605242, -7.586270332871862, 0.0 ], [ 110.642876883078983, -7.586265035566271, 0.0 ], [ 110.64292726298109, -7.586253134076843, 0.0 ], [ 110.642928502609152, -7.586252663820864, 0.0 ], [ 110.643076966282919, -7.586369733006856, 0.0 ] ] ] ] } },
{ "type": "Feature", "properties": { "OBJECTID": 469, "ZONA": "Pertanian", "SUB_ZONA": "Tanaman Pangan", "KODE": "P-1", "KEPADATAN": 0.0, "JUML_RUMH": 0.0, "LUAS_BID": 607.78313174799996, "Shape_Leng": 108.700771007, "Shape_Area": 607.78313173699996 }, "geometry": { "type": "MultiPolygon", "coordinates": [ [ [ [ 110.643303081358539, -7.58636271823926, 0.0 ], [ 110.64322514919229, -7.586486581203246, 0.0 ], [ 110.643076966282919, -7.586369733006856, 0.0 ], [ 110.642928502609152, -7.586252663820864, 0.0 ], [ 110.642975675531574, -7.586234825805719, 0.0 ], [ 110.643048071725872, -7.586201947629187, 0.0 ], [ 110.643079353795187, -7.586185335802422, 0.0 ], [ 110.643089949217014, -7.586177900001198, 0.0 ], [ 110.643303081358539, -7.58636271823926, 0.0 ] ] ] ] } },
{ "type": "Feature", "properties": { "OBJECTID": 470, "ZONA": "Pertanian", "SUB_ZONA": "Tanaman Pangan", "KODE": "P-1", "KEPADATAN": 0.0, "JUML_RUMH": 0.0, "LUAS_BID": 1068.6686512199999, "Shape_Leng": 143.95650195100001, "Shape_Area": 1068.6686512000001 }, "geometry": { "type": "MultiPolygon", "coordinates": [ [ [ [ 110.643465408951002, -7.585912670989899, 0.0 ], [ 110.643449578222643, -7.58597302355989, 0.0 ], [ 110.643379007397328, -7.586242046696434, 0.0 ], [ 110.643303081358539, -7.58636271823926, 0.0 ], [ 110.643089949217014, -7.586177900001198, 0.0 ], [ 110.643108338139001, -7.586164992603574, 0.0 ], [ 110.643134580294685, -7.586141230644794, 0.0 ], [ 110.643288614535777, -7.585983338300417, 0.0 ], [ 110.643310242360911, -7.585958504265006, 0.0 ], [ 110.643328922180544, -7.585931391948059, 0.0 ], [ 110.643359400491534, -7.585881304535766, 0.0 ], [ 110.643367288508045, -7.585870032094262, 0.0 ], [ 110.643376548126895, -7.585859849862604, 0.0 ], [ 110.643381106683137, -7.585855968531952, 0.0 ], [ 110.643465408951002, -7.585912670989899, 0.0 ] ] ] ] } },
{ "type": "Feature", "properties": { "OBJECTID": 471, "ZONA": "Pertanian", "SUB_ZONA": "Tanaman Pangan", "KODE": "P-1", "KEPADATAN": 0.0, "JUML_RUMH": 0.0, "LUAS_BID": 740.31598790800001, "Shape_Leng": 154.265972965, "Shape_Area": 740.31598790600003 }, "geometry": { "type": "MultiPolygon", "coordinates": [ [ [ [ 110.6499628951034, -7.593109273839647, 0.0 ], [ 110.649858158745033, -7.593109561234969, 0.0 ], [ 110.649847393029233, -7.592515208383657, 0.0 ], [ 110.649946320754495, -7.592511804631912, 0.0 ], [ 110.6499628951034, -7.593109273839647, 0.0 ] ] ] ] } },
{ "type": "Feature", "properties": { "OBJECTID": 472, "ZONA": "Pertanian", "SUB_ZONA": "Tanaman Pangan", "KODE": "P-1", "KEPADATAN": 0.0, "JUML_RUMH": 0.0, "LUAS_BID": 516.98562380500005, "Shape_Leng": 109.97205069899999, "Shape_Area": 516.98562380500005 }, "geometry": { "type": "MultiPolygon", "coordinates": [ [ [ [ 110.649705114290839, -7.590895412255223, 0.0 ], [ 110.649638446025776, -7.590952074211619, 0.0 ], [ 110.649588549000143, -7.590998574322217, 0.0 ], [ 110.649578008807197, -7.59058622107302, 0.0 ], [ 110.649693139887717, -7.590583781109272, 0.0 ], [ 110.649705114290839, -7.590895412255223, 0.0 ] ] ] ] } },
{ "type": "Feature", "properties": { "OBJECTID": 473, "ZONA": "Pertanian", "SUB_ZONA": "Tanaman Pangan", "KODE": "P-1", "KEPADATAN": 0.0, "JUML_RUMH": 0.0, "LUAS_BID": 341.54851059200001, "Shape_Leng": 85.853273511899999, "Shape_Area": 341.54851060499999 }, "geometry": { "type": "MultiPolygon", "coordinates": [ [ [ [ 110.649803578087074, -7.590811728762435, 0.0 ], [ 110.649705114290839, -7.590895412255223, 0.0 ], [ 110.649693139887717, -7.590583781109272, 0.0 ], [ 110.64979878648208, -7.590581541522221, 0.0 ], [ 110.649803578087074, -7.590811728762435, 0.0 ] ] ] ] } },
{ "type": "Feature", "properties": { "OBJECTID": 474, "ZONA": "Pertanian", "SUB_ZONA": "Tanaman Pangan", "KODE": "P-1", "KEPADATAN": 0.0, "JUML_RUMH": 0.0, "LUAS_BID": 114.183922219, "Shape_Leng": 44.382198106600001, "Shape_Area": 114.18392222200001 }, "geometry": { "type": "MultiPolygon", "coordinates": [ [ [ [ 110.6502448396364, -7.590615424406697, 0.0 ], [ 110.650248408258875, -7.590628338917123, 0.0 ], [ 110.650260825159791, -7.590648672482316, 0.0 ], [ 110.650122949185928, -7.590668477151212, 0.0 ], [ 110.650120425256588, -7.59058000497463, 0.0 ], [ 110.650193936248272, -7.590580287560787, 0.0 ], [ 110.65019909781364, -7.590580695146457, 0.0 ], [ 110.650204140001136, -7.590581869699909, 0.0 ], [ 110.650208948606021, -7.590583785801659, 0.0 ], [ 110.650213415784762, -7.590586399041665, 0.0 ], [ 110.650217439143347, -7.590589652350503, 0.0 ], [ 110.6502448396364, -7.590615424406697, 0.0 ] ] ] ] } },
{ "type": "Feature", "properties": { "OBJECTID": 475, "ZONA": "Pertanian", "SUB_ZONA": "Tanaman Pangan", "KODE": "P-1", "KEPADATAN": 0.0, "JUML_RUMH": 0.0, "LUAS_BID": 122.610688633, "Shape_Leng": 44.487793586700001, "Shape_Area": 122.61068862499999 }, "geometry": { "type": "MultiPolygon", "coordinates": [ [ [ [ 110.650120425256588, -7.59058000497463, 0.0 ], [ 110.650122949185928, -7.590668477151212, 0.0 ], [ 110.650021064264536, -7.590689255111029, 0.0 ], [ 110.650019700628377, -7.590579620866152, 0.0 ], [ 110.650120425256588, -7.59058000497463, 0.0 ] ] ] ] } },
{ "type": "Feature", "properties": { "OBJECTID": 476, "ZONA": "Pertanian", "SUB_ZONA": "Tanaman Pangan", "KODE": "P-1", "KEPADATAN": 0.0, "JUML_RUMH": 0.0, "LUAS_BID": 252.64735499400001, "Shape_Leng": 69.077857409700002, "Shape_Area": 252.647354998 }, "geometry": { "type": "MultiPolygon", "coordinates": [ [ [ [ 110.649914256458629, -7.59071938038635, 0.0 ], [ 110.649803578087074, -7.590811728762435, 0.0 ], [ 110.64979878648208, -7.590581541522221, 0.0 ], [ 110.649909391081309, -7.590579198260233, 0.0 ], [ 110.649914256458629, -7.59071938038635, 0.0 ] ] ] ] } },
{ "type": "Feature", "properties": { "OBJECTID": 477, "ZONA": "Pertanian", "SUB_ZONA": "Tanaman Pangan", "KODE": "P-1", "KEPADATAN": 0.0, "JUML_RUMH": 0.0, "LUAS_BID": 165.92324263200001, "Shape_Leng": 52.039395718900003, "Shape_Area": 165.92324263699999 }, "geometry": { "type": "MultiPolygon", "coordinates": [ [ [ [ 110.650019700628377, -7.590579620866152, 0.0 ], [ 110.650021064264536, -7.590689255111029, 0.0 ], [ 110.649914256458629, -7.59071938038635, 0.0 ], [ 110.649909391081309, -7.590579198260233, 0.0 ], [ 110.650019700628377, -7.590579620866152, 0.0 ] ] ] ] } },
{ "type": "Feature", "properties": { "OBJECTID": 478, "ZONA": "Pertanian", "SUB_ZONA": "Tanaman Pangan", "KODE": "P-1", "KEPADATAN": 0.0, "JUML_RUMH": 0.0, "LUAS_BID": 585.99392458299997, "Shape_Leng": 107.580843442, "Shape_Area": 585.99392457 }, "geometry": { "type": "MultiPolygon", "coordinates": [ [ [ [ 110.648369685049488, -7.589453509691876, 0.0 ], [ 110.648283868100179, -7.589447383366926, 0.0 ], [ 110.64803821863083, -7.589409024959426, 0.0 ], [ 110.648035085771951, -7.589394324287589, 0.0 ], [ 110.648022413406466, -7.58932265598136, 0.0 ], [ 110.648290133297223, -7.589282196546298, 0.0 ], [ 110.648384346875602, -7.589267959050087, 0.0 ], [ 110.648369685049488, -7.589453509691876, 0.0 ] ] ] ] } },
{ "type": "Feature", "properties": { "OBJECTID": 479, "ZONA": "Pertanian", "SUB_ZONA": "Tanaman Pangan", "KODE": "P-1", "KEPADATAN": 0.0, "JUML_RUMH": 0.0, "LUAS_BID": 265.54794547799997, "Shape_Leng": 68.351976391999997, "Shape_Area": 265.54794549899998 }, "geometry": { "type": "MultiPolygon", "coordinates": [ [ [ [ 110.648481439537832, -7.589461486889435, 0.0 ], [ 110.648369685049488, -7.589453509691876, 0.0 ], [ 110.648384346875602, -7.589267959050087, 0.0 ], [ 110.64849336617749, -7.589251482967255, 0.0 ], [ 110.648481439537832, -7.589461486889435, 0.0 ] ] ] ] } },
{ "type": "Feature", "properties": { "OBJECTID": 480, "ZONA": "Pertanian", "SUB_ZONA": "Tanaman Pangan", "KODE": "P-1", "KEPADATAN": 0.0, "JUML_RUMH": 0.0, "LUAS_BID": 253.708087269, "Shape_Leng": 69.826422698000002, "Shape_Area": 253.70808725200001 }, "geometry": { "type": "MultiPolygon", "coordinates": [ [ [ [ 110.648576299687321, -7.589468258197653, 0.0 ], [ 110.648481439537832, -7.589461486889435, 0.0 ], [ 110.64849336617749, -7.589251482967255, 0.0 ], [ 110.648587595157977, -7.589237242725166, 0.0 ], [ 110.648576299687321, -7.589468258197653, 0.0 ] ] ] ] } },
{ "type": "Feature", "properties": { "OBJECTID": 481, "ZONA": "Pertanian", "SUB_ZONA": "Tanaman Pangan", "KODE": "P-1", "KEPADATAN": 0.0, "JUML_RUMH": 0.0, "LUAS_BID": 418.70464125699999, "Shape_Leng": 86.590908280199997, "Shape_Area": 418.70464126100001 }, "geometry": { "type": "MultiPolygon", "coordinates": [ [ [ [ 110.648976320291112, -7.589230984234796, 0.0 ], [ 110.64898572368584, -7.589393352466431, 0.0 ], [ 110.648988175488043, -7.589494469379438, 0.0 ], [ 110.648850175616971, -7.589486374326726, 0.0 ], [ 110.648853207512872, -7.589227734250629, 0.0 ], [ 110.648976320291112, -7.589230984234796, 0.0 ] ] ] ] } },
{ "type": "Feature", "properties": { "OBJECTID": 482, "ZONA": "Pertanian", "SUB_ZONA": "Tanaman Pangan", "KODE": "P-1", "KEPADATAN": 0.0, "JUML_RUMH": 0.0, "LUAS_BID": 215.281490389, "Shape_Leng": 69.332569575099996, "Shape_Area": 215.28149039600001 }, "geometry": { "type": "MultiPolygon", "coordinates": [ [ [ [ 110.64865274167812, -7.589473714753858, 0.0 ], [ 110.648576299687321, -7.589468258197653, 0.0 ], [ 110.648587595157977, -7.589237242725166, 0.0 ], [ 110.648658991763, -7.589226452986016, 0.0 ], [ 110.64865274167812, -7.589473714753858, 0.0 ] ] ] ] } },
{ "type": "Feature", "properties": { "OBJECTID": 483, "ZONA": "Pertanian", "SUB_ZONA": "Tanaman Pangan", "KODE": "P-1", "KEPADATAN": 0.0, "JUML_RUMH": 0.0, "LUAS_BID": 362.77344145500001, "Shape_Leng": 82.379412455799994, "Shape_Area": 362.77344146000002 }, "geometry": { "type": "MultiPolygon", "coordinates": [ [ [ [ 110.648853207512872, -7.589227734250629, 0.0 ], [ 110.648850175616971, -7.589486374326726, 0.0 ], [ 110.648737508013639, -7.589479765983988, 0.0 ], [ 110.648734281987203, -7.58922459616145, 0.0 ], [ 110.648853207512872, -7.589227734250629, 0.0 ] ] ] ] } },
{ "type": "Feature", "properties": { "OBJECTID": 484, "ZONA": "Pertanian", "SUB_ZONA": "Tanaman Pangan", "KODE": "P-1", "KEPADATAN": 0.0, "JUML_RUMH": 0.0, "LUAS_BID": 246.464722913, "Shape_Leng": 73.2643463422, "Shape_Area": 246.464722911 }, "geometry": { "type": "MultiPolygon", "coordinates": [ [ [ [ 110.648734281987203, -7.58922459616145, 0.0 ], [ 110.648737508013639, -7.589479765983988, 0.0 ], [ 110.64865274167812, -7.589473714753858, 0.0 ], [ 110.648658991763, -7.589226452986016, 0.0 ], [ 110.648680642758762, -7.589223179705351, 0.0 ], [ 110.648734281987203, -7.58922459616145, 0.0 ] ] ] ] } },
{ "type": "Feature", "properties": { "OBJECTID": 485, "ZONA": "Pertanian", "SUB_ZONA": "Tanaman Pangan", "KODE": "P-1", "KEPADATAN": 0.0, "JUML_RUMH": 0.0, "LUAS_BID": 929.73352156199996, "Shape_Leng": 175.47117859799999, "Shape_Area": 929.73352155800001 }, "geometry": { "type": "MultiPolygon", "coordinates": [ [ [ [ 110.653465467964892, -7.588546109124723, 0.0 ], [ 110.653484358402338, -7.589139759514394, 0.0 ], [ 110.653372924993704, -7.589141685137378, 0.0 ], [ 110.653373993283125, -7.589177442215977, 0.0 ], [ 110.653313782741904, -7.588520263517744, 0.0 ], [ 110.653403122480427, -7.588587509846307, 0.0 ], [ 110.653465467964892, -7.588546109124723, 0.0 ] ] ] ] } },
{ "type": "Feature", "properties": { "OBJECTID": 486, "ZONA": "Pertanian", "SUB_ZONA": "Tanaman Pangan", "KODE": "P-1", "KEPADATAN": 0.0, "JUML_RUMH": 0.0, "LUAS_BID": 1277.8224670499999, "Shape_Leng": 179.848671319, "Shape_Area": 1277.82246708 }, "geometry": { "type": "MultiPolygon", "coordinates": [ [ [ [ 110.653642679985097, -7.589137022743101, 0.0 ], [ 110.653484358402338, -7.589139759514394, 0.0 ], [ 110.653465467964892, -7.588546109124723, 0.0 ], [ 110.653503915975008, -7.58852057608321, 0.0 ], [ 110.653609503043526, -7.58845843574258, 0.0 ], [ 110.653630692795389, -7.588452580239126, 0.0 ], [ 110.653642679985097, -7.589137022743101, 0.0 ] ] ] ] } },
{ "type": "Feature", "properties": { "OBJECTID": 487, "ZONA": "Pertanian", "SUB_ZONA": "Tanaman Pangan", "KODE": "P-1", "KEPADATAN": 0.0, "JUML_RUMH": 0.0, "LUAS_BID": 1045.29684935, "Shape_Leng": 182.12985643600001, "Shape_Area": 1045.2968494 }, "geometry": { "type": "MultiPolygon", "coordinates": [ [ [ [ 110.653752649398811, -7.587895003564841, 0.0 ], [ 110.653765897597168, -7.588434626631791, 0.0 ], [ 110.653695871520597, -7.588434570866797, 0.0 ], [ 110.653630692795389, -7.588452580239126, 0.0 ], [ 110.653617706032648, -7.58771103585931, 0.0 ], [ 110.653661883539783, -7.587757753419166, 0.0 ], [ 110.653752649398811, -7.587895003564841, 0.0 ] ] ] ] } },
{ "type": "Feature", "properties": { "OBJECTID": 488, "ZONA": "Pertanian", "SUB_ZONA": "Tanaman Pangan", "KODE": "P-1", "KEPADATAN": 0.0, "JUML_RUMH": 0.0, "LUAS_BID": 740.96457587899999, "Shape_Leng": 155.02402508899999, "Shape_Area": 740.9645759 }, "geometry": { "type": "MultiPolygon", "coordinates": [ [ [ [ 110.653889081663621, -7.588126298835241, 0.0 ], [ 110.653895812644691, -7.588543736402854, 0.0 ], [ 110.653839731972454, -7.588501698610771, 0.0 ], [ 110.653787016472009, -7.58843464344751, 0.0 ], [ 110.653765897597168, -7.588434626631791, 0.0 ], [ 110.653752649398811, -7.587895003564841, 0.0 ], [ 110.653826963750845, -7.588034005387359, 0.0 ], [ 110.653889081663621, -7.588126298835241, 0.0 ] ] ] ] } },
{ "type": "Feature", "properties": { "OBJECTID": 489, "ZONA": "Pertanian", "SUB_ZONA": "Tanaman Pangan", "KODE": "P-1", "KEPADATAN": 0.0, "JUML_RUMH": 0.0, "LUAS_BID": 827.30595262700001, "Shape_Leng": 131.28842205399999, "Shape_Area": 827.30595264800002 }, "geometry": { "type": "MultiPolygon", "coordinates": [ [ [ [ 110.654068468783166, -7.588240907834249, 0.0 ], [ 110.654071048235792, -7.588602401588403, 0.0 ], [ 110.654002754538254, -7.588602347249875, 0.0 ], [ 110.653916440521684, -7.588559198130852, 0.0 ], [ 110.653895812644691, -7.588543736402854, 0.0 ], [ 110.653889081663621, -7.588126298835241, 0.0 ], [ 110.653916377639675, -7.588160439543175, 0.0 ], [ 110.653948891079821, -7.588189678084985, 0.0 ], [ 110.653985752328779, -7.588213228612067, 0.0 ], [ 110.654025970130562, -7.588230458953901, 0.0 ], [ 110.654068468783166, -7.588240907834249, 0.0 ] ] ] ] } },
{ "type": "Feature", "properties": { "OBJECTID": 490, "ZONA": "Pertanian", "SUB_ZONA": "Tanaman Pangan", "KODE": "P-1", "KEPADATAN": 0.0, "JUML_RUMH": 0.0, "LUAS_BID": 730.72581024700003, "Shape_Leng": 119.175932848, "Shape_Area": 730.725810271 }, "geometry": { "type": "MultiPolygon", "coordinates": [ [ [ [ 110.654243315527566, -7.588578605839499, 0.0 ], [ 110.654161079163558, -7.58857854043882, 0.0 ], [ 110.654079509024839, -7.588602408319563, 0.0 ], [ 110.654071048235792, -7.588602401588403, 0.0 ], [ 110.654068468783166, -7.588240907834249, 0.0 ], [ 110.654112105353761, -7.588244296644243, 0.0 ], [ 110.65415571228435, -7.588240532190035, 0.0 ], [ 110.654198118233182, -7.58822971846864, 0.0 ], [ 110.6542381861629, -7.588212140416156, 0.0 ], [ 110.654243315527566, -7.588578605839499, 0.0 ] ] ] ] } },
{ "type": "Feature", "properties": { "OBJECTID": 491, "ZONA": "Pertanian", "SUB_ZONA": "Tanaman Pangan", "KODE": "P-1", "KEPADATAN": 0.0, "JUML_RUMH": 0.0, "LUAS_BID": 702.89713998900004, "Shape_Leng": 128.62993743499999, "Shape_Area": 702.89713995099999 }, "geometry": { "type": "MultiPolygon", "coordinates": [ [ [ [ 110.654381443401107, -7.588595421012087, 0.0 ], [ 110.654376939742576, -7.588593071916105, 0.0 ], [ 110.654324197391432, -7.588559522486448, 0.0 ], [ 110.654252225056297, -7.588578612924107, 0.0 ], [ 110.654243315527566, -7.588578605839499, 0.0 ], [ 110.6542381861629, -7.588212140416156, 0.0 ], [ 110.654323332981619, -7.588166148072585, 0.0 ], [ 110.654385654243598, -7.58812197653443, 0.0 ], [ 110.654381443401107, -7.588595421012087, 0.0 ] ] ] ] } },
{ "type": "Feature", "properties": { "OBJECTID": 492, "ZONA": "Pertanian", "SUB_ZONA": "Tanaman Pangan", "KODE": "P-1", "KEPADATAN": 0.0, "JUML_RUMH": 0.0, "LUAS_BID": 687.68499567399999, "Shape_Leng": 134.49977866500001, "Shape_Area": 687.6849957 }, "geometry": { "type": "MultiPolygon", "coordinates": [ [ [ [ 110.654495451200106, -7.588649236873943, 0.0 ], [ 110.654496544445806, -7.588942347662622, 0.0 ], [ 110.654489324213216, -7.588972497139842, 0.0 ], [ 110.654493597393824, -7.589028504369364, 0.0 ], [ 110.654490476833871, -7.589052638182362, 0.0 ], [ 110.654486356528352, -7.589084501544404, 0.0 ], [ 110.654440273013279, -7.589123236944262, 0.0 ], [ 110.654376739495731, -7.589124336135983, 0.0 ], [ 110.654381443401107, -7.588595421012087, 0.0 ], [ 110.65448722773894, -7.588650598934094, 0.0 ], [ 110.654495451200106, -7.588649236873943, 0.0 ] ] ] ] } },
{ "type": "Feature", "properties": { "OBJECTID": 493, "ZONA": "Pertanian", "SUB_ZONA": "Tanaman Pangan", "KODE": "P-1", "KEPADATAN": 0.0, "JUML_RUMH": 0.0, "LUAS_BID": 416.05485924200002, "Shape_Leng": 89.863868964199995, "Shape_Area": 416.054859249 }, "geometry": { "type": "MultiPolygon", "coordinates": [ [ [ [ 110.648357621938644, -7.588094923194688, 0.0 ], [ 110.648340372565727, -7.588094485912939, 0.0 ], [ 110.648323298919678, -7.588095340479144, 0.0 ], [ 110.648306391204699, -7.58809726979189, 0.0 ], [ 110.648289614155857, -7.588100162562226, 0.0 ], [ 110.648273007685219, -7.588103988972075, 0.0 ], [ 110.648258885891622, -7.58810801367987, 0.0 ], [ 110.648245025702394, -7.588112514395479, 0.0 ], [ 110.648218181410144, -7.588122182287574, 0.0 ], [ 110.648184420285659, -7.588135069325324, 0.0 ], [ 110.648237048623002, -7.58791328030067, 0.0 ], [ 110.648357119988958, -7.587853497587589, 0.0 ], [ 110.648378838284216, -7.587846527451113, 0.0 ], [ 110.648357621938644, -7.588094923194688, 0.0 ] ] ] ] } },
{ "type": "Feature", "properties": { "OBJECTID": 494, "ZONA": "Pertanian", "SUB_ZONA": "Tanaman Pangan", "KODE": "P-1", "KEPADATAN": 0.0, "JUML_RUMH": 0.0, "LUAS_BID": 459.71918847199998, "Shape_Leng": 95.985719813000003, "Shape_Area": 459.71918848899998 }, "geometry": { "type": "MultiPolygon", "coordinates": [ [ [ [ 110.648509072255052, -7.58780649304641, 0.0 ], [ 110.648488698481572, -7.588146057008943, 0.0 ], [ 110.648474776422844, -7.588136320868519, 0.0 ], [ 110.648460299931699, -7.588127242796509, 0.0 ], [ 110.64844513739466, -7.588119025307082, 0.0 ], [ 110.648428389584822, -7.588111588072209, 0.0 ], [ 110.648411225503779, -7.588105473866163, 0.0 ], [ 110.648393724080194, -7.588100609483639, 0.0 ], [ 110.648375849025001, -7.588097028363834, 0.0 ], [ 110.648357621938644, -7.588094923194688, 0.0 ], [ 110.648378838284216, -7.587846527451113, 0.0 ], [ 110.648505870037624, -7.587805751435466, 0.0 ], [ 110.648509072255052, -7.58780649304641, 0.0 ] ] ] ] } },
{ "type": "Feature", "properties": { "OBJECTID": 495, "ZONA": "Pertanian", "SUB_ZONA": "Tanaman Pangan", "KODE": "P-1", "KEPADATAN": 0.0, "JUML_RUMH": 0.0, "LUAS_BID": 596.94366297700003, "Shape_Leng": 117.582201015, "Shape_Area": 596.94366298 }, "geometry": { "type": "MultiPolygon", "coordinates": [ [ [ [ 110.648633743646272, -7.58783683764383, 0.0 ], [ 110.648613266386292, -7.588261577278977, 0.0 ], [ 110.648602569768599, -7.588251888976671, 0.0 ], [ 110.648579312668161, -7.588229174860923, 0.0 ], [ 110.648541421076175, -7.588191002710427, 0.0 ], [ 110.648528009962376, -7.588178339840014, 0.0 ], [ 110.648515270346195, -7.588167104902007, 0.0 ], [ 110.648502174078459, -7.58815633823559, 0.0 ], [ 110.648488698481572, -7.588146057008943, 0.0 ], [ 110.648509072255052, -7.58780649304641, 0.0 ], [ 110.648630571673252, -7.587834573689742, 0.0 ], [ 110.648633743646272, -7.58783683764383, 0.0 ] ] ] ] } },
{ "type": "Feature", "properties": { "OBJECTID": 496, "ZONA": "Pertanian", "SUB_ZONA": "Tanaman Pangan", "KODE": "P-1", "KEPADATAN": 0.0, "JUML_RUMH": 0.0, "LUAS_BID": 651.23940225399997, "Shape_Leng": 146.36623978399999, "Shape_Area": 651.23940228699996 }, "geometry": { "type": "MultiPolygon", "coordinates": [ [ [ [ 110.648799977975344, -7.587737928425561, 0.0 ], [ 110.648788962232786, -7.587921609617642, 0.0 ], [ 110.648697693193185, -7.587882492524035, 0.0 ], [ 110.648633743646272, -7.58783683764383, 0.0 ], [ 110.648658718658979, -7.587318814723381, 0.0 ], [ 110.648692255839435, -7.587474577494106, 0.0 ], [ 110.648799977975344, -7.587737928425561, 0.0 ] ] ] ] } },
{ "type": "Feature", "properties": { "OBJECTID": 497, "ZONA": "Pertanian", "SUB_ZONA": "Tanaman Pangan", "KODE": "P-1", "KEPADATAN": 0.0, "JUML_RUMH": 0.0, "LUAS_BID": 549.58614139500003, "Shape_Leng": 132.70043006200001, "Shape_Area": 549.58614137899997 }, "geometry": { "type": "MultiPolygon", "coordinates": [ [ [ [ 110.645454719316788, -7.589046761455881, 0.0 ], [ 110.645479219734327, -7.589589011245431, 0.0 ], [ 110.645422022120059, -7.589570097369754, 0.0 ], [ 110.645420798579323, -7.589549813511185, 0.0 ], [ 110.645415671396478, -7.589521844074192, 0.0 ], [ 110.645372676153258, -7.589347537233936, 0.0 ], [ 110.645368168995432, -7.589325171122394, 0.0 ], [ 110.645365600281863, -7.589302503565678, 0.0 ], [ 110.645361042093057, -7.589237306682363, 0.0 ], [ 110.645360582197299, -7.589203342035744, 0.0 ], [ 110.645363940543575, -7.589169537896244, 0.0 ], [ 110.645380486363706, -7.58906387210484, 0.0 ], [ 110.645381291405002, -7.589060517762937, 0.0 ], [ 110.645382620290334, -7.589057333904823, 0.0 ], [ 110.645384440318836, -7.589054400104764, 0.0 ], [ 110.645386705192934, -7.589051794116812, 0.0 ], [ 110.645389356841136, -7.589049580117092, 0.0 ], [ 110.64539232722656, -7.589047814132552, 0.0 ], [ 110.645395541973201, -7.589046544044043, 0.0 ], [ 110.645398917654404, -7.589045799633848, 0.0 ], [ 110.645402369038649, -7.589045600732672, 0.0 ], [ 110.645454719316788, -7.589046761455881, 0.0 ] ] ] ] } },
{ "type": "Feature", "properties": { "OBJECTID": 498, "ZONA": "Pertanian", "SUB_ZONA": "Tanaman Pangan", "KODE": "P-1", "KEPADATAN": 0.0, "JUML_RUMH": 0.0, "LUAS_BID": 599.60214151100001, "Shape_Leng": 143.36295378599999, "Shape_Area": 599.60214147800002 }, "geometry": { "type": "MultiPolygon", "coordinates": [ [ [ [ 110.645541754331163, -7.58904868947304, 0.0 ], [ 110.645570467118119, -7.589619185651142, 0.0 ], [ 110.645479219734327, -7.589589011245431, 0.0 ], [ 110.645454719316788, -7.589046761455881, 0.0 ], [ 110.645541754331163, -7.58904868947304, 0.0 ] ] ] ] } },
{ "type": "Feature", "properties": { "OBJECTID": 499, "ZONA": "Pertanian", "SUB_ZONA": "Tanaman Pangan", "KODE": "P-1", "KEPADATAN": 0.0, "JUML_RUMH": 0.0, "LUAS_BID": 716.78223665799999, "Shape_Leng": 152.44533261500001, "Shape_Area": 716.78223670499995 }, "geometry": { "type": "MultiPolygon", "coordinates": [ [ [ [ 110.645646770364507, -7.589051016564115, 0.0 ], [ 110.645667721484898, -7.589651347721021, 0.0 ], [ 110.645570467118119, -7.589619185651142, 0.0 ], [ 110.645541754331163, -7.58904868947304, 0.0 ], [ 110.645646770364507, -7.589051016564115, 0.0 ] ] ] ] } },
{ "type": "Feature", "properties": { "OBJECTID": 500, "ZONA": "Pertanian", "SUB_ZONA": "Tanaman Pangan", "KODE": "P-1", "KEPADATAN": 0.0, "JUML_RUMH": 0.0, "LUAS_BID": 743.47916988199995, "Shape_Leng": 158.81849613, "Shape_Area": 743.47916989800001 }, "geometry": { "type": "MultiPolygon", "coordinates": [ [ [ [ 110.645745664604178, -7.589053208385947, 0.0 ], [ 110.64576807270366, -7.589684531727745, 0.0 ], [ 110.645667721484898, -7.589651347721021, 0.0 ], [ 110.645646770364507, -7.589051016564115, 0.0 ], [ 110.645745664604178, -7.589053208385947, 0.0 ] ] ] ] } },
{ "type": "Feature", "properties": { "OBJECTID": 501, "ZONA": "Pertanian", "SUB_ZONA": "Tanaman Pangan", "KODE": "P-1", "KEPADATAN": 0.0, "JUML_RUMH": 0.0, "LUAS_BID": 750.23190225400003, "Shape_Leng": 165.37901505100001, "Shape_Area": 750.23190225600001 }, "geometry": { "type": "MultiPolygon", "coordinates": [ [ [ [ 110.645837052779001, -7.589055233964781, 0.0 ], [ 110.645867976807452, -7.589721288344371, 0.0 ], [ 110.645817138475678, -7.589702511764401, 0.0 ], [ 110.645771762259884, -7.589685752266452, 0.0 ], [ 110.64576807270366, -7.589684531727745, 0.0 ], [ 110.645745664604178, -7.589053208385947, 0.0 ], [ 110.645837052779001, -7.589055233964781, 0.0 ] ] ] ] } },
{ "type": "Feature", "properties": { "OBJECTID": 502, "ZONA": "Pertanian", "SUB_ZONA": "Tanaman Pangan", "KODE": "P-1", "KEPADATAN": 0.0, "JUML_RUMH": 0.0, "LUAS_BID": 808.99429992299997, "Shape_Leng": 173.38303635899999, "Shape_Area": 808.99429990500005 }, "geometry": { "type": "MultiPolygon", "coordinates": [ [ [ [ 110.645934729691305, -7.589059446435069, 0.0 ], [ 110.645966667311143, -7.589757740019603, 0.0 ], [ 110.645867976807452, -7.589721288344371, 0.0 ], [ 110.645837052779001, -7.589055233964781, 0.0 ], [ 110.645934729691305, -7.589059446435069, 0.0 ] ] ] ] } },
{ "type": "Feature", "properties": { "OBJECTID": 503, "ZONA": "Pertanian", "SUB_ZONA": "Tanaman Pangan", "KODE": "P-1", "KEPADATAN": 0.0, "JUML_RUMH": 0.0, "LUAS_BID": 829.80494824499999, "Shape_Leng": 178.706013998, "Shape_Area": 829.80494823699996 }, "geometry": { "type": "MultiPolygon", "coordinates": [ [ [ [ 110.646031132048421, -7.589063602667923, 0.0 ], [ 110.64606297092422, -7.589784174484565, 0.0 ], [ 110.646005552808077, -7.589772102566439, 0.0 ], [ 110.645966667311143, -7.589757740019603, 0.0 ], [ 110.645934729691305, -7.589059446435069, 0.0 ], [ 110.646031132048421, -7.589063602667923, 0.0 ] ] ] ] } },
{ "type": "Feature", "properties": { "OBJECTID": 504, "ZONA": "Pertanian", "SUB_ZONA": "Tanaman Pangan", "KODE": "P-1", "KEPADATAN": 0.0, "JUML_RUMH": 0.0, "LUAS_BID": 758.45070954400001, "Shape_Leng": 180.34332428600001, "Shape_Area": 758.45070952100002 }, "geometry": { "type": "MultiPolygon", "coordinates": [ [ [ [ 110.646114547682203, -7.589067201052944, 0.0 ], [ 110.646151450189862, -7.589802779958996, 0.0 ], [ 110.64606297092422, -7.589784174484565, 0.0 ], [ 110.646031132048421, -7.589063602667923, 0.0 ], [ 110.646114547682203, -7.589067201052944, 0.0 ] ] ] ] } },
{ "type": "Feature", "properties": { "OBJECTID": 505, "ZONA": "Pertanian", "SUB_ZONA": "Tanaman Pangan", "KODE": "P-1", "KEPADATAN": 0.0, "JUML_RUMH": 0.0, "LUAS_BID": 929.73203570600003, "Shape_Leng": 187.779566899, "Shape_Area": 929.732035763 }, "geometry": { "type": "MultiPolygon", "coordinates": [ [ [ [ 110.646216934850898, -7.589071617200769, 0.0 ], [ 110.646255257462812, -7.589824606348774, 0.0 ], [ 110.646151450189862, -7.589802779958996, 0.0 ], [ 110.646114547682203, -7.589067201052944, 0.0 ], [ 110.646216934850898, -7.589071617200769, 0.0 ] ] ] ] } },
{ "type": "Feature", "properties": { "OBJECTID": 506, "ZONA": "Pertanian", "SUB_ZONA": "Tanaman Pangan", "KODE": "P-1", "KEPADATAN": 0.0, "JUML_RUMH": 0.0, "LUAS_BID": 984.68502165100006, "Shape_Leng": 188.63387488699999, "Shape_Area": 984.68502162599998 }, "geometry": { "type": "MultiPolygon", "coordinates": [ [ [ [ 110.646365107945343, -7.58985068813934, 0.0 ], [ 110.646402589103729, -7.590575366685013, 0.0 ], [ 110.646365514589888, -7.590577911797381, 0.0 ], [ 110.646293846019503, -7.590582832165215, 0.0 ], [ 110.646255257462812, -7.589824606348774, 0.0 ], [ 110.646296930655197, -7.589833368317785, 0.0 ], [ 110.646365107945343, -7.58985068813934, 0.0 ] ] ] ] } },
{ "type": "Feature", "properties": { "OBJECTID": 507, "ZONA": "Pertanian", "SUB_ZONA": "Tanaman Pangan", "KODE": "P-1", "KEPADATAN": 0.0, "JUML_RUMH": 0.0, "LUAS_BID": 675.93021554300003, "Shape_Leng": 175.14420731499999, "Shape_Area": 675.93021556600002 }, "geometry": { "type": "MultiPolygon", "coordinates": [ [ [ [ 110.646445748597486, -7.589871173178288, 0.0 ], [ 110.646478434380285, -7.590570159333344, 0.0 ], [ 110.646402589103729, -7.590575366685013, 0.0 ], [ 110.646365107945343, -7.58985068813934, 0.0 ], [ 110.646445748597486, -7.589871173178288, 0.0 ] ] ] ] } },
{ "type": "Feature", "properties": { "OBJECTID": 508, "ZONA": "Pertanian", "SUB_ZONA": "Tanaman Pangan", "KODE": "P-1", "KEPADATAN": 0.0, "JUML_RUMH": 0.0, "LUAS_BID": 793.031841214, "Shape_Leng": 172.76010922099999, "Shape_Area": 793.03184118900003 }, "geometry": { "type": "MultiPolygon", "coordinates": [ [ [ [ 110.646543109394457, -7.58989527735777, 0.0 ], [ 110.646572183198373, -7.590563722760198, 0.0 ], [ 110.646494031532953, -7.590569087454627, 0.0 ], [ 110.646478434380285, -7.590570159333344, 0.0 ], [ 110.646445748597486, -7.589871173178288, 0.0 ], [ 110.646537938096657, -7.589894592927082, 0.0 ], [ 110.646543109394457, -7.58989527735777, 0.0 ] ] ] ] } },
{ "type": "Feature", "properties": { "OBJECTID": 509, "ZONA": "Pertanian", "SUB_ZONA": "Tanaman Pangan", "KODE": "P-1", "KEPADATAN": 0.0, "JUML_RUMH": 0.0, "LUAS_BID": 687.86077385500005, "Shape_Leng": 160.820248698, "Shape_Area": 687.86077390100002 }, "geometry": { "type": "MultiPolygon", "coordinates": [ [ [ [ 110.646741273034394, -7.589921457983952, 0.0 ], [ 110.646766138544905, -7.59055040342684, 0.0 ], [ 110.646737599674282, -7.59055236392728, 0.0 ], [ 110.646680019678612, -7.59055631617374, 0.0 ], [ 110.646650284453713, -7.58990943575681, 0.0 ], [ 110.646741273034394, -7.589921457983952, 0.0 ] ] ] ] } },
{ "type": "Feature", "properties": { "OBJECTID": 510, "ZONA": "Pertanian", "SUB_ZONA": "Tanaman Pangan", "KODE": "P-1", "KEPADATAN": 0.0, "JUML_RUMH": 0.0, "LUAS_BID": 715.49437884199995, "Shape_Leng": 158.64979254900001, "Shape_Area": 715.49437881200004 }, "geometry": { "type": "MultiPolygon", "coordinates": [ [ [ [ 110.646834815772863, -7.589928538867621, 0.0 ], [ 110.64686183201529, -7.590543832687604, 0.0 ], [ 110.646766138544905, -7.59055040342684, 0.0 ], [ 110.646741273034394, -7.589921457983952, 0.0 ], [ 110.646811346183995, -7.589930716063602, 0.0 ], [ 110.646834815772863, -7.589928538867621, 0.0 ] ] ] ] } },
{ "type": "Feature", "properties": { "OBJECTID": 511, "ZONA": "Pertanian", "SUB_ZONA": "Tanaman Pangan", "KODE": "P-1", "KEPADATAN": 0.0, "JUML_RUMH": 0.0, "LUAS_BID": 774.78734233199998, "Shape_Leng": 159.156947288, "Shape_Area": 774.78734232399995 }, "geometry": { "type": "MultiPolygon", "coordinates": [ [ [ [ 110.646967308605767, -7.59053659145522, 0.0 ], [ 110.64695563431512, -7.590537392456461, 0.0 ], [ 110.646920039376695, -7.590539836603214, 0.0 ], [ 110.64686183201529, -7.590543832687604, 0.0 ], [ 110.646834815772863, -7.589928538867621, 0.0 ], [ 110.64693471949829, -7.589919275044097, 0.0 ], [ 110.646967308605767, -7.59053659145522, 0.0 ] ] ] ] } },
{ "type": "Feature", "properties": { "OBJECTID": 512, "ZONA": "Pertanian", "SUB_ZONA": "Tanaman Pangan", "KODE": "P-1", "KEPADATAN": 0.0, "JUML_RUMH": 0.0, "LUAS_BID": 734.59413687999995, "Shape_Leng": 158.41868798100001, "Shape_Area": 734.59413693199997 }, "geometry": { "type": "MultiPolygon", "coordinates": [ [ [ [ 110.647062378331071, -7.59053006358369, 0.0 ], [ 110.646967308605767, -7.59053659145522, 0.0 ], [ 110.64693471949829, -7.589919275044097, 0.0 ], [ 110.647033616876016, -7.5899101044542, 0.0 ], [ 110.647062378331071, -7.59053006358369, 0.0 ] ] ] ] } },
{ "type": "Feature", "properties": { "OBJECTID": 513, "ZONA": "Pertanian", "SUB_ZONA": "Tanaman Pangan", "KODE": "P-1", "KEPADATAN": 0.0, "JUML_RUMH": 0.0, "LUAS_BID": 730.03902898000001, "Shape_Leng": 157.946250281, "Shape_Area": 730.03902892099995 }, "geometry": { "type": "MultiPolygon", "coordinates": [ [ [ [ 110.6471586955372, -7.590523448961839, 0.0 ], [ 110.647062378331071, -7.59053006358369, 0.0 ], [ 110.647033616876016, -7.5899101044542, 0.0 ], [ 110.647041627740123, -7.589909362890192, 0.0 ], [ 110.647130913608009, -7.589909435370827, 0.0 ], [ 110.6471586955372, -7.590523448961839, 0.0 ] ] ] ] } },
{ "type": "Feature", "properties": { "OBJECTID": 514, "ZONA": "Pertanian", "SUB_ZONA": "Tanaman Pangan", "KODE": "P-1", "KEPADATAN": 0.0, "JUML_RUMH": 0.0, "LUAS_BID": 790.35035474899996, "Shape_Leng": 158.52630328699999, "Shape_Area": 790.35035479099997 }, "geometry": { "type": "MultiPolygon", "coordinates": [ [ [ [ 110.647269931753129, -7.590515810707547, 0.0 ], [ 110.6471586955372, -7.590523448961839, 0.0 ], [ 110.647130913608009, -7.589909435370827, 0.0 ], [ 110.647231709004615, -7.58990951717265, 0.0 ], [ 110.647269931753129, -7.590515810707547, 0.0 ] ] ] ] } },
{ "type": "Feature", "properties": { "OBJECTID": 515, "ZONA": "Pertanian", "SUB_ZONA": "Tanaman Pangan", "KODE": "P-1", "KEPADATAN": 0.0, "JUML_RUMH": 0.0, "LUAS_BID": 676.26549064300002, "Shape_Leng": 153.86971513899999, "Shape_Area": 676.26549064899996 }, "geometry": { "type": "MultiPolygon", "coordinates": [ [ [ [ 110.647359657064072, -7.590509650206582, 0.0 ], [ 110.647269931753129, -7.590515810707547, 0.0 ], [ 110.647231709004615, -7.58990951717265, 0.0 ], [ 110.647325496789591, -7.589909593266364, 0.0 ], [ 110.647359657064072, -7.590509650206582, 0.0 ] ] ] ] } },
{ "type": "Feature", "properties": { "OBJECTID": 516, "ZONA": "Pertanian", "SUB_ZONA": "Tanaman Pangan", "KODE": "P-1", "KEPADATAN": 0.0, "JUML_RUMH": 0.0, "LUAS_BID": 742.38237919300002, "Shape_Leng": 155.31679464199999, "Shape_Area": 742.38237920300003 }, "geometry": { "type": "MultiPolygon", "coordinates": [ [ [ [ 110.647465133644928, -7.590502407043514, 0.0 ], [ 110.647359657064072, -7.590509650206582, 0.0 ], [ 110.647325496789591, -7.589909593266364, 0.0 ], [ 110.647383425179541, -7.589909640255835, 0.0 ], [ 110.647422813660697, -7.58990312321479, 0.0 ], [ 110.647465133644928, -7.590502407043514, 0.0 ] ] ] ] } },
{ "type": "Feature", "properties": { "OBJECTID": 517, "ZONA": "Pertanian", "SUB_ZONA": "Tanaman Pangan", "KODE": "P-1", "KEPADATAN": 0.0, "JUML_RUMH": 0.0, "LUAS_BID": 307.36857230599998, "Shape_Leng": 80.044448109100003, "Shape_Area": 307.36857228500003 }, "geometry": { "type": "MultiPolygon", "coordinates": [ [ [ [ 110.646568856253992, -7.589043712920719, 0.0 ], [ 110.64638155314303, -7.589033445877981, 0.0 ], [ 110.646306989623199, -7.589030229231751, 0.0 ], [ 110.64630782071994, -7.588973895958459, 0.0 ], [ 110.64656861385167, -7.588906464411536, 0.0 ], [ 110.646568856253992, -7.589043712920719, 0.0 ] ] ] ] } },
{ "type": "Feature", "properties": { "OBJECTID": 518, "ZONA": "Pertanian", "SUB_ZONA": "Tanaman Pangan", "KODE": "P-1", "KEPADATAN": 0.0, "JUML_RUMH": 0.0, "LUAS_BID": 351.12339835400002, "Shape_Leng": 75.497342305700002, "Shape_Area": 351.12339833 }, "geometry": { "type": "MultiPolygon", "coordinates": [ [ [ [ 110.646744903293907, -7.589053364685356, 0.0 ], [ 110.646568856253992, -7.589043712920719, 0.0 ], [ 110.64656861385167, -7.588906464411536, 0.0 ], [ 110.646589118812258, -7.58890116138382, 0.0 ], [ 110.646746789524869, -7.588865979256511, 0.0 ], [ 110.646744903293907, -7.589053364685356, 0.0 ] ] ] ] } },
{ "type": "Feature", "properties": { "OBJECTID": 519, "ZONA": "Pertanian", "SUB_ZONA": "Tanaman Pangan", "KODE": "P-1", "KEPADATAN": 0.0, "JUML_RUMH": 0.0, "LUAS_BID": 821.15803944100003, "Shape_Leng": 116.65152465600001, "Shape_Area": 821.15803945499999 }, "geometry": { "type": "MultiPolygon", "coordinates": [ [ [ [ 110.647032250226857, -7.589069116620168, 0.0 ], [ 110.646744903293907, -7.589053364685356, 0.0 ], [ 110.646746789524869, -7.588865979256511, 0.0 ], [ 110.646765446011614, -7.588861815363897, 0.0 ], [ 110.647046858662534, -7.588796286274129, 0.0 ], [ 110.647032250226857, -7.589069116620168, 0.0 ] ] ] ] } },
{ "type": "Feature", "properties": { "OBJECTID": 520, "ZONA": "Pertanian", "SUB_ZONA": "Tanaman Pangan", "KODE": "P-1", "KEPADATAN": 0.0, "JUML_RUMH": 0.0, "LUAS_BID": 505.03034599699998, "Shape_Leng": 96.731630021599997, "Shape_Area": 505.03034604800001 }, "geometry": { "type": "MultiPolygon", "coordinates": [ [ [ [ 110.647169963611219, -7.589075885026051, 0.0 ], [ 110.647126037325364, -7.589074257358551, 0.0 ], [ 110.647032250226857, -7.589069116620168, 0.0 ], [ 110.647046858662534, -7.588796286274129, 0.0 ], [ 110.647164884320361, -7.588768801241116, 0.0 ], [ 110.647193106711086, -7.588762362896746, 0.0 ], [ 110.647169963611219, -7.589075885026051, 0.0 ] ] ] ] } },
{ "type": "Feature", "properties": { "OBJECTID": 521, "ZONA": "Pertanian", "SUB_ZONA": "Tanaman Pangan", "KODE": "P-1", "KEPADATAN": 0.0, "JUML_RUMH": 0.0, "LUAS_BID": 711.13607882700001, "Shape_Leng": 113.661278696, "Shape_Area": 711.13607878799996 }, "geometry": { "type": "MultiPolygon", "coordinates": [ [ [ [ 110.647342558496277, -7.589082276441283, 0.0 ], [ 110.647169963611219, -7.589075885026051, 0.0 ], [ 110.647193106711086, -7.588762362896746, 0.0 ], [ 110.64736928492168, -7.58872216712739, 0.0 ], [ 110.647342558496277, -7.589082276441283, 0.0 ] ] ] ] } },
{ "type": "Feature", "properties": { "OBJECTID": 522, "ZONA": "Pertanian", "SUB_ZONA": "Tanaman Pangan", "KODE": "P-1", "KEPADATAN": 0.0, "JUML_RUMH": 0.0, "LUAS_BID": 762.84764545799999, "Shape_Leng": 125.94067199200001, "Shape_Area": 762.84764547299994 }, "geometry": { "type": "MultiPolygon", "coordinates": [ [ [ [ 110.647721973053009, -7.588265220597628, 0.0 ], [ 110.647697796320827, -7.588647425809248, 0.0 ], [ 110.64766147972712, -7.588657915467856, 0.0 ], [ 110.647547388714017, -7.58868295157587, 0.0 ], [ 110.647579028459376, -7.588232568781404, 0.0 ], [ 110.64759341128169, -7.588229738322071, 0.0 ], [ 110.647606940842806, -7.588228270337168, 0.0 ], [ 110.647620319799216, -7.588228061372198, 0.0 ], [ 110.647633365901797, -7.58822915288909, 0.0 ], [ 110.647645970268201, -7.588231664201086, 0.0 ], [ 110.647658009601187, -7.588235604253886, 0.0 ], [ 110.647670457604292, -7.588240881571758, 0.0 ], [ 110.647709273286864, -7.588259626482485, 0.0 ], [ 110.647721973053009, -7.588265220597628, 0.0 ] ] ] ] } },
{ "type": "Feature", "properties": { "OBJECTID": 523, "ZONA": "Pertanian", "SUB_ZONA": "Tanaman Pangan", "KODE": "P-1", "KEPADATAN": 0.0, "JUML_RUMH": 0.0, "LUAS_BID": 849.98719041100003, "Shape_Leng": 125.41760667200001, "Shape_Area": 849.98719046400004 }, "geometry": { "type": "MultiPolygon", "coordinates": [ [ [ [ 110.647911783447242, -7.58847717620039, 0.0 ], [ 110.647900350835741, -7.588586616451336, 0.0 ], [ 110.647884599467986, -7.588593476515114, 0.0 ], [ 110.647697796320827, -7.588647425809248, 0.0 ], [ 110.647721973053009, -7.588265220597628, 0.0 ], [ 110.647735057565171, -7.58827035912771, 0.0 ], [ 110.64774869104842, -7.588274869435473, 0.0 ], [ 110.647766131251615, -7.588279210056191, 0.0 ], [ 110.647783877177815, -7.588282169666334, 0.0 ], [ 110.64780179187612, -7.588283825042208, 0.0 ], [ 110.647819830028695, -7.588284164387863, 0.0 ], [ 110.647836683433255, -7.588283259008273, 0.0 ], [ 110.647853292830149, -7.588281419928284, 0.0 ], [ 110.647869699731984, -7.588278878747924, 0.0 ], [ 110.647885952958887, -7.588275799231469, 0.0 ], [ 110.647894256565763, -7.588273992319925, 0.0 ], [ 110.64790218298252, -7.588272268321991, 0.0 ], [ 110.647934032832609, -7.588264204663229, 0.0 ], [ 110.647911783447242, -7.58847717620039, 0.0 ] ] ] ] } },
{ "type": "Feature", "properties": { "OBJECTID": 524, "ZONA": "Pertanian", "SUB_ZONA": "Tanaman Pangan", "KODE": "P-1", "KEPADATAN": 0.0, "JUML_RUMH": 0.0, "LUAS_BID": 481.01350761899999, "Shape_Leng": 92.975011752399993, "Shape_Area": 481.01350757900002 }, "geometry": { "type": "MultiPolygon", "coordinates": [ [ [ [ 110.6480720183269, -7.588457861574853, 0.0 ], [ 110.647911783447242, -7.58847717620039, 0.0 ], [ 110.647934032832609, -7.588264204663229, 0.0 ], [ 110.647950055227142, -7.588259595352633, 0.0 ], [ 110.647967154286533, -7.588254252413319, 0.0 ], [ 110.648000688494932, -7.588242843254632, 0.0 ], [ 110.648033930387243, -7.588230819662886, 0.0 ], [ 110.648099799162864, -7.588206108029415, 0.0 ], [ 110.648123091895144, -7.588197217903207, 0.0 ], [ 110.648120206451722, -7.588209378233298, 0.0 ], [ 110.6480720183269, -7.588457861574853, 0.0 ] ] ] ] } },
{ "type": "Feature", "properties": { "OBJECTID": 525, "ZONA": "Pertanian", "SUB_ZONA": "Tanaman Pangan", "KODE": "P-1", "KEPADATAN": 0.0, "JUML_RUMH": 0.0, "LUAS_BID": 63.231127345600001, "Shape_Leng": 35.607742262599999, "Shape_Area": 63.231127353300003 }, "geometry": { "type": "MultiPolygon", "coordinates": [ [ [ [ 110.645161249403131, -7.588337910003734, 0.0 ], [ 110.645145976130337, -7.588334358011807, 0.0 ], [ 110.64513124732477, -7.588330147042316, 0.0 ], [ 110.645117120244834, -7.588325098944488, 0.0 ], [ 110.645103954726267, -7.588319289994788, 0.0 ], [ 110.64506245735592, -7.588298634958657, 0.0 ], [ 110.645062459209797, -7.588298585209587, 0.0 ], [ 110.645164075819253, -7.588239703750443, 0.0 ], [ 110.645161249403131, -7.588337910003734, 0.0 ] ] ] ] } },
{ "type": "Feature", "properties": { "OBJECTID": 526, "ZONA": "Pertanian", "SUB_ZONA": "Tanaman Pangan", "KODE": "P-1", "KEPADATAN": 0.0, "JUML_RUMH": 0.0, "LUAS_BID": 99.766160592199995, "Shape_Leng": 43.919391339199997, "Shape_Area": 99.766160597600006 }, "geometry": { "type": "MultiPolygon", "coordinates": [ [ [ [ 110.645226095519376, -7.588347781872688, 0.0 ], [ 110.645192849686012, -7.588343503332597, 0.0 ], [ 110.645176935588964, -7.588340931357646, 0.0 ], [ 110.645161249403131, -7.588337910003734, 0.0 ], [ 110.645164075819253, -7.588239703750443, 0.0 ], [ 110.645217102122331, -7.588208976733229, 0.0 ], [ 110.645232610258915, -7.588195846185885, 0.0 ], [ 110.645226095519376, -7.588347781872688, 0.0 ] ] ] ] } },
{ "type": "Feature", "properties": { "OBJECTID": 527, "ZONA": "Pertanian", "SUB_ZONA": "Tanaman Pangan", "KODE": "P-1", "KEPADATAN": 0.0, "JUML_RUMH": 0.0, "LUAS_BID": 134.706449886, "Shape_Leng": 56.006472508599998, "Shape_Area": 134.70644988500001 }, "geometry": { "type": "MultiPolygon", "coordinates": [ [ [ [ 110.645286725920073, -7.58835357707697, 0.0 ], [ 110.645259764482731, -7.58835123127751, 0.0 ], [ 110.645226095519376, -7.588347781872688, 0.0 ], [ 110.645232610258915, -7.588195846185885, 0.0 ], [ 110.645295634338893, -7.588142481752965, 0.0 ], [ 110.645286725920073, -7.58835357707697, 0.0 ] ] ] ] } },
{ "type": "Feature", "properties": { "OBJECTID": 528, "ZONA": "Pertanian", "SUB_ZONA": "Tanaman Pangan", "KODE": "P-1", "KEPADATAN": 0.0, "JUML_RUMH": 0.0, "LUAS_BID": 247.82845237500001, "Shape_Leng": 71.1690380541, "Shape_Area": 247.82845237000001 }, "geometry": { "type": "MultiPolygon", "coordinates": [ [ [ [ 110.645372634855676, -7.588361049132032, 0.0 ], [ 110.645286725920073, -7.58835357707697, 0.0 ], [ 110.645295634338893, -7.588142481752965, 0.0 ], [ 110.645313111945015, -7.588127682998427, 0.0 ], [ 110.645383564778598, -7.588110169456542, 0.0 ], [ 110.645372634855676, -7.588361049132032, 0.0 ] ] ] ] } },
{ "type": "Feature", "properties": { "OBJECTID": 529, "ZONA": "Pertanian", "SUB_ZONA": "Tanaman Pangan", "KODE": "P-1", "KEPADATAN": 0.0, "JUML_RUMH": 0.0, "LUAS_BID": 267.76355720800001, "Shape_Leng": 79.304327048800005, "Shape_Area": 267.76355717400003 }, "geometry": { "type": "MultiPolygon", "coordinates": [ [ [ [ 110.645454697937666, -7.588368880761475, 0.0 ], [ 110.645396446275925, -7.588363120988869, 0.0 ], [ 110.645372634855676, -7.588361049132032, 0.0 ], [ 110.645383564778598, -7.588110169456542, 0.0 ], [ 110.645447458332114, -7.588094285087764, 0.0 ], [ 110.645467390055344, -7.588077139195373, 0.0 ], [ 110.645454697937666, -7.588368880761475, 0.0 ] ] ] ] } },
{ "type": "Feature", "properties": { "OBJECTID": 530, "ZONA": "Pertanian", "SUB_ZONA": "Tanaman Pangan", "KODE": "P-1", "KEPADATAN": 0.0, "JUML_RUMH": 0.0, "LUAS_BID": 305.215415189, "Shape_Leng": 92.803669100099995, "Shape_Area": 305.21541519700003 }, "geometry": { "type": "MultiPolygon", "coordinates": [ [ [ [ 110.645530077568566, -7.588376101779212, 0.0 ], [ 110.645512606955023, -7.588374606778435, 0.0 ], [ 110.645454697937666, -7.588368880761475, 0.0 ], [ 110.645467390055344, -7.588077139195373, 0.0 ], [ 110.64554662070968, -7.58800897492535, 0.0 ], [ 110.645530077568566, -7.588376101779212, 0.0 ] ] ] ] } },
{ "type": "Feature", "properties": { "OBJECTID": 531, "ZONA": "Pertanian", "SUB_ZONA": "Tanaman Pangan", "KODE": "P-1", "KEPADATAN": 0.0, "JUML_RUMH": 0.0, "LUAS_BID": 319.83464813099999, "Shape_Leng": 105.509969695, "Shape_Area": 319.834648157 }, "geometry": { "type": "MultiPolygon", "coordinates": [ [ [ [ 110.645595329664332, -7.588380643375396, 0.0 ], [ 110.645561761806434, -7.588378815947878, 0.0 ], [ 110.645530077568566, -7.588376101779212, 0.0 ], [ 110.64554662070968, -7.58800897492535, 0.0 ], [ 110.645615266330296, -7.587949918130199, 0.0 ], [ 110.645595329664332, -7.588380643375396, 0.0 ] ] ] ] } },
{ "type": "Feature", "properties": { "OBJECTID": 532, "ZONA": "Pertanian", "SUB_ZONA": "Tanaman Pangan", "KODE": "P-1", "KEPADATAN": 0.0, "JUML_RUMH": 0.0, "LUAS_BID": 480.91678985200002, "Shape_Leng": 124.140808103, "Shape_Area": 480.91678979199997 }, "geometry": { "type": "MultiPolygon", "coordinates": [ [ [ [ 110.645682516617853, -7.588381742908786, 0.0 ], [ 110.645630055943684, -7.588381538242469, 0.0 ], [ 110.645595329664332, -7.588380643375396, 0.0 ], [ 110.645615266330296, -7.587949918130199, 0.0 ], [ 110.645658681371529, -7.587912567299056, 0.0 ], [ 110.645699870610457, -7.587884359712477, 0.0 ], [ 110.645682516617853, -7.588381742908786, 0.0 ] ] ] ] } },
{ "type": "Feature", "properties": { "OBJECTID": 533, "ZONA": "Pertanian", "SUB_ZONA": "Tanaman Pangan", "KODE": "P-1", "KEPADATAN": 0.0, "JUML_RUMH": 0.0, "LUAS_BID": 562.24804914100002, "Shape_Leng": 147.80790687499999, "Shape_Area": 562.24804913000003 }, "geometry": { "type": "MultiPolygon", "coordinates": [ [ [ [ 110.645769970070376, -7.588379550962008, 0.0 ], [ 110.645717406294381, -7.588381262976712, 0.0 ], [ 110.645682516617853, -7.588381742908786, 0.0 ], [ 110.645699870610457, -7.587884359712477, 0.0 ], [ 110.645735478751206, -7.587859976561248, 0.0 ], [ 110.645778719442333, -7.587778639722008, 0.0 ], [ 110.645785638855386, -7.587772277282803, 0.0 ], [ 110.645769970070376, -7.588379550962008, 0.0 ] ] ] ] } },
{ "type": "Feature", "properties": { "OBJECTID": 534, "ZONA": "Pertanian", "SUB_ZONA": "Tanaman Pangan", "KODE": "P-1", "KEPADATAN": 0.0, "JUML_RUMH": 0.0, "LUAS_BID": 612.03637424199997, "Shape_Leng": 163.13752616299999, "Shape_Area": 612.03637431899995 }, "geometry": { "type": "MultiPolygon", "coordinates": [ [ [ [ 110.645845246411568, -7.588375633136779, 0.0 ], [ 110.645822556252298, -7.588377045663436, 0.0 ], [ 110.645769970070376, -7.588379550962008, 0.0 ], [ 110.645785638855386, -7.587772277282803, 0.0 ], [ 110.645868758893215, -7.587695843950055, 0.0 ], [ 110.645845246411568, -7.588375633136779, 0.0 ] ] ] ] } },
{ "type": "Feature", "properties": { "OBJECTID": 535, "ZONA": "Pertanian", "SUB_ZONA": "Tanaman Pangan", "KODE": "P-1", "KEPADATAN": 0.0, "JUML_RUMH": 0.0, "LUAS_BID": 648.28654947899997, "Shape_Leng": 156.53518728899999, "Shape_Area": 648.28654946899997 }, "geometry": { "type": "MultiPolygon", "coordinates": [ [ [ [ 110.6459799066008, -7.587057157658414, 0.0 ], [ 110.645962907141694, -7.587578217948004, 0.0 ], [ 110.645903539204767, -7.587663860933004, 0.0 ], [ 110.645868758893215, -7.587695843950055, 0.0 ], [ 110.645891355764789, -7.58704251135682, 0.0 ], [ 110.6459799066008, -7.587057157658414, 0.0 ] ] ] ] } },
{ "type": "Feature", "properties": { "OBJECTID": 536, "ZONA": "Pertanian", "SUB_ZONA": "Tanaman Pangan", "KODE": "P-1", "KEPADATAN": 0.0, "JUML_RUMH": 0.0, "LUAS_BID": 390.35658752099999, "Shape_Leng": 124.45865425, "Shape_Area": 390.35658752099999 }, "geometry": { "type": "MultiPolygon", "coordinates": [ [ [ [ 110.646051955603554, -7.587068543155451, 0.0 ], [ 110.646031942951751, -7.58747862913868, 0.0 ], [ 110.645962907141694, -7.587578217948004, 0.0 ], [ 110.6459799066008, -7.587057157658414, 0.0 ], [ 110.646041932886689, -7.587067418775837, 0.0 ], [ 110.646051955603554, -7.587068543155451, 0.0 ] ] ] ] } },
{ "type": "Feature", "properties": { "OBJECTID": 537, "ZONA": "Pertanian", "SUB_ZONA": "Tanaman Pangan", "KODE": "P-1", "KEPADATAN": 0.0, "JUML_RUMH": 0.0, "LUAS_BID": 362.84974777100001, "Shape_Leng": 103.20929181299999, "Shape_Area": 362.84974775799998 }, "geometry": { "type": "MultiPolygon", "coordinates": [ [ [ [ 110.646140647610906, -7.58707463515135, 0.0 ], [ 110.646121723910753, -7.587358141144524, 0.0 ], [ 110.646042819790466, -7.587462937609604, 0.0 ], [ 110.646031942951751, -7.58747862913868, 0.0 ], [ 110.646051955603554, -7.587068543155451, 0.0 ], [ 110.64606741616754, -7.587070278013032, 0.0 ], [ 110.646140647610906, -7.58707463515135, 0.0 ] ] ] ] } },
{ "type": "Feature", "properties": { "OBJECTID": 538, "ZONA": "Pertanian", "SUB_ZONA": "Tanaman Pangan", "KODE": "P-1", "KEPADATAN": 0.0, "JUML_RUMH": 0.0, "LUAS_BID": 139.611056107, "Shape_Leng": 51.074898771999997, "Shape_Area": 139.61105610499999 }, "geometry": { "type": "MultiPolygon", "coordinates": [ [ [ [ 110.646319263004116, -7.587090910494029, 0.0 ], [ 110.646314028983184, -7.587158176276758, 0.0 ], [ 110.646273285794607, -7.587214220199518, 0.0 ], [ 110.646218785716371, -7.587250410581186, 0.0 ], [ 110.646228567372106, -7.587081684426152, 0.0 ], [ 110.646319263004116, -7.587090910494029, 0.0 ] ] ] ] } },
{ "type": "Feature", "properties": { "OBJECTID": 539, "ZONA": "Pertanian", "SUB_ZONA": "Tanaman Pangan", "KODE": "P-1", "KEPADATAN": 0.0, "JUML_RUMH": 0.0, "LUAS_BID": 157.24398261499999, "Shape_Leng": 52.449373804899999, "Shape_Area": 157.24398263 }, "geometry": { "type": "MultiPolygon", "coordinates": [ [ [ [ 110.63930762189608, -7.587429980092139, 0.0 ], [ 110.639248992333165, -7.587584302007612, 0.0 ], [ 110.639180351935266, -7.587480620985764, 0.0 ], [ 110.639204062931199, -7.58741271305865, 0.0 ], [ 110.639205315371285, -7.587409930780264, 0.0 ], [ 110.639207032649324, -7.587407410304092, 0.0 ], [ 110.639209162127116, -7.587405222141768, 0.0 ], [ 110.639211639380662, -7.587403437699745, 0.0 ], [ 110.639214389124788, -7.587402107570667, 0.0 ], [ 110.639217328828096, -7.587401275104716, 0.0 ], [ 110.639220368724835, -7.587400961936755, 0.0 ], [ 110.639223416336506, -7.587401181558402, 0.0 ], [ 110.639226380111481, -7.58740192303903, 0.0 ], [ 110.63930762189608, -7.587429980092139, 0.0 ] ] ] ] } },
{ "type": "Feature", "properties": { "OBJECTID": 540, "ZONA": "Pertanian", "SUB_ZONA": "Tanaman Pangan", "KODE": "P-1", "KEPADATAN": 0.0, "JUML_RUMH": 0.0, "LUAS_BID": 251.48279403699999, "Shape_Leng": 69.309871717299998, "Shape_Area": 251.48279402899999 }, "geometry": { "type": "MultiPolygon", "coordinates": [ [ [ [ 110.639404152663488, -7.587463316130853, 0.0 ], [ 110.639320532722124, -7.587684804103048, 0.0 ], [ 110.639267946944784, -7.587612935155429, 0.0 ], [ 110.639248992333165, -7.587584302007612, 0.0 ], [ 110.63930762189608, -7.587429980092139, 0.0 ], [ 110.639404152663488, -7.587463316130853, 0.0 ] ] ] ] } },
{ "type": "Feature", "properties": { "OBJECTID": 541, "ZONA": "Pertanian", "SUB_ZONA": "Tanaman Pangan", "KODE": "P-1", "KEPADATAN": 0.0, "JUML_RUMH": 0.0, "LUAS_BID": 326.60181209799998, "Shape_Leng": 83.762216003099994, "Shape_Area": 326.60181209299998 }, "geometry": { "type": "MultiPolygon", "coordinates": [ [ [ [ 110.639497926535981, -7.587495701889132, 0.0 ], [ 110.639390248086983, -7.587780087197892, 0.0 ], [ 110.639320532722124, -7.587684804103048, 0.0 ], [ 110.639404152663488, -7.587463316130853, 0.0 ], [ 110.639497926535981, -7.587495701889132, 0.0 ] ] ] ] } },
{ "type": "Feature", "properties": { "OBJECTID": 542, "ZONA": "Pertanian", "SUB_ZONA": "Tanaman Pangan", "KODE": "P-1", "KEPADATAN": 0.0, "JUML_RUMH": 0.0, "LUAS_BID": 545.17976583999996, "Shape_Leng": 107.092995843, "Shape_Area": 545.17976585500003 }, "geometry": { "type": "MultiPolygon", "coordinates": [ [ [ [ 110.639618893390889, -7.587536415793044, 0.0 ], [ 110.639485009418536, -7.587898278112615, 0.0 ], [ 110.639444040950679, -7.587853607946811, 0.0 ], [ 110.639390248086983, -7.587780087197892, 0.0 ], [ 110.639497926535981, -7.587495701889132, 0.0 ], [ 110.639589646789915, -7.5875273767542, 0.0 ], [ 110.639618893390889, -7.587536415793044, 0.0 ] ] ] ] } },
{ "type": "Feature", "properties": { "OBJECTID": 543, "ZONA": "Pertanian", "SUB_ZONA": "Tanaman Pangan", "KODE": "P-1", "KEPADATAN": 0.0, "JUML_RUMH": 0.0, "LUAS_BID": 623.29264291300001, "Shape_Leng": 115.169372262, "Shape_Area": 623.29264294899997 }, "geometry": { "type": "MultiPolygon", "coordinates": [ [ [ [ 110.639730915333544, -7.5875881216501, 0.0 ], [ 110.639600225539922, -7.587961539638012, 0.0 ], [ 110.639523122157328, -7.58793983333182, 0.0 ], [ 110.639485009418536, -7.587898278112615, 0.0 ], [ 110.639618893390889, -7.587536415793044, 0.0 ], [ 110.639666191863398, -7.587551033709588, 0.0 ], [ 110.639686711925194, -7.587559180857738, 0.0 ], [ 110.639705709145673, -7.5875704167052, 0.0 ], [ 110.639730915333544, -7.5875881216501, 0.0 ] ] ] ] } },
{ "type": "Feature", "properties": { "OBJECTID": 544, "ZONA": "Pertanian", "SUB_ZONA": "Tanaman Pangan", "KODE": "P-1", "KEPADATAN": 0.0, "JUML_RUMH": 0.0, "LUAS_BID": 570.00056853499996, "Shape_Leng": 112.308012807, "Shape_Area": 570.00056852800003 }, "geometry": { "type": "MultiPolygon", "coordinates": [ [ [ [ 110.639844190225546, -7.587640821719162, 0.0 ], [ 110.639715488187463, -7.587993989295935, 0.0 ], [ 110.639600225539922, -7.587961539638012, 0.0 ], [ 110.639730915333544, -7.5875881216501, 0.0 ], [ 110.639751462940112, -7.587600211776016, 0.0 ], [ 110.639813325840478, -7.587630203810029, 0.0 ], [ 110.639828437252916, -7.587636438764118, 0.0 ], [ 110.639844190225546, -7.587640821719162, 0.0 ] ] ] ] } },
{ "type": "Feature", "properties": { "OBJECTID": 545, "ZONA": "Pertanian", "SUB_ZONA": "Tanaman Pangan", "KODE": "P-1", "KEPADATAN": 0.0, "JUML_RUMH": 0.0, "LUAS_BID": 501.73001356600003, "Shape_Leng": 109.545288633, "Shape_Area": 501.73001353400002 }, "geometry": { "type": "MultiPolygon", "coordinates": [ [ [ [ 110.639953314337106, -7.587651795695177, 0.0 ], [ 110.639817043488748, -7.588026952212685, 0.0 ], [ 110.639753331137214, -7.588004642844679, 0.0 ], [ 110.639715488187463, -7.587993989295935, 0.0 ], [ 110.639844190225546, -7.587640821719162, 0.0 ], [ 110.639860355458708, -7.587643285548046, 0.0 ], [ 110.639953314337106, -7.587651795695177, 0.0 ] ] ] ] } },
{ "type": "Feature", "properties": { "OBJECTID": 546, "ZONA": "Pertanian", "SUB_ZONA": "Tanaman Pangan", "KODE": "P-1", "KEPADATAN": 0.0, "JUML_RUMH": 0.0, "LUAS_BID": 551.01005582300002, "Shape_Leng": 114.723736035, "Shape_Area": 551.01005587500003 }, "geometry": { "type": "MultiPolygon", "coordinates": [ [ [ [ 110.640063252919603, -7.587672116186998, 0.0 ], [ 110.639921953505919, -7.588063688072063, 0.0 ], [ 110.639817043488748, -7.588026952212685, 0.0 ], [ 110.639953314337106, -7.587651795695177, 0.0 ], [ 110.639971118546967, -7.587654324195879, 0.0 ], [ 110.640063252919603, -7.587672116186998, 0.0 ] ] ] ] } },
{ "type": "Feature", "properties": { "OBJECTID": 547, "ZONA": "Pertanian", "SUB_ZONA": "Tanaman Pangan", "KODE": "P-1", "KEPADATAN": 0.0, "JUML_RUMH": 0.0, "LUAS_BID": 640.90057956800001, "Shape_Leng": 120.30083404200001, "Shape_Area": 640.90057956600003 }, "geometry": { "type": "MultiPolygon", "coordinates": [ [ [ [ 110.640183551681886, -7.587706380808096, 0.0 ], [ 110.64003946691237, -7.588104063417259, 0.0 ], [ 110.639969138958008, -7.588080210858948, 0.0 ], [ 110.639921953505919, -7.588063688072063, 0.0 ], [ 110.640063252919603, -7.587672116186998, 0.0 ], [ 110.640103322932518, -7.587679852546838, 0.0 ], [ 110.640134235275511, -7.587688409897796, 0.0 ], [ 110.640183551681886, -7.587706380808096, 0.0 ] ] ] ] } },
{ "type": "Feature", "properties": { "OBJECTID": 548, "ZONA": "Pertanian", "SUB_ZONA": "Tanaman Pangan", "KODE": "P-1", "KEPADATAN": 0.0, "JUML_RUMH": 0.0, "LUAS_BID": 633.44282824499999, "Shape_Leng": 123.173729235, "Shape_Area": 633.44282821199999 }, "geometry": { "type": "MultiPolygon", "coordinates": [ [ [ [ 110.640297602857501, -7.587747938183972, 0.0 ], [ 110.640146174462188, -7.588166104751058, 0.0 ], [ 110.640096466999594, -7.588123396628464, 0.0 ], [ 110.64003946691237, -7.588104063417259, 0.0 ], [ 110.640183551681886, -7.587706380808096, 0.0 ], [ 110.640297602857501, -7.587747938183972, 0.0 ] ] ] ] } },
{ "type": "Feature", "properties": { "OBJECTID": 549, "ZONA": "Pertanian", "SUB_ZONA": "Tanaman Pangan", "KODE": "P-1", "KEPADATAN": 0.0, "JUML_RUMH": 0.0, "LUAS_BID": 637.24285746199996, "Shape_Leng": 128.32525996199999, "Shape_Area": 637.24285745400005 }, "geometry": { "type": "MultiPolygon", "coordinates": [ [ [ [ 110.640405816746338, -7.58778522481942, 0.0 ], [ 110.640236379308092, -7.588240156664492, 0.0 ], [ 110.640178439793033, -7.588193827135421, 0.0 ], [ 110.640146174462188, -7.588166104751058, 0.0 ], [ 110.640297602857501, -7.587747938183972, 0.0 ], [ 110.640336364873846, -7.587762062317479, 0.0 ], [ 110.640405816746338, -7.58778522481942, 0.0 ] ] ] ] } },
{ "type": "Feature", "properties": { "OBJECTID": 550, "ZONA": "Pertanian", "SUB_ZONA": "Tanaman Pangan", "KODE": "P-1", "KEPADATAN": 0.0, "JUML_RUMH": 0.0, "LUAS_BID": 659.36868995400005, "Shape_Leng": 138.90056539, "Shape_Area": 659.36868995700002 }, "geometry": { "type": "MultiPolygon", "coordinates": [ [ [ [ 110.640508327443442, -7.587819414942732, 0.0 ], [ 110.640313242328659, -7.588328689410075, 0.0 ], [ 110.640309293184416, -7.58832461112024, 0.0 ], [ 110.640264730765949, -7.588262825670585, 0.0 ], [ 110.640236379308092, -7.588240156664492, 0.0 ], [ 110.640405816746338, -7.58778522481942, 0.0 ], [ 110.640508327443442, -7.587819414942732, 0.0 ] ] ] ] } },
{ "type": "Feature", "properties": { "OBJECTID": 551, "ZONA": "Pertanian", "SUB_ZONA": "Tanaman Pangan", "KODE": "P-1", "KEPADATAN": 0.0, "JUML_RUMH": 0.0, "LUAS_BID": 768.16034877899995, "Shape_Leng": 149.586519923, "Shape_Area": 768.16034878899995 }, "geometry": { "type": "MultiPolygon", "coordinates": [ [ [ [ 110.640610758378003, -7.587849241400058, 0.0 ], [ 110.640412012768877, -7.588394498827386, 0.0 ], [ 110.640352430340798, -7.58836916179301, 0.0 ], [ 110.640313242328659, -7.588328689410075, 0.0 ], [ 110.640508327443442, -7.587819414942732, 0.0 ], [ 110.640583997405983, -7.587844652180798, 0.0 ], [ 110.640597202083313, -7.587847965627295, 0.0 ], [ 110.640610758378003, -7.587849241400058, 0.0 ] ] ] ] } },
{ "type": "Feature", "properties": { "OBJECTID": 552, "ZONA": "Pertanian", "SUB_ZONA": "Tanaman Pangan", "KODE": "P-1", "KEPADATAN": 0.0, "JUML_RUMH": 0.0, "LUAS_BID": 848.70836350699994, "Shape_Leng": 148.62528343599999, "Shape_Area": 848.70836343400003 }, "geometry": { "type": "MultiPolygon", "coordinates": [ [ [ [ 110.640536536296594, -7.588447277680714, 0.0 ], [ 110.640338599664986, -7.588947999011664, 0.0 ], [ 110.640223384992552, -7.588911996451795, 0.0 ], [ 110.640412012768877, -7.588394498827386, 0.0 ], [ 110.640535136942162, -7.588446855905492, 0.0 ], [ 110.640536536296594, -7.588447277680714, 0.0 ] ] ] ] } },
{ "type": "Feature", "properties": { "OBJECTID": 553, "ZONA": "Pertanian", "SUB_ZONA": "Tanaman Pangan", "KODE": "P-1", "KEPADATAN": 0.0, "JUML_RUMH": 0.0, "LUAS_BID": 771.57152283799996, "Shape_Leng": 145.08706546100001, "Shape_Area": 771.57152291800003 }, "geometry": { "type": "MultiPolygon", "coordinates": [ [ [ [ 110.640646953898155, -7.588480548049541, 0.0 ], [ 110.640453295947168, -7.588983841006812, 0.0 ], [ 110.640338599664986, -7.588947999011664, 0.0 ], [ 110.640536536296594, -7.588447277680714, 0.0 ], [ 110.640646953898155, -7.588480548049541, 0.0 ] ] ] ] } },
{ "type": "Feature", "properties": { "OBJECTID": 554, "ZONA": "Pertanian", "SUB_ZONA": "Tanaman Pangan", "KODE": "P-1", "KEPADATAN": 0.0, "JUML_RUMH": 0.0, "LUAS_BID": 657.11722675600004, "Shape_Leng": 143.95175349600001, "Shape_Area": 657.11722673500003 }, "geometry": { "type": "MultiPolygon", "coordinates": [ [ [ [ 110.640744751268343, -7.588496631356646, 0.0 ], [ 110.640551700061977, -7.589015013755994, 0.0 ], [ 110.64052791610662, -7.58900715973648, 0.0 ], [ 110.640453295947168, -7.588983841006812, 0.0 ], [ 110.640646953898155, -7.588480548049541, 0.0 ], [ 110.64066894298206, -7.588487174000758, 0.0 ], [ 110.640719294215629, -7.588510190416939, 0.0 ], [ 110.640744751268343, -7.588496631356646, 0.0 ] ] ] ] } },
{ "type": "Feature", "properties": { "OBJECTID": 555, "ZONA": "Pertanian", "SUB_ZONA": "Tanaman Pangan", "KODE": "P-1", "KEPADATAN": 0.0, "JUML_RUMH": 0.0, "LUAS_BID": 672.64035611199995, "Shape_Leng": 140.56765353500001, "Shape_Area": 672.64035612700002 }, "geometry": { "type": "MultiPolygon", "coordinates": [ [ [ [ 110.641034519510839, -7.588037038876914, 0.0 ], [ 110.640896148852136, -7.588415632246233, 0.0 ], [ 110.640843114934597, -7.588444238436228, 0.0 ], [ 110.640744751268343, -7.588496631356646, 0.0 ], [ 110.640946230760292, -7.587955617481716, 0.0 ], [ 110.641034519510839, -7.588037038876914, 0.0 ] ] ] ] } },
{ "type": "Feature", "properties": { "OBJECTID": 556, "ZONA": "Pertanian", "SUB_ZONA": "Tanaman Pangan", "KODE": "P-1", "KEPADATAN": 0.0, "JUML_RUMH": 0.0, "LUAS_BID": 449.178777739, "Shape_Leng": 105.600109535, "Shape_Area": 449.17877771000002 }, "geometry": { "type": "MultiPolygon", "coordinates": [ [ [ [ 110.641121223186289, -7.588112465361044, 0.0 ], [ 110.641017156911616, -7.588401674465332, 0.0 ], [ 110.640995708570287, -7.588391233562192, 0.0 ], [ 110.640946779346862, -7.588388320293112, 0.0 ], [ 110.640896148852136, -7.588415632246233, 0.0 ], [ 110.641034519510839, -7.588037038876914, 0.0 ], [ 110.641054979969113, -7.588055906707644, 0.0 ], [ 110.641121223186289, -7.588112465361044, 0.0 ] ] ] ] } },
{ "type": "Feature", "properties": { "OBJECTID": 557, "ZONA": "Pertanian", "SUB_ZONA": "Tanaman Pangan", "KODE": "P-1", "KEPADATAN": 0.0, "JUML_RUMH": 0.0, "LUAS_BID": 380.02065994999998, "Shape_Leng": 88.641632389500003, "Shape_Area": 380.02065993500003 }, "geometry": { "type": "MultiPolygon", "coordinates": [ [ [ [ 110.641207803034305, -7.588186389259797, 0.0 ], [ 110.64111525130609, -7.588443298064438, 0.0 ], [ 110.64110503902991, -7.588444454703255, 0.0 ], [ 110.641017156911616, -7.588401674465332, 0.0 ], [ 110.641121223186289, -7.588112465361044, 0.0 ], [ 110.641207803034305, -7.588186389259797, 0.0 ] ] ] ] } },
{ "type": "Feature", "properties": { "OBJECTID": 558, "ZONA": "Pertanian", "SUB_ZONA": "Tanaman Pangan", "KODE": "P-1", "KEPADATAN": 0.0, "JUML_RUMH": 0.0, "LUAS_BID": 321.29703821300001, "Shape_Leng": 80.542182295000003, "Shape_Area": 321.29703823599999 }, "geometry": { "type": "MultiPolygon", "coordinates": [ [ [ [ 110.641295566023061, -7.588261321793513, 0.0 ], [ 110.641221936242886, -7.588473855159518, 0.0 ], [ 110.641155413183412, -7.588438751445094, 0.0 ], [ 110.64111525130609, -7.588443298064438, 0.0 ], [ 110.641207803034305, -7.588186389259797, 0.0 ], [ 110.641295566023061, -7.588261321793513, 0.0 ] ] ] ] } },
{ "type": "Feature", "properties": { "OBJECTID": 559, "ZONA": "Pertanian", "SUB_ZONA": "Tanaman Pangan", "KODE": "P-1", "KEPADATAN": 0.0, "JUML_RUMH": 0.0, "LUAS_BID": 260.16078188500001, "Shape_Leng": 69.581010261100005, "Shape_Area": 260.16078187599999 }, "geometry": { "type": "MultiPolygon", "coordinates": [ [ [ [ 110.641314058010408, -7.588522464193684, 0.0 ], [ 110.641221936242886, -7.588473855159518, 0.0 ], [ 110.641295566023061, -7.588261321793513, 0.0 ], [ 110.641351515522913, -7.588309090495405, 0.0 ], [ 110.641357456564634, -7.588315104359275, 0.0 ], [ 110.641362296306426, -7.588322030011469, 0.0 ], [ 110.641365898023537, -7.588329670146112, 0.0 ], [ 110.641368156737428, -7.588337806678711, 0.0 ], [ 110.641369008275277, -7.588346207990098, 0.0 ], [ 110.641368428361872, -7.588354630734753, 0.0 ], [ 110.641366434418529, -7.588362837028898, 0.0 ], [ 110.641352136395554, -7.588405520266321, 0.0 ], [ 110.641314058010408, -7.588522464193684, 0.0 ] ] ] ] } },
{ "type": "Feature", "properties": { "OBJECTID": 560, "ZONA": "Pertanian", "SUB_ZONA": "Tanaman Pangan", "KODE": "P-1", "KEPADATAN": 0.0, "JUML_RUMH": 0.0, "LUAS_BID": 389.82787352700001, "Shape_Leng": 109.066022725, "Shape_Area": 389.82787352700001 }, "geometry": { "type": "MultiPolygon", "coordinates": [ [ [ [ 110.639154936283873, -7.587443435327984, 0.0 ], [ 110.639126821553873, -7.587432721961012, 0.0 ], [ 110.639069924189783, -7.587411039582784, 0.0 ], [ 110.639238067666994, -7.587020614619938, 0.0 ], [ 110.639264831967949, -7.587032007084467, 0.0 ], [ 110.639269873747381, -7.587034667946171, 0.0 ], [ 110.63927440175712, -7.587038129817905, 0.0 ], [ 110.639278290976733, -7.587042293999468, 0.0 ], [ 110.63928143181046, -7.587047045521393, 0.0 ], [ 110.639283738248452, -7.587052250438115, 0.0 ], [ 110.639285145138786, -7.587057765775856, 0.0 ], [ 110.639285613627536, -7.58706343863249, 0.0 ], [ 110.639285130248439, -7.587069110699622, 0.0 ], [ 110.639283709638704, -7.587074622787606, 0.0 ], [ 110.639154936283873, -7.587443435327984, 0.0 ] ] ] ] } },
{ "type": "Feature", "properties": { "OBJECTID": 561, "ZONA": "Pertanian", "SUB_ZONA": "Tanaman Pangan", "KODE": "P-1", "KEPADATAN": 0.0, "JUML_RUMH": 0.0, "LUAS_BID": 439.82372573399999, "Shape_Leng": 112.979384932, "Shape_Area": 439.823725733 }, "geometry": { "type": "MultiPolygon", "coordinates": [ [ [ [ 110.639238067666994, -7.587020614619938, 0.0 ], [ 110.639069924189783, -7.587411039582784, 0.0 ], [ 110.63900093740051, -7.587384751115272, 0.0 ], [ 110.638988138505894, -7.587379714779999, 0.0 ], [ 110.639163041722242, -7.586988679457285, 0.0 ], [ 110.639238067666994, -7.587020614619938, 0.0 ] ] ] ] } },
{ "type": "Feature", "properties": { "OBJECTID": 562, "ZONA": "Pertanian", "SUB_ZONA": "Tanaman Pangan", "KODE": "P-1", "KEPADATAN": 0.0, "JUML_RUMH": 0.0, "LUAS_BID": 525.85578979700006, "Shape_Leng": 117.14333521899999, "Shape_Area": 525.85578983000005 }, "geometry": { "type": "MultiPolygon", "coordinates": [ [ [ [ 110.639163041722242, -7.586988679457285, 0.0 ], [ 110.638988138505894, -7.587379714779999, 0.0 ], [ 110.638894459092114, -7.587342848729432, 0.0 ], [ 110.639070912706487, -7.586949462889176, 0.0 ], [ 110.639163041722242, -7.586988679457285, 0.0 ] ] ] ] } },
{ "type": "Feature", "properties": { "OBJECTID": 563, "ZONA": "Pertanian", "SUB_ZONA": "Tanaman Pangan", "KODE": "P-1", "KEPADATAN": 0.0, "JUML_RUMH": 0.0, "LUAS_BID": 505.21197614699997, "Shape_Leng": 116.652550276, "Shape_Area": 505.21197617000001 }, "geometry": { "type": "MultiPolygon", "coordinates": [ [ [ [ 110.639070912706487, -7.586949462889176, 0.0 ], [ 110.638894459092114, -7.587342848729432, 0.0 ], [ 110.63881810708925, -7.587312800212631, 0.0 ], [ 110.638805137655098, -7.587306813947211, 0.0 ], [ 110.638983144434064, -7.58691210516558, 0.0 ], [ 110.639070912706487, -7.586949462889176, 0.0 ] ] ] ] } },
{ "type": "Feature", "properties": { "OBJECTID": 564, "ZONA": "Pertanian", "SUB_ZONA": "Tanaman Pangan", "KODE": "P-1", "KEPADATAN": 0.0, "JUML_RUMH": 0.0, "LUAS_BID": 427.05418849900002, "Shape_Leng": 113.334983865, "Shape_Area": 427.054188436 }, "geometry": { "type": "MultiPolygon", "coordinates": [ [ [ [ 110.638983144434064, -7.58691210516558, 0.0 ], [ 110.638805137655098, -7.587306813947211, 0.0 ], [ 110.638730763682048, -7.587272488510848, 0.0 ], [ 110.638909243147737, -7.586880647595073, 0.0 ], [ 110.638983144434064, -7.58691210516558, 0.0 ] ] ] ] } },
{ "type": "Feature", "properties": { "OBJECTID": 565, "ZONA": "Pertanian", "SUB_ZONA": "Tanaman Pangan", "KODE": "P-1", "KEPADATAN": 0.0, "JUML_RUMH": 0.0, "LUAS_BID": 432.06829432500001, "Shape_Leng": 112.738444282, "Shape_Area": 432.06829438199998 }, "geometry": { "type": "MultiPolygon", "coordinates": [ [ [ [ 110.638909243147737, -7.586880647595073, 0.0 ], [ 110.638730763682048, -7.587272488510848, 0.0 ], [ 110.638662260038288, -7.587240871656227, 0.0 ], [ 110.638657301745027, -7.58723268040451, 0.0 ], [ 110.638834115099073, -7.586848371275501, 0.0 ], [ 110.638864692499453, -7.586861685492622, 0.0 ], [ 110.638909243147737, -7.586880647595073, 0.0 ] ] ] ] } },
{ "type": "Feature", "properties": { "OBJECTID": 566, "ZONA": "Pertanian", "SUB_ZONA": "Tanaman Pangan", "KODE": "P-1", "KEPADATAN": 0.0, "JUML_RUMH": 0.0, "LUAS_BID": 492.62636116300001, "Shape_Leng": 110.91664872, "Shape_Area": 492.626361121 }, "geometry": { "type": "MultiPolygon", "coordinates": [ [ [ [ 110.638834115099073, -7.586848371275501, 0.0 ], [ 110.638657301745027, -7.58723268040451, 0.0 ], [ 110.638591925960355, -7.587124703561913, 0.0 ], [ 110.638738310391076, -7.5868066595365, 0.0 ], [ 110.638834115099073, -7.586848371275501, 0.0 ] ] ] ] } },
{ "type": "Feature", "properties": { "OBJECTID": 567, "ZONA": "Pertanian", "SUB_ZONA": "Tanaman Pangan", "KODE": "P-1", "KEPADATAN": 0.0, "JUML_RUMH": 0.0, "LUAS_BID": 341.50825587999998, "Shape_Leng": 92.0361690485, "Shape_Area": 341.50825589499999 }, "geometry": { "type": "MultiPolygon", "coordinates": [ [ [ [ 110.638738310391076, -7.5868066595365, 0.0 ], [ 110.638591925960355, -7.587124703561913, 0.0 ], [ 110.63853767988175, -7.587035107483345, 0.0 ], [ 110.638657119270192, -7.586771308994166, 0.0 ], [ 110.638738310391076, -7.5868066595365, 0.0 ] ] ] ] } },
{ "type": "Feature", "properties": { "OBJECTID": 568, "ZONA": "Pertanian", "SUB_ZONA": "Tanaman Pangan", "KODE": "P-1", "KEPADATAN": 0.0, "JUML_RUMH": 0.0, "LUAS_BID": 257.046053632, "Shape_Leng": 77.643778807700002, "Shape_Area": 257.04605361599999 }, "geometry": { "type": "MultiPolygon", "coordinates": [ [ [ [ 110.638657119270192, -7.586771308994166, 0.0 ], [ 110.63853767988175, -7.587035107483345, 0.0 ], [ 110.638524532310328, -7.587013392650783, 0.0 ], [ 110.638483829516531, -7.586958014493879, 0.0 ], [ 110.63858502924262, -7.586739922526212, 0.0 ], [ 110.638657119270192, -7.586771308994166, 0.0 ] ] ] ] } },
{ "type": "Feature", "properties": { "OBJECTID": 569, "ZONA": "Pertanian", "SUB_ZONA": "Tanaman Pangan", "KODE": "P-1", "KEPADATAN": 0.0, "JUML_RUMH": 0.0, "LUAS_BID": 259.24084370999998, "Shape_Leng": 70.571998981099995, "Shape_Area": 259.24084370600002 }, "geometry": { "type": "MultiPolygon", "coordinates": [ [ [ [ 110.63858502924262, -7.586739922526212, 0.0 ], [ 110.638483829516531, -7.586958014493879, 0.0 ], [ 110.638416720181283, -7.586866713476396, 0.0 ], [ 110.638416694820819, -7.58686668631864, 0.0 ], [ 110.638491891565991, -7.586699369877716, 0.0 ], [ 110.63858502924262, -7.586739922526212, 0.0 ] ] ] ] } },
{ "type": "Feature", "properties": { "OBJECTID": 570, "ZONA": "Pertanian", "SUB_ZONA": "Tanaman Pangan", "KODE": "P-1", "KEPADATAN": 0.0, "JUML_RUMH": 0.0, "LUAS_BID": 189.63262501400001, "Shape_Leng": 57.956047338700003, "Shape_Area": 189.63262501599999 }, "geometry": { "type": "MultiPolygon", "coordinates": [ [ [ [ 110.638491891565991, -7.586699369877716, 0.0 ], [ 110.638416694820819, -7.58686668631864, 0.0 ], [ 110.638345825107322, -7.586790670961897, 0.0 ], [ 110.638404564530788, -7.586661349369151, 0.0 ], [ 110.638491891565991, -7.586699369877716, 0.0 ] ] ] ] } },
{ "type": "Feature", "properties": { "OBJECTID": 571, "ZONA": "Pertanian", "SUB_ZONA": "Tanaman Pangan", "KODE": "P-1", "KEPADATAN": 0.0, "JUML_RUMH": 0.0, "LUAS_BID": 137.864782999, "Shape_Leng": 48.316694651799999, "Shape_Area": 137.86478297900001 }, "geometry": { "type": "MultiPolygon", "coordinates": [ [ [ [ 110.638404564530788, -7.586661349369151, 0.0 ], [ 110.638345825107322, -7.586790670961897, 0.0 ], [ 110.638293903271261, -7.586734979528719, 0.0 ], [ 110.638277400179504, -7.586718125693608, 0.0 ], [ 110.638319457729452, -7.586624294041649, 0.0 ], [ 110.638404564530788, -7.586661349369151, 0.0 ] ] ] ] } },
{ "type": "Feature", "properties": { "OBJECTID": 572, "ZONA": "Pertanian", "SUB_ZONA": "Tanaman Pangan", "KODE": "P-1", "KEPADATAN": 0.0, "JUML_RUMH": 0.0, "LUAS_BID": 106.19627784399999, "Shape_Leng": 42.475086629700002, "Shape_Area": 106.19627784799999 }, "geometry": { "type": "MultiPolygon", "coordinates": [ [ [ [ 110.638319457729452, -7.586624294041649, 0.0 ], [ 110.638277400179504, -7.586718125693608, 0.0 ], [ 110.638197875582165, -7.586636913681318, 0.0 ], [ 110.638221832597424, -7.586580644930415, 0.0 ], [ 110.638227094005813, -7.58658299662842, 0.0 ], [ 110.638319457729452, -7.586624294041649, 0.0 ] ] ] ] } },
{ "type": "Feature", "properties": { "OBJECTID": 573, "ZONA": "Pertanian", "SUB_ZONA": "Tanaman Pangan", "KODE": "P-1", "KEPADATAN": 0.0, "JUML_RUMH": 0.0, "LUAS_BID": 43.195088496899999, "Shape_Leng": 28.037526401000001, "Shape_Area": 43.1950884934 }, "geometry": { "type": "MultiPolygon", "coordinates": [ [ [ [ 110.638221832597424, -7.586580644930415, 0.0 ], [ 110.638197875582165, -7.586636913681318, 0.0 ], [ 110.638156104300862, -7.586594258085086, 0.0 ], [ 110.63813972105369, -7.58656852160991, 0.0 ], [ 110.638148749239832, -7.586547967670384, 0.0 ], [ 110.638221832597424, -7.586580644930415, 0.0 ] ] ] ] } },
{ "type": "Feature", "properties": { "OBJECTID": 574, "ZONA": "Pertanian", "SUB_ZONA": "Tanaman Pangan", "KODE": "P-1", "KEPADATAN": 0.0, "JUML_RUMH": 0.0, "LUAS_BID": 4.6347964531, "Shape_Leng": 10.719501731499999, "Shape_Area": 4.6347964501199996 }, "geometry": { "type": "MultiPolygon", "coordinates": [ [ [ [ 110.638148749239832, -7.586547967670384, 0.0 ], [ 110.63813972105369, -7.58656852160991, 0.0 ], [ 110.638117838703067, -7.58653414567197, 0.0 ], [ 110.638148749239832, -7.586547967670384, 0.0 ] ] ] ] } },
{ "type": "Feature", "properties": { "OBJECTID": 575, "ZONA": "Pertanian", "SUB_ZONA": "Tanaman Pangan", "KODE": "P-1", "KEPADATAN": 0.0, "JUML_RUMH": 0.0, "LUAS_BID": 1951.6859380200001, "Shape_Leng": 320.53185573600001, "Shape_Area": 1951.6859377799999 }, "geometry": { "type": "MultiPolygon", "coordinates": [ [ [ [ 110.63928048711837, -7.585544206995942, 0.0 ], [ 110.639229722553054, -7.585652225825497, 0.0 ], [ 110.638737265072436, -7.586746989661933, 0.0 ], [ 110.638622850441692, -7.58669717390456, 0.0 ], [ 110.639179249197468, -7.585481411092753, 0.0 ], [ 110.639220004103763, -7.585509010325541, 0.0 ], [ 110.639247631967592, -7.585525087292935, 0.0 ], [ 110.63928048711837, -7.585544206995942, 0.0 ] ] ] ] } },
{ "type": "Feature", "properties": { "OBJECTID": 576, "ZONA": "Pertanian", "SUB_ZONA": "Tanaman Pangan", "KODE": "P-1", "KEPADATAN": 0.0, "JUML_RUMH": 0.0, "LUAS_BID": 1172.8735461399999, "Shape_Leng": 319.57679200400003, "Shape_Area": 1172.87354626 }, "geometry": { "type": "MultiPolygon", "coordinates": [ [ [ [ 110.63780068242508, -7.584818840827883, 0.0 ], [ 110.63722662377387, -7.586077267587299, 0.0 ], [ 110.637162868013149, -7.586047776555582, 0.0 ], [ 110.637730899637916, -7.58480404932104, 0.0 ], [ 110.63780068242508, -7.584818840827883, 0.0 ] ] ] ] } },
{ "type": "Feature", "properties": { "OBJECTID": 577, "ZONA": "Pertanian", "SUB_ZONA": "Tanaman Pangan", "KODE": "P-1", "KEPADATAN": 0.0, "JUML_RUMH": 0.0, "LUAS_BID": 1592.6951267300001, "Shape_Leng": 182.712370488, "Shape_Area": 1592.6951267300001 }, "geometry": { "type": "MultiPolygon", "coordinates": [ [ [ [ 110.642738743621493, -7.591261941878179, 0.0 ], [ 110.642519519599375, -7.591571599105588, 0.0 ], [ 110.642413969951775, -7.591586828219214, 0.0 ], [ 110.642172239499999, -7.591529189993403, 0.0 ], [ 110.642145890341766, -7.591515242665893, 0.0 ], [ 110.642074420136268, -7.591477415000121, 0.0 ], [ 110.64202878412911, -7.591413037277649, 0.0 ], [ 110.642046128405497, -7.591409572640506, 0.0 ], [ 110.642263343923275, -7.59134974686442, 0.0 ], [ 110.642389867810039, -7.591307780997477, 0.0 ], [ 110.642581690631602, -7.591262375397658, 0.0 ], [ 110.642613831688564, -7.591256628046414, 0.0 ], [ 110.642646413988871, -7.591254472141773, 0.0 ], [ 110.642679034095408, -7.591255935393253, 0.0 ], [ 110.642738743621493, -7.591261941878179, 0.0 ] ] ] ] } },
{ "type": "Feature", "properties": { "OBJECTID": 578, "ZONA": "Pertanian", "SUB_ZONA": "Tanaman Pangan", "KODE": "P-1", "KEPADATAN": 0.0, "JUML_RUMH": 0.0, "LUAS_BID": 2686.8027926099999, "Shape_Leng": 234.928280325, "Shape_Area": 2686.80279268 }, "geometry": { "type": "MultiPolygon", "coordinates": [ [ [ [ 110.641203517834512, -7.58712851954238, 0.0 ], [ 110.64093002968994, -7.587891406881262, 0.0 ], [ 110.6407887306422, -7.587761100196063, 0.0 ], [ 110.640778690211221, -7.587750736548529, 0.0 ], [ 110.640707926241063, -7.587668960526107, 0.0 ], [ 110.640693712660678, -7.587654633283996, 0.0 ], [ 110.640785400486109, -7.587453479759495, 0.0 ], [ 110.640824528634298, -7.587271021580222, 0.0 ], [ 110.640854221469439, -7.587163965700262, 0.0 ], [ 110.640872644001448, -7.587097546722454, 0.0 ], [ 110.640897000700207, -7.587032278715478, 0.0 ], [ 110.641081907682505, -7.587110283756449, 0.0 ], [ 110.641203517834512, -7.58712851954238, 0.0 ] ] ] ] } },
{ "type": "Feature", "properties": { "OBJECTID": 579, "ZONA": "Pertanian", "SUB_ZONA": "Tanaman Pangan", "KODE": "P-1", "KEPADATAN": 0.0, "JUML_RUMH": 0.0, "LUAS_BID": 645.95336338699997, "Shape_Leng": 116.513154865, "Shape_Area": 645.95336340200004 }, "geometry": { "type": "MultiPolygon", "coordinates": [ [ [ [ 110.645197487121436, -7.592591567164089, 0.0 ], [ 110.645136754283257, -7.592570680227021, 0.0 ], [ 110.645005653773453, -7.592525594115405, 0.0 ], [ 110.644873883535041, -7.592340004559806, 0.0 ], [ 110.644861974237088, -7.59223827932634, 0.0 ], [ 110.645032812477581, -7.592313211193494, 0.0 ], [ 110.645176597645502, -7.592471885501982, 0.0 ], [ 110.645197487121436, -7.592591567164089, 0.0 ] ] ] ] } },
{ "type": "Feature", "properties": { "OBJECTID": 580, "ZONA": "Pertanian", "SUB_ZONA": "Tanaman Pangan", "KODE": "P-1", "KEPADATAN": 0.0, "JUML_RUMH": 0.0, "LUAS_BID": 1446.47277637, "Shape_Leng": 159.73628348299999, "Shape_Area": 1446.4727763599999 }, "geometry": { "type": "MultiPolygon", "coordinates": [ [ [ [ 110.650210576408924, -7.588851056649162, 0.0 ], [ 110.650170459951553, -7.588851024374208, 0.0 ], [ 110.650040873396406, -7.588929899636756, 0.0 ], [ 110.649953546655198, -7.588942276037815, 0.0 ], [ 110.649956026119639, -7.588489266174035, 0.0 ], [ 110.650000686740285, -7.588469504095972, 0.0 ], [ 110.650053700170844, -7.588448738345912, 0.0 ], [ 110.650108316228767, -7.588432632345008, 0.0 ], [ 110.650164125061735, -7.588421304259881, 0.0 ], [ 110.650220706871906, -7.588414839685361, 0.0 ], [ 110.650210576408924, -7.588851056649162, 0.0 ] ] ] ] } },
{ "type": "Feature", "properties": { "OBJECTID": 581, "ZONA": "Pertanian", "SUB_ZONA": "Tanaman Pangan", "KODE": "P-1", "KEPADATAN": 0.0, "JUML_RUMH": 0.0, "LUAS_BID": 969.20041856199998, "Shape_Leng": 139.220745279, "Shape_Area": 969.20041860200001 }, "geometry": { "type": "MultiPolygon", "coordinates": [ [ [ [ 110.64896713074431, -7.588320817558908, 0.0 ], [ 110.648916966000698, -7.58832214474786, 0.0 ], [ 110.648849946413392, -7.588322797089278, 0.0 ], [ 110.648799953677837, -7.588322179607273, 0.0 ], [ 110.648782453392457, -7.588321482532269, 0.0 ], [ 110.648765045881433, -7.588320407426913, 0.0 ], [ 110.648788962232786, -7.587921609617642, 0.0 ], [ 110.648798397890175, -7.587925653369224, 0.0 ], [ 110.648942303918446, -7.587935343394909, 0.0 ], [ 110.6489896955392, -7.587885885226351, 0.0 ], [ 110.64896713074431, -7.588320817558908, 0.0 ] ] ] ] } },
{ "type": "Feature", "properties": { "OBJECTID": 582, "ZONA": "Pertanian", "SUB_ZONA": "Tanaman Pangan", "KODE": "P-1", "KEPADATAN": 0.0, "JUML_RUMH": 0.0, "LUAS_BID": 323.88705851600002, "Shape_Leng": 73.675189326500004, "Shape_Area": 323.887058508 }, "geometry": { "type": "MultiPolygon", "coordinates": [ [ [ [ 110.648991775935087, -7.587845782489808, 0.0 ], [ 110.6489896955392, -7.587885885226351, 0.0 ], [ 110.648942303918446, -7.587935343394909, 0.0 ], [ 110.648798397890175, -7.587925653369224, 0.0 ], [ 110.648788962232786, -7.587921609617642, 0.0 ], [ 110.648799977975344, -7.587737928425561, 0.0 ], [ 110.648991775935087, -7.587845782489808, 0.0 ] ] ] ] } },
{ "type": "Feature", "properties": { "OBJECTID": 583, "ZONA": "Pertanian", "SUB_ZONA": "Tanaman Pangan", "KODE": "P-1", "KEPADATAN": 0.0, "JUML_RUMH": 0.0, "LUAS_BID": 1715.6787948000001, "Shape_Leng": 280.68220985, "Shape_Area": 1715.6787515599999 }, "geometry": { "type": "MultiPolygon", "coordinates": [ [ [ [ 110.654627733474783, -7.58748448875136, 0.0 ], [ 110.654635610566643, -7.587487731512165, 0.0 ], [ 110.65463153489695, -7.588636446003703, 0.0 ], [ 110.654495451200106, -7.588649236873943, 0.0 ], [ 110.654492987812915, -7.587988514847522, 0.0 ], [ 110.6545208431953, -7.587922649048225, 0.0 ], [ 110.654532766024943, -7.587889759782794, 0.0 ], [ 110.654541183186495, -7.587855807591135, 0.0 ], [ 110.654546004636217, -7.587821164174889, 0.0 ], [ 110.654552038310868, -7.587751078464685, 0.0 ], [ 110.654527974244544, -7.587611144280546, 0.0 ], [ 110.654529539718055, -7.587547680900376, 0.0 ], [ 110.654530738126979, -7.587536372176197, 0.0 ], [ 110.654533743006652, -7.587525403191405, 0.0 ], [ 110.65453811745725, -7.587515841880691, 0.0 ], [ 110.654543551591217, -7.587509772097222, 0.0 ], [ 110.654556339294459, -7.587499550811041, 0.0 ], [ 110.654570646380392, -7.587491582173743, 0.0 ], [ 110.654586077419509, -7.587486087487533, 0.0 ], [ 110.654595519506927, -7.587484407083731, 0.0 ], [ 110.654602208029331, -7.587483217476302, 0.0 ], [ 110.654618592126681, -7.587483052291247, 0.0 ], [ 110.654627733474783, -7.58748448875136, 0.0 ] ] ] ] } },
{ "type": "Feature", "properties": { "OBJECTID": 584, "ZONA": "Pertanian", "SUB_ZONA": "Tanaman Pangan", "KODE": "P-1", "KEPADATAN": 0.0, "JUML_RUMH": 0.0, "LUAS_BID": 398.46146718099999, "Shape_Leng": 88.076473374000003, "Shape_Area": 398.46146716200002 }, "geometry": { "type": "MultiPolygon", "coordinates": [ [ [ [ 110.654630860201053, -7.588826491076765, 0.0 ], [ 110.654496544445806, -7.588942347662622, 0.0 ], [ 110.654495451200106, -7.588649236873943, 0.0 ], [ 110.65463153489695, -7.588636446003703, 0.0 ], [ 110.654630860201053, -7.588826491076765, 0.0 ] ] ] ] } },
{ "type": "Feature", "properties": { "OBJECTID": 585, "ZONA": "Perumahan", "SUB_ZONA": "Rumah Kepadatan Sedang", "KODE": "R-3", "KEPADATAN": 29.080045791300002, "JUML_RUMH": 21.0, "LUAS_BID": 7221.44667536, "Shape_Leng": 425.93598906800003, "Shape_Area": 7221.4466753899997 }, "geometry": { "type": "MultiPolygon", "coordinates": [ [ [ [ 110.648395122636927, -7.594554511086891, 0.0 ], [ 110.648366028680101, -7.594550908212867, 0.0 ], [ 110.648337946340405, -7.59454743098446, 0.0 ], [ 110.648335245254586, -7.594546868877977, 0.0 ], [ 110.648332671437601, -7.594545875401218, 0.0 ], [ 110.648330294671567, -7.594544478651915, 0.0 ], [ 110.648328178387558, -7.594542713054518, 0.0 ], [ 110.648326377847326, -7.594540625690684, 0.0 ], [ 110.648324942865202, -7.594538273587798, 0.0 ], [ 110.648323911464388, -7.594535721000111, 0.0 ], [ 110.648323309881349, -7.594533033981458, 0.0 ], [ 110.648321994905828, -7.59452357216447, 0.0 ], [ 110.648319957839306, -7.594514689583495, 0.0 ], [ 110.648318700371078, -7.594509203337263, 0.0 ], [ 110.648312961119032, -7.594495618590466, 0.0 ], [ 110.648304949964782, -7.594483233255159, 0.0 ], [ 110.648294910470796, -7.59447241839638, 0.0 ], [ 110.648283144252972, -7.594463503516604, 0.0 ], [ 110.648235442915194, -7.594433501477817, 0.0 ], [ 110.648225298276003, -7.59442824502984, 0.0 ], [ 110.648214420617634, -7.59442474373159, 0.0 ], [ 110.648203109933874, -7.594423091899741, 0.0 ], [ 110.648153653348402, -7.59442003877636, 0.0 ], [ 110.64800159046969, -7.594410648432491, 0.0 ], [ 110.647986665653207, -7.594409728166644, 0.0 ], [ 110.647981356558716, -7.594408973988276, 0.0 ], [ 110.647976234890763, -7.5944073895792, 0.0 ], [ 110.647971429346612, -7.594405016653259, 0.0 ], [ 110.647967062265835, -7.59440191139207, 0.0 ], [ 110.647963243274134, -7.594398157103647, 0.0 ], [ 110.647960068392948, -7.594393844321387, 0.0 ], [ 110.647937234078512, -7.594357014004286, 0.0 ], [ 110.647931731041012, -7.594349503538639, 0.0 ], [ 110.64792513211799, -7.59434293201872, 0.0 ], [ 110.647917596736875, -7.594337455157315, 0.0 ], [ 110.647909305197899, -7.594333201547424, 0.0 ], [ 110.647732388281042, -7.59425911882762, 0.0 ], [ 110.647604474209871, -7.594180901257728, 0.0 ], [ 110.647833698954585, -7.593868036518852, 0.0 ], [ 110.64791294205628, -7.593759879641219, 0.0 ], [ 110.647979290334035, -7.593657207479233, 0.0 ], [ 110.648164616939837, -7.593370416983925, 0.0 ], [ 110.648316297698798, -7.593135695271888, 0.0 ], [ 110.648338029774266, -7.593102065177517, 0.0 ], [ 110.648386706616236, -7.593022520806556, 0.0 ], [ 110.648395122636927, -7.594554511086891, 0.0 ] ] ] ] } },
{ "type": "Feature", "properties": { "OBJECTID": 586, "ZONA": "Perumahan", "SUB_ZONA": "Rumah Kepadatan Sedang", "KODE": "R-3", "KEPADATAN": 19.275936169000001, "JUML_RUMH": 27.0, "LUAS_BID": 14844.8401691, "Shape_Leng": 582.803493, "Shape_Area": 14844.840154400001 }, "geometry": { "type": "MultiPolygon", "coordinates": [ [ [ [ 110.652093516844673, -7.591887860613263, 0.0 ], [ 110.652097026108166, -7.591887863422299, 0.0 ], [ 110.652099291437338, -7.591888045242357, 0.0 ], [ 110.652101499367916, -7.591888582507206, 0.0 ], [ 110.652103594610395, -7.591889462508798, 0.0 ], [ 110.652105522790592, -7.591890661685138, 0.0 ], [ 110.652107237698289, -7.591892150148863, 0.0 ], [ 110.652108694035732, -7.5918938907769, 0.0 ], [ 110.652109856483008, -7.59189583921771, 0.0 ], [ 110.652110695161724, -7.591897948410454, 0.0 ], [ 110.652111188360422, -7.591900161350662, 0.0 ], [ 110.652111324337554, -7.591902423755554, 0.0 ], [ 110.652102146211419, -7.592370583239624, 0.0 ], [ 110.652102127311593, -7.592371539340789, 0.0 ], [ 110.652101980225581, -7.592372945808531, 0.0 ], [ 110.652101599283753, -7.592374308670362, 0.0 ], [ 110.652100994490198, -7.592375588133779, 0.0 ], [ 110.652100184005064, -7.592376748031075, 0.0 ], [ 110.652099189612542, -7.592377754911078, 0.0 ], [ 110.652098040342693, -7.59237858346947, 0.0 ], [ 110.652096767947427, -7.592379205690391, 0.0 ], [ 110.652095408700518, -7.592379607129967, 0.0 ], [ 110.652094001592474, -7.59237977696476, 0.0 ], [ 110.6520719145973, -7.592380554388414, 0.0 ], [ 110.651931883427949, -7.592385483355146, 0.0 ], [ 110.651852112002928, -7.592387899753728, 0.0 ], [ 110.651599937943899, -7.592395542889227, 0.0 ], [ 110.651404278012038, -7.59240147275415, 0.0 ], [ 110.65118600629269, -7.592408050136483, 0.0 ], [ 110.65106001220154, -7.592411847632655, 0.0 ], [ 110.650909196065157, -7.592416392218555, 0.0 ], [ 110.650677868684525, -7.592426805031867, 0.0 ], [ 110.650424338083283, -7.592438216584026, 0.0 ], [ 110.650244541082515, -7.592446308815056, 0.0 ], [ 110.650156969335157, -7.592450250942472, 0.0 ], [ 110.650064691381147, -7.592453424912629, 0.0 ], [ 110.650055590280928, -7.592161121041638, 0.0 ], [ 110.650216598099163, -7.592056389046061, 0.0 ], [ 110.650349572280263, -7.591969892906629, 0.0 ], [ 110.650486725293234, -7.591841147347992, 0.0 ], [ 110.650518290844289, -7.59184863441677, 0.0 ], [ 110.650577854444322, -7.591862759919187, 0.0 ], [ 110.650664195792501, -7.591872402245976, 0.0 ], [ 110.650745773416091, -7.591841355586789, 0.0 ], [ 110.650824561253032, -7.591798339388219, 0.0 ], [ 110.650843534297039, -7.591730042524494, 0.0 ], [ 110.650849820457267, -7.591707414666389, 0.0 ], [ 110.651007648155485, -7.591760658789279, 0.0 ], [ 110.651056043075002, -7.591776985089851, 0.0 ], [ 110.651113612012011, -7.591773441120059, 0.0 ], [ 110.651203571718483, -7.591757957663847, 0.0 ], [ 110.651218436335654, -7.591725492395092, 0.0 ], [ 110.651240814991041, -7.591676615454136, 0.0 ], [ 110.651385234812523, -7.591683736199523, 0.0 ], [ 110.651413507242509, -7.591685129278396, 0.0 ], [ 110.651523843762774, -7.591682825203413, 0.0 ], [ 110.651564645510419, -7.591651744787224, 0.0 ], [ 110.651590457872985, -7.591670760262396, 0.0 ], [ 110.651638418307257, -7.591685159444957, 0.0 ], [ 110.651676776096309, -7.591709122944426, 0.0 ], [ 110.651715140574709, -7.591725906980544, 0.0 ], [ 110.651777495476509, -7.591735529864599, 0.0 ], [ 110.65181587344172, -7.591735560610514, 0.0 ], [ 110.651875840144243, -7.591733216092964, 0.0 ], [ 110.651878017601206, -7.59183698947264, 0.0 ], [ 110.651878150313323, -7.591843308811198, 0.0 ], [ 110.651956500704742, -7.591870651177043, 0.0 ], [ 110.651981260775884, -7.591879291428006, 0.0 ], [ 110.652012413967455, -7.591887795685497, 0.0 ], [ 110.652029334685295, -7.591892416139537, 0.0 ], [ 110.652060396337504, -7.591900894992787, 0.0 ], [ 110.652093516844673, -7.591887860613263, 0.0 ] ] ] ] } },
{ "type": "Feature", "properties": { "OBJECTID": 587, "ZONA": "Perumahan", "SUB_ZONA": "Rumah Kepadatan Sedang", "KODE": "R-3", "KEPADATAN": 32.455037507299998, "JUML_RUMH": 6.0, "LUAS_BID": 1848.7114669, "Shape_Leng": 232.772526032, "Shape_Area": 1848.7114669499999 }, "geometry": { "type": "MultiPolygon", "coordinates": [ [ [ [ 110.64202878412911, -7.591413037277649, 0.0 ], [ 110.642074420136268, -7.591477415000121, 0.0 ], [ 110.642145890341766, -7.591515242665893, 0.0 ], [ 110.642108815606178, -7.59165167612168, 0.0 ], [ 110.641828167052026, -7.591552264032998, 0.0 ], [ 110.641773017668541, -7.59164565556239, 0.0 ], [ 110.641774881361769, -7.591712669293224, 0.0 ], [ 110.641732594676213, -7.591798794266606, 0.0 ], [ 110.641661287894763, -7.591934724564443, 0.0 ], [ 110.641604982335167, -7.59192989122998, 0.0 ], [ 110.641550485220208, -7.591925212249669, 0.0 ], [ 110.64158345856228, -7.5918045310198, 0.0 ], [ 110.641610810646171, -7.591663801102978, 0.0 ], [ 110.641630431340204, -7.591562845355395, 0.0 ], [ 110.641645634863622, -7.591487605194438, 0.0 ], [ 110.641675570370523, -7.591339454616009, 0.0 ], [ 110.641676425878771, -7.591336502851671, 0.0 ], [ 110.641677756269402, -7.591333732389951, 0.0 ], [ 110.641679524311712, -7.591331218278248, 0.0 ], [ 110.641681682810415, -7.591329026510226, 0.0 ], [ 110.641684173694614, -7.591327219452331, 0.0 ], [ 110.641686927119537, -7.59132584589302, 0.0 ], [ 110.641689870531224, -7.591324941954657, 0.0 ], [ 110.641692922317731, -7.591324534706673, 0.0 ], [ 110.641695999977017, -7.59132463131747, 0.0 ], [ 110.641699019198455, -7.591325233526696, 0.0 ], [ 110.641843604225159, -7.591366642939376, 0.0 ], [ 110.641976295105252, -7.591408330156868, 0.0 ], [ 110.641993504410564, -7.591412409404896, 0.0 ], [ 110.642011121919012, -7.591413988796604, 0.0 ], [ 110.64202878412911, -7.591413037277649, 0.0 ] ] ] ] } },
{ "type": "Feature", "properties": { "OBJECTID": 588, "ZONA": "Perumahan", "SUB_ZONA": "Rumah Kepadatan Sedang", "KODE": "R-3", "KEPADATAN": 34.029492738199998, "JUML_RUMH": 16.0, "LUAS_BID": 4701.8038508700001, "Shape_Leng": 270.49313421900001, "Shape_Area": 4701.80392837 }, "geometry": { "type": "MultiPolygon", "coordinates": [ [ [ [ 110.641522942508033, -7.591922847639075, 0.0 ], [ 110.641463470591603, -7.591917743021811, 0.0 ], [ 110.641433952644263, -7.591915209433401, 0.0 ], [ 110.641381429862264, -7.591910701212761, 0.0 ], [ 110.641329468199345, -7.591906238676648, 0.0 ], [ 110.641293757816058, -7.591901255859365, 0.0 ], [ 110.641258779412226, -7.591892520642279, 0.0 ], [ 110.641224926347888, -7.591880134660548, 0.0 ], [ 110.641175986270923, -7.591859221639377, 0.0 ], [ 110.641113248839375, -7.591832413990894, 0.0 ], [ 110.641082324406966, -7.591816193291978, 0.0 ], [ 110.641054357396797, -7.591795301194815, 0.0 ], [ 110.641031765492031, -7.591772031840552, 0.0 ], [ 110.64103004995097, -7.591770262922121, 0.0 ], [ 110.640993604148534, -7.591726209909957, 0.0 ], [ 110.640981664148342, -7.591711778718294, 0.0 ], [ 110.640978636406373, -7.59170833257433, 0.0 ], [ 110.640928297829319, -7.591651033528898, 0.0 ], [ 110.640912650124704, -7.591633221662007, 0.0 ], [ 110.640870820079641, -7.591598219697651, 0.0 ], [ 110.64082827503583, -7.591567269547536, 0.0 ], [ 110.640916261941683, -7.591205907172395, 0.0 ], [ 110.64109217269322, -7.591257150803767, 0.0 ], [ 110.641200259069706, -7.591288636258724, 0.0 ], [ 110.641231173351784, -7.591297378978615, 0.0 ], [ 110.641339359300048, -7.591327976208427, 0.0 ], [ 110.641409398393719, -7.591347785871978, 0.0 ], [ 110.641492124418079, -7.591371183506391, 0.0 ], [ 110.641613527540216, -7.591405518340169, 0.0 ], [ 110.641616981333797, -7.591406811988787, 0.0 ], [ 110.641620172678216, -7.591408656295354, 0.0 ], [ 110.641623015490893, -7.591411003247479, 0.0 ], [ 110.641625430050865, -7.591413785842291, 0.0 ], [ 110.641627352055977, -7.591416928044132, 0.0 ], [ 110.641628726277844, -7.591420343874663, 0.0 ], [ 110.641629516533101, -7.591423938325727, 0.0 ], [ 110.641629701143927, -7.591427615496567, 0.0 ], [ 110.641629273850583, -7.591431271358119, 0.0 ], [ 110.641603751367768, -7.591557582361501, 0.0 ], [ 110.641556952469571, -7.591798371751204, 0.0 ], [ 110.641522942508033, -7.591922847639075, 0.0 ] ] ] ] } },
{ "type": "Feature", "properties": { "OBJECTID": 589, "ZONA": "Perumahan", "SUB_ZONA": "Rumah Kepadatan Sedang", "KODE": "R-3", "KEPADATAN": 37.190049066100002, "JUML_RUMH": 10.0, "LUAS_BID": 2688.8913166299999, "Shape_Leng": 204.23912191100001, "Shape_Area": 2688.89131666 }, "geometry": { "type": "MultiPolygon", "coordinates": [ [ [ [ 110.643281405189981, -7.591335160889172, 0.0 ], [ 110.643278316214179, -7.591335594349975, 0.0 ], [ 110.643275199579747, -7.591335488672801, 0.0 ], [ 110.64308024716135, -7.591311901541966, 0.0 ], [ 110.64295369171856, -7.591296590211775, 0.0 ], [ 110.642918936670583, -7.591289645428087, 0.0 ], [ 110.642789068077604, -7.591253130351132, 0.0 ], [ 110.642771493647999, -7.591248786704164, 0.0 ], [ 110.642769648372308, -7.591248227981285, 0.0 ], [ 110.642767922100333, -7.591247371757368, 0.0 ], [ 110.64276636376934, -7.591246237972851, 0.0 ], [ 110.642765015957295, -7.591244862844954, 0.0 ], [ 110.642763916709441, -7.591243282587196, 0.0 ], [ 110.642763096812615, -7.591241540643535, 0.0 ], [ 110.642762578888039, -7.591239688592273, 0.0 ], [ 110.642762378307438, -7.59123777438747, 0.0 ], [ 110.642762499557293, -7.591235854115271, 0.0 ], [ 110.642762939873876, -7.591233981142204, 0.0 ], [ 110.642809203291691, -7.591091892648782, 0.0 ], [ 110.642875409650273, -7.59088854863919, 0.0 ], [ 110.642877044611893, -7.590884704715859, 0.0 ], [ 110.642879323849286, -7.590881201434783, 0.0 ], [ 110.642882177469318, -7.590878146380699, 0.0 ], [ 110.642885519273705, -7.590875631747449, 0.0 ], [ 110.642889247664726, -7.590873735243372, 0.0 ], [ 110.642893249278259, -7.5908725119532, 0.0 ], [ 110.64289740351191, -7.59087199976921, 0.0 ], [ 110.642972885052529, -7.590869324586389, 0.0 ], [ 110.643030555751523, -7.590869774477436, 0.0 ], [ 110.643245792856774, -7.590871452742169, 0.0 ], [ 110.643335473695217, -7.590873168104355, 0.0 ], [ 110.643338189487011, -7.590873448935874, 0.0 ], [ 110.643340820599235, -7.590874179262131, 0.0 ], [ 110.643343291805451, -7.590875338216638, 0.0 ], [ 110.64334553332823, -7.590876893178111, 0.0 ], [ 110.643347482649972, -7.590878802485727, 0.0 ], [ 110.643349083611568, -7.590881009106357, 0.0 ], [ 110.643350292749361, -7.590883451494572, 0.0 ], [ 110.643351074763842, -7.590886061779721, 0.0 ], [ 110.643351407958178, -7.590888766674992, 0.0 ], [ 110.643351283331754, -7.590891487476621, 0.0 ], [ 110.64330783431933, -7.591223523306543, 0.0 ], [ 110.643295210868558, -7.591319985631868, 0.0 ], [ 110.643294540234407, -7.591323026198086, 0.0 ], [ 110.643293354814702, -7.591325902617239, 0.0 ], [ 110.643291688218184, -7.591328534411449, 0.0 ], [ 110.643289592186761, -7.591330838404017, 0.0 ], [ 110.643287128421818, -7.591332746803918, 0.0 ], [ 110.643284372213955, -7.591334202685903, 0.0 ], [ 110.643281405189981, -7.591335160889172, 0.0 ] ] ] ] } },
{ "type": "Feature", "properties": { "OBJECTID": 590, "ZONA": "Perumahan", "SUB_ZONA": "Rumah Kepadatan Sedang", "KODE": "R-3", "KEPADATAN": 33.600685263800003, "JUML_RUMH": 15.0, "LUAS_BID": 4464.1946681600002, "Shape_Leng": 330.10064450099998, "Shape_Area": 4464.1946681199997 }, "geometry": { "type": "MultiPolygon", "coordinates": [ [ [ [ 110.64064189052263, -7.591126641265389, 0.0 ], [ 110.640537709870927, -7.591428854867155, 0.0 ], [ 110.640467020919445, -7.591392550861621, 0.0 ], [ 110.640359807237644, -7.591337487803919, 0.0 ], [ 110.640359316096593, -7.59133723593112, 0.0 ], [ 110.640287789881938, -7.591300500636475, 0.0 ], [ 110.640247509192122, -7.591282975005321, 0.0 ], [ 110.64020531129232, -7.591270732196814, 0.0 ], [ 110.640199271728449, -7.591269792791668, 0.0 ], [ 110.640161891333321, -7.591263979024479, 0.0 ], [ 110.640117962680179, -7.591262821911497, 0.0 ], [ 110.640074246022394, -7.591267280450078, 0.0 ], [ 110.640059909655065, -7.591269677409779, 0.0 ], [ 110.639995995312944, -7.591280364265481, 0.0 ], [ 110.639944528570837, -7.591285891888354, 0.0 ], [ 110.639892767713206, -7.591285354216994, 0.0 ], [ 110.639867127770728, -7.59128206119706, 0.0 ], [ 110.639841427096641, -7.591278759984304, 0.0 ], [ 110.639791217382154, -7.591266201139581, 0.0 ], [ 110.639742831032478, -7.591247850122749, 0.0 ], [ 110.639733404612471, -7.591243627081465, 0.0 ], [ 110.63966218993113, -7.591211718652957, 0.0 ], [ 110.639582041822166, -7.591175809193622, 0.0 ], [ 110.639537115462673, -7.591155679049398, 0.0 ], [ 110.639506156548421, -7.591141808249211, 0.0 ], [ 110.63941496265376, -7.591100948917486, 0.0 ], [ 110.639470714135683, -7.590985030251428, 0.0 ], [ 110.639537594347743, -7.590809296221029, 0.0 ], [ 110.639538643225663, -7.590807118921268, 0.0 ], [ 110.639540046390081, -7.590805150867615, 0.0 ], [ 110.639541763906109, -7.590803448109363, 0.0 ], [ 110.639543745871421, -7.590802061260242, 0.0 ], [ 110.639545934233723, -7.590801030072566, 0.0 ], [ 110.639548266417819, -7.590800382535631, 0.0 ], [ 110.6395506753218, -7.590800139398595, 0.0 ], [ 110.63955309022883, -7.590800307839263, 0.0 ], [ 110.639555441339184, -7.590800882372415, 0.0 ], [ 110.639742554226288, -7.590863800972001, 0.0 ], [ 110.639885036625856, -7.590911710318986, 0.0 ], [ 110.639960799348373, -7.590937186564709, 0.0 ], [ 110.639980105281708, -7.590942571996412, 0.0 ], [ 110.640069751307067, -7.590967580307685, 0.0 ], [ 110.64042913400597, -7.5910678356491, 0.0 ], [ 110.64064189052263, -7.591126641265389, 0.0 ] ] ] ] } },
{ "type": "Feature", "properties": { "OBJECTID": 591, "ZONA": "Perumahan", "SUB_ZONA": "Rumah Kepadatan Sedang", "KODE": "R-3", "KEPADATAN": 30.227225029300001, "JUML_RUMH": 15.0, "LUAS_BID": 4962.4138456700002, "Shape_Leng": 335.962394007, "Shape_Area": 4962.4138456199998 }, "geometry": { "type": "MultiPolygon", "coordinates": [ [ [ [ 110.641622723347979, -7.591386107826612, 0.0 ], [ 110.641618510130982, -7.591386682363811, 0.0 ], [ 110.641614258509904, -7.591386559456919, 0.0 ], [ 110.641610085427459, -7.591385741916024, 0.0 ], [ 110.641539441789746, -7.591365760824571, 0.0 ], [ 110.641452665336573, -7.591341219213306, 0.0 ], [ 110.641301743724171, -7.591298534447442, 0.0 ], [ 110.641205272204459, -7.591271249411037, 0.0 ], [ 110.641125940101531, -7.591248141269782, 0.0 ], [ 110.64105951416866, -7.591228789536965, 0.0 ], [ 110.640972940496226, -7.591203571392172, 0.0 ], [ 110.640721510661635, -7.591130328923287, 0.0 ], [ 110.640691113229622, -7.591121474430439, 0.0 ], [ 110.640643551117165, -7.591108329006687, 0.0 ], [ 110.640483898988208, -7.591064200311782, 0.0 ], [ 110.640479257048625, -7.591062504049043, 0.0 ], [ 110.640474948410088, -7.591060088940289, 0.0 ], [ 110.640471084530091, -7.591057012969268, 0.0 ], [ 110.640467765060663, -7.591053358532976, 0.0 ], [ 110.640465076045103, -7.59104922068092, 0.0 ], [ 110.640463088106301, -7.591044705304527, 0.0 ], [ 110.640461851911795, -7.591039931847041, 0.0 ], [ 110.640461399998145, -7.591035019736712, 0.0 ], [ 110.640461744041502, -7.591030100143748, 0.0 ], [ 110.640462874872625, -7.591025297889215, 0.0 ], [ 110.640502367046551, -7.590902898056157, 0.0 ], [ 110.640549086681517, -7.590758098353335, 0.0 ], [ 110.640550464654282, -7.590754802387813, 0.0 ], [ 110.640552372731875, -7.590751779131844, 0.0 ], [ 110.640554757356512, -7.590749114473919, 0.0 ], [ 110.640557554100155, -7.590746884343418, 0.0 ], [ 110.640560683136925, -7.590745148375005, 0.0 ], [ 110.640564058304179, -7.590743955343408, 0.0 ], [ 110.640567584385721, -7.590743339543023, 0.0 ], [ 110.640571164366605, -7.590743318080158, 0.0 ], [ 110.640574698526535, -7.590743890872401, 0.0 ], [ 110.64076404568921, -7.590791045386487, 0.0 ], [ 110.640832966666551, -7.590811125580836, 0.0 ], [ 110.641052388360137, -7.590875052667223, 0.0 ], [ 110.641216088903462, -7.590922745730133, 0.0 ], [ 110.641384861315331, -7.590971914629304, 0.0 ], [ 110.641515751841297, -7.591010048305271, 0.0 ], [ 110.641610160741536, -7.591037554995947, 0.0 ], [ 110.641676749813229, -7.591056954720474, 0.0 ], [ 110.641680559747911, -7.591058406054755, 0.0 ], [ 110.641684084532528, -7.591060453256119, 0.0 ], [ 110.641687232652075, -7.591063040166691, 0.0 ], [ 110.641689921665929, -7.591066099781386, 0.0 ], [ 110.64169208183722, -7.591069550632739, 0.0 ], [ 110.641693656125966, -7.591073304931824, 0.0 ], [ 110.641694602913262, -7.591077263143229, 0.0 ], [ 110.641694897808364, -7.591081321222949, 0.0 ], [ 110.641694533644994, -7.591085375141181, 0.0 ], [ 110.641667519309891, -7.59124199658182, 0.0 ], [ 110.641642455635505, -7.591366034819538, 0.0 ], [ 110.641641274649444, -7.591370112487217, 0.0 ], [ 110.641639439340196, -7.59137394086261, 0.0 ], [ 110.641636999654907, -7.591377415058445, 0.0 ], [ 110.641634021845874, -7.591380445578342, 0.0 ], [ 110.641630585761405, -7.59138294565077, 0.0 ], [ 110.641626785735923, -7.591384851130067, 0.0 ], [ 110.641622723347979, -7.591386107826612, 0.0 ] ] ] ] } },
{ "type": "Feature", "properties": { "OBJECTID": 592, "ZONA": "Perumahan", "SUB_ZONA": "Rumah Kepadatan Tinggi", "KODE": "R-2", "KEPADATAN": 59.687438172699999, "JUML_RUMH": 13.0, "LUAS_BID": 2178.0127272499999, "Shape_Leng": 190.447154864, "Shape_Area": 2178.0127272999998 }, "geometry": { "type": "MultiPolygon", "coordinates": [ [ [ [ 110.639909568719503, -7.59090086783519, 0.0 ], [ 110.639955729065278, -7.590749702384939, 0.0 ], [ 110.640006519042544, -7.590583374079097, 0.0 ], [ 110.640166671969823, -7.5906311242902, 0.0 ], [ 110.640323777870705, -7.590677967367127, 0.0 ], [ 110.640393738878657, -7.5906988255032, 0.0 ], [ 110.640508214170112, -7.590727334992477, 0.0 ], [ 110.640511287416132, -7.590728373250155, 0.0 ], [ 110.64051414993942, -7.590729897079862, 0.0 ], [ 110.640516724717145, -7.59073186571292, 0.0 ], [ 110.640518943800245, -7.590734228438037, 0.0 ], [ 110.640520746504819, -7.590736919172474, 0.0 ], [ 110.640522085747421, -7.590739869131091, 0.0 ], [ 110.640522925335233, -7.590742995064825, 0.0 ], [ 110.640523242669886, -7.590746218258674, 0.0 ], [ 110.640523029668316, -7.590749447345831, 0.0 ], [ 110.640522290931628, -7.590752600015565, 0.0 ], [ 110.640475766700774, -7.59089679292001, 0.0 ], [ 110.640434504911354, -7.591024676511271, 0.0 ], [ 110.640432799032908, -7.591028741981821, 0.0 ], [ 110.640430427129346, -7.591032459552093, 0.0 ], [ 110.640427459093615, -7.591035722542345, 0.0 ], [ 110.640423979312985, -7.591038436948597, 0.0 ], [ 110.640420088479786, -7.591040524157805, 0.0 ], [ 110.640415899962292, -7.591041924563076, 0.0 ], [ 110.640411534365413, -7.591042597559163, 0.0 ], [ 110.640407118626356, -7.591042518828078, 0.0 ], [ 110.64040277874723, -7.591041698424186, 0.0 ], [ 110.640241523696403, -7.590996713511369, 0.0 ], [ 110.640063918319768, -7.59094716689662, 0.0 ], [ 110.639966138810635, -7.590919889554423, 0.0 ], [ 110.639909568719503, -7.59090086783519, 0.0 ] ] ] ] } },
{ "type": "Feature", "properties": { "OBJECTID": 593, "ZONA": "Perumahan", "SUB_ZONA": "Rumah Kepadatan Tinggi", "KODE": "R-2", "KEPADATAN": 41.8601204271, "JUML_RUMH": 16.0, "LUAS_BID": 3822.2536956, "Shape_Leng": 290.02281632799998, "Shape_Area": 3822.2536955800001 }, "geometry": { "type": "MultiPolygon", "coordinates": [ [ [ [ 110.644503104767068, -7.591039464749328, 0.0 ], [ 110.644500361288479, -7.591039778195602, 0.0 ], [ 110.644497601851626, -7.591039653823732, 0.0 ], [ 110.644494896255651, -7.591039098022713, 0.0 ], [ 110.644422085861564, -7.591018016588443, 0.0 ], [ 110.644376505696698, -7.591007755104841, 0.0 ], [ 110.644291608637019, -7.590993961717562, 0.0 ], [ 110.644139324021936, -7.590969223202476, 0.0 ], [ 110.644114862054323, -7.590966556444939, 0.0 ], [ 110.64402212989954, -7.590961339017034, 0.0 ], [ 110.643989391255104, -7.590957419900858, 0.0 ], [ 110.643957406586097, -7.590949427280192, 0.0 ], [ 110.643783746173042, -7.59089421021449, 0.0 ], [ 110.643764360220715, -7.590887953796783, 0.0 ], [ 110.643659770348336, -7.590854195074185, 0.0 ], [ 110.643634352009201, -7.590845989815156, 0.0 ], [ 110.643605008884649, -7.590838188386946, 0.0 ], [ 110.643575007765747, -7.590833495375679, 0.0 ], [ 110.643538163275736, -7.590829694069984, 0.0 ], [ 110.643535885467202, -7.590829267965393, 0.0 ], [ 110.643533708589615, -7.59082847288478, 0.0 ], [ 110.643531692456605, -7.590827331491092, 0.0 ], [ 110.643529891435747, -7.590825874583811, 0.0 ], [ 110.643528355353027, -7.590824143813382, 0.0 ], [ 110.643527125873888, -7.590822182632633, 0.0 ], [ 110.643526235587188, -7.590820048055329, 0.0 ], [ 110.643525708924287, -7.590817795279403, 0.0 ], [ 110.643525561245099, -7.590815486731803, 0.0 ], [ 110.643525796123683, -7.590813185734377, 0.0 ], [ 110.643568560224608, -7.590583819107994, 0.0 ], [ 110.643571099073199, -7.59056998962623, 0.0 ], [ 110.643571930224951, -7.590566874112825, 0.0 ], [ 110.643573240803065, -7.590563926335332, 0.0 ], [ 110.643574999017261, -7.590561220441286, 0.0 ], [ 110.64357716129733, -7.59055882423665, 0.0 ], [ 110.643579673201927, -7.590556796472874, 0.0 ], [ 110.643582473952065, -7.590555185946156, 0.0 ], [ 110.643585491895436, -7.590554035111882, 0.0 ], [ 110.643588654485029, -7.59055337195178, 0.0 ], [ 110.643591882839999, -7.59055320996951, 0.0 ], [ 110.643595095363509, -7.590553558143746, 0.0 ], [ 110.64369399903994, -7.590572194376048, 0.0 ], [ 110.643821179054527, -7.590596155357711, 0.0 ], [ 110.644027856579214, -7.590635097536534, 0.0 ], [ 110.644080993865501, -7.59064404459073, 0.0 ], [ 110.644290705025867, -7.590679350102016, 0.0 ], [ 110.644334161425107, -7.590687020111866, 0.0 ], [ 110.644580034597624, -7.590730416474088, 0.0 ], [ 110.644582597764824, -7.590731092463987, 0.0 ], [ 110.644585012825061, -7.590732181714842, 0.0 ], [ 110.644587213624035, -7.590733655226765, 0.0 ], [ 110.644589140362939, -7.590735472245862, 0.0 ], [ 110.644590738690425, -7.590737582072574, 0.0 ], [ 110.644591964233143, -7.59073992677902, 0.0 ], [ 110.644592784407294, -7.590742443019671, 0.0 ], [ 110.644593175702056, -7.590745058410805, 0.0 ], [ 110.644593127296005, -7.590747703292799, 0.0 ], [ 110.644592641063909, -7.590750302589016, 0.0 ], [ 110.644516574565046, -7.591026991084488, 0.0 ], [ 110.644515635063968, -7.591029581868856, 0.0 ], [ 110.644514297733949, -7.591031994130372, 0.0 ], [ 110.64451259526281, -7.591034164576826, 0.0 ], [ 110.644510570302941, -7.591036038969743, 0.0 ], [ 110.64450827456632, -7.591037570314493, 0.0 ], [ 110.644505765195305, -7.591038722475612, 0.0 ], [ 110.644503104767068, -7.591039464749328, 0.0 ] ] ] ] } },
{ "type": "Feature", "properties": { "OBJECTID": 594, "ZONA": "Perumahan", "SUB_ZONA": "Rumah Kepadatan Tinggi", "KODE": "R-2", "KEPADATAN": 41.545146463800002, "JUML_RUMH": 19.0, "LUAS_BID": 4573.3380712099997, "Shape_Leng": 345.45386746100002, "Shape_Area": 4573.3380712799999 }, "geometry": { "type": "MultiPolygon", "coordinates": [ [ [ [ 110.642595428306706, -7.590825722362363, 0.0 ], [ 110.64251895921808, -7.59101975181494, 0.0 ], [ 110.64233770558441, -7.590993224964079, 0.0 ], [ 110.642283827802459, -7.590990674105182, 0.0 ], [ 110.642220555812713, -7.590987677702513, 0.0 ], [ 110.642115518891998, -7.59098270301619, 0.0 ], [ 110.642030828689428, -7.590978693035439, 0.0 ], [ 110.64196737812145, -7.590975688308007, 0.0 ], [ 110.64197748528666, -7.591072070708411, 0.0 ], [ 110.641986505918396, -7.591158086909991, 0.0 ], [ 110.642003000123793, -7.591315371066808, 0.0 ], [ 110.642011445108963, -7.591395901567703, 0.0 ], [ 110.641996418333008, -7.591394552257928, 0.0 ], [ 110.64198173962096, -7.591391073910306, 0.0 ], [ 110.64184882941727, -7.591349317767715, 0.0 ], [ 110.641699440817874, -7.591306531281854, 0.0 ], [ 110.641696602390198, -7.59130545794819, 0.0 ], [ 110.641693979189355, -7.591303932514122, 0.0 ], [ 110.641691644611441, -7.591301996649689, 0.0 ], [ 110.641689662071499, -7.591299702871414, 0.0 ], [ 110.641688085003551, -7.591297114542235, 0.0 ], [ 110.641686956864319, -7.591294301348769, 0.0 ], [ 110.641686309317137, -7.591291342918033, 0.0 ], [ 110.641686159521285, -7.591288317960493, 0.0 ], [ 110.641686511034791, -7.591285308793658, 0.0 ], [ 110.641694255700017, -7.591246981918964, 0.0 ], [ 110.641702189838355, -7.591200983663762, 0.0 ], [ 110.641716147909378, -7.59112005643451, 0.0 ], [ 110.641730326414546, -7.591037854867034, 0.0 ], [ 110.641749261748146, -7.590928072794181, 0.0 ], [ 110.641761739549139, -7.590855731288577, 0.0 ], [ 110.641822374886274, -7.590549194773157, 0.0 ], [ 110.641823442304698, -7.590545412800807, 0.0 ], [ 110.641825096988285, -7.590541846596571, 0.0 ], [ 110.641827297160901, -7.590538586581603, 0.0 ], [ 110.641829986546966, -7.590535716833216, 0.0 ], [ 110.641833098909288, -7.590533308756707, 0.0 ], [ 110.641836553515674, -7.590531421986221, 0.0 ], [ 110.641840264202841, -7.590530106201337, 0.0 ], [ 110.641844137569407, -7.590529393889098, 0.0 ], [ 110.641848074788143, -7.590529301250071, 0.0 ], [ 110.641851977040048, -7.590529834534745, 0.0 ], [ 110.641950523767633, -7.590551359112331, 0.0 ], [ 110.641963650522698, -7.590554736680452, 0.0 ], [ 110.642024207627543, -7.59057271936987, 0.0 ], [ 110.642086054439858, -7.590591085740028, 0.0 ], [ 110.642109612585912, -7.59059808106974, 0.0 ], [ 110.642140970158039, -7.590610094962209, 0.0 ], [ 110.642198529756072, -7.590637420125417, 0.0 ], [ 110.642291737211266, -7.590681666290601, 0.0 ], [ 110.642311849275529, -7.590691214143856, 0.0 ], [ 110.642373677995366, -7.590720541865753, 0.0 ], [ 110.642595428306706, -7.590825722362363, 0.0 ] ] ] ] } },
{ "type": "Feature", "properties": { "OBJECTID": 595, "ZONA": "Perumahan", "SUB_ZONA": "Rumah Kepadatan Tinggi", "KODE": "R-2", "KEPADATAN": 50.4391546588, "JUML_RUMH": 19.0, "LUAS_BID": 3766.9148360600002, "Shape_Leng": 278.37074786199997, "Shape_Area": 3766.9148360099998 }, "geometry": { "type": "MultiPolygon", "coordinates": [ [ [ [ 110.644823293925654, -7.591130985336076, 0.0 ], [ 110.644819678197152, -7.591131478982806, 0.0 ], [ 110.644816030326552, -7.591131371073533, 0.0 ], [ 110.644812450940151, -7.591130662595051, 0.0 ], [ 110.644704633914927, -7.591099829528376, 0.0 ], [ 110.644549140387838, -7.591054805673874, 0.0 ], [ 110.644547247204358, -7.59105407505366, 0.0 ], [ 110.644545507485574, -7.591053030678039, 0.0 ], [ 110.644543973786881, -7.591051702440319, 0.0 ], [ 110.644542692308121, -7.591050131987868, 0.0 ], [ 110.644541701086496, -7.591048365484136, 0.0 ], [ 110.644541029090718, -7.591046452703387, 0.0 ], [ 110.644540696214378, -7.591044455171708, 0.0 ], [ 110.644540713289217, -7.591042429884963, 0.0 ], [ 110.644541079358959, -7.591040437447621, 0.0 ], [ 110.644585907105565, -7.590877379955709, 0.0 ], [ 110.644627534204005, -7.590725961474822, 0.0 ], [ 110.644724195397359, -7.590374364507296, 0.0 ], [ 110.644726231535572, -7.590368806770393, 0.0 ], [ 110.644729156661981, -7.590363658619273, 0.0 ], [ 110.644732890883716, -7.59035906200397, 0.0 ], [ 110.644737332564915, -7.590355141670081, 0.0 ], [ 110.644742361048543, -7.590352002447495, 0.0 ], [ 110.6447478384665, -7.590349732870012, 0.0 ], [ 110.644753616095173, -7.590348393421312, 0.0 ], [ 110.644759535257464, -7.590348021963089, 0.0 ], [ 110.644765434579682, -7.590348628313581, 0.0 ], [ 110.644795633434299, -7.590354273900855, 0.0 ], [ 110.644903998966257, -7.590381523535088, 0.0 ], [ 110.645048865528267, -7.590417949818515, 0.0 ], [ 110.645162138140478, -7.5904464326881, 0.0 ], [ 110.64531362663179, -7.590484525959771, 0.0 ], [ 110.645316437950811, -7.590485497937628, 0.0 ], [ 110.645319040380414, -7.590486937400492, 0.0 ], [ 110.64532135508648, -7.590488800865365, 0.0 ], [ 110.645323314120859, -7.590491035812549, 0.0 ], [ 110.645324859521509, -7.590493572543963, 0.0 ], [ 110.645325943302126, -7.590496336846837, 0.0 ], [ 110.645326535614814, -7.590499245477697, 0.0 ], [ 110.645326616584413, -7.590502214296625, 0.0 ], [ 110.645326184472708, -7.590505151942013, 0.0 ], [ 110.645325252950542, -7.590507969778542, 0.0 ], [ 110.645277426436564, -7.59061931235439, 0.0 ], [ 110.645271025453184, -7.590631280738908, 0.0 ], [ 110.64526268095112, -7.590641992013574, 0.0 ], [ 110.645252635234684, -7.590651134304161, 0.0 ], [ 110.645241180429153, -7.590658443718632, 0.0 ], [ 110.645228648506517, -7.590663707052595, 0.0 ], [ 110.64521540311911, -7.590666770828229, 0.0 ], [ 110.645130340654447, -7.59067894908307, 0.0 ], [ 110.645107338790922, -7.59068224278866, 0.0 ], [ 110.645068933255004, -7.590688342512586, 0.0 ], [ 110.645049729703999, -7.590692899362885, 0.0 ], [ 110.645031434909242, -7.590700291832857, 0.0 ], [ 110.645014465113633, -7.590710352919649, 0.0 ], [ 110.644999208511365, -7.590722849564984, 0.0 ], [ 110.644986014355212, -7.590737499832809, 0.0 ], [ 110.644975183898481, -7.590753963856307, 0.0 ], [ 110.644966964026892, -7.590771870969342, 0.0 ], [ 110.644950801599052, -7.590815526112479, 0.0 ], [ 110.644890938163869, -7.590977223577584, 0.0 ], [ 110.644839124562097, -7.591117179370041, 0.0 ], [ 110.644837579811934, -7.591120478832511, 0.0 ], [ 110.6448355095078, -7.591123479362087, 0.0 ], [ 110.64483297083359, -7.591126094168117, 0.0 ], [ 110.644830032744267, -7.591128253656128, 0.0 ], [ 110.644826776876855, -7.591129900001231, 0.0 ], [ 110.644823293925654, -7.591130985336076, 0.0 ] ] ] ] } },
{ "type": "Feature", "properties": { "OBJECTID": 596, "ZONA": "Perumahan", "SUB_ZONA": "Rumah Kepadatan Sedang", "KODE": "R-3", "KEPADATAN": 31.032008529700001, "JUML_RUMH": 21.0, "LUAS_BID": 6767.2061832199997, "Shape_Leng": 355.88269429000002, "Shape_Area": 6767.2061832199997 }, "geometry": { "type": "MultiPolygon", "coordinates": [ [ [ [ 110.641693009285689, -7.591031170196492, 0.0 ], [ 110.641690120689134, -7.591031566724428, 0.0 ], [ 110.641687206206328, -7.591031475675519, 0.0 ], [ 110.641684348332504, -7.591030898022312, 0.0 ], [ 110.641477441977443, -7.590970618788466, 0.0 ], [ 110.641239608052956, -7.590901328078599, 0.0 ], [ 110.641116415960951, -7.590865435834809, 0.0 ], [ 110.640975179757248, -7.590824287658993, 0.0 ], [ 110.640771153025739, -7.590764846285149, 0.0 ], [ 110.640587130748202, -7.590719018637551, 0.0 ], [ 110.640583614323731, -7.590717830762322, 0.0 ], [ 110.640580339503202, -7.59071608678515, 0.0 ], [ 110.64057739327697, -7.590713832910324, 0.0 ], [ 110.640574854464433, -7.590711129808244, 0.0 ], [ 110.64057279190321, -7.590708049900254, 0.0 ], [ 110.640571259011281, -7.590704675545115, 0.0 ], [ 110.640570298319787, -7.59070109904266, 0.0 ], [ 110.640569936042013, -7.590697412679214, 0.0 ], [ 110.64057017934843, -7.590693715057276, 0.0 ], [ 110.640571024527191, -7.590690109293122, 0.0 ], [ 110.640684699130091, -7.59033779384581, 0.0 ], [ 110.640686766610457, -7.59033276351197, 0.0 ], [ 110.640689588928964, -7.590328114619939, 0.0 ], [ 110.640693098002856, -7.590323957469194, 0.0 ], [ 110.640697210347128, -7.590320391491823, 0.0 ], [ 110.640701826167955, -7.590317505251791, 0.0 ], [ 110.640706834810942, -7.590315365594726, 0.0 ], [ 110.640712113847883, -7.590314025788212, 0.0 ], [ 110.640717538149644, -7.590313516483717, 0.0 ], [ 110.640722975347572, -7.590313852949294, 0.0 ], [ 110.640995235498423, -7.590351988706977, 0.0 ], [ 110.641083796728893, -7.590367773966455, 0.0 ], [ 110.641326811031874, -7.590411087471304, 0.0 ], [ 110.64138491947169, -7.59042144372786, 0.0 ], [ 110.641417601163809, -7.590427269793687, 0.0 ], [ 110.641430617820944, -7.590430032188901, 0.0 ], [ 110.641472015058326, -7.590440254343639, 0.0 ], [ 110.64156372906244, -7.590462900448164, 0.0 ], [ 110.641703228378731, -7.5904973433369, 0.0 ], [ 110.641783310212929, -7.590514835600281, 0.0 ], [ 110.641786294711324, -7.590515762515532, 0.0 ], [ 110.641789076637664, -7.590517186769475, 0.0 ], [ 110.641791572626232, -7.590519063970165, 0.0 ], [ 110.641793708384256, -7.59052134068761, 0.0 ], [ 110.641795422321806, -7.590523949933957, 0.0 ], [ 110.641796662830799, -7.590526812970337, 0.0 ], [ 110.641797392813103, -7.590529844737928, 0.0 ], [ 110.641797590584162, -7.590532957476992, 0.0 ], [ 110.641797251686853, -7.590536059823724, 0.0 ], [ 110.641748076849581, -7.590784656326447, 0.0 ], [ 110.641734993164292, -7.590850801126234, 0.0 ], [ 110.641727620163891, -7.590893547968128, 0.0 ], [ 110.64170628727851, -7.591017231084177, 0.0 ], [ 110.641705552454582, -7.591020047264778, 0.0 ], [ 110.641704355425304, -7.591022700244366, 0.0 ], [ 110.641702728888561, -7.591025114971794, 0.0 ], [ 110.641700720040348, -7.59102722454882, 0.0 ], [ 110.641698385137644, -7.591028967512031, 0.0 ], [ 110.641695790399027, -7.59103029507, 0.0 ], [ 110.641693009285689, -7.591031170196492, 0.0 ] ] ] ] } },
{ "type": "Feature", "properties": { "OBJECTID": 597, "ZONA": "Perumahan", "SUB_ZONA": "Rumah Kepadatan Sedang", "KODE": "R-3", "KEPADATAN": 34.168034629600001, "JUML_RUMH": 11.0, "LUAS_BID": 3219.3832977100001, "Shape_Leng": 236.18815166300001, "Shape_Area": 3219.3832976499998 }, "geometry": { "type": "MultiPolygon", "coordinates": [ [ [ [ 110.640524273804587, -7.590702093987085, 0.0 ], [ 110.640520543337743, -7.590702114420559, 0.0 ], [ 110.640516861429631, -7.590701518891845, 0.0 ], [ 110.640400929621478, -7.590672646377983, 0.0 ], [ 110.640355062348306, -7.590658971353001, 0.0 ], [ 110.640211025646067, -7.590616025979792, 0.0 ], [ 110.640031411221273, -7.590562473228202, 0.0 ], [ 110.639873510551368, -7.590515394205914, 0.0 ], [ 110.639870103024151, -7.590514077063833, 0.0 ], [ 110.639866947043586, -7.590512240010717, 0.0 ], [ 110.639864120535151, -7.590509928338897, 0.0 ], [ 110.6398616950665, -7.59050720180835, 0.0 ], [ 110.639859730414074, -7.59050412740568, 0.0 ], [ 110.639858277280609, -7.590500782060141, 0.0 ], [ 110.639857370951475, -7.590497249924617, 0.0 ], [ 110.639857034924617, -7.590493617855899, 0.0 ], [ 110.63985727727993, -7.59048998083905, 0.0 ], [ 110.639858091599294, -7.590486425706027, 0.0 ], [ 110.639897912883015, -7.590359763033041, 0.0 ], [ 110.639939978344955, -7.590225965270359, 0.0 ], [ 110.639941157484728, -7.590223031868895, 0.0 ], [ 110.639942778836797, -7.59022031864067, 0.0 ], [ 110.639944801553867, -7.590217888870752, 0.0 ], [ 110.639947177539227, -7.59021580221996, 0.0 ], [ 110.639949848733224, -7.590214107486184, 0.0 ], [ 110.639952751642909, -7.590212846226384, 0.0 ], [ 110.639955815530513, -7.590212050946001, 0.0 ], [ 110.639958965139044, -7.590211737864665, 0.0 ], [ 110.639962126124104, -7.590211915966387, 0.0 ], [ 110.640073691556708, -7.590226957035376, 0.0 ], [ 110.640124654767092, -7.590233747211468, 0.0 ], [ 110.640314182125309, -7.590258999151194, 0.0 ], [ 110.640450936107825, -7.590277220577278, 0.0 ], [ 110.640643548153918, -7.590302882880962, 0.0 ], [ 110.640646541041292, -7.590303527589467, 0.0 ], [ 110.64064939393505, -7.590304636219245, 0.0 ], [ 110.640652035241217, -7.590306180669879, 0.0 ], [ 110.640654397906033, -7.59030812379919, 0.0 ], [ 110.640656422137155, -7.59031041761629, 0.0 ], [ 110.640658057219767, -7.590312999664937, 0.0 ], [ 110.640659261504425, -7.590315807496376, 0.0 ], [ 110.640660004227144, -7.590318770529849, 0.0 ], [ 110.640660268224281, -7.590321815482154, 0.0 ], [ 110.640660044497224, -7.59032486184041, 0.0 ], [ 110.640659341266456, -7.590327835437861, 0.0 ], [ 110.64059568277716, -7.59052513331928, 0.0 ], [ 110.640543548934588, -7.590686715295466, 0.0 ], [ 110.640542113733744, -7.590690150515214, 0.0 ], [ 110.64054012486838, -7.590693300342134, 0.0 ], [ 110.64053763952468, -7.59069607617704, 0.0 ], [ 110.640534725757632, -7.590698401188994, 0.0 ], [ 110.64053146521222, -7.59070020850837, 0.0 ], [ 110.640527948582346, -7.590701451173302, 0.0 ], [ 110.640524273804587, -7.590702093987085, 0.0 ] ] ] ] } },
{ "type": "Feature", "properties": { "OBJECTID": 598, "ZONA": "Perumahan", "SUB_ZONA": "Rumah Kepadatan Tinggi", "KODE": "R-2", "KEPADATAN": 58.344580212300002, "JUML_RUMH": 8.0, "LUAS_BID": 1371.1642059799999, "Shape_Leng": 178.53349664199999, "Shape_Area": 1371.1642059799999 }, "geometry": { "type": "MultiPolygon", "coordinates": [ [ [ [ 110.639711931544454, -7.590832639887851, 0.0 ], [ 110.639709546268605, -7.590832813394572, 0.0 ], [ 110.639707164933725, -7.590832608800382, 0.0 ], [ 110.639704845556679, -7.590832028867014, 0.0 ], [ 110.63956210763051, -7.590784033318266, 0.0 ], [ 110.639560125714553, -7.590783184106422, 0.0 ], [ 110.639558306324673, -7.590782030194156, 0.0 ], [ 110.639556694765744, -7.590780598755694, 0.0 ], [ 110.63955533451815, -7.590778930532078, 0.0 ], [ 110.639554259091838, -7.590777064446989, 0.0 ], [ 110.639553497452653, -7.590775052988658, 0.0 ], [ 110.639553069506206, -7.590772942305923, 0.0 ], [ 110.639552984268306, -7.590770792106925, 0.0 ], [ 110.639553246226441, -7.590768656668718, 0.0 ], [ 110.639553847176515, -7.590766590257819, 0.0 ], [ 110.639591877637997, -7.59066666117613, 0.0 ], [ 110.639640642907125, -7.590507479941675, 0.0 ], [ 110.639733061017481, -7.59020580045091, 0.0 ], [ 110.639734740769256, -7.590201542291142, 0.0 ], [ 110.639737064817197, -7.59019759583239, 0.0 ], [ 110.639739977779101, -7.590194060529851, 0.0 ], [ 110.639743407061886, -7.59019101954247, 0.0 ], [ 110.639747269199191, -7.590188549688292, 0.0 ], [ 110.639751469860414, -7.590186710589776, 0.0 ], [ 110.639755906568823, -7.590185546485226, 0.0 ], [ 110.639760471418938, -7.590185088944675, 0.0 ], [ 110.639765051086343, -7.590185345110628, 0.0 ], [ 110.639898282384067, -7.59020330780018, 0.0 ], [ 110.639901094877757, -7.59020393879597, 0.0 ], [ 110.639903755580676, -7.590205047271331, 0.0 ], [ 110.63990618293289, -7.590206597881018, 0.0 ], [ 110.639908305355576, -7.59020854443343, 0.0 ], [ 110.639910057626182, -7.590210828078432, 0.0 ], [ 110.639911387220678, -7.590213381835427, 0.0 ], [ 110.639912253411396, -7.590216125165213, 0.0 ], [ 110.639912629975399, -7.590218977540667, 0.0 ], [ 110.639912506107891, -7.590221850306361, 0.0 ], [ 110.639911885504304, -7.59022466024629, 0.0 ], [ 110.639808985523274, -7.590551960770588, 0.0 ], [ 110.639723992724612, -7.590822301769935, 0.0 ], [ 110.63972309793148, -7.590824514475561, 0.0 ], [ 110.639721863323373, -7.590826557747655, 0.0 ], [ 110.639720319767378, -7.590828378243025, 0.0 ], [ 110.639718505374688, -7.590829932574618, 0.0 ], [ 110.639716468225501, -7.590831180981825, 0.0 ], [ 110.63971425820715, -7.590832090941996, 0.0 ], [ 110.639711931544454, -7.590832639887851, 0.0 ] ] ] ] } },
{ "type": "Feature", "properties": { "OBJECTID": 599, "ZONA": "Perumahan", "SUB_ZONA": "Rumah Kepadatan Tinggi", "KODE": "R-2", "KEPADATAN": 40.034988506700003, "JUML_RUMH": 20.0, "LUAS_BID": 4995.6302588799999, "Shape_Leng": 314.90827670499999, "Shape_Area": 4995.6302589300003 }, "geometry": { "type": "MultiPolygon", "coordinates": [ [ [ [ 110.644593666127406, -7.590704235297658, 0.0 ], [ 110.644590559199131, -7.59070445799186, 0.0 ], [ 110.644587458130587, -7.590704168712163, 0.0 ], [ 110.644461063558495, -7.590681861217547, 0.0 ], [ 110.644295335900395, -7.590652610695821, 0.0 ], [ 110.644275551383288, -7.590649280213236, 0.0 ], [ 110.644128409773543, -7.590624506107637, 0.0 ], [ 110.644032642468247, -7.590608383588313, 0.0 ], [ 110.643832689601354, -7.590570708777522, 0.0 ], [ 110.643602131891456, -7.590527266665049, 0.0 ], [ 110.643598296260166, -7.590526192526215, 0.0 ], [ 110.643594705021542, -7.590524473639399, 0.0 ], [ 110.643591466014669, -7.59052215893904, 0.0 ], [ 110.643588677993733, -7.590519320870573, 0.0 ], [ 110.643586423386836, -7.590516041816171, 0.0 ], [ 110.643584771912558, -7.590512425856954, 0.0 ], [ 110.643583772438092, -7.590508577961439, 0.0 ], [ 110.643583454782686, -7.590504615746369, 0.0 ], [ 110.643583829726566, -7.59050065862193, 0.0 ], [ 110.643605960848234, -7.59038011846657, 0.0 ], [ 110.643628301399062, -7.590258440549256, 0.0 ], [ 110.643648804745752, -7.590153914216593, 0.0 ], [ 110.643649564787594, -7.590151281677469, 0.0 ], [ 110.643650770713876, -7.59014881594211, 0.0 ], [ 110.643652385288348, -7.590146599294594, 0.0 ], [ 110.64365436041335, -7.590144693205262, 0.0 ], [ 110.64365663711412, -7.590143157326485, 0.0 ], [ 110.643659145547772, -7.590142038637898, 0.0 ], [ 110.643661809535999, -7.590141371450197, 0.0 ], [ 110.643664550195751, -7.590141171980689, 0.0 ], [ 110.643667283209908, -7.590141450110414, 0.0 ], [ 110.64389160787978, -7.590184184234275, 0.0 ], [ 110.644112552607083, -7.590226276860845, 0.0 ], [ 110.64419895762893, -7.590242735427843, 0.0 ], [ 110.644256028784113, -7.590253404334722, 0.0 ], [ 110.644340374707411, -7.590269171917448, 0.0 ], [ 110.644521920370579, -7.590303107382441, 0.0 ], [ 110.644680232970913, -7.590332700910733, 0.0 ], [ 110.644684094906907, -7.590333758779559, 0.0 ], [ 110.644687728791396, -7.590335435178248, 0.0 ], [ 110.644691036752079, -7.590337687512663, 0.0 ], [ 110.644693929094132, -7.590340450581469, 0.0 ], [ 110.644696325194957, -7.590343651049771, 0.0 ], [ 110.64469816166671, -7.590347202932925, 0.0 ], [ 110.644699386011226, -7.590351006686878, 0.0 ], [ 110.644699967489814, -7.590354960071707, 0.0 ], [ 110.644699888059833, -7.59035895543049, 0.0 ], [ 110.644699151438786, -7.59036288150586, 0.0 ], [ 110.644649067338605, -7.590545057033715, 0.0 ], [ 110.644609075129793, -7.590690525782135, 0.0 ], [ 110.644608007537059, -7.590693444815885, 0.0 ], [ 110.644606475965773, -7.59069615089966, 0.0 ], [ 110.64460452127085, -7.590698570797811, 0.0 ], [ 110.644602196992139, -7.590700639426092, 0.0 ], [ 110.644599563913744, -7.590702301656266, 0.0 ], [ 110.644596695504731, -7.590703510511494, 0.0 ], [ 110.644593666127406, -7.590704235297658, 0.0 ] ] ] ] } },
{ "type": "Feature", "properties": { "OBJECTID": 600, "ZONA": "Perumahan", "SUB_ZONA": "Rumah Kepadatan Tinggi", "KODE": "R-2", "KEPADATAN": 48.093286429599999, "JUML_RUMH": 17.0, "LUAS_BID": 3534.7969045499999, "Shape_Leng": 274.09023496700001, "Shape_Area": 3534.7969045300001 }, "geometry": { "type": "MultiPolygon", "coordinates": [ [ [ [ 110.64162771745815, -7.590421719939123, 0.0 ], [ 110.641624591654903, -7.590421748117116, 0.0 ], [ 110.641621504358113, -7.590421255302775, 0.0 ], [ 110.641463585961958, -7.590382262660563, 0.0 ], [ 110.641443683131982, -7.590377348980645, 0.0 ], [ 110.641427166003339, -7.59037384105833, 0.0 ], [ 110.641381891495016, -7.590365771257209, 0.0 ], [ 110.641297291283038, -7.59035069216615, 0.0 ], [ 110.641105896412753, -7.590316579891132, 0.0 ], [ 110.641003801518252, -7.590298382769879, 0.0 ], [ 110.640746392560246, -7.590262327106377, 0.0 ], [ 110.640742378223521, -7.590261404760414, 0.0 ], [ 110.640738582925664, -7.590259806892409, 0.0 ], [ 110.640735120853407, -7.590257579729077, 0.0 ], [ 110.640732095297651, -7.59025479029289, 0.0 ], [ 110.640729597750607, -7.590251521878594, 0.0 ], [ 110.640727702467331, -7.590247873144111, 0.0 ], [ 110.640726465564427, -7.590243951777954, 0.0 ], [ 110.640725925017747, -7.590239877212845, 0.0 ], [ 110.640726096137968, -7.590235770671887, 0.0 ], [ 110.64072697519677, -7.590231755171558, 0.0 ], [ 110.640803238484295, -7.589987164847487, 0.0 ], [ 110.640804797339484, -7.589983285591924, 0.0 ], [ 110.640806952459414, -7.589979699905016, 0.0 ], [ 110.640809650279706, -7.589976501816305, 0.0 ], [ 110.640812822744039, -7.589973769965857, 0.0 ], [ 110.640816388205351, -7.589971573937, 0.0 ], [ 110.640820257774777, -7.589969970643302, 0.0 ], [ 110.640824332605675, -7.589968999803524, 0.0 ], [ 110.640828510237952, -7.589968685756012, 0.0 ], [ 110.640832685505444, -7.58996903655488, 0.0 ], [ 110.640955573019454, -7.589989266235594, 0.0 ], [ 110.641178295360973, -7.590021123139098, 0.0 ], [ 110.641353971667002, -7.590046251026685, 0.0 ], [ 110.641545231522386, -7.590073608759748, 0.0 ], [ 110.641724148404464, -7.590099198685915, 0.0 ], [ 110.641726390772249, -7.59009972065346, 0.0 ], [ 110.641728509538083, -7.590100618814278, 0.0 ], [ 110.641730441264642, -7.590101867788565, 0.0 ], [ 110.641732128870899, -7.590103429537921, 0.0 ], [ 110.641733521627614, -7.590105258792777, 0.0 ], [ 110.641734578786597, -7.590107299437072, 0.0 ], [ 110.641735267762286, -7.590109490838753, 0.0 ], [ 110.641735567757252, -7.590111768757221, 0.0 ], [ 110.641735470670227, -7.590114063534995, 0.0 ], [ 110.641734979276961, -7.5901163073327, 0.0 ], [ 110.641643773218235, -7.590408731091859, 0.0 ], [ 110.641642596845571, -7.590411620177473, 0.0 ], [ 110.641640953794607, -7.590414274598464, 0.0 ], [ 110.641638888551356, -7.590416615695133, 0.0 ], [ 110.641636460093139, -7.590418581101781, 0.0 ], [ 110.641633736459752, -7.590420112078339, 0.0 ], [ 110.641630794741459, -7.590421167983378, 0.0 ], [ 110.64162771745815, -7.590421719939123, 0.0 ] ] ] ] } },
{ "type": "Feature", "properties": { "OBJECTID": 601, "ZONA": "Perumahan", "SUB_ZONA": "Rumah Kepadatan Tinggi", "KODE": "R-2", "KEPADATAN": 55.9707063034, "JUML_RUMH": 17.0, "LUAS_BID": 3037.3031042299999, "Shape_Leng": 217.35320055, "Shape_Area": 3037.3031042100001 }, "geometry": { "type": "MultiPolygon", "coordinates": [ [ [ [ 110.645332132415177, -7.590457493929042, 0.0 ], [ 110.645327005264321, -7.590458245050191, 0.0 ], [ 110.645321823478184, -7.590458185644491, 0.0 ], [ 110.645316714877168, -7.590457319434474, 0.0 ], [ 110.645033805701999, -7.590386180369705, 0.0 ], [ 110.644923689068591, -7.590358489722893, 0.0 ], [ 110.64480146617673, -7.590327754371855, 0.0 ], [ 110.644781933952586, -7.590324103906105, 0.0 ], [ 110.644775805251641, -7.590322420042258, 0.0 ], [ 110.644770041798296, -7.590319743274319, 0.0 ], [ 110.6447648048958, -7.590316149716835, 0.0 ], [ 110.644760238604377, -7.590311738084153, 0.0 ], [ 110.64475646974131, -7.590306629690406, 0.0 ], [ 110.64475360425466, -7.590300968446613, 0.0 ], [ 110.64475172179219, -7.59029491090604, 0.0 ], [ 110.644750872983934, -7.590288623548388, 0.0 ], [ 110.644751083066936, -7.59028228459181, 0.0 ], [ 110.644752345552035, -7.590276068610293, 0.0 ], [ 110.644790664324006, -7.590144784626155, 0.0 ], [ 110.644818006550778, -7.590051104011568, 0.0 ], [ 110.644850817019645, -7.589938693602293, 0.0 ], [ 110.644851849070747, -7.589935997059421, 0.0 ], [ 110.644853305221247, -7.589933501674425, 0.0 ], [ 110.644855147340465, -7.589931275257876, 0.0 ], [ 110.644857326426617, -7.589929376565844, 0.0 ], [ 110.64485978532565, -7.589927856206804, 0.0 ], [ 110.644862458734991, -7.589926752118722, 0.0 ], [ 110.644865275918704, -7.589926094998752, 0.0 ], [ 110.644868162527303, -7.589925900163583, 0.0 ], [ 110.644871042403395, -7.589926176596559, 0.0 ], [ 110.644993179129202, -7.589947993835603, 0.0 ], [ 110.645063788878602, -7.589960605822775, 0.0 ], [ 110.645092524996812, -7.589965697510497, 0.0 ], [ 110.645345359912426, -7.590010488507508, 0.0 ], [ 110.645352751207071, -7.590012448378291, 0.0 ], [ 110.645359709997933, -7.590015612764769, 0.0 ], [ 110.645366039633828, -7.590019896478307, 0.0 ], [ 110.645371562531579, -7.590025177258976, 0.0 ], [ 110.645376121074889, -7.590031304821935, 0.0 ], [ 110.645379588488623, -7.590038106293614, 0.0 ], [ 110.645381867021243, -7.590045391637507, 0.0 ], [ 110.645383628326471, -7.590056600523601, 0.0 ], [ 110.645383967149456, -7.590067941219076, 0.0 ], [ 110.645380658980145, -7.590167735474733, 0.0 ], [ 110.645363325542618, -7.59039261115089, 0.0 ], [ 110.645360385741753, -7.590415676740375, 0.0 ], [ 110.645355163584242, -7.590438334322169, 0.0 ], [ 110.645352754757596, -7.590442913028702, 0.0 ], [ 110.645349659120697, -7.590447059701663, 0.0 ], [ 110.645345951095024, -7.590450671282375, 0.0 ], [ 110.645341723220398, -7.59045366010441, 0.0 ], [ 110.645337078901207, -7.590455955696716, 0.0 ], [ 110.645332132415177, -7.590457493929042, 0.0 ] ] ] ] } },
{ "type": "Feature", "properties": { "OBJECTID": 602, "ZONA": "Perumahan", "SUB_ZONA": "Rumah Kepadatan Sedang", "KODE": "R-3", "KEPADATAN": 31.986185929400001, "JUML_RUMH": 36.0, "LUAS_BID": 11254.858606600001, "Shape_Leng": 441.10503983500001, "Shape_Area": 11254.858606600001 }, "geometry": { "type": "MultiPolygon", "coordinates": [ [ [ [ 110.643495008444731, -7.590814704562135, 0.0 ], [ 110.643492363581458, -7.590817461288253, 0.0 ], [ 110.643489300279199, -7.590819748206702, 0.0 ], [ 110.643485901089079, -7.590821498448041, 0.0 ], [ 110.643482258517096, -7.590822665955776, 0.0 ], [ 110.643478474123597, -7.590823218249203, 0.0 ], [ 110.643474649454774, -7.590823140034137, 0.0 ], [ 110.643455680607474, -7.590821183298934, 0.0 ], [ 110.643246526571303, -7.590817182709618, 0.0 ], [ 110.643182287967832, -7.590816681323932, 0.0 ], [ 110.642972131163248, -7.590815042479363, 0.0 ], [ 110.642788141527902, -7.590821566943718, 0.0 ], [ 110.642761339520661, -7.590820307485671, 0.0 ], [ 110.642735111353119, -7.590814663211279, 0.0 ], [ 110.642651019111085, -7.590789159790257, 0.0 ], [ 110.642618780707807, -7.59077670559518, 0.0 ], [ 110.642542196396903, -7.590740379889485, 0.0 ], [ 110.642335209855261, -7.590642201922262, 0.0 ], [ 110.642240169175182, -7.590597084075157, 0.0 ], [ 110.642164338001265, -7.590561086374499, 0.0 ], [ 110.642132655522545, -7.590548417318008, 0.0 ], [ 110.642127557047957, -7.590546276560104, 0.0 ], [ 110.64212286535485, -7.590543352791769, 0.0 ], [ 110.642118700952111, -7.590539721190378, 0.0 ], [ 110.642115168015707, -7.590535475010959, 0.0 ], [ 110.642112358926099, -7.590530720162555, 0.0 ], [ 110.642110344291538, -7.590525580627489, 0.0 ], [ 110.642109175677575, -7.59052018670424, 0.0 ], [ 110.642108882886532, -7.590514675909788, 0.0 ], [ 110.642109473054887, -7.590509188456171, 0.0 ], [ 110.642127084348601, -7.590416279755578, 0.0 ], [ 110.642168353678969, -7.590198553696624, 0.0 ], [ 110.642179134229281, -7.590141680487572, 0.0 ], [ 110.642216777102576, -7.589937365995742, 0.0 ], [ 110.642217668223225, -7.589934094950987, 0.0 ], [ 110.642219093140142, -7.589931017920472, 0.0 ], [ 110.64222101098909, -7.589928218994216, 0.0 ], [ 110.642223369123059, -7.589925779538939, 0.0 ], [ 110.642226101308808, -7.589923766437236, 0.0 ], [ 110.642229131351485, -7.589922233899731, 0.0 ], [ 110.642232375812156, -7.589921226180998, 0.0 ], [ 110.642235742199091, -7.589920772150692, 0.0 ], [ 110.642239137128229, -7.589920883491196, 0.0 ], [ 110.642242466320184, -7.58992155831581, 0.0 ], [ 110.642364892439929, -7.589957187282664, 0.0 ], [ 110.642624486204326, -7.590032735783025, 0.0 ], [ 110.642796252112475, -7.590082722497773, 0.0 ], [ 110.642902571022034, -7.590113665146696, 0.0 ], [ 110.642971907126309, -7.590133843035155, 0.0 ], [ 110.642993995310462, -7.590140271761978, 0.0 ], [ 110.64307877204098, -7.590164499346279, 0.0 ], [ 110.643177087612116, -7.590192595053423, 0.0 ], [ 110.643273626779234, -7.590220184539046, 0.0 ], [ 110.643444918669104, -7.590269135803027, 0.0 ], [ 110.643566951273527, -7.590304009717455, 0.0 ], [ 110.643571175387294, -7.590305599771842, 0.0 ], [ 110.643575083474104, -7.590307855320192, 0.0 ], [ 110.643578571329371, -7.590310717480956, 0.0 ], [ 110.643581544736932, -7.590314107480508, 0.0 ], [ 110.643583924900838, -7.590317935703261, 0.0 ], [ 110.643585648448365, -7.59032209807331, 0.0 ], [ 110.643586669233457, -7.590326487815271, 0.0 ], [ 110.643586959253639, -7.590330982791119, 0.0 ], [ 110.643586511353391, -7.590335465402737, 0.0 ], [ 110.6435554214234, -7.590504789049465, 0.0 ], [ 110.643541815639992, -7.59057889358086, 0.0 ], [ 110.643528308214044, -7.59065134466394, 0.0 ], [ 110.643499771783908, -7.590804402864109, 0.0 ], [ 110.643498763388322, -7.590808083579332, 0.0 ], [ 110.643497161379671, -7.590811549427985, 0.0 ], [ 110.643495008444731, -7.590814704562135, 0.0 ] ] ] ] } },
{ "type": "Feature", "properties": { "OBJECTID": 603, "ZONA": "Perumahan", "SUB_ZONA": "Rumah Kepadatan Tinggi", "KODE": "R-2", "KEPADATAN": 64.228662925600005, "JUML_RUMH": 18.0, "LUAS_BID": 2802.4871108900002, "Shape_Leng": 226.292694657, "Shape_Area": 2802.48711091 }, "geometry": { "type": "MultiPolygon", "coordinates": [ [ [ [ 110.64067826350707, -7.590251572620098, 0.0 ], [ 110.640674413997928, -7.590251940306036, 0.0 ], [ 110.640670554111125, -7.590251704644769, 0.0 ], [ 110.64033510221681, -7.590207022606752, 0.0 ], [ 110.640155251201705, -7.590183067678462, 0.0 ], [ 110.640080932466248, -7.590173167303961, 0.0 ], [ 110.639992899301134, -7.590161298101712, 0.0 ], [ 110.63998864747667, -7.590160345701896, 0.0 ], [ 110.639984623790781, -7.590158677987562, 0.0 ], [ 110.639980947867087, -7.590156343903774, 0.0 ], [ 110.639977728432598, -7.590153414095917, 0.0 ], [ 110.639975063323703, -7.590149973673229, 0.0 ], [ 110.639973030415419, -7.590146128533241, 0.0 ], [ 110.639971690351643, -7.590141992700149, 0.0 ], [ 110.639971084732665, -7.590137687418868, 0.0 ], [ 110.639971229769486, -7.590133341149705, 0.0 ], [ 110.639972122632557, -7.590129085955422, 0.0 ], [ 110.640008260113731, -7.590009478463219, 0.0 ], [ 110.640050290034253, -7.589870366391343, 0.0 ], [ 110.64005189259565, -7.589866263749713, 0.0 ], [ 110.64005412132957, -7.589862463748073, 0.0 ], [ 110.640056920859166, -7.589859059509782, 0.0 ], [ 110.640060221309653, -7.589856136005188, 0.0 ], [ 110.640063940125088, -7.589853765530368, 0.0 ], [ 110.640067986599647, -7.589852009520017, 0.0 ], [ 110.640072260074319, -7.589850906786653, 0.0 ], [ 110.640076652643003, -7.589850489804961, 0.0 ], [ 110.640081057327905, -7.589850764818235, 0.0 ], [ 110.640187096332852, -7.589865839270289, 0.0 ], [ 110.640229807798178, -7.589871912526564, 0.0 ], [ 110.640324354057896, -7.589885352852813, 0.0 ], [ 110.640401592215099, -7.589898068766475, 0.0 ], [ 110.640746442905865, -7.589954837945604, 0.0 ], [ 110.640751773189436, -7.589956191042766, 0.0 ], [ 110.640756795420856, -7.589958426731578, 0.0 ], [ 110.64076136369637, -7.589961484286253, 0.0 ], [ 110.640765343923633, -7.589965271331327, 0.0 ], [ 110.640768621061966, -7.589969678320548, 0.0 ], [ 110.640771099122503, -7.589974578536819, 0.0 ], [ 110.640772706608132, -7.589979827192167, 0.0 ], [ 110.6407733955987, -7.589985271377123, 0.0 ], [ 110.640773146280736, -7.589990753682634, 0.0 ], [ 110.640771966946815, -7.589996113104639, 0.0 ], [ 110.640697607020996, -7.590234597436066, 0.0 ], [ 110.640696173513717, -7.590238180100483, 0.0 ], [ 110.640694197204425, -7.590241497281484, 0.0 ], [ 110.640691727116504, -7.590244464895878, 0.0 ], [ 110.640688823139172, -7.590247014246976, 0.0 ], [ 110.640685556945272, -7.59024907845685, 0.0 ], [ 110.640682008349287, -7.590250611459161, 0.0 ], [ 110.64067826350707, -7.590251572620098, 0.0 ] ] ] ] } },
{ "type": "Feature", "properties": { "OBJECTID": 604, "ZONA": "Perumahan", "SUB_ZONA": "Rumah Kepadatan Tinggi", "KODE": "R-2", "KEPADATAN": 52.539732040300002, "JUML_RUMH": 17.0, "LUAS_BID": 3235.6464983400001, "Shape_Leng": 250.346154848, "Shape_Area": 3235.6464983400001 }, "geometry": { "type": "MultiPolygon", "coordinates": [ [ [ [ 110.639916439916391, -7.590149576865541, 0.0 ], [ 110.639911960285943, -7.590150029955577, 0.0 ], [ 110.639907464016602, -7.59014977928759, 0.0 ], [ 110.639743938396904, -7.590127731852777, 0.0 ], [ 110.639579439273504, -7.590105553294105, 0.0 ], [ 110.639537954863059, -7.590099960405185, 0.0 ], [ 110.639377970102203, -7.590079193907201, 0.0 ], [ 110.639248913422463, -7.590062440297491, 0.0 ], [ 110.639107746588564, -7.59004411442959, 0.0 ], [ 110.639105501468279, -7.590043636769638, 0.0 ], [ 110.639103363616968, -7.590042803708434, 0.0 ], [ 110.639101388316632, -7.590041636096641, 0.0 ], [ 110.639099627211834, -7.590040168350278, 0.0 ], [ 110.639098127414343, -7.590038434881519, 0.0 ], [ 110.639096926960647, -7.590036481854288, 0.0 ], [ 110.639096057535426, -7.590034362663683, 0.0 ], [ 110.639095542664364, -7.590032130697977, 0.0 ], [ 110.639095394990093, -7.590029844763773, 0.0 ], [ 110.639095618088277, -7.590027565469267, 0.0 ], [ 110.639096208282922, -7.59002535251207, 0.0 ], [ 110.639097147396356, -7.590023261959514, 0.0 ], [ 110.639178001416724, -7.589876521533836, 0.0 ], [ 110.639251635598271, -7.589742883916594, 0.0 ], [ 110.639253883067482, -7.589739453898058, 0.0 ], [ 110.63925662791398, -7.589736404205513, 0.0 ], [ 110.639259804805391, -7.589733808053738, 0.0 ], [ 110.639263342077058, -7.589731722370245, 0.0 ], [ 110.639267154469124, -7.589730200453081, 0.0 ], [ 110.639271155833327, -7.589729273890162, 0.0 ], [ 110.639275251870785, -7.589728964312584, 0.0 ], [ 110.639279346478503, -7.589729282495295, 0.0 ], [ 110.639481063459868, -7.589760492352561, 0.0 ], [ 110.639664439760907, -7.589788864703213, 0.0 ], [ 110.639837728423643, -7.589815676403369, 0.0 ], [ 110.639877311340626, -7.589821800470764, 0.0 ], [ 110.639999424231689, -7.589839160526084, 0.0 ], [ 110.640003210151988, -7.589840035652635, 0.0 ], [ 110.640006788852304, -7.589841544700996, 0.0 ], [ 110.64001005611658, -7.589843643261647, 0.0 ], [ 110.640012914088985, -7.589846269743813, 0.0 ], [ 110.640015279431893, -7.589849346286688, 0.0 ], [ 110.640017081509896, -7.589852782376251, 0.0 ], [ 110.64001826601671, -7.589856473943654, 0.0 ], [ 110.640018799498847, -7.589860314223649, 0.0 ], [ 110.640018665732498, -7.589864190133368, 0.0 ], [ 110.64001786844085, -7.589867984988222, 0.0 ], [ 110.639973737695556, -7.590014049539595, 0.0 ], [ 110.63993881196717, -7.590129649042008, 0.0 ], [ 110.639937178511801, -7.590133834876592, 0.0 ], [ 110.639934908912267, -7.59013771715819, 0.0 ], [ 110.639932060365311, -7.590141194623932, 0.0 ], [ 110.639928700927484, -7.590144188633843, 0.0 ], [ 110.639924914068075, -7.590146618751615, 0.0 ], [ 110.639920793207395, -7.590148429876735, 0.0 ], [ 110.639916439916391, -7.590149576865541, 0.0 ] ] ] ] } },
{ "type": "Feature", "properties": { "OBJECTID": 605, "ZONA": "Perumahan", "SUB_ZONA": "Rumah Kepadatan Tinggi", "KODE": "R-2", "KEPADATAN": 44.672075379799999, "JUML_RUMH": 24.0, "LUAS_BID": 5372.4837710700003, "Shape_Leng": 326.08400112200002, "Shape_Area": 5372.4837711099999 }, "geometry": { "type": "MultiPolygon", "coordinates": [ [ [ [ 110.644697094400044, -7.590306658957667, 0.0 ], [ 110.644692294892835, -7.590306949015603, 0.0 ], [ 110.644687511442243, -7.59030645302747, 0.0 ], [ 110.644582763121633, -7.590286873314313, 0.0 ], [ 110.644361716139429, -7.590245552425925, 0.0 ], [ 110.644249558864345, -7.590224585315656, 0.0 ], [ 110.644204011798564, -7.590216072351287, 0.0 ], [ 110.644120869847541, -7.590200232459337, 0.0 ], [ 110.643925221117115, -7.590162961940403, 0.0 ], [ 110.643800730748325, -7.590139246523581, 0.0 ], [ 110.643674230892927, -7.590115147702059, 0.0 ], [ 110.643671588899323, -7.590114425510047, 0.0 ], [ 110.643669092286999, -7.590113298196171, 0.0 ], [ 110.6436668044919, -7.590111792949068, 0.0 ], [ 110.643664781686525, -7.590109950519834, 0.0 ], [ 110.643663072790162, -7.590107812558102, 0.0 ], [ 110.64366172217747, -7.590105435182759, 0.0 ], [ 110.643660761532203, -7.590102873597634, 0.0 ], [ 110.643660216182553, -7.590100194760671, 0.0 ], [ 110.643660097859268, -7.590097464714051, 0.0 ], [ 110.643660411042234, -7.590094747684908, 0.0 ], [ 110.643701479596572, -7.589885377563252, 0.0 ], [ 110.643730977468991, -7.589751356504162, 0.0 ], [ 110.643732731734715, -7.589745732508606, 0.0 ], [ 110.643735421242582, -7.589740491002057, 0.0 ], [ 110.643738966998612, -7.589735782980568, 0.0 ], [ 110.643743265542582, -7.589731746756386, 0.0 ], [ 110.643748189858897, -7.589728502531373, 0.0 ], [ 110.643753597546024, -7.589726139739821, 0.0 ], [ 110.643759328989205, -7.589724734233645, 0.0 ], [ 110.643765216446781, -7.58972432296216, 0.0 ], [ 110.64377108857029, -7.589724919353316, 0.0 ], [ 110.643858799716327, -7.589741493931976, 0.0 ], [ 110.643979606497311, -7.589764320750746, 0.0 ], [ 110.644107284761049, -7.589788447581245, 0.0 ], [ 110.644168954361831, -7.589799613244299, 0.0 ], [ 110.644394162599241, -7.589840386749537, 0.0 ], [ 110.644419732505668, -7.589845019090409, 0.0 ], [ 110.644633041383116, -7.589883664271069, 0.0 ], [ 110.644671497850993, -7.589890532338639, 0.0 ], [ 110.644811267046549, -7.589915499230291, 0.0 ], [ 110.644813794855551, -7.589916173380653, 0.0 ], [ 110.644816174558869, -7.589917259887517, 0.0 ], [ 110.644818339100183, -7.589918724322986, 0.0 ], [ 110.644820227770552, -7.589920530455238, 0.0 ], [ 110.64482178803253, -7.589922626681657, 0.0 ], [ 110.644822976420812, -7.589924953266014, 0.0 ], [ 110.644823758540824, -7.589927444147648, 0.0 ], [ 110.644824112691055, -7.589930031467133, 0.0 ], [ 110.644824029867621, -7.589932640138956, 0.0 ], [ 110.644823511035739, -7.589935198703983, 0.0 ], [ 110.644774675772226, -7.590102515229122, 0.0 ], [ 110.644721177666568, -7.59028580691628, 0.0 ], [ 110.644719460610702, -7.59029028849238, 0.0 ], [ 110.644717034005339, -7.590294431184644, 0.0 ], [ 110.644713964119788, -7.590298123786822, 0.0 ], [ 110.644710332622836, -7.590301269578196, 0.0 ], [ 110.64470623568063, -7.590303780895376, 0.0 ], [ 110.644701783037462, -7.590305594509153, 0.0 ], [ 110.644697094400044, -7.590306658957667, 0.0 ] ] ] ] } },
{ "type": "Feature", "properties": { "OBJECTID": 606, "ZONA": "Perumahan", "SUB_ZONA": "Rumah Kepadatan Tinggi", "KODE": "R-2", "KEPADATAN": 44.531481866999997, "JUML_RUMH": 7.0, "LUAS_BID": 1571.9216398200001, "Shape_Leng": 156.11103990500001, "Shape_Area": 1571.9216398200001 }, "geometry": { "type": "MultiPolygon", "coordinates": [ [ [ [ 110.642144776108296, -7.590078020328758, 0.0 ], [ 110.641983706295164, -7.590084354380484, 0.0 ], [ 110.641960370647595, -7.590079110448259, 0.0 ], [ 110.641796072148438, -7.590042194963183, 0.0 ], [ 110.641816953678614, -7.589975244291325, 0.0 ], [ 110.641846001288386, -7.589882114362253, 0.0 ], [ 110.641853768627612, -7.589859059113265, 0.0 ], [ 110.64188354659737, -7.589770675081445, 0.0 ], [ 110.641919906836009, -7.589662756255338, 0.0 ], [ 110.641920891419673, -7.58966047577673, 0.0 ], [ 110.641922237558234, -7.589658385552611, 0.0 ], [ 110.641923908940456, -7.589656545253746, 0.0 ], [ 110.64192586019783, -7.589655004593347, 0.0 ], [ 110.641928038718518, -7.589653802423938, 0.0 ], [ 110.641930384640489, -7.589652974878486, 0.0 ], [ 110.641932835396361, -7.589652540901096, 0.0 ], [ 110.641935324796236, -7.589652514910149, 0.0 ], [ 110.641937783943376, -7.589652895944352, 0.0 ], [ 110.642021798708711, -7.589673105064098, 0.0 ], [ 110.642190134617266, -7.589713596777062, 0.0 ], [ 110.642194007228568, -7.589714885338026, 0.0 ], [ 110.642197602815273, -7.589716812287318, 0.0 ], [ 110.642200818984705, -7.58971932055366, 0.0 ], [ 110.642203559701997, -7.589722338598141, 0.0 ], [ 110.642205747077426, -7.589725777710202, 0.0 ], [ 110.642207316829897, -7.589729536526688, 0.0 ], [ 110.642208223720303, -7.589733508272795, 0.0 ], [ 110.642208439742873, -7.589737575333244, 0.0 ], [ 110.642207960461306, -7.589741621016685, 0.0 ], [ 110.642196737794222, -7.589795983722053, 0.0 ], [ 110.642188962804482, -7.589838186607894, 0.0 ], [ 110.642176485302215, -7.589905911281476, 0.0 ], [ 110.642158892764883, -7.59000139708242, 0.0 ], [ 110.642144776108296, -7.590078020328758, 0.0 ] ] ] ] } },
{ "type": "Feature", "properties": { "OBJECTID": 607, "ZONA": "Perumahan", "SUB_ZONA": "Rumah Kepadatan Tinggi", "KODE": "R-2", "KEPADATAN": 53.715968874200001, "JUML_RUMH": 19.0, "LUAS_BID": 3537.1232054299999, "Shape_Leng": 272.27085407599998, "Shape_Area": 3537.1232053 }, "geometry": { "type": "MultiPolygon", "coordinates": [ [ [ [ 110.641736124576056, -7.590067720972077, 0.0 ], [ 110.641732291397361, -7.59006807601717, 0.0 ], [ 110.641728450556897, -7.590067830430927, 0.0 ], [ 110.6415774185174, -7.590046229070225, 0.0 ], [ 110.641396628058061, -7.590020368886503, 0.0 ], [ 110.641156217420559, -7.589985981924789, 0.0 ], [ 110.641028087565402, -7.589967654774996, 0.0 ], [ 110.640960407306608, -7.589957973508146, 0.0 ], [ 110.640845515365243, -7.589939060231254, 0.0 ], [ 110.640841728606787, -7.58993809917844, 0.0 ], [ 110.640838159940557, -7.589936510544185, 0.0 ], [ 110.640834914488451, -7.589934339643126, 0.0 ], [ 110.640832086479591, -7.589931648967437, 0.0 ], [ 110.640829758344452, -7.589928517281565, 0.0 ], [ 110.640827997998997, -7.589925035097211, 0.0 ], [ 110.640826856123496, -7.589921306480136, 0.0 ], [ 110.640826366171623, -7.589917438195543, 0.0 ], [ 110.640826543460051, -7.589913544230112, 0.0 ], [ 110.64082738155065, -7.589909735838844, 0.0 ], [ 110.640870161142487, -7.589772534715307, 0.0 ], [ 110.640907187863263, -7.589653783577824, 0.0 ], [ 110.640908724009776, -7.589649955862641, 0.0 ], [ 110.640910847358171, -7.589646418090253, 0.0 ], [ 110.64091350253409, -7.589643260670499, 0.0 ], [ 110.640916625109682, -7.589640559532791, 0.0 ], [ 110.640920136158414, -7.589638383358188, 0.0 ], [ 110.640923946791446, -7.589636789060265, 0.0 ], [ 110.64092796269496, -7.58963581636157, 0.0 ], [ 110.640932081411989, -7.58963548598224, 0.0 ], [ 110.640936201398077, -7.589635811406768, 0.0 ], [ 110.641118777660793, -7.5896648292426, 0.0 ], [ 110.641234062568699, -7.589683152998712, 0.0 ], [ 110.641470242864102, -7.589720011286106, 0.0 ], [ 110.64163700696858, -7.589746036260688, 0.0 ], [ 110.641748988264354, -7.589763510494842, 0.0 ], [ 110.641827408985918, -7.589775749525233, 0.0 ], [ 110.641829622323982, -7.589776294082133, 0.0 ], [ 110.641831707527558, -7.589777214828655, 0.0 ], [ 110.641833602071159, -7.58977848005381, 0.0 ], [ 110.641835247964963, -7.58978005443217, 0.0 ], [ 110.641836596296628, -7.589781888172872, 0.0 ], [ 110.641837605409165, -7.589783927872796, 0.0 ], [ 110.641838246343198, -7.589786112902892, 0.0 ], [ 110.641838497400016, -7.589788372689882, 0.0 ], [ 110.64183835319345, -7.589790643005927, 0.0 ], [ 110.641837817407321, -7.589792854203245, 0.0 ], [ 110.641811498242035, -7.589870972564707, 0.0 ], [ 110.641791305709845, -7.589935712165826, 0.0 ], [ 110.641755395432256, -7.590050849702568, 0.0 ], [ 110.641753967387018, -7.59005441609344, 0.0 ], [ 110.641751998353101, -7.590057716099121, 0.0 ], [ 110.641749537350719, -7.590060669254541, 0.0 ], [ 110.641746643366815, -7.590063201434723, 0.0 ], [ 110.641743389881924, -7.590065252095004, 0.0 ], [ 110.641739853993712, -7.590066771548347, 0.0 ], [ 110.641736124576056, -7.590067720972077, 0.0 ] ] ] ] } },
{ "type": "Feature", "properties": { "OBJECTID": 608, "ZONA": "Perumahan", "SUB_ZONA": "Rumah Kepadatan Sedang", "KODE": "R-3", "KEPADATAN": 25.0530510472, "JUML_RUMH": 7.0, "LUAS_BID": 2794.0708646200001, "Shape_Leng": 227.620157242, "Shape_Area": 2794.0708645899999 }, "geometry": { "type": "MultiPolygon", "coordinates": [ [ [ [ 110.640779086422029, -7.589926868923952, 0.0 ], [ 110.640775168078335, -7.589927164189586, 0.0 ], [ 110.640771252972286, -7.589926835314494, 0.0 ], [ 110.640616338821374, -7.589901332686314, 0.0 ], [ 110.640413424129065, -7.58986792881131, 0.0 ], [ 110.640329174791376, -7.589854059218537, 0.0 ], [ 110.640262561400561, -7.589844590393179, 0.0 ], [ 110.640099749332109, -7.589821442842713, 0.0 ], [ 110.640094914738057, -7.589820325332526, 0.0 ], [ 110.64009034371648, -7.589818397558716, 0.0 ], [ 110.64008617038894, -7.589815716619328, 0.0 ], [ 110.640082519792685, -7.589812362218783, 0.0 ], [ 110.640079499724806, -7.589808433042887, 0.0 ], [ 110.640077198929788, -7.5898040458528, 0.0 ], [ 110.640075685290327, -7.589799330960722, 0.0 ], [ 110.640075004019408, -7.589794425896542, 0.0 ], [ 110.640075174939156, -7.589789477214655, 0.0 ], [ 110.640076193396467, -7.589784629640103, 0.0 ], [ 110.640110435450396, -7.589671294563006, 0.0 ], [ 110.640151490801586, -7.589535407314568, 0.0 ], [ 110.640152990696095, -7.589531575049547, 0.0 ], [ 110.640155079609386, -7.589528027302479, 0.0 ], [ 110.640157705793143, -7.589524854486094, 0.0 ], [ 110.640160802096773, -7.589522136145675, 0.0 ], [ 110.640164289592093, -7.589519942771257, 0.0 ], [ 110.640168082113675, -7.589518326755706, 0.0 ], [ 110.640172083533017, -7.589517329629023, 0.0 ], [ 110.640176191387141, -7.589516979347614, 0.0 ], [ 110.640180304139136, -7.589517280350233, 0.0 ], [ 110.640348529541612, -7.589543157769899, 0.0 ], [ 110.640472386983419, -7.589562209747415, 0.0 ], [ 110.640495397640407, -7.589565749306043, 0.0 ], [ 110.64068511466904, -7.589595903016047, 0.0 ], [ 110.640867179667893, -7.589624840028048, 0.0 ], [ 110.640870031983084, -7.589625548842175, 0.0 ], [ 110.640872721633215, -7.589626731509051, 0.0 ], [ 110.64087516977655, -7.589628354494999, 0.0 ], [ 110.640877304834945, -7.589630370704022, 0.0 ], [ 110.640879063398941, -7.589632721287623, 0.0 ], [ 110.640880393853195, -7.589635336552395, 0.0 ], [ 110.640881258186525, -7.58963813957969, 0.0 ], [ 110.640881630177375, -7.589641048033307, 0.0 ], [ 110.640881499922784, -7.589643978685965, 0.0 ], [ 110.64088087021517, -7.589646843798043, 0.0 ], [ 110.640798868735359, -7.58990983439622, 0.0 ], [ 110.640797407080612, -7.589913473120308, 0.0 ], [ 110.640795385409547, -7.589916834587656, 0.0 ], [ 110.640792855465136, -7.58991983471735, 0.0 ], [ 110.640789880770214, -7.589922395770059, 0.0 ], [ 110.640786536620752, -7.589924454489117, 0.0 ], [ 110.640782908274929, -7.589925959385295, 0.0 ], [ 110.640779086422029, -7.589926868923952, 0.0 ] ] ] ] } },
{ "type": "Feature", "properties": { "OBJECTID": 609, "ZONA": "Perumahan", "SUB_ZONA": "Rumah Kepadatan Tinggi", "KODE": "R-2", "KEPADATAN": 70.069539880400001, "JUML_RUMH": 13.0, "LUAS_BID": 1855.2997525599999, "Shape_Leng": 239.82489611899999, "Shape_Area": 1855.29975253 }, "geometry": { "type": "MultiPolygon", "coordinates": [ [ [ [ 110.641838926218398, -7.589748906372711, 0.0 ], [ 110.641835180121944, -7.589749199980806, 0.0 ], [ 110.641831434507537, -7.58974891105538, 0.0 ], [ 110.641681922471363, -7.589725578763622, 0.0 ], [ 110.641489223595897, -7.589695506243198, 0.0 ], [ 110.641238302950242, -7.589656347277209, 0.0 ], [ 110.641118403424485, -7.589637292450527, 0.0 ], [ 110.640935447382972, -7.589608210982473, 0.0 ], [ 110.640933496894519, -7.589607728147973, 0.0 ], [ 110.64093165818214, -7.589606918861178, 0.0 ], [ 110.640929984711079, -7.589605808493833, 0.0 ], [ 110.640928525406309, -7.589604431459464, 0.0 ], [ 110.640927322844746, -7.589602824879995, 0.0 ], [ 110.640926413249232, -7.589601035822242, 0.0 ], [ 110.640925821957268, -7.589599119485049, 0.0 ], [ 110.640925567960551, -7.58959713106199, 0.0 ], [ 110.640925656651092, -7.589595127544508, 0.0 ], [ 110.640926087072813, -7.589593168632485, 0.0 ], [ 110.640968163056272, -7.589458227397907, 0.0 ], [ 110.640969403956547, -7.589455143887896, 0.0 ], [ 110.640971124221579, -7.589452299576434, 0.0 ], [ 110.640973278464742, -7.589449765885921, 0.0 ], [ 110.640975811332751, -7.589447607898653, 0.0 ], [ 110.640978657506253, -7.589445883452253, 0.0 ], [ 110.640981744425574, -7.589444635905461, 0.0 ], [ 110.640984990474593, -7.589443897754871, 0.0 ], [ 110.640988314047675, -7.589443688833339, 0.0 ], [ 110.640991628114904, -7.589444010878088, 0.0 ], [ 110.64107148570929, -7.589458338037768, 0.0 ], [ 110.641160595375283, -7.589473939197391, 0.0 ], [ 110.641520369723153, -7.589536924417553, 0.0 ], [ 110.641554902338228, -7.5895429699944, 0.0 ], [ 110.641705226187042, -7.589572239594988, 0.0 ], [ 110.641878015206487, -7.589605883990694, 0.0 ], [ 110.641881138431202, -7.589606773932553, 0.0 ], [ 110.641884065416065, -7.589608178404938, 0.0 ], [ 110.641886711885988, -7.589610056633446, 0.0 ], [ 110.64188900173518, -7.589612355186616, 0.0 ], [ 110.641890867027328, -7.589615007975891, 0.0 ], [ 110.641892256153625, -7.589617937167001, 0.0 ], [ 110.64189312657598, -7.589621058601232, 0.0 ], [ 110.64189345570405, -7.589624283613501, 0.0 ], [ 110.641893231832825, -7.589627515406715, 0.0 ], [ 110.641892462289476, -7.589630663531318, 0.0 ], [ 110.641885534667693, -7.589651227422197, 0.0 ], [ 110.641858056828866, -7.58973278304962, 0.0 ], [ 110.641856586274486, -7.589736232718261, 0.0 ], [ 110.641854597398407, -7.589739412402306, 0.0 ], [ 110.64185213740322, -7.58974224706249, 0.0 ], [ 110.641849267085874, -7.589744666193557, 0.0 ], [ 110.641846055392605, -7.58974661105617, 0.0 ], [ 110.641842580323839, -7.589748036486809, 0.0 ], [ 110.641838926218398, -7.589748906372711, 0.0 ] ] ] ] } },
{ "type": "Feature", "properties": { "OBJECTID": 610, "ZONA": "Perumahan", "SUB_ZONA": "Rumah Kepadatan Tinggi", "KODE": "R-2", "KEPADATAN": 45.239782545099999, "JUML_RUMH": 13.0, "LUAS_BID": 2873.5770308900001, "Shape_Leng": 232.36189630300001, "Shape_Area": 2873.5770308000001 }, "geometry": { "type": "MultiPolygon", "coordinates": [ [ [ [ 110.640020103378134, -7.589808765587722, 0.0 ], [ 110.640015828669959, -7.589809171811791, 0.0 ], [ 110.640011542737128, -7.589808904132659, 0.0 ], [ 110.639881979824253, -7.589790484102796, 0.0 ], [ 110.639827580397395, -7.589782067376762, 0.0 ], [ 110.639684714270416, -7.589759963772037, 0.0 ], [ 110.63950090017363, -7.589731524130271, 0.0 ], [ 110.639427952482208, -7.589720238101522, 0.0 ], [ 110.639295059853694, -7.589699675863744, 0.0 ], [ 110.63929289183659, -7.589699143995459, 0.0 ], [ 110.639290848321622, -7.589698245885509, 0.0 ], [ 110.639288992747453, -7.589697005104952, 0.0 ], [ 110.6392873812853, -7.589695463309959, 0.0 ], [ 110.639286062852449, -7.589693663959765, 0.0 ], [ 110.639285077287923, -7.589691665883556, 0.0 ], [ 110.639284454461063, -7.589689525188541, 0.0 ], [ 110.639284213351999, -7.589687310636697, 0.0 ], [ 110.639284362065396, -7.589685087362733, 0.0 ], [ 110.639284895104666, -7.589682924108309, 0.0 ], [ 110.639285796098463, -7.589680885083268, 0.0 ], [ 110.639327123707858, -7.589605878352807, 0.0 ], [ 110.639352036395195, -7.589545097513575, 0.0 ], [ 110.639409233357583, -7.589405546716263, 0.0 ], [ 110.639410922276994, -7.589402253725907, 0.0 ], [ 110.639413143970955, -7.589399290435617, 0.0 ], [ 110.639415834002435, -7.589396743629266, 0.0 ], [ 110.639418915255476, -7.589394684702772, 0.0 ], [ 110.639422300650466, -7.589393175093695, 0.0 ], [ 110.639425892246564, -7.589392255425786, 0.0 ], [ 110.639429588487332, -7.589391953656029, 0.0 ], [ 110.639433282395103, -7.589392276027602, 0.0 ], [ 110.639588960137985, -7.589419295734388, 0.0 ], [ 110.639771154183848, -7.589450917122081, 0.0 ], [ 110.63992469102071, -7.589477564973424, 0.0 ], [ 110.63994475543673, -7.589481049656468, 0.0 ], [ 110.640105671350881, -7.589505801275537, 0.0 ], [ 110.640108687730574, -7.589506531939693, 0.0 ], [ 110.640111535980367, -7.589507766302122, 0.0 ], [ 110.640114131822315, -7.589509467206247, 0.0 ], [ 110.640116400058218, -7.589511580316519, 0.0 ], [ 110.64011827364881, -7.589514051304104, 0.0 ], [ 110.640119699171791, -7.589516803237562, 0.0 ], [ 110.64012063408569, -7.589519756480806, 0.0 ], [ 110.640121051264771, -7.589522825983142, 0.0 ], [ 110.640120938999161, -7.589525921279342, 0.0 ], [ 110.640120300082188, -7.589528953725269, 0.0 ], [ 110.640077342084766, -7.589671136006415, 0.0 ], [ 110.640041481004246, -7.589789831040688, 0.0 ], [ 110.640039921142545, -7.589793823361886, 0.0 ], [ 110.640037753232505, -7.589797521199068, 0.0 ], [ 110.640035029022528, -7.58980083413951, 0.0 ], [ 110.640031817480093, -7.589803678116662, 0.0 ], [ 110.640028198437733, -7.58980598535494, 0.0 ], [ 110.640024260788181, -7.589807694418168, 0.0 ], [ 110.640020103378134, -7.589808765587722, 0.0 ] ] ] ] } },
{ "type": "Feature", "properties": { "OBJECTID": 611, "ZONA": "Perumahan", "SUB_ZONA": "Rumah Kepadatan Sedang", "KODE": "R-3", "KEPADATAN": 37.213970853399999, "JUML_RUMH": 30.0, "LUAS_BID": 8061.4885518000001, "Shape_Leng": 436.40704504399997, "Shape_Area": 8061.4885517499997 }, "geometry": { "type": "MultiPolygon", "coordinates": [ [ [ [ 110.645325721649243, -7.589978051388657, 0.0 ], [ 110.645321684520368, -7.589978380971624, 0.0 ], [ 110.645317649773133, -7.589978016761995, 0.0 ], [ 110.645086542584238, -7.589937076996923, 0.0 ], [ 110.645068562909728, -7.589933891849379, 0.0 ], [ 110.644931711439526, -7.58990944663771, 0.0 ], [ 110.644855544473714, -7.589895840505621, 0.0 ], [ 110.644774258079678, -7.58988132200315, 0.0 ], [ 110.644700742388792, -7.589868189284382, 0.0 ], [ 110.644637866198735, -7.589856959390548, 0.0 ], [ 110.644615282920498, -7.589852866810078, 0.0 ], [ 110.644456197487756, -7.589824044219874, 0.0 ], [ 110.64439902006086, -7.589813686421758, 0.0 ], [ 110.644307764230291, -7.589797164228333, 0.0 ], [ 110.644112241944754, -7.589761765430144, 0.0 ], [ 110.644063954033342, -7.589752641443424, 0.0 ], [ 110.643933671677289, -7.589728022198653, 0.0 ], [ 110.64376119611596, -7.589695432675141, 0.0 ], [ 110.643760486400026, -7.58969529821931, 0.0 ], [ 110.64375288943134, -7.589693218752091, 0.0 ], [ 110.643745724050746, -7.589689951051943, 0.0 ], [ 110.64373917693689, -7.589685580300129, 0.0 ], [ 110.643733416614438, -7.589680219704264, 0.0 ], [ 110.64372859164466, -7.589674005974063, 0.0 ], [ 110.643697659255551, -7.58962675647467, 0.0 ], [ 110.643695264123636, -7.589622392743186, 0.0 ], [ 110.643693572734037, -7.589617711184776, 0.0 ], [ 110.643692625786755, -7.589612826711403, 0.0 ], [ 110.643692446758166, -7.58960785331633, 0.0 ], [ 110.643693040081203, -7.589602912213714, 0.0 ], [ 110.643694390246253, -7.589598122792197, 0.0 ], [ 110.643696465429585, -7.589593599904296, 0.0 ], [ 110.64369921659133, -7.589589448438288, 0.0 ], [ 110.64370765719336, -7.589576546438331, 0.0 ], [ 110.643713855994321, -7.589562433209764, 0.0 ], [ 110.643756762241097, -7.589437624276311, 0.0 ], [ 110.643757933960771, -7.589434860913527, 0.0 ], [ 110.643759480831989, -7.589432290528553, 0.0 ], [ 110.643761371993492, -7.589429960132995, 0.0 ], [ 110.643781399837025, -7.589408530426718, 0.0 ], [ 110.643786695321296, -7.589403705341397, 0.0 ], [ 110.643792695354009, -7.589399785389158, 0.0 ], [ 110.643799245737426, -7.589396873563031, 0.0 ], [ 110.643806178700316, -7.589395042994557, 0.0 ], [ 110.643813315615134, -7.589394339669727, 0.0 ], [ 110.643982588533305, -7.58939129246865, 0.0 ], [ 110.644004048839975, -7.589390646097187, 0.0 ], [ 110.644120692570041, -7.589387131508619, 0.0 ], [ 110.644190004318475, -7.589385045345054, 0.0 ], [ 110.644216507870681, -7.589384245697638, 0.0 ], [ 110.644240902745494, -7.589384609391228, 0.0 ], [ 110.64439000604213, -7.589393533606846, 0.0 ], [ 110.644465583853815, -7.589398057592273, 0.0 ], [ 110.644550017287031, -7.589403113447219, 0.0 ], [ 110.644707171629847, -7.589424204083185, 0.0 ], [ 110.644752411496725, -7.589430275344128, 0.0 ], [ 110.644814242067838, -7.589438571794103, 0.0 ], [ 110.644857475062778, -7.589444375465249, 0.0 ], [ 110.644912894337295, -7.58945181185875, 0.0 ], [ 110.64493467939603, -7.58945644198195, 0.0 ], [ 110.644953477904252, -7.589460436475929, 0.0 ], [ 110.644997973214103, -7.589473493894385, 0.0 ], [ 110.645153585371759, -7.589519160804058, 0.0 ], [ 110.64536020850079, -7.589579795352422, 0.0 ], [ 110.645364938297604, -7.589581593849799, 0.0 ], [ 110.645369329368563, -7.589584104861006, 0.0 ], [ 110.645373276605383, -7.58958726588594, 0.0 ], [ 110.645376682161057, -7.589591003575784, 0.0 ], [ 110.645379463616933, -7.589595223789463, 0.0 ], [ 110.645381553067935, -7.589599821543112, 0.0 ], [ 110.645382899834132, -7.589604690962352, 0.0 ], [ 110.645383472287151, -7.589609709001754, 0.0 ], [ 110.645383254208426, -7.589614754437588, 0.0 ], [ 110.645374338264048, -7.589687846149229, 0.0 ], [ 110.645354114406956, -7.589769341911849, 0.0 ], [ 110.645348220859972, -7.589800419459145, 0.0 ], [ 110.645345827118035, -7.589831954853048, 0.0 ], [ 110.645343879453137, -7.589929804519, 0.0 ], [ 110.645345191593577, -7.589951485988688, 0.0 ], [ 110.645345413110192, -7.589955522298464, 0.0 ], [ 110.645344941135036, -7.589959537237711, 0.0 ], [ 110.645343789364134, -7.589963411416194, 0.0 ], [ 110.645341991430897, -7.589967033600943, 0.0 ], [ 110.645339600003268, -7.589970296192762, 0.0 ], [ 110.645336685871271, -7.58997310246189, 0.0 ], [ 110.645333334316305, -7.589975371972413, 0.0 ], [ 110.645329643299647, -7.589977038771648, 0.0 ], [ 110.645325721649243, -7.589978051388657, 0.0 ] ] ] ] } },
{ "type": "Feature", "properties": { "OBJECTID": 612, "ZONA": "Perumahan", "SUB_ZONA": "Rumah Kepadatan Sedang", "KODE": "R-3", "KEPADATAN": 34.0241983361, "JUML_RUMH": 33.0, "LUAS_BID": 9698.9794363100009, "Shape_Leng": 437.346428876, "Shape_Area": 9698.9794363599995 }, "geometry": { "type": "MultiPolygon", "coordinates": [ [ [ [ 110.642742612679939, -7.589507059813515, 0.0 ], [ 110.642755755454374, -7.589508573080336, 0.0 ], [ 110.642768983086896, -7.589508322532668, 0.0 ], [ 110.642782058964286, -7.589506313403385, 0.0 ], [ 110.642877030862337, -7.589485155168582, 0.0 ], [ 110.642968516571443, -7.589462414695227, 0.0 ], [ 110.642978909746788, -7.589460681960051, 0.0 ], [ 110.642989445705837, -7.589460594728942, 0.0 ], [ 110.642999866080061, -7.589462156407977, 0.0 ], [ 110.643028881833303, -7.589468862186854, 0.0 ], [ 110.643045639762121, -7.589473860953182, 0.0 ], [ 110.643061637213719, -7.589480918768216, 0.0 ], [ 110.643145102667305, -7.589524187967796, 0.0 ], [ 110.643258932172188, -7.589587078366471, 0.0 ], [ 110.64328108353665, -7.589599317091932, 0.0 ], [ 110.643305371622063, -7.589610470293234, 0.0 ], [ 110.643359624522503, -7.589630664688009, 0.0 ], [ 110.643383795606439, -7.589637490393834, 0.0 ], [ 110.643408755049862, -7.58964032403536, 0.0 ], [ 110.643498417461387, -7.589643192646015, 0.0 ], [ 110.64359612073595, -7.589646320201183, 0.0 ], [ 110.643616183911092, -7.58964696260083, 0.0 ], [ 110.643663308622465, -7.589648471131436, 0.0 ], [ 110.643668322272603, -7.589649033351717, 0.0 ], [ 110.643673182065555, -7.589650386027698, 0.0 ], [ 110.643677763832741, -7.589652494684485, 0.0 ], [ 110.643681950675074, -7.589655304048375, 0.0 ], [ 110.643685634771614, -7.589658743475654, 0.0 ], [ 110.643688722819505, -7.589662726052485, 0.0 ], [ 110.643699293468615, -7.589678871992974, 0.0 ], [ 110.64370419865908, -7.589687849207505, 0.0 ], [ 110.643707617474533, -7.589697487338757, 0.0 ], [ 110.643709463991783, -7.589707544799948, 0.0 ], [ 110.643709692186036, -7.589717767373164, 0.0 ], [ 110.643708295924313, -7.589727896350366, 0.0 ], [ 110.64367484976556, -7.589879859655985, 0.0 ], [ 110.643669153587666, -7.589908901181279, 0.0 ], [ 110.643654832577994, -7.589981907907449, 0.0 ], [ 110.643602235063781, -7.590250052038244, 0.0 ], [ 110.643601177682726, -7.590253774323321, 0.0 ], [ 110.643599520352396, -7.590257270882097, 0.0 ], [ 110.643597307570317, -7.590260448581837, 0.0 ], [ 110.64359460014974, -7.590263217016769, 0.0 ], [ 110.643591471580606, -7.590265503882688, 0.0 ], [ 110.64358800894513, -7.590267244122956, 0.0 ], [ 110.643584305656546, -7.590268390777243, 0.0 ], [ 110.643580463275015, -7.590268911364784, 0.0 ], [ 110.643576587876368, -7.590268794213359, 0.0 ], [ 110.64357278462019, -7.590268039409153, 0.0 ], [ 110.643419738144758, -7.590224302548089, 0.0 ], [ 110.643275812150549, -7.590183171907524, 0.0 ], [ 110.643124791398492, -7.590140012809488, 0.0 ], [ 110.643004064002213, -7.590105512523244, 0.0 ], [ 110.642889587205488, -7.590072195975109, 0.0 ], [ 110.642763811206251, -7.590035592907107, 0.0 ], [ 110.642646590987752, -7.590001478033107, 0.0 ], [ 110.642544612539169, -7.58997180074774, 0.0 ], [ 110.642354869658945, -7.589916579861227, 0.0 ], [ 110.642251437501784, -7.589886477980773, 0.0 ], [ 110.642247221571381, -7.589884869829574, 0.0 ], [ 110.642243324387024, -7.58988259890125, 0.0 ], [ 110.642239848338491, -7.589879725885343, 0.0 ], [ 110.642236885830741, -7.589876326840556, 0.0 ], [ 110.642234516563633, -7.589872494097206, 0.0 ], [ 110.642232803006692, -7.589868327207823, 0.0 ], [ 110.642231791301072, -7.589863938375311, 0.0 ], [ 110.642231506735101, -7.58985944249904, 0.0 ], [ 110.642231958272561, -7.58985496260601, 0.0 ], [ 110.642241230337746, -7.5898046353269, 0.0 ], [ 110.642273269981828, -7.58964943540052, 0.0 ], [ 110.642278458203805, -7.589628529958461, 0.0 ], [ 110.642344012022903, -7.589403019341108, 0.0 ], [ 110.64234876251659, -7.589388526838071, 0.0 ], [ 110.64235033392859, -7.589384791410829, 0.0 ], [ 110.642352489813845, -7.589381357681432, 0.0 ], [ 110.642355174796066, -7.589378318773603, 0.0 ], [ 110.642358317193072, -7.589375753324683, 0.0 ], [ 110.642361833548094, -7.589373727298598, 0.0 ], [ 110.642365633159443, -7.589372297607764, 0.0 ], [ 110.642369613559836, -7.589371497636421, 0.0 ], [ 110.64237367138135, -7.589371353531668, 0.0 ], [ 110.642377699651576, -7.58937186520551, 0.0 ], [ 110.642381591408565, -7.589373019906191, 0.0 ], [ 110.642461223259716, -7.589403880097215, 0.0 ], [ 110.642662693195248, -7.589481953315472, 0.0 ], [ 110.642729789536077, -7.589503810966337, 0.0 ], [ 110.642742612679939, -7.589507059813515, 0.0 ] ] ] ] } },
{ "type": "Feature", "properties": { "OBJECTID": 613, "ZONA": "Perumahan", "SUB_ZONA": "Rumah Kepadatan Sedang", "KODE": "R-3", "KEPADATAN": 25.478788803299999, "JUML_RUMH": 4.0, "LUAS_BID": 1569.9333398399999, "Shape_Leng": 198.11791065200001, "Shape_Area": 1569.9333398000001 }, "geometry": { "type": "MultiPolygon", "coordinates": [ [ [ [ 110.640883502725686, -7.589598889146706, 0.0 ], [ 110.640880158252799, -7.589599155941677, 0.0 ], [ 110.640876813313909, -7.589598891762074, 0.0 ], [ 110.640720597816795, -7.589574063803871, 0.0 ], [ 110.640554208602552, -7.589547618174727, 0.0 ], [ 110.640499608153576, -7.589538939046169, 0.0 ], [ 110.640361633961604, -7.589517717129756, 0.0 ], [ 110.640187969077218, -7.589491003022714, 0.0 ], [ 110.640184751484867, -7.589490223346579, 0.0 ], [ 110.640181713835261, -7.589488906513321, 0.0 ], [ 110.64017894584191, -7.589487094206786, 0.0 ], [ 110.640176526330677, -7.589484838956411, 0.0 ], [ 110.640174527772601, -7.589482204141071, 0.0 ], [ 110.640173008121238, -7.589479268505088, 0.0 ], [ 110.640172010817807, -7.589476119826308, 0.0 ], [ 110.640171565706154, -7.589472844966761, 0.0 ], [ 110.640171685395941, -7.589469542533442, 0.0 ], [ 110.64017236708554, -7.589466311120586, 0.0 ], [ 110.640211420672756, -7.589337049885422, 0.0 ], [ 110.640212753397677, -7.589333655286666, 0.0 ], [ 110.640214614426668, -7.589330516209748, 0.0 ], [ 110.64021695564216, -7.589327717643094, 0.0 ], [ 110.640219717152689, -7.58932533099701, 0.0 ], [ 110.640222826387273, -7.589323413198434, 0.0 ], [ 110.640226202615992, -7.589322021167582, 0.0 ], [ 110.640229759691465, -7.589321185588015, 0.0 ], [ 110.640233405125727, -7.589320930806221, 0.0 ], [ 110.640237043727012, -7.589321262170762, 0.0 ], [ 110.640317621386387, -7.589335202912849, 0.0 ], [ 110.640400029889406, -7.589347425594348, 0.0 ], [ 110.640590288726045, -7.589375640422213, 0.0 ], [ 110.640707073789528, -7.589392960592584, 0.0 ], [ 110.640758383931512, -7.589402166140813, 0.0 ], [ 110.640932252710499, -7.589433358643451, 0.0 ], [ 110.640934361774683, -7.589433924828017, 0.0 ], [ 110.6409363454474, -7.589434838258383, 0.0 ], [ 110.640938145733742, -7.589436069940871, 0.0 ], [ 110.640939712799153, -7.589437589079435, 0.0 ], [ 110.640940999540803, -7.589439350407408, 0.0 ], [ 110.640941971553431, -7.589441301432116, 0.0 ], [ 110.640942598964557, -7.589443389664706, 0.0 ], [ 110.640942864601584, -7.589445552676628, 0.0 ], [ 110.640942761263133, -7.589447728952156, 0.0 ], [ 110.640942290813328, -7.589449856983066, 0.0 ], [ 110.640900372069595, -7.58958429903003, 0.0 ], [ 110.640899124802331, -7.589587406957538, 0.0 ], [ 110.640897400887582, -7.589590278402296, 0.0 ], [ 110.640895243896608, -7.589592844654094, 0.0 ], [ 110.640892709186474, -7.589595036107847, 0.0 ], [ 110.640889858443629, -7.589596803063965, 0.0 ], [ 110.640886763325767, -7.589598096735591, 0.0 ], [ 110.640883502725686, -7.589598889146706, 0.0 ] ] ] ] } },
{ "type": "Feature", "properties": { "OBJECTID": 614, "ZONA": "Perumahan", "SUB_ZONA": "Rumah Kepadatan Tinggi", "KODE": "R-2", "KEPADATAN": 45.096545612, "JUML_RUMH": 15.0, "LUAS_BID": 3326.1971169600001, "Shape_Leng": 321.51326627499998, "Shape_Area": 3326.19711697 }, "geometry": { "type": "MultiPolygon", "coordinates": [ [ [ [ 110.642303520228864, -7.589381056883504, 0.0 ], [ 110.642300691926025, -7.58938968492323, 0.0 ], [ 110.642234925348063, -7.589615929857444, 0.0 ], [ 110.642228874844079, -7.589640311701657, 0.0 ], [ 110.642225741054062, -7.589655492995727, 0.0 ], [ 110.642224497374613, -7.589659755143544, 0.0 ], [ 110.642222586685477, -7.589663764371383, 0.0 ], [ 110.642220058931187, -7.589667418505551, 0.0 ], [ 110.642216978555055, -7.589670622620695, 0.0 ], [ 110.642213425401209, -7.589673294467966, 0.0 ], [ 110.642209490181898, -7.589675364471187, 0.0 ], [ 110.642205273565651, -7.589676782058085, 0.0 ], [ 110.642200884369529, -7.589677509326877, 0.0 ], [ 110.642196435020978, -7.589677527374396, 0.0 ], [ 110.642192039744884, -7.589676836294673, 0.0 ], [ 110.642021105297715, -7.58963571829991, 0.0 ], [ 110.641956270165196, -7.589620122832957, 0.0 ], [ 110.641946500965915, -7.589617135180831, 0.0 ], [ 110.641937168777901, -7.58961298462973, 0.0 ], [ 110.641901304877322, -7.589594348379586, 0.0 ], [ 110.641893843033401, -7.589591128346879, 0.0 ], [ 110.641885994997352, -7.589589007935714, 0.0 ], [ 110.641856154466581, -7.589583196007207, 0.0 ], [ 110.641705445382058, -7.589553850158014, 0.0 ], [ 110.641602149232853, -7.58953373724936, 0.0 ], [ 110.641558206021102, -7.589525181012116, 0.0 ], [ 110.641492155531282, -7.58951361879378, 0.0 ], [ 110.641352241263405, -7.589489127430389, 0.0 ], [ 110.641221192660353, -7.589466187415467, 0.0 ], [ 110.641076754510962, -7.589440902554452, 0.0 ], [ 110.641073072932031, -7.589439921690416, 0.0 ], [ 110.641069605790776, -7.589438346710335, 0.0 ], [ 110.641066447332705, -7.589436220206113, 0.0 ], [ 110.641063684537514, -7.589433601045684, 0.0 ], [ 110.641061395307361, -7.589430562562393, 0.0 ], [ 110.641059641219883, -7.589427186217071, 0.0 ], [ 110.641058471148298, -7.589423568837566, 0.0 ], [ 110.641057917648709, -7.589419806333614, 0.0 ], [ 110.641057995137331, -7.589416005454728, 0.0 ], [ 110.641058702622118, -7.589412269319406, 0.0 ], [ 110.641110347100721, -7.589225985245983, 0.0 ], [ 110.641111925085255, -7.589226361939142, 0.0 ], [ 110.641197470585666, -7.589245831645465, 0.0 ], [ 110.641249199981289, -7.58925670186395, 0.0 ], [ 110.641284245389343, -7.589263091615446, 0.0 ], [ 110.641319531699494, -7.589268677412899, 0.0 ], [ 110.641372276452188, -7.589276242303596, 0.0 ], [ 110.641530097329834, -7.589297852034613, 0.0 ], [ 110.641550132286667, -7.589300794790639, 0.0 ], [ 110.641564900849019, -7.589302965236288, 0.0 ], [ 110.641599485517162, -7.589308530532652, 0.0 ], [ 110.641633066978301, -7.5893147815572, 0.0 ], [ 110.641665822026951, -7.589321696746511, 0.0 ], [ 110.641733491102755, -7.589337128151479, 0.0 ], [ 110.641781323251351, -7.58934803580124, 0.0 ], [ 110.641814684517342, -7.589355274405435, 0.0 ], [ 110.641848293829185, -7.589361839317426, 0.0 ], [ 110.641865896479786, -7.589364839756134, 0.0 ], [ 110.641900776947708, -7.589370095914518, 0.0 ], [ 110.641953018175187, -7.589377069646115, 0.0 ], [ 110.642040073023139, -7.589387923634516, 0.0 ], [ 110.642067216981516, -7.589391042276559, 0.0 ], [ 110.642092540767322, -7.589393952275285, 0.0 ], [ 110.642127765544373, -7.589397238576673, 0.0 ], [ 110.642145644378701, -7.58939842921547, 0.0 ], [ 110.642163620624075, -7.589399123332578, 0.0 ], [ 110.642181752466186, -7.589399119259962, 0.0 ], [ 110.642199441704193, -7.589398271776366, 0.0 ], [ 110.642216952936536, -7.589396717687513, 0.0 ], [ 110.642234295108949, -7.58939460172969, 0.0 ], [ 110.642251508041383, -7.589392006250266, 0.0 ], [ 110.642268616189568, -7.589388956596935, 0.0 ], [ 110.642285635892989, -7.589385426551043, 0.0 ], [ 110.642302572664079, -7.58938132747064, 0.0 ], [ 110.642303520228864, -7.589381056883504, 0.0 ] ] ] ] } },
{ "type": "Feature", "properties": { "OBJECTID": 615, "ZONA": "Perumahan", "SUB_ZONA": "Rumah Kepadatan Tinggi", "KODE": "R-2", "KEPADATAN": 51.573008806399997, "JUML_RUMH": 8.0, "LUAS_BID": 1551.1990061, "Shape_Leng": 194.37572117900001, "Shape_Area": 1551.1990060600001 }, "geometry": { "type": "MultiPolygon", "coordinates": [ [ [ [ 110.640119580021135, -7.589479113022326, 0.0 ], [ 110.640115295378095, -7.589479478534309, 0.0 ], [ 110.640111006767142, -7.589479164721745, 0.0 ], [ 110.639969741372127, -7.58945743340715, 0.0 ], [ 110.63994915814709, -7.589454267603749, 0.0 ], [ 110.639723692714384, -7.589415136092316, 0.0 ], [ 110.639605872305438, -7.589394687752685, 0.0 ], [ 110.639445628050737, -7.589366874588346, 0.0 ], [ 110.639443168213262, -7.589366239359541, 0.0 ], [ 110.63944084377583, -7.589365214379596, 0.0 ], [ 110.639438716358697, -7.589363829549946, 0.0 ], [ 110.639436841233262, -7.589362118384964, 0.0 ], [ 110.639435268220367, -7.589360127962892, 0.0 ], [ 110.63943403807238, -7.589357908972604, 0.0 ], [ 110.639433184280961, -7.589355522047129, 0.0 ], [ 110.639432728552777, -7.589353027809654, 0.0 ], [ 110.639432683525158, -7.589350491398679, 0.0 ], [ 110.639433049140095, -7.589347982464931, 0.0 ], [ 110.639433817182905, -7.589345567938706, 0.0 ], [ 110.639439593650636, -7.589331473422599, 0.0 ], [ 110.639450995212854, -7.589297817131084, 0.0 ], [ 110.639458121554441, -7.589263009412949, 0.0 ], [ 110.639460862535316, -7.5892275892922, 0.0 ], [ 110.639461371678294, -7.589222550435662, 0.0 ], [ 110.639462734654373, -7.589217671488925, 0.0 ], [ 110.639464911455761, -7.589213096243129, 0.0 ], [ 110.639467838512729, -7.58920895851978, 0.0 ], [ 110.639471428697476, -7.589205377647911, 0.0 ], [ 110.639475578573425, -7.589202462088434, 0.0 ], [ 110.639480166594993, -7.589200294055071, 0.0 ], [ 110.639485056725377, -7.589198939467568, 0.0 ], [ 110.63949010751341, -7.589198434390857, 0.0 ], [ 110.639495170269115, -7.589198798601851, 0.0 ], [ 110.639640920920982, -7.589221880666658, 0.0 ], [ 110.639760232940105, -7.58924077529978, 0.0 ], [ 110.639897081608282, -7.58926244693836, 0.0 ], [ 110.639996961365767, -7.589279727062595, 0.0 ], [ 110.640172186949869, -7.589310041760035, 0.0 ], [ 110.640174177292408, -7.589310562622195, 0.0 ], [ 110.640176051324943, -7.589311410837183, 0.0 ], [ 110.640177755582286, -7.58931256103323, 0.0 ], [ 110.640179242044653, -7.58931398060658, 0.0 ], [ 110.640180466324324, -7.589315629720058, 0.0 ], [ 110.640181395824072, -7.589317462214359, 0.0 ], [ 110.640182002486796, -7.589319422888355, 0.0 ], [ 110.640182270038295, -7.589321459264395, 0.0 ], [ 110.640182189463502, -7.589323510729757, 0.0 ], [ 110.64018176443669, -7.589325519395929, 0.0 ], [ 110.640141054556636, -7.589460262673052, 0.0 ], [ 110.64013949015991, -7.589464260418334, 0.0 ], [ 110.640137311373195, -7.589467959151731, 0.0 ], [ 110.640134573570947, -7.589471268463517, 0.0 ], [ 110.640131344815586, -7.589474102477229, 0.0 ], [ 110.640127706754896, -7.589476390705113, 0.0 ], [ 110.640123751905435, -7.58947807442762, 0.0 ], [ 110.640119580021135, -7.589479113022326, 0.0 ] ] ] ] } },
{ "type": "Feature", "properties": { "OBJECTID": 616, "ZONA": "Perumahan", "SUB_ZONA": "Rumah Kepadatan Tinggi", "KODE": "R-2", "KEPADATAN": 67.282181084200005, "JUML_RUMH": 58.0, "LUAS_BID": 8620.4101985699999, "Shape_Leng": 623.196757757, "Shape_Area": 8620.4101985699999 }, "geometry": { "type": "MultiPolygon", "coordinates": [ [ [ [ 110.638915080452236, -7.588463205794699, 0.0 ], [ 110.638974230155469, -7.588485548584674, 0.0 ], [ 110.639012729847579, -7.588500091428147, 0.0 ], [ 110.639072671632633, -7.588522732461486, 0.0 ], [ 110.639104501263589, -7.588534756905267, 0.0 ], [ 110.639192657627362, -7.588568056198758, 0.0 ], [ 110.639231736434127, -7.588582818406442, 0.0 ], [ 110.63926852875295, -7.588596714863287, 0.0 ], [ 110.639365150512475, -7.588633213322376, 0.0 ], [ 110.639468337235726, -7.588672190259043, 0.0 ], [ 110.639497492517705, -7.588683203878052, 0.0 ], [ 110.639527443498537, -7.58869451665816, 0.0 ], [ 110.639586427836349, -7.588715211130244, 0.0 ], [ 110.639698018131455, -7.58875435870435, 0.0 ], [ 110.639767430149675, -7.588778711675086, 0.0 ], [ 110.639851262008932, -7.58880812128573, 0.0 ], [ 110.639980046313539, -7.588853301943966, 0.0 ], [ 110.640077327412925, -7.588887429955516, 0.0 ], [ 110.640190527355685, -7.588927144086727, 0.0 ], [ 110.640359355777832, -7.588986373861179, 0.0 ], [ 110.640516475996506, -7.589041495350304, 0.0 ], [ 110.640889413779234, -7.589164634052603, 0.0 ], [ 110.64094055560642, -7.589181098498464, 0.0 ], [ 110.640974928542818, -7.589191622442982, 0.0 ], [ 110.6409923291571, -7.58919664262244, 0.0 ], [ 110.641009459907067, -7.589201317942691, 0.0 ], [ 110.641043624009114, -7.589210056116608, 0.0 ], [ 110.641089175279859, -7.589220931203133, 0.0 ], [ 110.641034868463151, -7.589416815838363, 0.0 ], [ 110.641033849930508, -7.589419582033154, 0.0 ], [ 110.64103239098381, -7.589422146148391, 0.0 ], [ 110.641030531569584, -7.589424437661744, 0.0 ], [ 110.64102832159962, -7.589426394200035, 0.0 ], [ 110.641025820948698, -7.589427964253058, 0.0 ], [ 110.641023096737243, -7.589429104457533, 0.0 ], [ 110.641020222420238, -7.589429785023778, 0.0 ], [ 110.641017274164042, -7.589429986114455, 0.0 ], [ 110.641014333560065, -7.589429705083275, 0.0 ], [ 110.6407898706982, -7.58938943339949, 0.0 ], [ 110.640710011314326, -7.58937510709214, 0.0 ], [ 110.64066850203902, -7.589368949850219, 0.0 ], [ 110.640469883151653, -7.589339495233992, 0.0 ], [ 110.640320502727562, -7.589317341228231, 0.0 ], [ 110.640270585496552, -7.589308703938018, 0.0 ], [ 110.640123380841572, -7.589283237374054, 0.0 ], [ 110.639958267246982, -7.58925467049183, 0.0 ], [ 110.639900051796204, -7.589244598899158, 0.0 ], [ 110.639856187092462, -7.589237651762002, 0.0 ], [ 110.639644299916768, -7.589204098096485, 0.0 ], [ 110.639709785986739, -7.589007064189039, 0.0 ], [ 110.639689942891081, -7.58899910393877, 0.0 ], [ 110.639621339401586, -7.588971580252941, 0.0 ], [ 110.639512882993557, -7.588928069870597, 0.0 ], [ 110.639444134384746, -7.58912704764343, 0.0 ], [ 110.639432888443778, -7.589100127790807, 0.0 ], [ 110.639409705762446, -7.589051748313494, 0.0 ], [ 110.639379072353591, -7.589012964512149, 0.0 ], [ 110.6393596438174, -7.588988368005991, 0.0 ], [ 110.639339862617746, -7.588965971085508, 0.0 ], [ 110.639317739711515, -7.588945872506283, 0.0 ], [ 110.639293542325888, -7.588928316719668, 0.0 ], [ 110.639255318440192, -7.588903665720239, 0.0 ], [ 110.639177616697793, -7.588853554903135, 0.0 ], [ 110.639156334742623, -7.588840385004634, 0.0 ], [ 110.639099305307681, -7.588805092571504, 0.0 ], [ 110.638973775527745, -7.588727409158235, 0.0 ], [ 110.638927159667574, -7.588698561262345, 0.0 ], [ 110.638898950640041, -7.588676911723717, 0.0 ], [ 110.638819451335308, -7.588615896745921, 0.0 ], [ 110.638816928529408, -7.588613594365753, 0.0 ], [ 110.638814834848631, -7.588610897051287, 0.0 ], [ 110.638813230058503, -7.58860788445306, 0.0 ], [ 110.638812160318764, -7.588604645255871, 0.0 ], [ 110.638811659096106, -7.588601269943052, 0.0 ], [ 110.638811738090268, -7.588597860739089, 0.0 ], [ 110.638824603259593, -7.588480034983714, 0.0 ], [ 110.638828476868866, -7.588456195023344, 0.0 ], [ 110.638834820366085, -7.58843288808848, 0.0 ], [ 110.638915080452236, -7.588463205794699, 0.0 ] ] ] ] } },
{ "type": "Feature", "properties": { "OBJECTID": 617, "ZONA": "Perumahan", "SUB_ZONA": "Rumah Kepadatan Tinggi", "KODE": "R-2", "KEPADATAN": 45.3877288953, "JUML_RUMH": 19.0, "LUAS_BID": 4186.1534962300002, "Shape_Leng": 325.93858828899999, "Shape_Area": 4186.1534962100004 }, "geometry": { "type": "MultiPolygon", "coordinates": [ [ [ [ 110.653328462060927, -7.588405263531177, 0.0 ], [ 110.653307728259691, -7.588454186239743, 0.0 ], [ 110.653267623035319, -7.588548817944286, 0.0 ], [ 110.653221488432138, -7.588567528998103, 0.0 ], [ 110.653090361088474, -7.588620712747399, 0.0 ], [ 110.652976100957318, -7.588667053377089, 0.0 ], [ 110.652902899420226, -7.588669006682692, 0.0 ], [ 110.652804761894487, -7.588671623005645, 0.0 ], [ 110.652759420929044, -7.588672831468644, 0.0 ], [ 110.652728566879318, -7.588673654397075, 0.0 ], [ 110.652610158549393, -7.588676810788134, 0.0 ], [ 110.652583926170195, -7.588677510760776, 0.0 ], [ 110.652420761557948, -7.588653696350499, 0.0 ], [ 110.652386066669152, -7.588648632042618, 0.0 ], [ 110.652269573296934, -7.588617527071544, 0.0 ], [ 110.652192705627527, -7.588597001804495, 0.0 ], [ 110.652167004220075, -7.588590139177994, 0.0 ], [ 110.652166467660109, -7.588589995828797, 0.0 ], [ 110.652148827343083, -7.588585285258309, 0.0 ], [ 110.652104988940479, -7.588573579594363, 0.0 ], [ 110.652097409331574, -7.588555505009056, 0.0 ], [ 110.65206474187643, -7.588492436693069, 0.0 ], [ 110.652057311208452, -7.588476288932171, 0.0 ], [ 110.652051418542243, -7.588459519162282, 0.0 ], [ 110.652029272988969, -7.588385650715092, 0.0 ], [ 110.652025323935888, -7.588368908732408, 0.0 ], [ 110.652023396761479, -7.588351815590617, 0.0 ], [ 110.652021218954388, -7.588310440327136, 0.0 ], [ 110.652021278720412, -7.588308266725124, 0.0 ], [ 110.65202168294357, -7.588306130485596, 0.0 ], [ 110.652022422516282, -7.58830408406554, 0.0 ], [ 110.652023477451678, -7.588302180817828, 0.0 ], [ 110.652024822326453, -7.588300470472731, 0.0 ], [ 110.652026422659247, -7.58829899370769, 0.0 ], [ 110.652028236717726, -7.588297789385249, 0.0 ], [ 110.652030220057213, -7.588296887320228, 0.0 ], [ 110.652032321891568, -7.588296311895003, 0.0 ], [ 110.652034488723771, -7.588296076635112, 0.0 ], [ 110.652036665250236, -7.588296186923643, 0.0 ], [ 110.652203796471014, -7.588318083365646, 0.0 ], [ 110.65231381048612, -7.588332495906957, 0.0 ], [ 110.652407692417029, -7.588344796953672, 0.0 ], [ 110.652447298074108, -7.588348687451049, 0.0 ], [ 110.652495912634208, -7.58835187959037, 0.0 ], [ 110.652716459889049, -7.588366359547619, 0.0 ], [ 110.65274537540094, -7.588368198086177, 0.0 ], [ 110.652818833566627, -7.588372868174711, 0.0 ], [ 110.652920823799448, -7.588379352048738, 0.0 ], [ 110.653328462060927, -7.588405263531177, 0.0 ] ] ] ] } },
{ "type": "Feature", "properties": { "OBJECTID": 618, "ZONA": "Perumahan", "SUB_ZONA": "Rumah Kepadatan Tinggi", "KODE": "R-2", "KEPADATAN": 72.361843437600001, "JUML_RUMH": 14.0, "LUAS_BID": 1934.7213026899999, "Shape_Leng": 188.172835564, "Shape_Area": 1934.72130268 }, "geometry": { "type": "MultiPolygon", "coordinates": [ [ [ [ 110.652605997052916, -7.588322641822256, 0.0 ], [ 110.652603421528767, -7.58832267775599, 0.0 ], [ 110.652449678637439, -7.588312583065458, 0.0 ], [ 110.65241241349905, -7.588308922387678, 0.0 ], [ 110.652257708788369, -7.588288654215479, 0.0 ], [ 110.652136723120677, -7.588272801874595, 0.0 ], [ 110.652031014765271, -7.588258952655566, 0.0 ], [ 110.652028727040829, -7.588258460555093, 0.0 ], [ 110.652026551117302, -7.588257600389464, 0.0 ], [ 110.652024544993154, -7.588256397532711, 0.0 ], [ 110.652022763942185, -7.588254883688557, 0.0 ], [ 110.652021254164723, -7.58825310050356, 0.0 ], [ 110.652020056418181, -7.588251094142757, 0.0 ], [ 110.652019204200357, -7.588248919810913, 0.0 ], [ 110.65201872012905, -7.588246634513188, 0.0 ], [ 110.652018615938459, -7.588244301577974, 0.0 ], [ 110.652020197811765, -7.588225187750824, 0.0 ], [ 110.652023479284921, -7.588206287854574, 0.0 ], [ 110.652038724121383, -7.588137018243667, 0.0 ], [ 110.652064540705823, -7.588019706131461, 0.0 ], [ 110.652067953829587, -7.58799829438578, 0.0 ], [ 110.652068842429358, -7.587976630057891, 0.0 ], [ 110.652068953426763, -7.587975005562764, 0.0 ], [ 110.652069339074998, -7.587973421087888, 0.0 ], [ 110.652069988457015, -7.587971924566034, 0.0 ], [ 110.652070883404875, -7.587970562115072, 0.0 ], [ 110.652071996692428, -7.587969370800026, 0.0 ], [ 110.652073296563017, -7.587968384968637, 0.0 ], [ 110.6520747458258, -7.587967632632426, 0.0 ], [ 110.652076301853612, -7.587967138180305, 0.0 ], [ 110.652077919309775, -7.587966913335243, 0.0 ], [ 110.652079551952554, -7.587966968010375, 0.0 ], [ 110.65220802792156, -7.587982175977983, 0.0 ], [ 110.65222748321527, -7.587985636090108, 0.0 ], [ 110.652246402758834, -7.587991331837285, 0.0 ], [ 110.65230363605616, -7.588012261106146, 0.0 ], [ 110.652479390672738, -7.588076533773443, 0.0 ], [ 110.652511267505915, -7.588085572251743, 0.0 ], [ 110.652649299819757, -7.588113841386923, 0.0 ], [ 110.6526510064501, -7.588114332115401, 0.0 ], [ 110.652652614963202, -7.588115085086983, 0.0 ], [ 110.652654086395074, -7.588116078561165, 0.0 ], [ 110.652655382688991, -7.588117289893634, 0.0 ], [ 110.652656473046392, -7.58811868920942, 0.0 ], [ 110.652657331205091, -7.588120242114389, 0.0 ], [ 110.652657934532655, -7.588121909694507, 0.0 ], [ 110.65265826946505, -7.588123649424778, 0.0 ], [ 110.652658326968748, -7.588125421497501, 0.0 ], [ 110.652658105267662, -7.588127179778834, 0.0 ], [ 110.652620344356265, -7.588309819432589, 0.0 ], [ 110.652619625298613, -7.588312287393634, 0.0 ], [ 110.652618522887934, -7.5883146112239, 0.0 ], [ 110.652617065276459, -7.588316729435981, 0.0 ], [ 110.65261528876735, -7.588318590499178, 0.0 ], [ 110.652613239632132, -7.588320147413469, 0.0 ], [ 110.652610968667815, -7.588321362228075, 0.0 ], [ 110.652608533920827, -7.588322200616188, 0.0 ], [ 110.652605997052916, -7.588322641822256, 0.0 ] ] ] ] } },
{ "type": "Feature", "properties": { "OBJECTID": 619, "ZONA": "Perumahan", "SUB_ZONA": "Rumah Kepadatan Sedang", "KODE": "R-3", "KEPADATAN": 31.728748235800001, "JUML_RUMH": 23.0, "LUAS_BID": 7248.9465480999997, "Shape_Leng": 416.88954242699998, "Shape_Area": 7248.9465481200004 }, "geometry": { "type": "MultiPolygon", "coordinates": [ [ [ [ 110.653323963375769, -7.587982366041794, 0.0 ], [ 110.653309466579927, -7.588113985599848, 0.0 ], [ 110.653352546857207, -7.588231292124636, 0.0 ], [ 110.653340218813923, -7.588309328367325, 0.0 ], [ 110.653330767311189, -7.588369155459334, 0.0 ], [ 110.653088115572913, -7.588353731007192, 0.0 ], [ 110.652901924254891, -7.588341894642248, 0.0 ], [ 110.652718803262559, -7.58833025422533, 0.0 ], [ 110.652654055764415, -7.58832600265186, 0.0 ], [ 110.652651361839943, -7.588325593449359, 0.0 ], [ 110.652648776155729, -7.588324733864023, 0.0 ], [ 110.652646375750678, -7.588323445666746, 0.0 ], [ 110.652644228582261, -7.588321770521444, 0.0 ], [ 110.652642398977406, -7.588319755516461, 0.0 ], [ 110.652640938561291, -7.588317460393792, 0.0 ], [ 110.652639890796507, -7.588314949411686, 0.0 ], [ 110.652639286443872, -7.588312299482046, 0.0 ], [ 110.652639142669685, -7.588309582983132, 0.0 ], [ 110.652639463940616, -7.588306882233188, 0.0 ], [ 110.652675861550023, -7.588130835707572, 0.0 ], [ 110.652676437251472, -7.58812625910997, 0.0 ], [ 110.652676287744299, -7.588121648464501, 0.0 ], [ 110.652675417470505, -7.588117116844326, 0.0 ], [ 110.652673846281942, -7.588112779144017, 0.0 ], [ 110.652671613983102, -7.588108739419387, 0.0 ], [ 110.65266877579343, -7.588105097215783, 0.0 ], [ 110.6526654014435, -7.588101943949124, 0.0 ], [ 110.652661574272983, -7.588099357477876, 0.0 ], [ 110.652657387605885, -7.588097400290967, 0.0 ], [ 110.652652945656314, -7.58809612041314, 0.0 ], [ 110.652514913347787, -7.588067851279339, 0.0 ], [ 110.652485630457178, -7.588059547565374, 0.0 ], [ 110.652252642550877, -7.587974345632849, 0.0 ], [ 110.652231699182778, -7.587968041309839, 0.0 ], [ 110.65221016366786, -7.587964210475011, 0.0 ], [ 110.652076227198833, -7.587948356808606, 0.0 ], [ 110.6520741288913, -7.587947929988062, 0.0 ], [ 110.652072130576201, -7.587947164038734, 0.0 ], [ 110.652070285723639, -7.587946078903633, 0.0 ], [ 110.652068645074621, -7.58794470628288, 0.0 ], [ 110.652067254835302, -7.587943080586582, 0.0 ], [ 110.652066152135404, -7.587941249785973, 0.0 ], [ 110.652065366852398, -7.587939261846439, 0.0 ], [ 110.652064921605501, -7.587937171964083, 0.0 ], [ 110.652061122621433, -7.587907415338933, 0.0 ], [ 110.652025151797034, -7.587911987131701, 0.0 ], [ 110.6520116466139, -7.587744418944248, 0.0 ], [ 110.652204094578963, -7.587653588060272, 0.0 ], [ 110.652283207231875, -7.587703911214453, 0.0 ], [ 110.65243433737308, -7.587677704906163, 0.0 ], [ 110.652489585751908, -7.58757722927976, 0.0 ], [ 110.652592720235958, -7.587582099502879, 0.0 ], [ 110.652671856978017, -7.587601308565968, 0.0 ], [ 110.652791762366661, -7.587630125806167, 0.0 ], [ 110.652782215972309, -7.58773586087809, 0.0 ], [ 110.652954765169625, -7.587754705757018, 0.0 ], [ 110.653069818484383, -7.587852924793848, 0.0 ], [ 110.653323963375769, -7.587982366041794, 0.0 ] ] ] ] } },
{ "type": "Feature", "properties": { "OBJECTID": 620, "ZONA": "Perumahan", "SUB_ZONA": "Rumah Kepadatan Tinggi", "KODE": "R-2", "KEPADATAN": 76.228753252999994, "JUML_RUMH": 9.0, "LUAS_BID": 1180.6568540599999, "Shape_Leng": 154.382330483, "Shape_Area": 1180.656854 }, "geometry": { "type": "MultiPolygon", "coordinates": [ [ [ [ 110.64062070075488, -7.587821555740217, 0.0 ], [ 110.640611241424551, -7.587822108747148, 0.0 ], [ 110.640601808673537, -7.587821220818628, 0.0 ], [ 110.640592619146119, -7.587818915652202, 0.0 ], [ 110.640461230351306, -7.587775094387416, 0.0 ], [ 110.640345341893493, -7.587736443680357, 0.0 ], [ 110.640306240935217, -7.587722195343256, 0.0 ], [ 110.640143563936036, -7.587662920907682, 0.0 ], [ 110.640140337598538, -7.587661772165847, 0.0 ], [ 110.640138758076731, -7.587661071637242, 0.0 ], [ 110.640137316559105, -7.587660118851813, 0.0 ], [ 110.64013605290944, -7.587658942788341, 0.0 ], [ 110.640135002458081, -7.587657573326376, 0.0 ], [ 110.640134193275514, -7.587656049385045, 0.0 ], [ 110.640133647990694, -7.587654412592652, 0.0 ], [ 110.640133381977975, -7.587652707285135, 0.0 ], [ 110.640133401541846, -7.587650983218272, 0.0 ], [ 110.6401337075512, -7.587649285620573, 0.0 ], [ 110.640134291808096, -7.587647661522134, 0.0 ], [ 110.640135136142575, -7.587646157944827, 0.0 ], [ 110.640228088457135, -7.58750875053765, 0.0 ], [ 110.640230797275322, -7.587505394163517, 0.0 ], [ 110.640234030567782, -7.587502535728846, 0.0 ], [ 110.640237697611212, -7.58750025837772, 0.0 ], [ 110.640241695007219, -7.587498625343478, 0.0 ], [ 110.640245910306305, -7.587497682665435, 0.0 ], [ 110.640250223822434, -7.587497457381235, 0.0 ], [ 110.640254514073746, -7.587497955722269, 0.0 ], [ 110.640258660502241, -7.587499163115914, 0.0 ], [ 110.640367087311773, -7.587540877734542, 0.0 ], [ 110.640465327858934, -7.587578672606747, 0.0 ], [ 110.640525265323362, -7.587607561200938, 0.0 ], [ 110.640644356430414, -7.587664961422621, 0.0 ], [ 110.64065762195537, -7.587672506428882, 0.0 ], [ 110.640669738363684, -7.587681779091153, 0.0 ], [ 110.640680480070529, -7.587692605548442, 0.0 ], [ 110.64072431199321, -7.587743259795809, 0.0 ], [ 110.64072552628167, -7.587744929704284, 0.0 ], [ 110.640726442168301, -7.587746779372802, 0.0 ], [ 110.64072703249964, -7.58774875721928, 0.0 ], [ 110.640727281005212, -7.587750806243226, 0.0 ], [ 110.640727179575663, -7.587752866737299, 0.0 ], [ 110.640726732790966, -7.587754881718253, 0.0 ], [ 110.640725952484232, -7.587756793304315, 0.0 ], [ 110.640724860458263, -7.587758546335593, 0.0 ], [ 110.64072348848407, -7.587760090183209, 0.0 ], [ 110.640721875578265, -7.587761382365271, 0.0 ], [ 110.640647066796333, -7.587811556861324, 0.0 ], [ 110.640638823356511, -7.587816218460989, 0.0 ], [ 110.640629966361104, -7.587819577897799, 0.0 ], [ 110.64062070075488, -7.587821555740217, 0.0 ] ] ] ] } },
{ "type": "Feature", "properties": { "OBJECTID": 621, "ZONA": "Perumahan", "SUB_ZONA": "Rumah Kepadatan Sedang", "KODE": "R-3", "KEPADATAN": 22.8615052036, "JUML_RUMH": 4.0, "LUAS_BID": 1749.66607153, "Shape_Leng": 210.81862351000001, "Shape_Area": 1749.6660715800001 }, "geometry": { "type": "MultiPolygon", "coordinates": [ [ [ [ 110.643185084281441, -7.587922595131793, 0.0 ], [ 110.643115546060812, -7.587901675389301, 0.0 ], [ 110.643027559728083, -7.587875208228326, 0.0 ], [ 110.642915927557425, -7.587841625392671, 0.0 ], [ 110.642868481783069, -7.587827352338133, 0.0 ], [ 110.642939540256961, -7.587615227202052, 0.0 ], [ 110.642951067544459, -7.587585925436924, 0.0 ], [ 110.642965550872262, -7.587557958509194, 0.0 ], [ 110.643063550242999, -7.587390474493898, 0.0 ], [ 110.643227064662909, -7.587132491820537, 0.0 ], [ 110.643185084281441, -7.587922595131793, 0.0 ] ] ] ] } },
{ "type": "Feature", "properties": { "OBJECTID": 622, "ZONA": "Perumahan", "SUB_ZONA": "Rumah Kepadatan Tinggi", "KODE": "R-2", "KEPADATAN": 41.534367035000002, "JUML_RUMH": 26.0, "LUAS_BID": 6259.8763038899997, "Shape_Leng": 420.46049778100002, "Shape_Area": 6259.8763039100004 }, "geometry": { "type": "MultiPolygon", "coordinates": [ [ [ [ 110.642904317442671, -7.587581147177352, 0.0 ], [ 110.642736575880207, -7.587523295118867, 0.0 ], [ 110.642659805875752, -7.58754237968187, 0.0 ], [ 110.642636839272399, -7.587531697904526, 0.0 ], [ 110.642556707185719, -7.587494428568665, 0.0 ], [ 110.642376885962435, -7.587408121782218, 0.0 ], [ 110.642352900678361, -7.587408102057259, 0.0 ], [ 110.642312424491763, -7.587408068767552, 0.0 ], [ 110.642256957729614, -7.587408023142705, 0.0 ], [ 110.642212518944689, -7.587389463089245, 0.0 ], [ 110.642038763938345, -7.58731689683883, 0.0 ], [ 110.641990995551822, -7.587294916610922, 0.0 ], [ 110.641883829565856, -7.587245604257142, 0.0 ], [ 110.641890997690965, -7.587223565229773, 0.0 ], [ 110.641907042848118, -7.587154181823148, 0.0 ], [ 110.641913918561499, -7.587131654094248, 0.0 ], [ 110.641946298674242, -7.587046936536188, 0.0 ], [ 110.641957666825334, -7.58701719234019, 0.0 ], [ 110.64196199782846, -7.587004583683653, 0.0 ], [ 110.642012449967083, -7.586839647797237, 0.0 ], [ 110.642013751708063, -7.586836421413436, 0.0 ], [ 110.642015591706794, -7.586833470457685, 0.0 ], [ 110.642017914595513, -7.586830878103492, 0.0 ], [ 110.642020651409794, -7.586828725704153, 0.0 ], [ 110.642023718697089, -7.586827074700743, 0.0 ], [ 110.64202702485268, -7.586825978386661, 0.0 ], [ 110.64203047194475, -7.586825467436209, 0.0 ], [ 110.642033955709195, -7.586825556236426, 0.0 ], [ 110.64203737098731, -7.586826244700785, 0.0 ], [ 110.642149409549432, -7.586859104438113, 0.0 ], [ 110.642171047978437, -7.58686545051485, 0.0 ], [ 110.642470519753502, -7.586967092095346, 0.0 ], [ 110.642472578678806, -7.586967984775514, 0.0 ], [ 110.642474466004217, -7.586969196622837, 0.0 ], [ 110.642476130081604, -7.586970697744501, 0.0 ], [ 110.642477528333359, -7.586972451923293, 0.0 ], [ 110.642478623634659, -7.586974406664437, 0.0 ], [ 110.64247938520414, -7.586976512192059, 0.0 ], [ 110.642479794955847, -7.586978714217947, 0.0 ], [ 110.642479841153261, -7.586980953936319, 0.0 ], [ 110.642479522940619, -7.586983169836657, 0.0 ], [ 110.642478847616559, -7.58698530584252, 0.0 ], [ 110.642419800295158, -7.587129886737714, 0.0 ], [ 110.642376367176922, -7.587281099097843, 0.0 ], [ 110.642393795867008, -7.587286083059724, 0.0 ], [ 110.642423206160558, -7.587183690712708, 0.0 ], [ 110.642436959868988, -7.58713580850081, 0.0 ], [ 110.642496545851856, -7.586989911012529, 0.0 ], [ 110.64249761912194, -7.586987806088655, 0.0 ], [ 110.642499030358522, -7.586985911299575, 0.0 ], [ 110.642500738725445, -7.586984277266833, 0.0 ], [ 110.642502697041493, -7.586982953702228, 0.0 ], [ 110.642504849980796, -7.586981973124271, 0.0 ], [ 110.642507135873927, -7.586981365332611, 0.0 ], [ 110.642509492153877, -7.586981149271508, 0.0 ], [ 110.642511851733616, -7.586981328504035, 0.0 ], [ 110.642514147533632, -7.586981897547704, 0.0 ], [ 110.642664928590236, -7.587032888258998, 0.0 ], [ 110.642919291278417, -7.587118904261346, 0.0 ], [ 110.643135667853954, -7.58719207591511, 0.0 ], [ 110.643024811297153, -7.587366978515656, 0.0 ], [ 110.642926407028369, -7.587535155079325, 0.0 ], [ 110.642909781755705, -7.587567254971934, 0.0 ], [ 110.642904317442671, -7.587581147177352, 0.0 ] ] ] ] } },
{ "type": "Feature", "properties": { "OBJECTID": 623, "ZONA": "Perumahan", "SUB_ZONA": "Rumah Kepadatan Tinggi", "KODE": "R-2", "KEPADATAN": 43.340886384500003, "JUML_RUMH": 19.0, "LUAS_BID": 4383.8512742399998, "Shape_Leng": 291.19680896300002, "Shape_Area": 4383.8512741599998 }, "geometry": { "type": "MultiPolygon", "coordinates": [ [ [ [ 110.640854221469439, -7.587163965700262, 0.0 ], [ 110.640824528634298, -7.587271021580222, 0.0 ], [ 110.640785400486109, -7.587453479759495, 0.0 ], [ 110.640693712660678, -7.587654633283996, 0.0 ], [ 110.640677680661369, -7.587642364212233, 0.0 ], [ 110.640660128307019, -7.587632380600412, 0.0 ], [ 110.640534798155755, -7.5875719748149, 0.0 ], [ 110.640479760410301, -7.587545447545032, 0.0 ], [ 110.640468893530851, -7.587541265845614, 0.0 ], [ 110.640431952845361, -7.587527054583991, 0.0 ], [ 110.6402833618165, -7.587469887704696, 0.0 ], [ 110.640282719283562, -7.587469640229516, 0.0 ], [ 110.640278378684528, -7.587467547115501, 0.0 ], [ 110.640274441157487, -7.587464771395323, 0.0 ], [ 110.640271011797395, -7.587461390043194, 0.0 ], [ 110.640268184810964, -7.587457491783473, 0.0 ], [ 110.640266037162533, -7.587453187035642, 0.0 ], [ 110.640264624966733, -7.587448585297365, 0.0 ], [ 110.640263988003156, -7.587443816857572, 0.0 ], [ 110.640264142483559, -7.587439009272034, 0.0 ], [ 110.640265085580822, -7.587434291889839, 0.0 ], [ 110.640273022651968, -7.587406660661651, 0.0 ], [ 110.6403142417645, -7.587263163480115, 0.0 ], [ 110.640332327906521, -7.587200198749418, 0.0 ], [ 110.640349210844533, -7.587118942002071, 0.0 ], [ 110.640382537994185, -7.586958538469284, 0.0 ], [ 110.640425832481498, -7.586750164633357, 0.0 ], [ 110.6404264770228, -7.586747992423439, 0.0 ], [ 110.640427474094821, -7.586745957092877, 0.0 ], [ 110.640428796453293, -7.586744116510748, 0.0 ], [ 110.640430407795293, -7.58674252039756, 0.0 ], [ 110.640432261848957, -7.586741214847406, 0.0 ], [ 110.640434306914457, -7.586740232381556, 0.0 ], [ 110.640436488573826, -7.586739603709892, 0.0 ], [ 110.640438743356512, -7.586739344157415, 0.0 ], [ 110.640441010515289, -7.586739464528546, 0.0 ], [ 110.640483956543292, -7.586742177516125, 0.0 ], [ 110.640576016510664, -7.58674128573147, 0.0 ], [ 110.640797863354678, -7.58673913887802, 0.0 ], [ 110.640717748300105, -7.587132950638868, 0.0 ], [ 110.640854221469439, -7.587163965700262, 0.0 ] ] ] ] } },
{ "type": "Feature", "properties": { "OBJECTID": 624, "ZONA": "Perumahan", "SUB_ZONA": "Rumah Kepadatan Tinggi", "KODE": "R-2", "KEPADATAN": 87.052515428800007, "JUML_RUMH": 16.0, "LUAS_BID": 1837.9710134100001, "Shape_Leng": 171.608405941, "Shape_Area": 1837.9710133799999 }, "geometry": { "type": "MultiPolygon", "coordinates": [ [ [ [ 110.64186979771037, -7.587218683975499, 0.0 ], [ 110.641728527882279, -7.587195387470198, 0.0 ], [ 110.64165306856367, -7.587182943739027, 0.0 ], [ 110.641621528837362, -7.587177740976588, 0.0 ], [ 110.641546245065911, -7.587163504542226, 0.0 ], [ 110.641589835567856, -7.586971431811731, 0.0 ], [ 110.64164468188784, -7.586729767934022, 0.0 ], [ 110.641737700231658, -7.586748409671531, 0.0 ], [ 110.641833382466814, -7.586767585462123, 0.0 ], [ 110.641858301828705, -7.586773725303575, 0.0 ], [ 110.641983150307183, -7.586810343205967, 0.0 ], [ 110.641985317164313, -7.586811169040081, 0.0 ], [ 110.641987326916976, -7.586812324907742, 0.0 ], [ 110.641989129727847, -7.586813783631261, 0.0 ], [ 110.641990679395533, -7.586815506276706, 0.0 ], [ 110.641991937879723, -7.586817451203188, 0.0 ], [ 110.641992873491887, -7.5868195695386, 0.0 ], [ 110.64199346361265, -7.586821807895555, 0.0 ], [ 110.641993692875658, -7.58682411198803, 0.0 ], [ 110.641993555891048, -7.586826422110917, 0.0 ], [ 110.641993056330563, -7.586828683089324, 0.0 ], [ 110.641941188873631, -7.586998247324849, 0.0 ], [ 110.641937337680034, -7.587009457932867, 0.0 ], [ 110.641926013136782, -7.587039087285596, 0.0 ], [ 110.6418935894133, -7.587123917875598, 0.0 ], [ 110.641885842871403, -7.587149299665239, 0.0 ], [ 110.64186979771037, -7.587218683975499, 0.0 ] ] ] ] } },
{ "type": "Feature", "properties": { "OBJECTID": 625, "ZONA": "Perumahan", "SUB_ZONA": "Rumah Kepadatan Tinggi", "KODE": "R-2", "KEPADATAN": 72.510849588499994, "JUML_RUMH": 37.0, "LUAS_BID": 5102.68466171, "Shape_Leng": 300.77311565500003, "Shape_Area": 5102.6846616700004 }, "geometry": { "type": "MultiPolygon", "coordinates": [ [ [ [ 110.640103071157384, -7.5876512041569, 0.0 ], [ 110.640100226286819, -7.587651371858922, 0.0 ], [ 110.640097391781495, -7.587651066486916, 0.0 ], [ 110.639976286238237, -7.587627681170059, 0.0 ], [ 110.63995579897859, -7.587624773248542, 0.0 ], [ 110.639893542368767, -7.587619072749478, 0.0 ], [ 110.639862840106659, -7.587616262197626, 0.0 ], [ 110.639849906288987, -7.587614291314247, 0.0 ], [ 110.639837301917311, -7.587610784767888, 0.0 ], [ 110.63982521097617, -7.587605795175222, 0.0 ], [ 110.639763348076812, -7.587575804952114, 0.0 ], [ 110.63974657075093, -7.587565930493154, 0.0 ], [ 110.639725467894465, -7.587551109958257, 0.0 ], [ 110.639723926025994, -7.587549827830139, 0.0 ], [ 110.639722610984919, -7.587548315228243, 0.0 ], [ 110.639721558091793, -7.587546613791424, 0.0 ], [ 110.639720792698142, -7.587544761531991, 0.0 ], [ 110.639720337421579, -7.587542813646599, 0.0 ], [ 110.639720202197225, -7.587540814466673, 0.0 ], [ 110.639720391509584, -7.587538821887517, 0.0 ], [ 110.639720899877986, -7.58753688565514, 0.0 ], [ 110.639752241639698, -7.587447700727328, 0.0 ], [ 110.639795652654584, -7.587324168057055, 0.0 ], [ 110.639804046253303, -7.58730028298155, 0.0 ], [ 110.639869837384921, -7.587106569892614, 0.0 ], [ 110.639899306878192, -7.587019799467328, 0.0 ], [ 110.639909465069366, -7.586989892413966, 0.0 ], [ 110.639917575940572, -7.586961494273097, 0.0 ], [ 110.639957941163175, -7.586820171875265, 0.0 ], [ 110.640004396093886, -7.586657526898692, 0.0 ], [ 110.640005360039993, -7.58665499313158, 0.0 ], [ 110.640006740826806, -7.586652661425421, 0.0 ], [ 110.640008499418215, -7.586650597780448, 0.0 ], [ 110.64001058318523, -7.586648861853772, 0.0 ], [ 110.640012932254876, -7.586647503346393, 0.0 ], [ 110.640015478602066, -7.586646563811557, 0.0 ], [ 110.640018146963669, -7.58664606760996, 0.0 ], [ 110.64002086208184, -7.586646032770466, 0.0 ], [ 110.64002354327603, -7.586646457417136, 0.0 ], [ 110.640111342726897, -7.586668172477332, 0.0 ], [ 110.640174824696388, -7.586683873816156, 0.0 ], [ 110.640194547550962, -7.586688051993864, 0.0 ], [ 110.640308483297545, -7.586712191136543, 0.0 ], [ 110.64038690341151, -7.586728803927459, 0.0 ], [ 110.640389453771903, -7.586729581240478, 0.0 ], [ 110.6403918297205, -7.586730787168653, 0.0 ], [ 110.640393961483781, -7.586732385472096, 0.0 ], [ 110.640395783832886, -7.586734325441745, 0.0 ], [ 110.640397242420505, -7.586736552759346, 0.0 ], [ 110.640398291977462, -7.586738997736652, 0.0 ], [ 110.64039890083491, -7.586741587983053, 0.0 ], [ 110.640399051833953, -7.586744244788003, 0.0 ], [ 110.640398739602929, -7.586746886737062, 0.0 ], [ 110.640380287545568, -7.586835692517742, 0.0 ], [ 110.64036711724836, -7.58689908193592, 0.0 ], [ 110.640318023043378, -7.587135370077013, 0.0 ], [ 110.640305903986828, -7.587193697562959, 0.0 ], [ 110.640275615851195, -7.587299140083839, 0.0 ], [ 110.640246878745145, -7.58739918549631, 0.0 ], [ 110.64024021360413, -7.587422389071665, 0.0 ], [ 110.640227176072585, -7.587467777934414, 0.0 ], [ 110.640220898849918, -7.587484531443857, 0.0 ], [ 110.640212068884608, -7.587500096064178, 0.0 ], [ 110.640114815176119, -7.587643861647924, 0.0 ], [ 110.64011302925914, -7.587646076331244, 0.0 ], [ 110.640110898218751, -7.587647966898029, 0.0 ], [ 110.640108482839167, -7.587649478220673, 0.0 ], [ 110.640105849334034, -7.587650566935299, 0.0 ], [ 110.640103071157384, -7.5876512041569, 0.0 ] ] ] ] } },
{ "type": "Feature", "properties": { "OBJECTID": 626, "ZONA": "Perumahan", "SUB_ZONA": "Rumah Kepadatan Tinggi", "KODE": "R-2", "KEPADATAN": 56.555458075700002, "JUML_RUMH": 32.0, "LUAS_BID": 5658.1629941499996, "Shape_Leng": 308.04740166200003, "Shape_Area": 5658.1629941299998 }, "geometry": { "type": "MultiPolygon", "coordinates": [ [ [ [ 110.639693387676417, -7.587530890985116, 0.0 ], [ 110.639691653437055, -7.587530919398573, 0.0 ], [ 110.639689936654577, -7.587530668318806, 0.0 ], [ 110.639688282651576, -7.587530143210695, 0.0 ], [ 110.639674238149325, -7.587525113099485, 0.0 ], [ 110.639598119951842, -7.587501587660028, 0.0 ], [ 110.639508731566309, -7.587470717070734, 0.0 ], [ 110.639360435800128, -7.587419503007431, 0.0 ], [ 110.639235399780389, -7.587376321649026, 0.0 ], [ 110.639232871446197, -7.587375219612018, 0.0 ], [ 110.639230548307694, -7.58737373692734, 0.0 ], [ 110.639228485635286, -7.587371908013942, 0.0 ], [ 110.63922673596916, -7.587369779952303, 0.0 ], [ 110.639225341873072, -7.587367405241977, 0.0 ], [ 110.639224336840797, -7.587364841802301, 0.0 ], [ 110.63922374801659, -7.587362152070126, 0.0 ], [ 110.639223588034696, -7.587359404802157, 0.0 ], [ 110.639223861374333, -7.587356664225548, 0.0 ], [ 110.639224561630158, -7.587354001794903, 0.0 ], [ 110.639309871332756, -7.587109670687337, 0.0 ], [ 110.639318694902045, -7.587084399294916, 0.0 ], [ 110.639346326652472, -7.586972944779502, 0.0 ], [ 110.639358874517399, -7.58692889428194, 0.0 ], [ 110.639371070518578, -7.586886080019533, 0.0 ], [ 110.639380195132915, -7.58685853301296, 0.0 ], [ 110.639391618012894, -7.586831851762327, 0.0 ], [ 110.639449202743023, -7.586711681350822, 0.0 ], [ 110.639472610754581, -7.586670037828526, 0.0 ], [ 110.639546227533287, -7.586539064014297, 0.0 ], [ 110.639548797099167, -7.586535279674007, 0.0 ], [ 110.639551968205296, -7.586531978864924, 0.0 ], [ 110.639555648306327, -7.586529255584129, 0.0 ], [ 110.639559734899265, -7.586527186633898, 0.0 ], [ 110.639564110989326, -7.58652583342704, 0.0 ], [ 110.639568653258507, -7.586525230234478, 0.0 ], [ 110.639573232055099, -7.58652539684897, 0.0 ], [ 110.639577717746178, -7.586526330449447, 0.0 ], [ 110.639683434092433, -7.58655775275497, 0.0 ], [ 110.63977533184746, -7.586585069571639, 0.0 ], [ 110.639972301630422, -7.586633785596204, 0.0 ], [ 110.639974599073028, -7.586634552752103, 0.0 ], [ 110.639976743920613, -7.586635676176614, 0.0 ], [ 110.639978680897542, -7.58663712778274, 0.0 ], [ 110.639980360174221, -7.586638871347033, 0.0 ], [ 110.639981739183867, -7.586640857988234, 0.0 ], [ 110.639982781703978, -7.586643040639473, 0.0 ], [ 110.639983461493031, -7.586645361387472, 0.0 ], [ 110.639983760469875, -7.586647760516587, 0.0 ], [ 110.639983671433285, -7.586650176511079, 0.0 ], [ 110.639983196248266, -7.586652546958136, 0.0 ], [ 110.639927559426354, -7.586847332238309, 0.0 ], [ 110.639888687078354, -7.586983428441648, 0.0 ], [ 110.639850896005285, -7.587094700910124, 0.0 ], [ 110.639783477262654, -7.587293207697202, 0.0 ], [ 110.639702445408588, -7.587523794109957, 0.0 ], [ 110.639701740615592, -7.587525375593767, 0.0 ], [ 110.63970078844811, -7.587526822998403, 0.0 ], [ 110.639699615226661, -7.587528099258885, 0.0 ], [ 110.63969824999073, -7.587529168217036, 0.0 ], [ 110.639696730837613, -7.587530002767755, 0.0 ], [ 110.639695094952884, -7.587530582137082, 0.0 ], [ 110.639693387676417, -7.587530890985116, 0.0 ] ] ] ] } },
{ "type": "Feature", "properties": { "OBJECTID": 627, "ZONA": "Perumahan", "SUB_ZONA": "Rumah Kepadatan Sedang", "KODE": "R-3", "KEPADATAN": 30.467672710199999, "JUML_RUMH": 11.0, "LUAS_BID": 3610.3840632900001, "Shape_Leng": 269.67381516900002, "Shape_Area": 3610.38406334 }, "geometry": { "type": "MultiPolygon", "coordinates": [ [ [ [ 110.64322514919229, -7.586486581203246, 0.0 ], [ 110.643153247031137, -7.586600858091094, 0.0 ], [ 110.643203123492981, -7.58676320529843, 0.0 ], [ 110.643275079531563, -7.586920273531761, 0.0 ], [ 110.64326879708247, -7.58693251878015, 0.0 ], [ 110.643225123681859, -7.58703686419036, 0.0 ], [ 110.643187644939189, -7.587110069006599, 0.0 ], [ 110.64315560779167, -7.587160615539078, 0.0 ], [ 110.642930478288847, -7.587084482429598, 0.0 ], [ 110.642802115140626, -7.587041073213451, 0.0 ], [ 110.642649428138625, -7.586989436938994, 0.0 ], [ 110.642679794010505, -7.586875856902587, 0.0 ], [ 110.64277674499499, -7.58651321233094, 0.0 ], [ 110.642804525466559, -7.586565429834134, 0.0 ], [ 110.642892347289632, -7.586623954356728, 0.0 ], [ 110.643076966282919, -7.586369733006856, 0.0 ], [ 110.64322514919229, -7.586486581203246, 0.0 ] ] ] ] } },
{ "type": "Feature", "properties": { "OBJECTID": 628, "ZONA": "Perumahan", "SUB_ZONA": "Rumah Kepadatan Tinggi", "KODE": "R-2", "KEPADATAN": 47.215767461600002, "JUML_RUMH": 14.0, "LUAS_BID": 2965.1111806099998, "Shape_Leng": 216.64123516699999, "Shape_Area": 2965.1111805800001 }, "geometry": { "type": "MultiPolygon", "coordinates": [ [ [ [ 110.640603863973553, -7.586704832534732, 0.0 ], [ 110.640483604928363, -7.586705997710657, 0.0 ], [ 110.640440632986795, -7.586702836042156, 0.0 ], [ 110.640436586101373, -7.586701849444415, 0.0 ], [ 110.64043275732719, -7.586700210842287, 0.0 ], [ 110.640429250878782, -7.586697965549736, 0.0 ], [ 110.640426163704916, -7.586695175156707, 0.0 ], [ 110.640423579144922, -7.586691914810221, 0.0 ], [ 110.640421568741104, -7.586688274120473, 0.0 ], [ 110.640420185896701, -7.586684352632745, 0.0 ], [ 110.640419470410819, -7.586680257117511, 0.0 ], [ 110.640419440320358, -7.586676100659157, 0.0 ], [ 110.640420097345228, -7.58667199542401, 0.0 ], [ 110.640478684117042, -7.586434249727896, 0.0 ], [ 110.640484432995592, -7.586394330103929, 0.0 ], [ 110.640502808422582, -7.586266738711174, 0.0 ], [ 110.640533919862463, -7.58613144198183, 0.0 ], [ 110.640535439536876, -7.586126695224689, 0.0 ], [ 110.640537730412362, -7.586122266603946, 0.0 ], [ 110.640540728929068, -7.58611827908666, 0.0 ], [ 110.640544350684991, -7.586114845672518, 0.0 ], [ 110.640548494068966, -7.586112061255898, 0.0 ], [ 110.640553044791019, -7.586110005343234, 0.0 ], [ 110.640557874981852, -7.586108734815868, 0.0 ], [ 110.640562849538682, -7.586108283935246, 0.0 ], [ 110.640567830657091, -7.586108665251274, 0.0 ], [ 110.640572677831102, -7.586109869602293, 0.0 ], [ 110.640758777944072, -7.586172975002039, 0.0 ], [ 110.640827871287911, -7.586196403070833, 0.0 ], [ 110.640869004800223, -7.58621258697499, 0.0 ], [ 110.640983359228443, -7.586257576293781, 0.0 ], [ 110.640987608267892, -7.586259658470243, 0.0 ], [ 110.640991466954034, -7.586262393413721, 0.0 ], [ 110.640994834718782, -7.586265711390436, 0.0 ], [ 110.640997624604083, -7.586269528204949, 0.0 ], [ 110.640999763264986, -7.586273741581915, 0.0 ], [ 110.641001194586778, -7.586278242023759, 0.0 ], [ 110.641001883309656, -7.586282914622831, 0.0 ], [ 110.641001810497471, -7.586287637248455, 0.0 ], [ 110.641000977159493, -7.586292285977335, 0.0 ], [ 110.640999406057432, -7.58629674233144, 0.0 ], [ 110.640899408436084, -7.5865207408588, 0.0 ], [ 110.640884912730655, -7.586568986939823, 0.0 ], [ 110.640850562458937, -7.586683314322896, 0.0 ], [ 110.640849117055737, -7.586687048039996, 0.0 ], [ 110.640847112540783, -7.586690511737757, 0.0 ], [ 110.640844597024483, -7.586693628568685, 0.0 ], [ 110.640841629498695, -7.586696318075997, 0.0 ], [ 110.640838281628902, -7.586698521522773, 0.0 ], [ 110.640834634144426, -7.586700181988626, 0.0 ], [ 110.640830773196626, -7.586701263362506, 0.0 ], [ 110.640826791276609, -7.586701736774976, 0.0 ], [ 110.64079694058789, -7.586702964931774, 0.0 ], [ 110.640723811166083, -7.586703671590696, 0.0 ], [ 110.640603863973553, -7.586704832534732, 0.0 ] ] ] ] } },
{ "type": "Feature", "properties": { "OBJECTID": 629, "ZONA": "Perumahan", "SUB_ZONA": "Rumah Kepadatan Tinggi", "KODE": "R-2", "KEPADATAN": 80.441759894200004, "JUML_RUMH": 18.0, "LUAS_BID": 2237.6437342499999, "Shape_Leng": 199.56296835099999, "Shape_Area": 2237.6437342600002 }, "geometry": { "type": "MultiPolygon", "coordinates": [ [ [ [ 110.639738123302735, -7.586534454191392, 0.0 ], [ 110.639735719833311, -7.586534731708225, 0.0 ], [ 110.639733303090139, -7.586534619350571, 0.0 ], [ 110.639730936529517, -7.586534118980081, 0.0 ], [ 110.639611350830663, -7.586498573084158, 0.0 ], [ 110.639511971467755, -7.586469032062672, 0.0 ], [ 110.639465946025553, -7.586455352309242, 0.0 ], [ 110.639421461245931, -7.586438957447814, 0.0 ], [ 110.639185798731788, -7.586352102869508, 0.0 ], [ 110.639183096488253, -7.58635083244083, 0.0 ], [ 110.639180653885006, -7.586349118090723, 0.0 ], [ 110.639178543403816, -7.586347009629905, 0.0 ], [ 110.639176827543835, -7.586344569524534, 0.0 ], [ 110.639175557007974, -7.586341873799356, 0.0 ], [ 110.639174770714845, -7.586338997564792, 0.0 ], [ 110.6391744921591, -7.586336031295885, 0.0 ], [ 110.639174728521425, -7.586333060931383, 0.0 ], [ 110.639175473382195, -7.586330175112394, 0.0 ], [ 110.639224542409082, -7.586191092450707, 0.0 ], [ 110.639227063065462, -7.58618181561002, 0.0 ], [ 110.639228189687131, -7.586172270769127, 0.0 ], [ 110.63922789762583, -7.58616266414625, 0.0 ], [ 110.639225854234851, -7.586143138522969, 0.0 ], [ 110.639225609744742, -7.586129749992517, 0.0 ], [ 110.639227660485076, -7.586116514426637, 0.0 ], [ 110.639231946296306, -7.586103825257096, 0.0 ], [ 110.63925439334372, -7.586052408128837, 0.0 ], [ 110.63925553733138, -7.586050309604038, 0.0 ], [ 110.639257029239246, -7.586048440220365, 0.0 ], [ 110.639258822784114, -7.586046859640119, 0.0 ], [ 110.639260865349826, -7.58604561214285, 0.0 ], [ 110.639263093444754, -7.586044738380923, 0.0 ], [ 110.639265439057397, -7.586044263625472, 0.0 ], [ 110.639267832372255, -7.586044202291481, 0.0 ], [ 110.639270199956684, -7.586044557936293, 0.0 ], [ 110.639272470206151, -7.586045316027611, 0.0 ], [ 110.63943681164092, -7.586116742130937, 0.0 ], [ 110.639524492146151, -7.586154850467139, 0.0 ], [ 110.639711140078106, -7.586235970084276, 0.0 ], [ 110.639831912787386, -7.586288460165375, 0.0 ], [ 110.639834502511192, -7.586289863466595, 0.0 ], [ 110.639836810853495, -7.586291692580519, 0.0 ], [ 110.639838768055938, -7.586293893176054, 0.0 ], [ 110.63984031434407, -7.586296396457455, 0.0 ], [ 110.639841403545347, -7.586299129117508, 0.0 ], [ 110.639842003999334, -7.586302008815408, 0.0 ], [ 110.639842095833643, -7.586304949601932, 0.0 ], [ 110.639841678216939, -7.586307861020804, 0.0 ], [ 110.639840762099908, -7.586310656243771, 0.0 ], [ 110.63979099218426, -7.58642722853474, 0.0 ], [ 110.639748964676954, -7.586525667272305, 0.0 ], [ 110.639747839695985, -7.58652780380547, 0.0 ], [ 110.639746384000318, -7.586529732921474, 0.0 ], [ 110.639744635709789, -7.58653140037852, 0.0 ], [ 110.639742640184494, -7.586532766413746, 0.0 ], [ 110.639740450035362, -7.586533793079384, 0.0 ], [ 110.639738123302735, -7.586534454191392, 0.0 ] ] ] ] } },
{ "type": "Feature", "properties": { "OBJECTID": 630, "ZONA": "Perumahan", "SUB_ZONA": "Rumah Kepadatan Sedang", "KODE": "R-3", "KEPADATAN": 34.959596743900001, "JUML_RUMH": 46.0, "LUAS_BID": 13158.0465121, "Shape_Leng": 864.49500007400002, "Shape_Area": 13158.0465121 }, "geometry": { "type": "MultiPolygon", "coordinates": [ [ [ [ 110.642722491855636, -7.586260871738226, 0.0 ], [ 110.64272968692498, -7.58642476057143, 0.0 ], [ 110.642604704291188, -7.586737455135093, 0.0 ], [ 110.64252130521632, -7.586946109249763, 0.0 ], [ 110.642398037431349, -7.586904273510479, 0.0 ], [ 110.642292029911843, -7.586868295364924, 0.0 ], [ 110.642289870395018, -7.586867361896187, 0.0 ], [ 110.642287887927139, -7.586866097505614, 0.0 ], [ 110.642286134157118, -7.586864531181464, 0.0 ], [ 110.642284654376112, -7.586862706379686, 0.0 ], [ 110.642283485714927, -7.586860668358623, 0.0 ], [ 110.642282659859163, -7.586858469608557, 0.0 ], [ 110.642282197612147, -7.586856167133647, 0.0 ], [ 110.642282109803787, -7.586853819738912, 0.0 ], [ 110.64228240000871, -7.586851489841661, 0.0 ], [ 110.642283060018684, -7.58684923713583, 0.0 ], [ 110.642318229962797, -7.586757330620027, 0.0 ], [ 110.642354637272959, -7.586662187712268, 0.0 ], [ 110.642467135148152, -7.586368206366938, 0.0 ], [ 110.642450197237892, -7.586361753814093, 0.0 ], [ 110.642346505460765, -7.586632723257985, 0.0 ], [ 110.642226477440317, -7.586589079217605, 0.0 ], [ 110.642108736274864, -7.586549176460907, 0.0 ], [ 110.642216085345609, -7.586212146751609, 0.0 ], [ 110.642198805782556, -7.586206667210482, 0.0 ], [ 110.642098004409391, -7.586523139939034, 0.0 ], [ 110.642020254410042, -7.586767240002158, 0.0 ], [ 110.642019199821192, -7.586769773699626, 0.0 ], [ 110.642017725683544, -7.586772089958367, 0.0 ], [ 110.64201587556866, -7.586774119163421, 0.0 ], [ 110.642013704824095, -7.586775802564209, 0.0 ], [ 110.642011277855346, -7.586777090463171, 0.0 ], [ 110.642008664498206, -7.586777944021882, 0.0 ], [ 110.642005943641905, -7.586778338882271, 0.0 ], [ 110.642003195978262, -7.586778263351545, 0.0 ], [ 110.642000501282851, -7.586777717495345, 0.0 ], [ 110.641868527314287, -7.586739010538719, 0.0 ], [ 110.641840522715484, -7.586732112853088, 0.0 ], [ 110.641795225840127, -7.586723033608061, 0.0 ], [ 110.641683388111673, -7.586700618853759, 0.0 ], [ 110.641650835999911, -7.586694095513906, 0.0 ], [ 110.641582538969161, -7.586684302596783, 0.0 ], [ 110.641534219817984, -7.586680554095453, 0.0 ], [ 110.641455365173059, -7.586679574589556, 0.0 ], [ 110.641413341536889, -7.586680704106901, 0.0 ], [ 110.641296581914091, -7.586683845229447, 0.0 ], [ 110.641196314450696, -7.586686541316925, 0.0 ], [ 110.641140511334356, -7.586688836266784, 0.0 ], [ 110.640877509434048, -7.586699650237383, 0.0 ], [ 110.64087589766406, -7.586699578351159, 0.0 ], [ 110.640874323292536, -7.586699228797194, 0.0 ], [ 110.640872831635988, -7.586698614276685, 0.0 ], [ 110.640871468912962, -7.586697752918914, 0.0 ], [ 110.640870274082928, -7.586696670988176, 0.0 ], [ 110.640869285195066, -7.586695399270787, 0.0 ], [ 110.640868529412586, -7.586693977589626, 0.0 ], [ 110.6408680311783, -7.586692446669888, 0.0 ], [ 110.64086780405205, -7.586690852655105, 0.0 ], [ 110.640867855244892, -7.586689245301808, 0.0 ], [ 110.640868182906971, -7.5866876689317, 0.0 ], [ 110.64091644254276, -7.586527045203495, 0.0 ], [ 110.640933560814361, -7.586488698935423, 0.0 ], [ 110.64102001766399, -7.586295029833098, 0.0 ], [ 110.641020093954253, -7.586294859839579, 0.0 ], [ 110.641022580999859, -7.586287808166278, 0.0 ], [ 110.641023899769607, -7.586280449788874, 0.0 ], [ 110.641024015658346, -7.586272973730978, 0.0 ], [ 110.641022925782295, -7.586265578087945, 0.0 ], [ 110.641020658994805, -7.586258451031154, 0.0 ], [ 110.641017274064254, -7.586251781661284, 0.0 ], [ 110.641012857875239, -7.586245742820172, 0.0 ], [ 110.641007527243147, -7.586240489283216, 0.0 ], [ 110.6410014189414, -7.586236158655791, 0.0 ], [ 110.640994693331464, -7.586232866853349, 0.0 ], [ 110.640837239755996, -7.586170918616401, 0.0 ], [ 110.640734084612006, -7.586135939279905, 0.0 ], [ 110.640581428224962, -7.5860841765953, 0.0 ], [ 110.640572170738409, -7.586081877705682, 0.0 ], [ 110.640562659931533, -7.58608114801075, 0.0 ], [ 110.640553159589032, -7.586082009437823, 0.0 ], [ 110.640543935348489, -7.586084435974287, 0.0 ], [ 110.640535245626666, -7.586088363610291, 0.0 ], [ 110.640527331658191, -7.586093677666632, 0.0 ], [ 110.640520415664469, -7.586100234502672, 0.0 ], [ 110.640565766524844, -7.585881412004495, 0.0 ], [ 110.640634541176311, -7.585869318838163, 0.0 ], [ 110.640746993219906, -7.585857903972181, 0.0 ], [ 110.640786073539346, -7.585860788312514, 0.0 ], [ 110.640823065319424, -7.585863520768493, 0.0 ], [ 110.640864749899777, -7.585869958538295, 0.0 ], [ 110.640904881613977, -7.585882915060276, 0.0 ], [ 110.640942444502414, -7.585902065665304, 0.0 ], [ 110.640976485294871, -7.585926918393431, 0.0 ], [ 110.641006141484581, -7.58595684839014, 0.0 ], [ 110.641035415715322, -7.585991526987677, 0.0 ], [ 110.641063143101391, -7.586024371676868, 0.0 ], [ 110.641138225360706, -7.586117426489276, 0.0 ], [ 110.641195406529278, -7.586182742792086, 0.0 ], [ 110.64121400380543, -7.586200717184185, 0.0 ], [ 110.641235331618248, -7.586215364157932, 0.0 ], [ 110.641258799238884, -7.586226278889233, 0.0 ], [ 110.641283756023526, -7.586233156910347, 0.0 ], [ 110.641357506976831, -7.586247016728347, 0.0 ], [ 110.641392286690063, -7.58625102273723, 0.0 ], [ 110.641427283556567, -7.586250058388145, 0.0 ], [ 110.641505775494736, -7.586242292350849, 0.0 ], [ 110.641618291753971, -7.586231159537524, 0.0 ], [ 110.641728947635983, -7.586220211500913, 0.0 ], [ 110.641782626342732, -7.586209543963034, 0.0 ], [ 110.641839008792303, -7.586198340434099, 0.0 ], [ 110.641869144991475, -7.586190553504498, 0.0 ], [ 110.641898200656357, -7.586179402544406, 0.0 ], [ 110.642001453195306, -7.586132898391437, 0.0 ], [ 110.642053249822553, -7.586101497753819, 0.0 ], [ 110.64211102171997, -7.586066473852555, 0.0 ], [ 110.642134189053522, -7.586054640518539, 0.0 ], [ 110.642158832982005, -7.586046288224586, 0.0 ], [ 110.642184431193002, -7.586041593833729, 0.0 ], [ 110.642210441492395, -7.586040659114683, 0.0 ], [ 110.642236310877891, -7.586043500799078, 0.0 ], [ 110.642261493660769, -7.586050061451155, 0.0 ], [ 110.642315292566352, -7.586068341543139, 0.0 ], [ 110.642357347829645, -7.586082632831086, 0.0 ], [ 110.642376561952091, -7.58609030026808, 0.0 ], [ 110.642394868824738, -7.586099926226475, 0.0 ], [ 110.642483637145432, -7.586152693201148, 0.0 ], [ 110.642522315495341, -7.586179145261563, 0.0 ], [ 110.642552727246368, -7.586199943382463, 0.0 ], [ 110.642586698560024, -7.586220155560498, 0.0 ], [ 110.642622951671328, -7.586235933668563, 0.0 ], [ 110.642660909322856, -7.586247023956129, 0.0 ], [ 110.642722491855636, -7.586260871738226, 0.0 ] ] ] ] } },
{ "type": "Feature", "properties": { "OBJECTID": 631, "ZONA": "Perumahan", "SUB_ZONA": "Rumah Kepadatan Tinggi", "KODE": "R-2", "KEPADATAN": 47.403271253200003, "JUML_RUMH": 37.0, "LUAS_BID": 7805.3684950500001, "Shape_Leng": 521.20788710199997, "Shape_Area": 7805.3684950099996 }, "geometry": { "type": "MultiPolygon", "coordinates": [ [ [ [ 110.640277871933861, -7.585919053182427, 0.0 ], [ 110.640222739207601, -7.586164249824029, 0.0 ], [ 110.640356360344072, -7.586194920746122, 0.0 ], [ 110.640484648436313, -7.586224368783299, 0.0 ], [ 110.64047604877473, -7.58626176505442, 0.0 ], [ 110.640451954548581, -7.586429067141726, 0.0 ], [ 110.640391271118574, -7.5866753238738, 0.0 ], [ 110.640390305101647, -7.586678170616415, 0.0 ], [ 110.640388866948555, -7.586680810729942, 0.0 ], [ 110.640387000235592, -7.586683169172287, 0.0 ], [ 110.640384758505732, -7.586685177241494, 0.0 ], [ 110.64038220617438, -7.586686773481005, 0.0 ], [ 110.640379419427745, -7.586687913630599, 0.0 ], [ 110.640376478975682, -7.586688564288446, 0.0 ], [ 110.640373470955311, -7.586688706530103, 0.0 ], [ 110.640370481490947, -7.586688336808545, 0.0 ], [ 110.640182954849038, -7.586648607393513, 0.0 ], [ 110.640089040225121, -7.586625380297574, 0.0 ], [ 110.639901978691512, -7.586579116638504, 0.0 ], [ 110.639784875036639, -7.58655015167738, 0.0 ], [ 110.639775300710852, -7.586547306156564, 0.0 ], [ 110.639773246252616, -7.586546502114108, 0.0 ], [ 110.639771357060027, -7.586545367141164, 0.0 ], [ 110.639769683873766, -7.586543932034647, 0.0 ], [ 110.639768276520385, -7.586542236636263, 0.0 ], [ 110.639767173940456, -7.586540329824291, 0.0 ], [ 110.639766406911178, -7.586538265897553, 0.0 ], [ 110.639765997142092, -7.58653610186103, 0.0 ], [ 110.639765957271351, -7.586533901948676, 0.0 ], [ 110.639766287250012, -7.586531724956522, 0.0 ], [ 110.639766977960747, -7.586529633291391, 0.0 ], [ 110.639849444311423, -7.586336481260973, 0.0 ], [ 110.639867732209453, -7.586293647601784, 0.0 ], [ 110.639886975205499, -7.586243653365081, 0.0 ], [ 110.639913758764976, -7.586174069980304, 0.0 ], [ 110.639942315711139, -7.586099879350068, 0.0 ], [ 110.639952883405343, -7.586072423978201, 0.0 ], [ 110.639935958268637, -7.586065936967071, 0.0 ], [ 110.639919300885055, -7.586109212498784, 0.0 ], [ 110.63985989300285, -7.586263554684703, 0.0 ], [ 110.639858828697342, -7.586265768155719, 0.0 ], [ 110.639857420978956, -7.58626778234013, 0.0 ], [ 110.639855707058686, -7.586269545709076, 0.0 ], [ 110.639853731398333, -7.586271008548807, 0.0 ], [ 110.639851545698477, -7.586272137433562, 0.0 ], [ 110.639849207098138, -7.586272899846649, 0.0 ], [ 110.639846775443999, -7.586273277746509, 0.0 ], [ 110.639844314203572, -7.586273259426471, 0.0 ], [ 110.639841888644682, -7.586272848558815, 0.0 ], [ 110.639839560405974, -7.586272052431014, 0.0 ], [ 110.639683700078564, -7.586204311423844, 0.0 ], [ 110.639498546509117, -7.586123840696096, 0.0 ], [ 110.639414266117626, -7.586087210504028, 0.0 ], [ 110.639281111048447, -7.586029339695881, 0.0 ], [ 110.639278997028086, -7.586028216293699, 0.0 ], [ 110.639277085428816, -7.586026777369465, 0.0 ], [ 110.639275423362747, -7.586025056430809, 0.0 ], [ 110.639274050679177, -7.586023099643136, 0.0 ], [ 110.6392730026962, -7.58602095135896, 0.0 ], [ 110.639272303845885, -7.586018664967305, 0.0 ], [ 110.639271972210011, -7.586016299279314, 0.0 ], [ 110.639272014994944, -7.586013909478837, 0.0 ], [ 110.639272432150179, -7.586011556171058, 0.0 ], [ 110.639273213654803, -7.586009298143805, 0.0 ], [ 110.639337955274172, -7.585861003803122, 0.0 ], [ 110.639401065592892, -7.585716445721328, 0.0 ], [ 110.639367821256016, -7.585701995924866, 0.0 ], [ 110.639229722553054, -7.585652225825497, 0.0 ], [ 110.63928048711837, -7.585544206995942, 0.0 ], [ 110.639383384650955, -7.585604085251552, 0.0 ], [ 110.639513675592696, -7.585667712956381, 0.0 ], [ 110.639579113834344, -7.585698504889443, 0.0 ], [ 110.639660862488569, -7.585736972816284, 0.0 ], [ 110.639718284647543, -7.585763993327773, 0.0 ], [ 110.639787121697509, -7.585793498149535, 0.0 ], [ 110.639881974403963, -7.585834153249073, 0.0 ], [ 110.639910032662854, -7.585846179027635, 0.0 ], [ 110.640016949363016, -7.585875140944173, 0.0 ], [ 110.640101013746005, -7.585897913048072, 0.0 ], [ 110.640140361376169, -7.585908572323932, 0.0 ], [ 110.640171893568109, -7.585915067792892, 0.0 ], [ 110.640203986531859, -7.585917652424558, 0.0 ], [ 110.640277871933861, -7.585919053182427, 0.0 ] ] ] ] } },
{ "type": "Feature", "properties": { "OBJECTID": 632, "ZONA": "Pariwisata", "SUB_ZONA": "Pariwisata", "KODE": "W", "KEPADATAN": 0.0, "JUML_RUMH": 0.0, "LUAS_BID": 11176.793416799999, "Shape_Leng": 478.984741461, "Shape_Area": 11176.793416799999 }, "geometry": { "type": "MultiPolygon", "coordinates": [ [ [ [ 110.64797635021786, -7.593578296142474, 0.0 ], [ 110.647838173503558, -7.593533088439979, 0.0 ], [ 110.647672386755801, -7.593499016913506, 0.0 ], [ 110.647658744621808, -7.592928313250504, 0.0 ], [ 110.647520758548239, -7.593042203465125, 0.0 ], [ 110.647521543091614, -7.592231617777785, 0.0 ], [ 110.647521587497764, -7.59218600828332, 0.0 ], [ 110.64752475868741, -7.592187038430982, 0.0 ], [ 110.64783997712432, -7.592289520570256, 0.0 ], [ 110.648100608568129, -7.592369638366788, 0.0 ], [ 110.648417633607295, -7.592467090419418, 0.0 ], [ 110.648442710055164, -7.592473455262585, 0.0 ], [ 110.648627340271361, -7.592510681432011, 0.0 ], [ 110.648629410345862, -7.592511290062916, 0.0 ], [ 110.648631344153102, -7.59251224864692, 0.0 ], [ 110.648633080979039, -7.592513526379987, 0.0 ], [ 110.648634569178768, -7.592515087942727, 0.0 ], [ 110.648635762559934, -7.592516881738034, 0.0 ], [ 110.648636626716126, -7.592518855273872, 0.0 ], [ 110.648637133592686, -7.592520948826832, 0.0 ], [ 110.648637268736195, -7.5925230990663, 0.0 ], [ 110.648637027667476, -7.592525239956038, 0.0 ], [ 110.648636417693297, -7.592527304564791, 0.0 ], [ 110.648635457898294, -7.592529235016402, 0.0 ], [ 110.648299633145825, -7.593078022659808, 0.0 ], [ 110.64797635021786, -7.593578296142474, 0.0 ] ] ] ] } },
{ "type": "Feature", "properties": { "OBJECTID": 633, "ZONA": "Pariwisata", "SUB_ZONA": "Pariwisata", "KODE": "W", "KEPADATAN": 0.0, "JUML_RUMH": 0.0, "LUAS_BID": 13935.502429599999, "Shape_Leng": 561.82802103300003, "Shape_Area": 13935.5022009 }, "geometry": { "type": "MultiPolygon", "coordinates": [ [ [ [ 110.648969089226171, -7.592537566936205, 0.0 ], [ 110.648980338108473, -7.594608594612841, 0.0 ], [ 110.648910929354116, -7.594648731580659, 0.0 ], [ 110.6488973973063, -7.594655251541174, 0.0 ], [ 110.648883036559866, -7.594659665929291, 0.0 ], [ 110.648868173556522, -7.594661875507601, 0.0 ], [ 110.648828472129082, -7.594664750663576, 0.0 ], [ 110.648805267406061, -7.594666430663811, 0.0 ], [ 110.648792967297538, -7.594666339311138, 0.0 ], [ 110.648780838301036, -7.594664295159661, 0.0 ], [ 110.648769189510276, -7.59466035092353, 0.0 ], [ 110.648703999926497, -7.594632304014879, 0.0 ], [ 110.648687328081763, -7.59462701787662, 0.0 ], [ 110.648612907034959, -7.594603425665725, 0.0 ], [ 110.648610149255546, -7.594602346108951, 0.0 ], [ 110.648607556755479, -7.594600914813491, 0.0 ], [ 110.648605175749324, -7.594599156239737, 0.0 ], [ 110.648603047915245, -7.594597099367205, 0.0 ], [ 110.648590435393615, -7.594583189756334, 0.0 ], [ 110.648585865334027, -7.59457884961779, 0.0 ], [ 110.648580699076163, -7.594575235355577, 0.0 ], [ 110.648575050780138, -7.594572428472063, 0.0 ], [ 110.64856904822129, -7.59457048967584, 0.0 ], [ 110.648562822814384, -7.594569463396443, 0.0 ], [ 110.64848404862758, -7.594562440016229, 0.0 ], [ 110.648413753773227, -7.594556172455994, 0.0 ], [ 110.648395122636927, -7.594554511086891, 0.0 ], [ 110.648386706616236, -7.593022520806556, 0.0 ], [ 110.648468179897478, -7.592889381772018, 0.0 ], [ 110.648531139378505, -7.592786495102344, 0.0 ], [ 110.648616386121475, -7.592647190012767, 0.0 ], [ 110.648683619255877, -7.592537319979588, 0.0 ], [ 110.64868565585131, -7.59253450121954, 0.0 ], [ 110.648688098304916, -7.592532024709819, 0.0 ], [ 110.64869089036489, -7.592529946487442, 0.0 ], [ 110.648693966717488, -7.592528318059323, 0.0 ], [ 110.648697255716442, -7.592527174645213, 0.0 ], [ 110.648700680282658, -7.592526543319506, 0.0 ], [ 110.648704161532095, -7.592526441205007, 0.0 ], [ 110.648707617876426, -7.59252686642663, 0.0 ], [ 110.64872669136588, -7.592530711734963, 0.0 ], [ 110.648752475989824, -7.592534660158683, 0.0 ], [ 110.648778519146205, -7.592536172819833, 0.0 ], [ 110.648822798466668, -7.592536658166899, 0.0 ], [ 110.648897837789562, -7.592537483146756, 0.0 ], [ 110.648946370621928, -7.592538017145404, 0.0 ], [ 110.648969089226171, -7.592537566936205, 0.0 ] ] ] ] } },
{ "type": "Feature", "properties": { "OBJECTID": 634, "ZONA": "Pariwisata", "SUB_ZONA": "Pariwisata", "KODE": "W", "KEPADATAN": 0.0, "JUML_RUMH": 0.0, "LUAS_BID": 11865.8228987, "Shape_Leng": 553.90413634499998, "Shape_Area": 11865.8226605 }, "geometry": { "type": "MultiPolygon", "coordinates": [ [ [ [ 110.650486725293234, -7.591841147347992, 0.0 ], [ 110.650349572280263, -7.591969892906629, 0.0 ], [ 110.650216598099163, -7.592056389046061, 0.0 ], [ 110.650055590280928, -7.592161121041638, 0.0 ], [ 110.650064691381147, -7.592453424912629, 0.0 ], [ 110.64950453344143, -7.592472700080384, 0.0 ], [ 110.649251683393885, -7.592477699094994, 0.0 ], [ 110.649227892139066, -7.592387817651427, 0.0 ], [ 110.649209980113824, -7.592292071286152, 0.0 ], [ 110.649168048570587, -7.592238187393175, 0.0 ], [ 110.649199564693106, -7.592213834135746, 0.0 ], [ 110.649267429160133, -7.592161396600051, 0.0 ], [ 110.6492964534105, -7.592138968029039, 0.0 ], [ 110.649344522419995, -7.59201934124829, 0.0 ], [ 110.649402545139509, -7.5919659866693, 0.0 ], [ 110.64948888244065, -7.591886595553385, 0.0 ], [ 110.649516149185459, -7.591861521530478, 0.0 ], [ 110.649560714967919, -7.591624620684731, 0.0 ], [ 110.649604166434116, -7.591609535151671, 0.0 ], [ 110.64973086366264, -7.591565550098355, 0.0 ], [ 110.649818636195448, -7.591535079380488, 0.0 ], [ 110.649940890205499, -7.591486818464148, 0.0 ], [ 110.650030543248775, -7.591451429334129, 0.0 ], [ 110.650144004482328, -7.591406641107249, 0.0 ], [ 110.650166542201816, -7.591397743034533, 0.0 ], [ 110.650322513688977, -7.591320086635301, 0.0 ], [ 110.650348239472294, -7.591057945157977, 0.0 ], [ 110.65036037245558, -7.591068407067556, 0.0 ], [ 110.650373920288246, -7.591076967832582, 0.0 ], [ 110.6503885875875, -7.591083438163038, 0.0 ], [ 110.650404050830929, -7.591087673974131, 0.0 ], [ 110.650419972854678, -7.59108958453895, 0.0 ], [ 110.650436002857077, -7.591089127965743, 0.0 ], [ 110.650465495944857, -7.591098900088208, 0.0 ], [ 110.650493092534816, -7.591113155474842, 0.0 ], [ 110.650491719334184, -7.591136450318258, 0.0 ], [ 110.650493764776897, -7.59115969635079, 0.0 ], [ 110.650499185750903, -7.591182396031656, 0.0 ], [ 110.650507867516339, -7.591204064426242, 0.0 ], [ 110.650508322815099, -7.591204926834646, 0.0 ], [ 110.650518612745984, -7.591224421063751, 0.0 ], [ 110.650532523463028, -7.591242768512428, 0.0 ], [ 110.650549231090196, -7.591258625251667, 0.0 ], [ 110.6505682944791, -7.591271567594029, 0.0 ], [ 110.65058920804745, -7.59128125682868, 0.0 ], [ 110.650611419007078, -7.591287434712397, 0.0 ], [ 110.650628376444232, -7.591288069773026, 0.0 ], [ 110.650644968912715, -7.591291613593312, 0.0 ], [ 110.650660699706989, -7.591297961750126, 0.0 ], [ 110.650675095761827, -7.591306923001938, 0.0 ], [ 110.650687726681156, -7.591318230158865, 0.0 ], [ 110.650698212895435, -7.591331541898216, 0.0 ], [ 110.650708002674818, -7.59134847582644, 0.0 ], [ 110.650714720812601, -7.591366837389956, 0.0 ], [ 110.650716258646824, -7.591375422866823, 0.0 ], [ 110.650718166495821, -7.591386079170829, 0.0 ], [ 110.650718235933567, -7.591405627596929, 0.0 ], [ 110.650714927786836, -7.591424894705429, 0.0 ], [ 110.650650109559848, -7.591494249231999, 0.0 ], [ 110.650523898133613, -7.591518291288191, 0.0 ], [ 110.650443800153923, -7.591532375950925, 0.0 ], [ 110.650400602448286, -7.591561059970889, 0.0 ], [ 110.650386154870361, -7.591630455871044, 0.0 ], [ 110.650386093800591, -7.59170604417689, 0.0 ], [ 110.650386085260976, -7.591716613912094, 0.0 ], [ 110.650414874593324, -7.591752581428196, 0.0 ], [ 110.650434008920669, -7.591776485249038, 0.0 ], [ 110.650486725293234, -7.591841147347992, 0.0 ] ] ] ] } },
{ "type": "Feature", "properties": { "OBJECTID": 635, "ZONA": "Kawasan Peruntukan Industri", "SUB_ZONA": "Kawasan Peruntukan Industri", "KODE": "KI", "KEPADATAN": 0.0, "JUML_RUMH": 0.0, "LUAS_BID": 6861.8020727000003, "Shape_Leng": 475.21378365700002, "Shape_Area": 6861.8020726200002 }, "geometry": { "type": "MultiPolygon", "coordinates": [ [ [ [ 110.646375053642544, -7.591794524884186, 0.0 ], [ 110.646365586086333, -7.593639592570631, 0.0 ], [ 110.646326968644146, -7.593639561140889, 0.0 ], [ 110.64620711692254, -7.593543730797826, 0.0 ], [ 110.646139976676878, -7.593481450818276, 0.0 ], [ 110.646064445396959, -7.593411385717868, 0.0 ], [ 110.646051902362075, -7.591684723725584, 0.0 ], [ 110.646152452716649, -7.591718890173255, 0.0 ], [ 110.646234141170893, -7.591746645130508, 0.0 ], [ 110.646375053642544, -7.591794524884186, 0.0 ] ] ] ] } },
{ "type": "Feature", "properties": { "OBJECTID": 636, "ZONA": "Pariwisata", "SUB_ZONA": "Pariwisata", "KODE": "W", "KEPADATAN": 0.0, "JUML_RUMH": 0.0, "LUAS_BID": 5104.4709355699997, "Shape_Leng": 350.91626719599998, "Shape_Area": 5104.4709354300003 }, "geometry": { "type": "MultiPolygon", "coordinates": [ [ [ [ 110.645579537383369, -7.591516292195872, 0.0 ], [ 110.64555715616288, -7.59273845118026, 0.0 ], [ 110.645416324606131, -7.592633628518797, 0.0 ], [ 110.645257515747133, -7.592513833403616, 0.0 ], [ 110.645263559194902, -7.592456997851038, 0.0 ], [ 110.64526370144921, -7.592283483333965, 0.0 ], [ 110.645168752044569, -7.592246720653347, 0.0 ], [ 110.645225129275175, -7.591381406037552, 0.0 ], [ 110.645579537383369, -7.591516292195872, 0.0 ] ] ] ] } },
{ "type": "Feature", "properties": { "OBJECTID": 637, "ZONA": "Sarana Pelayanan Umum", "SUB_ZONA": "SPU Skala Kelurahan", "KODE": "SPU-3", "KEPADATAN": 0.0, "JUML_RUMH": 0.0, "LUAS_BID": 286.87176363899999, "Shape_Leng": 77.392115167699998, "Shape_Area": 286.87176364700002 }, "geometry": { "type": "MultiPolygon", "coordinates": [ [ [ [ 110.643309462816077, -7.591334206994459, 0.0 ], [ 110.643281496579178, -7.591465142012503, 0.0 ], [ 110.64305351665169, -7.591418457065597, 0.0 ], [ 110.643075351751193, -7.591329531836843, 0.0 ], [ 110.643273016306125, -7.59135344774072, 0.0 ], [ 110.64327927405138, -7.591353660019718, 0.0 ], [ 110.643285473762646, -7.591352790402278, 0.0 ], [ 110.643291430482009, -7.591350864968718, 0.0 ], [ 110.643296964662554, -7.591347944176953, 0.0 ], [ 110.643301910334742, -7.591344113823602, 0.0 ], [ 110.643306118730351, -7.591339487760609, 0.0 ], [ 110.643309462816077, -7.591334206994459, 0.0 ] ] ] ] } },
{ "type": "Feature", "properties": { "OBJECTID": 638, "ZONA": "Sarana Pelayanan Umum", "SUB_ZONA": "SPU Skala Kelurahan", "KODE": "SPU-3", "KEPADATAN": 0.0, "JUML_RUMH": 0.0, "LUAS_BID": 651.71615010100004, "Shape_Leng": 109.975378963, "Shape_Area": 651.716150094 }, "geometry": { "type": "MultiPolygon", "coordinates": [ [ [ [ 110.642788488057434, -7.591096966465414, 0.0 ], [ 110.642660047662716, -7.591026038703202, 0.0 ], [ 110.642613988625257, -7.591033660614489, 0.0 ], [ 110.64251895921808, -7.59101975181494, 0.0 ], [ 110.642595428306706, -7.590825722362363, 0.0 ], [ 110.642635202269787, -7.590841087282985, 0.0 ], [ 110.642719294519935, -7.590866591611983, 0.0 ], [ 110.642754301972928, -7.590874123674191, 0.0 ], [ 110.642790073943047, -7.590875807504348, 0.0 ], [ 110.642845097686163, -7.590873854553828, 0.0 ], [ 110.64284691162608, -7.590873934740581, 0.0 ], [ 110.642848689065872, -7.590874303450624, 0.0 ], [ 110.642850385594386, -7.590874948888249, 0.0 ], [ 110.642851957707705, -7.590875858353939, 0.0 ], [ 110.642853363729174, -7.590877001963086, 0.0 ], [ 110.642854569227879, -7.590878357978094, 0.0 ], [ 110.642855543413972, -7.590879886573192, 0.0 ], [ 110.642856260028879, -7.590881549735467, 0.0 ], [ 110.642856702786816, -7.590883308555666, 0.0 ], [ 110.642856858130614, -7.590885113272054, 0.0 ], [ 110.642856724283718, -7.590886919559951, 0.0 ], [ 110.642856303097318, -7.590888681288523, 0.0 ], [ 110.642788488057434, -7.591096966465414, 0.0 ] ] ] ] } },
{ "type": "Feature", "properties": { "OBJECTID": 639, "ZONA": "Sarana Pelayanan Umum", "SUB_ZONA": "SPU Skala RW", "KODE": "SPU-4", "KEPADATAN": 0.0, "JUML_RUMH": 0.0, "LUAS_BID": 593.84625718100006, "Shape_Leng": 95.424397666999994, "Shape_Area": 593.84625718799998 }, "geometry": { "type": "MultiPolygon", "coordinates": [ [ [ [ 110.639644299916768, -7.589204098096485, 0.0 ], [ 110.639477300825391, -7.589177649749708, 0.0 ], [ 110.639472369316138, -7.589176440792506, 0.0 ], [ 110.639467709534458, -7.589174427006155, 0.0 ], [ 110.639463450160065, -7.589171668198045, 0.0 ], [ 110.639459710793673, -7.589168240450045, 0.0 ], [ 110.639456596516183, -7.58916423792306, 0.0 ], [ 110.639454194261731, -7.589159773758637, 0.0 ], [ 110.639452571010693, -7.589154972840992, 0.0 ], [ 110.639444134384746, -7.58912704764343, 0.0 ], [ 110.639512882993557, -7.588928069870597, 0.0 ], [ 110.639621339401586, -7.588971580252941, 0.0 ], [ 110.639689942891081, -7.58899910393877, 0.0 ], [ 110.639709785986739, -7.589007064189039, 0.0 ], [ 110.639644299916768, -7.589204098096485, 0.0 ] ] ] ] } },
{ "type": "Feature", "properties": { "OBJECTID": 640, "ZONA": "Sarana Pelayanan Umum", "SUB_ZONA": "SPU Skala Kelurahan", "KODE": "SPU-3", "KEPADATAN": 0.0, "JUML_RUMH": 0.0, "LUAS_BID": 1836.1712533800001, "Shape_Leng": 179.08923958099999, "Shape_Area": 1836.1712534000001 }, "geometry": { "type": "MultiPolygon", "coordinates": [ [ [ [ 110.642317324562129, -7.58933894579153, 0.0 ], [ 110.642308479584926, -7.589341998626964, 0.0 ], [ 110.642293298594495, -7.589346341573183, 0.0 ], [ 110.642277671141613, -7.589350121517817, 0.0 ], [ 110.642274715292899, -7.589350735088265, 0.0 ], [ 110.642261735854603, -7.589353427221372, 0.0 ], [ 110.642245608734754, -7.589356303102477, 0.0 ], [ 110.642229384062134, -7.589358750143266, 0.0 ], [ 110.64221314436314, -7.589360731324856, 0.0 ], [ 110.642196964040352, -7.589362167107566, 0.0 ], [ 110.642180877641309, -7.589362938118483, 0.0 ], [ 110.642164319565936, -7.589362941677309, 0.0 ], [ 110.642147554430736, -7.589362292880367, 0.0 ], [ 110.64213066186602, -7.58936116818156, 0.0 ], [ 110.642096303682408, -7.589357964003932, 0.0 ], [ 110.642044394323136, -7.589351998237893, 0.0 ], [ 110.642012231556819, -7.589347988092913, 0.0 ], [ 110.642207387517203, -7.588785247295382, 0.0 ], [ 110.642427650859815, -7.588898263687507, 0.0 ], [ 110.642432898897169, -7.58890150179043, 0.0 ], [ 110.642437571535794, -7.588905525479095, 0.0 ], [ 110.642441551009298, -7.588910232441897, 0.0 ], [ 110.642444738600645, -7.588915505909926, 0.0 ], [ 110.642447054644435, -7.588921211943463, 0.0 ], [ 110.642448442141841, -7.588927213003153, 0.0 ], [ 110.642448865864608, -7.588933355285539, 0.0 ], [ 110.642448315057422, -7.588939489530088, 0.0 ], [ 110.642446804353483, -7.588945460165212, 0.0 ], [ 110.642431985222672, -7.588989152496739, 0.0 ], [ 110.642317324562129, -7.58933894579153, 0.0 ] ] ] ] } },
{ "type": "Feature", "properties": { "OBJECTID": 641, "ZONA": "Kawasan Peruntukan Industri", "SUB_ZONA": "Kawasan Peruntukan Industri", "KODE": "KI", "KEPADATAN": 0.0, "JUML_RUMH": 0.0, "LUAS_BID": 9179.4179323900007, "Shape_Leng": 415.12269117900001, "Shape_Area": 9179.4179324399993 }, "geometry": { "type": "MultiPolygon", "coordinates": [ [ [ [ 110.649953546655198, -7.588942276037815, 0.0 ], [ 110.649738617936464, -7.588972736658995, 0.0 ], [ 110.649601707248166, -7.589209563155266, 0.0 ], [ 110.649522525808123, -7.589245400275564, 0.0 ], [ 110.649487608178575, -7.589244477520413, 0.0 ], [ 110.649260635428107, -7.589238487225871, 0.0 ], [ 110.649065890648089, -7.589233348687392, 0.0 ], [ 110.648976320291112, -7.589230984234796, 0.0 ], [ 110.648853207512872, -7.589227734250629, 0.0 ], [ 110.648734281987203, -7.58922459616145, 0.0 ], [ 110.648722313356416, -7.588536913765495, 0.0 ], [ 110.648774188937082, -7.588540974615631, 0.0 ], [ 110.64898861542558, -7.588557268772178, 0.0 ], [ 110.64925664539318, -7.588577635865353, 0.0 ], [ 110.649307575614117, -7.588581505932837, 0.0 ], [ 110.649334286139805, -7.588581423450968, 0.0 ], [ 110.649360650135776, -7.588577147164189, 0.0 ], [ 110.649420489460837, -7.588562514463456, 0.0 ], [ 110.649451765348743, -7.588556834641457, 0.0 ], [ 110.64948349868834, -7.588554949800403, 0.0 ], [ 110.649651096186517, -7.588555084872958, 0.0 ], [ 110.649718772212154, -7.588559961587844, 0.0 ], [ 110.6497601662942, -7.588562946500303, 0.0 ], [ 110.649776680961111, -7.588562790650346, 0.0 ], [ 110.649792951211595, -7.588559959829265, 0.0 ], [ 110.649808543656107, -7.588554528766231, 0.0 ], [ 110.649956026119639, -7.588489266174035, 0.0 ], [ 110.649953546655198, -7.588942276037815, 0.0 ] ] ] ] } },
{ "type": "Feature", "properties": { "OBJECTID": 642, "ZONA": "Sarana Pelayanan Umum", "SUB_ZONA": "SPU Skala Kelurahan", "KODE": "SPU-3", "KEPADATAN": 0.0, "JUML_RUMH": 0.0, "LUAS_BID": 1278.0851443500001, "Shape_Leng": 163.47440117299999, "Shape_Area": 1278.0851443199999 }, "geometry": { "type": "MultiPolygon", "coordinates": [ [ [ [ 110.639132902489649, -7.586341876402516, 0.0 ], [ 110.639131698343519, -7.586346541101198, 0.0 ], [ 110.639131315405862, -7.586351345782818, 0.0 ], [ 110.639131766491928, -7.586356142110847, 0.0 ], [ 110.639133038118956, -7.586360791677129, 0.0 ], [ 110.639135092329909, -7.586365153339486, 0.0 ], [ 110.639137866681409, -7.586369097694621, 0.0 ], [ 110.639141279684409, -7.586372505273594, 0.0 ], [ 110.639145229887149, -7.586375279204784, 0.0 ], [ 110.63914959860611, -7.58637733164778, 0.0 ], [ 110.639157251078828, -7.5863801529737, 0.0 ], [ 110.639394451529128, -7.586467573285625, 0.0 ], [ 110.639454475986923, -7.58648969601455, 0.0 ], [ 110.639512849987725, -7.586507046741095, 0.0 ], [ 110.639515040387025, -7.586507897934323, 0.0 ], [ 110.639517062792606, -7.586509090005761, 0.0 ], [ 110.639518864648508, -7.586510594870634, 0.0 ], [ 110.639520398848575, -7.586512371784915, 0.0 ], [ 110.63952162282456, -7.586514373676426, 0.0 ], [ 110.639522505799349, -7.586516546246316, 0.0 ], [ 110.639523023342235, -7.586518834296452, 0.0 ], [ 110.639523161907107, -7.586521175401262, 0.0 ], [ 110.639522918827069, -7.586523506239641, 0.0 ], [ 110.639522299589501, -7.586525768924584, 0.0 ], [ 110.639521320564086, -7.586527901055316, 0.0 ], [ 110.639425049311399, -7.586699178459346, 0.0 ], [ 110.639367082260122, -7.58682014455939, 0.0 ], [ 110.639262820269749, -7.586696954407686, 0.0 ], [ 110.639032906869971, -7.586425298378543, 0.0 ], [ 110.639066572681358, -7.58632241412367, 0.0 ], [ 110.639132902489649, -7.586341876402516, 0.0 ] ] ] ] } },
{ "type": "Feature", "properties": { "OBJECTID": 643, "ZONA": "Ruang Terbuka Hijau", "SUB_ZONA": "Pemakaman", "KODE": "RTH-7", "KEPADATAN": 0.0, "JUML_RUMH": 0.0, "LUAS_BID": 2798.6620621500001, "Shape_Leng": 239.15819040400001, "Shape_Area": 2798.6620622 }, "geometry": { "type": "MultiPolygon", "coordinates": [ [ [ [ 110.64251895921808, -7.59101975181494, 0.0 ], [ 110.642613988625257, -7.591033660614489, 0.0 ], [ 110.642660047662716, -7.591026038703202, 0.0 ], [ 110.642788488057434, -7.591096966465414, 0.0 ], [ 110.64274493665323, -7.591230728036037, 0.0 ], [ 110.642743799430448, -7.591233419059225, 0.0 ], [ 110.64274222271915, -7.591235881773158, 0.0 ], [ 110.64274025190727, -7.591238042946092, 0.0 ], [ 110.642737944159023, -7.591239840210665, 0.0 ], [ 110.642735364787058, -7.591241223870011, 0.0 ], [ 110.642732589068615, -7.591242153280963, 0.0 ], [ 110.642729695895966, -7.591242601371702, 0.0 ], [ 110.642726767775599, -7.591242555546271, 0.0 ], [ 110.642680852991916, -7.591237937133907, 0.0 ], [ 110.64264622041992, -7.591236382677095, 0.0 ], [ 110.642611629095128, -7.59123867170875, 0.0 ], [ 110.642577506027038, -7.591244773825058, 0.0 ], [ 110.642384905241414, -7.59129036240814, 0.0 ], [ 110.64225806942018, -7.591332432041047, 0.0 ], [ 110.64204130366123, -7.591392135165759, 0.0 ], [ 110.642026509935377, -7.59139508902026, 0.0 ], [ 110.642011445108963, -7.591395901567703, 0.0 ], [ 110.642003000123793, -7.591315371066808, 0.0 ], [ 110.641986505918396, -7.591158086909991, 0.0 ], [ 110.64197748528666, -7.591072070708411, 0.0 ], [ 110.64196737812145, -7.590975688308007, 0.0 ], [ 110.642030828689428, -7.590978693035439, 0.0 ], [ 110.642115518891998, -7.59098270301619, 0.0 ], [ 110.642220555812713, -7.590987677702513, 0.0 ], [ 110.642283827802459, -7.590990674105182, 0.0 ], [ 110.64233770558441, -7.590993224964079, 0.0 ], [ 110.64251895921808, -7.59101975181494, 0.0 ] ] ] ] } },
{ "type": "Feature", "properties": { "OBJECTID": 644, "ZONA": "Perdagangan dan Jasa", "SUB_ZONA": "Perdagangan dan Jasa Skala SWP", "KODE": "K-3", "KEPADATAN": 0.0, "JUML_RUMH": 0.0, "LUAS_BID": 1903.5972637299999, "Shape_Leng": 176.27830266300001, "Shape_Area": 1903.5972636900001 }, "geometry": { "type": "MultiPolygon", "coordinates": [ [ [ [ 110.642144776108296, -7.590078020328758, 0.0 ], [ 110.642134575178076, -7.590133387928843, 0.0 ], [ 110.642064865712072, -7.590501148220061, 0.0 ], [ 110.642063813706415, -7.590504931110359, 0.0 ], [ 110.642062145434153, -7.590508488258857, 0.0 ], [ 110.642059906306528, -7.590511718392691, 0.0 ], [ 110.642057159857416, -7.590514530204044, 0.0 ], [ 110.642053982301988, -7.590516845059295, 0.0 ], [ 110.642050462532097, -7.590518602426441, 0.0 ], [ 110.642046698499115, -7.590519749017306, 0.0 ], [ 110.642042795388122, -7.590520254163619, 0.0 ], [ 110.64203886290268, -7.590520104387378, 0.0 ], [ 110.642035010732911, -7.590519302492587, 0.0 ], [ 110.641979166532138, -7.590502718511366, 0.0 ], [ 110.641962156043775, -7.590498340924636, 0.0 ], [ 110.641715579445446, -7.590444483142146, 0.0 ], [ 110.641692697392898, -7.590438833423249, 0.0 ], [ 110.641689867932982, -7.590437884925844, 0.0 ], [ 110.64168723012466, -7.590436489735874, 0.0 ], [ 110.641684853739221, -7.590434687711331, 0.0 ], [ 110.641682802197593, -7.590432524132257, 0.0 ], [ 110.64168112893816, -7.59043005693427, 0.0 ], [ 110.641679880140941, -7.590427351283454, 0.0 ], [ 110.641679087474486, -7.590424480474931, 0.0 ], [ 110.641678772635274, -7.590421517795582, 0.0 ], [ 110.641678942809037, -7.590418543756792, 0.0 ], [ 110.641679595210931, -7.590415637052614, 0.0 ], [ 110.641796072148438, -7.590042194963183, 0.0 ], [ 110.641960370647595, -7.590079110448259, 0.0 ], [ 110.641983706295164, -7.590084354380484, 0.0 ], [ 110.642144776108296, -7.590078020328758, 0.0 ] ] ] ] } },
{ "type": "Feature", "properties": { "OBJECTID": 645, "ZONA": "Sarana Pelayanan Umum", "SUB_ZONA": "SPU Skala Kelurahan", "KODE": "SPU-3", "KEPADATAN": 0.0, "JUML_RUMH": 0.0, "LUAS_BID": 926.25954817599995, "Shape_Leng": 142.20456717799999, "Shape_Area": 926.25954818699995 }, "geometry": { "type": "MultiPolygon", "coordinates": [ [ [ [ 110.640897000700207, -7.587032278715478, 0.0 ], [ 110.640872644001448, -7.587097546722454, 0.0 ], [ 110.640854221469439, -7.587163965700262, 0.0 ], [ 110.640717748300105, -7.587132950638868, 0.0 ], [ 110.640797863354678, -7.58673913887802, 0.0 ], [ 110.641058279735859, -7.586728431369649, 0.0 ], [ 110.640950770209798, -7.586888195720398, 0.0 ], [ 110.640897000700207, -7.587032278715478, 0.0 ] ] ] ] } },
{ "type": "Feature", "properties": { "OBJECTID": 646, "ZONA": "Ruang Terbuka Hijau", "SUB_ZONA": "Pemakaman", "KODE": "RTH-7", "KEPADATAN": 0.0, "JUML_RUMH": 0.0, "LUAS_BID": 3157.3698043200002, "Shape_Leng": 226.00223562400001, "Shape_Area": 3157.3698042800002 }, "geometry": { "type": "MultiPolygon", "coordinates": [ [ [ [ 110.64164468188784, -7.586729767934022, 0.0 ], [ 110.641589835567856, -7.586971431811731, 0.0 ], [ 110.641546245065911, -7.587163504542226, 0.0 ], [ 110.641494424368688, -7.58715370438343, 0.0 ], [ 110.641316170771688, -7.587143094406501, 0.0 ], [ 110.641290556790253, -7.58714156900408, 0.0 ], [ 110.641263917743117, -7.58713757422192, 0.0 ], [ 110.641203517834512, -7.58712851954238, 0.0 ], [ 110.641081907682505, -7.587110283756449, 0.0 ], [ 110.640897000700207, -7.587032278715478, 0.0 ], [ 110.640950770209798, -7.586888195720398, 0.0 ], [ 110.641058279735859, -7.586728431369649, 0.0 ], [ 110.641197550016315, -7.586722704667276, 0.0 ], [ 110.641455628021646, -7.586715762465844, 0.0 ], [ 110.641533768325374, -7.586716734146773, 0.0 ], [ 110.641577381023424, -7.586720116042804, 0.0 ], [ 110.64164468188784, -7.586729767934022, 0.0 ] ] ] ] } },
{ "type": "Feature", "properties": { "OBJECTID": 647, "ZONA": "Perikanan", "SUB_ZONA": "Perikanan Budidaya", "KODE": "IK-2", "KEPADATAN": 0.0, "JUML_RUMH": 0.0, "LUAS_BID": 2598.0744511299999, "Shape_Leng": 232.00185138000001, "Shape_Area": 2598.07445108 }, "geometry": { "type": "MultiPolygon", "coordinates": [ [ [ [ 110.644861974237088, -7.59223827932634, 0.0 ], [ 110.644873883535041, -7.592340004559806, 0.0 ], [ 110.645005653773453, -7.592525594115405, 0.0 ], [ 110.645136754283257, -7.592570680227021, 0.0 ], [ 110.645125421502698, -7.592591625915436, 0.0 ], [ 110.645029404251076, -7.592769078354315, 0.0 ], [ 110.644854207633358, -7.592654870719296, 0.0 ], [ 110.64479773145996, -7.592618054366499, 0.0 ], [ 110.644765735456687, -7.592597197196691, 0.0 ], [ 110.644601090375374, -7.592563533412082, 0.0 ], [ 110.644435398429408, -7.592529655234519, 0.0 ], [ 110.644473746303774, -7.592202264522525, 0.0 ], [ 110.644477792532015, -7.592167715607385, 0.0 ], [ 110.644804308040918, -7.59222768869745, 0.0 ], [ 110.644861974237088, -7.59223827932634, 0.0 ] ] ] ] } },
{ "type": "Feature", "properties": { "OBJECTID": 648, "ZONA": "Perikanan", "SUB_ZONA": "Perikanan Budidaya", "KODE": "IK-2", "KEPADATAN": 0.0, "JUML_RUMH": 0.0, "LUAS_BID": 3337.4095945700001, "Shape_Leng": 227.973663257, "Shape_Area": 3337.4095946399998 }, "geometry": { "type": "MultiPolygon", "coordinates": [ [ [ [ 110.645029404251076, -7.592769078354315, 0.0 ], [ 110.645021296410732, -7.592773037304696, 0.0 ], [ 110.645013930017726, -7.592778239720364, 0.0 ], [ 110.645007496463109, -7.592784553692541, 0.0 ], [ 110.645002160871726, -7.592791818345209, 0.0 ], [ 110.644898785009644, -7.592959343569143, 0.0 ], [ 110.644890554431214, -7.592971458796861, 0.0 ], [ 110.644881291009852, -7.592982807021563, 0.0 ], [ 110.644660344331811, -7.593230470192367, 0.0 ], [ 110.644658400060038, -7.593232326560222, 0.0 ], [ 110.644656184098324, -7.593233846211107, 0.0 ], [ 110.644653752681265, -7.593234994817912, 0.0 ], [ 110.644651168387171, -7.593235740772349, 0.0 ], [ 110.644648497412291, -7.593236062419176, 0.0 ], [ 110.644645810470863, -7.593235956198037, 0.0 ], [ 110.644643173742082, -7.593235421258462, 0.0 ], [ 110.644640657924569, -7.593234473035741, 0.0 ], [ 110.64463832555127, -7.593233135099439, 0.0 ], [ 110.644636238240366, -7.593231440968528, 0.0 ], [ 110.644635981885372, -7.593231197433375, 0.0 ], [ 110.644449528995082, -7.59304359110075, 0.0 ], [ 110.644435969088264, -7.593027740329015, 0.0 ], [ 110.644424923660864, -7.593010052652329, 0.0 ], [ 110.644416637158102, -7.592990922657211, 0.0 ], [ 110.644411295980277, -7.592970775637574, 0.0 ], [ 110.644409016704472, -7.592950059444025, 0.0 ], [ 110.644407055123196, -7.592893559281729, 0.0 ], [ 110.644404655166795, -7.592824442920375, 0.0 ], [ 110.644404732732184, -7.592799557748258, 0.0 ], [ 110.644406690428042, -7.592774748288092, 0.0 ], [ 110.644410185239266, -7.592744909850591, 0.0 ], [ 110.644435398429408, -7.592529655234519, 0.0 ], [ 110.644601090375374, -7.592563533412082, 0.0 ], [ 110.644765735456687, -7.592597197196691, 0.0 ], [ 110.64479773145996, -7.592618054366499, 0.0 ], [ 110.644854207633358, -7.592654870719296, 0.0 ], [ 110.645029404251076, -7.592769078354315, 0.0 ] ] ] ] } },
{ "type": "Feature", "properties": { "OBJECTID": 649, "ZONA": "Perikanan", "SUB_ZONA": "Perikanan Budidaya", "KODE": "IK-2", "KEPADATAN": 0.0, "JUML_RUMH": 0.0, "LUAS_BID": 7280.0856284900001, "Shape_Leng": 347.252941373, "Shape_Area": 7280.0856284299998 }, "geometry": { "type": "MultiPolygon", "coordinates": [ [ [ [ 110.64494559580497, -7.593726014622175, 0.0 ], [ 110.644942420913097, -7.593726176657109, 0.0 ], [ 110.644939265510246, -7.593725788737975, 0.0 ], [ 110.644936224775122, -7.5937248627018, 0.0 ], [ 110.644933390246038, -7.593723427569143, 0.0 ], [ 110.644930846197752, -7.593721525923034, 0.0 ], [ 110.644928668734181, -7.593719214812653, 0.0 ], [ 110.644926924883961, -7.59371656303904, 0.0 ], [ 110.64492566534885, -7.593713650244532, 0.0 ], [ 110.644924928132156, -7.593710564202117, 0.0 ], [ 110.644895742484223, -7.593536047006038, 0.0 ], [ 110.644891308847377, -7.593515769572526, 0.0 ], [ 110.644884078723067, -7.593496309381229, 0.0 ], [ 110.644874195941995, -7.593478046463007, 0.0 ], [ 110.644861852397781, -7.593461341892336, 0.0 ], [ 110.644823328217811, -7.593416201110255, 0.0 ], [ 110.644794220443501, -7.593382090939846, 0.0 ], [ 110.644693468650686, -7.593286016201303, 0.0 ], [ 110.644691019600842, -7.593283246257974, 0.0 ], [ 110.644689077623966, -7.593280100434009, 0.0 ], [ 110.644687698850632, -7.593276671040003, 0.0 ], [ 110.644686923993333, -7.593273058514956, 0.0 ], [ 110.644686774723183, -7.593269367805068, 0.0 ], [ 110.644687255486005, -7.593265704747004, 0.0 ], [ 110.644688352595821, -7.593262176067153, 0.0 ], [ 110.644690034237783, -7.593258885763426, 0.0 ], [ 110.644692251382182, -7.593255926060419, 0.0 ], [ 110.64488570053264, -7.593039084854873, 0.0 ], [ 110.644911762568256, -7.593009870000829, 0.0 ], [ 110.644923284674263, -7.592995754775483, 0.0 ], [ 110.644933522974483, -7.59298068600351, 0.0 ], [ 110.645026150031924, -7.592830579165183, 0.0 ], [ 110.645029476268419, -7.592826050057099, 0.0 ], [ 110.6450334882812, -7.592822112184144, 0.0 ], [ 110.645038080826211, -7.592818867675125, 0.0 ], [ 110.64504313598249, -7.592816400557435, 0.0 ], [ 110.645048522247137, -7.592814774947111, 0.0 ], [ 110.645054099976079, -7.59281403324421, 0.0 ], [ 110.645059724106673, -7.592814192516796, 0.0 ], [ 110.645065250496998, -7.592815252647172, 0.0 ], [ 110.645070535030996, -7.59281718185816, 0.0 ], [ 110.645075440857795, -7.592819933001103, 0.0 ], [ 110.645165173813211, -7.592880215328111, 0.0 ], [ 110.645165850637071, -7.592880669063261, 0.0 ], [ 110.645212073940854, -7.592911723120198, 0.0 ], [ 110.645451916791856, -7.593072846599591, 0.0 ], [ 110.645603510421296, -7.593179622826534, 0.0 ], [ 110.645611375881657, -7.593186030783383, 0.0 ], [ 110.64561826867066, -7.593193470045192, 0.0 ], [ 110.645624054736786, -7.593201795773754, 0.0 ], [ 110.64562861998759, -7.593210845056001, 0.0 ], [ 110.645734541781536, -7.593463365846478, 0.0 ], [ 110.645795942915058, -7.593609363287123, 0.0 ], [ 110.645796527992829, -7.593611151166563, 0.0 ], [ 110.64579681203503, -7.593613011165106, 0.0 ], [ 110.645796786923398, -7.593614893525539, 0.0 ], [ 110.645796455421319, -7.593616744881305, 0.0 ], [ 110.6457958248197, -7.593618518201469, 0.0 ], [ 110.645794912383082, -7.593620164654059, 0.0 ], [ 110.645793742624036, -7.59362164084038, 0.0 ], [ 110.645792346398736, -7.593622906080568, 0.0 ], [ 110.64579076271572, -7.59362392784239, 0.0 ], [ 110.645789032395172, -7.593624675404218, 0.0 ], [ 110.645787203497093, -7.593625133427802, 0.0 ], [ 110.645785324082993, -7.593625284765719, 0.0 ], [ 110.645784199047981, -7.593625283848631, 0.0 ], [ 110.645687371700319, -7.593625204907457, 0.0 ], [ 110.645663030220433, -7.593626869342127, 0.0 ], [ 110.64494559580497, -7.593726014622175, 0.0 ] ] ] ] } },
{ "type": "Feature", "properties": { "OBJECTID": 650, "ZONA": "Perikanan", "SUB_ZONA": "Perikanan Budidaya", "KODE": "IK-2", "KEPADATAN": 0.0, "JUML_RUMH": 0.0, "LUAS_BID": 4969.1484068299997, "Shape_Leng": 391.04225450199999, "Shape_Area": 4969.1484068299997 }, "geometry": { "type": "MultiPolygon", "coordinates": [ [ [ [ 110.645197487121436, -7.592591567164089, 0.0 ], [ 110.645578107019972, -7.592783342383255, 0.0 ], [ 110.645687693651851, -7.59282914438294, 0.0 ], [ 110.64577892070831, -7.592867272516106, 0.0 ], [ 110.645828473241437, -7.592913444353284, 0.0 ], [ 110.645856456270096, -7.592939516561043, 0.0 ], [ 110.645934298209681, -7.593077196421659, 0.0 ], [ 110.645958185892752, -7.593196881402137, 0.0 ], [ 110.645997057936839, -7.593325553592713, 0.0 ], [ 110.646029994335791, -7.593379428639679, 0.0 ], [ 110.646064445396959, -7.593411385717868, 0.0 ], [ 110.646139976676878, -7.593481450818276, 0.0 ], [ 110.64620711692254, -7.593543730797826, 0.0 ], [ 110.646165680355523, -7.593585508349523, 0.0 ], [ 110.645974467771723, -7.593778303435445, 0.0 ], [ 110.645915963317236, -7.593742681389343, 0.0 ], [ 110.645903813576183, -7.593733914482595, 0.0 ], [ 110.645893180149102, -7.593723365931456, 0.0 ], [ 110.64588432391291, -7.593711293747088, 0.0 ], [ 110.645877459480545, -7.593697992085158, 0.0 ], [ 110.645772166742489, -7.593447633727326, 0.0 ], [ 110.645666252168681, -7.593195129232904, 0.0 ], [ 110.645659121903748, -7.593180996968782, 0.0 ], [ 110.645650086043503, -7.593167992941056, 0.0 ], [ 110.645639321154974, -7.593156375092021, 0.0 ], [ 110.645627037373544, -7.593146369731937, 0.0 ], [ 110.645517962005258, -7.593069540053795, 0.0 ], [ 110.645475074995929, -7.593039331795799, 0.0 ], [ 110.645081218227517, -7.592774743393061, 0.0 ], [ 110.645073350239173, -7.592770330875456, 0.0 ], [ 110.645064874685673, -7.592767235799432, 0.0 ], [ 110.645056010887544, -7.592765537945025, 0.0 ], [ 110.64504698907362, -7.592765280918926, 0.0 ], [ 110.645038043128636, -7.592766472148598, 0.0 ], [ 110.645029404251076, -7.592769078354315, 0.0 ], [ 110.645125421502698, -7.592591625915436, 0.0 ], [ 110.645136754283257, -7.592570680227021, 0.0 ], [ 110.645197487121436, -7.592591567164089, 0.0 ] ] ] ] } },
{ "type": "Feature", "properties": { "OBJECTID": 651, "ZONA": "Perikanan", "SUB_ZONA": "Perikanan Budidaya", "KODE": "IK-2", "KEPADATAN": 0.0, "JUML_RUMH": 0.0, "LUAS_BID": 10027.372722300001, "Shape_Leng": 591.45694994200005, "Shape_Area": 10027.372722300001 }, "geometry": { "type": "MultiPolygon", "coordinates": [ [ [ [ 110.647416728116653, -7.593684724770332, 0.0 ], [ 110.647622070988945, -7.593814127079518, 0.0 ], [ 110.647675362378124, -7.593821453778996, 0.0 ], [ 110.647799207693041, -7.593838478424294, 0.0 ], [ 110.647588244990587, -7.59412641482317, 0.0 ], [ 110.647587226877775, -7.594127588111202, 0.0 ], [ 110.647586030322174, -7.594128578534177, 0.0 ], [ 110.647584686167377, -7.594129360789535, 0.0 ], [ 110.647583232507898, -7.594129911389722, 0.0 ], [ 110.647581707430888, -7.594130215892723, 0.0 ], [ 110.647580153549669, -7.594130268001196, 0.0 ], [ 110.647578611662979, -7.594130063225464, 0.0 ], [ 110.647577124371594, -7.59412961064566, 0.0 ], [ 110.647575731556628, -7.594128919339658, 0.0 ], [ 110.647574471275036, -7.59412801195226, 0.0 ], [ 110.647573377959731, -7.594126908411613, 0.0 ], [ 110.647440427970196, -7.593968679631234, 0.0 ], [ 110.647435022174363, -7.593963115843345, 0.0 ], [ 110.647428869601853, -7.593958387259273, 0.0 ], [ 110.647422098904698, -7.593954590770865, 0.0 ], [ 110.647388359802179, -7.593938754466135, 0.0 ], [ 110.647382304992973, -7.593935316762283, 0.0 ], [ 110.647376856493239, -7.593930984039869, 0.0 ], [ 110.647372145665855, -7.593925864047716, 0.0 ], [ 110.647368284824964, -7.593920078087499, 0.0 ], [ 110.64734368132801, -7.593876157300103, 0.0 ], [ 110.647303634934488, -7.593815205658989, 0.0 ], [ 110.647296859197382, -7.593806475715859, 0.0 ], [ 110.647288795195635, -7.593798917031597, 0.0 ], [ 110.647279642223268, -7.593792711583661, 0.0 ], [ 110.647269626790106, -7.593788017853179, 0.0 ], [ 110.647258998107432, -7.593784948207325, 0.0 ], [ 110.647135792358497, -7.593759652668464, 0.0 ], [ 110.647130311395827, -7.59378623311993, 0.0 ], [ 110.647253517152606, -7.593811527756094, 0.0 ], [ 110.647260035570312, -7.593813410906126, 0.0 ], [ 110.647266176956137, -7.593816288761649, 0.0 ], [ 110.647271789970617, -7.593820093358151, 0.0 ], [ 110.647276735080879, -7.593824730508562, 0.0 ], [ 110.647280889997063, -7.593830083425876, 0.0 ], [ 110.647320409426399, -7.593890233204567, 0.0 ], [ 110.647344544007012, -7.593933317802805, 0.0 ], [ 110.647350743624528, -7.593942610816137, 0.0 ], [ 110.647358309388736, -7.593950833943717, 0.0 ], [ 110.647367059242654, -7.593957789844542, 0.0 ], [ 110.6473767830024, -7.593963310100506, 0.0 ], [ 110.647410522107819, -7.593979144597077, 0.0 ], [ 110.647413870304305, -7.593981022458732, 0.0 ], [ 110.647416913521951, -7.593983361396493, 0.0 ], [ 110.647419586527832, -7.593986113415942, 0.0 ], [ 110.647515086698192, -7.59409977057766, 0.0 ], [ 110.647516369815193, -7.594101579826175, 0.0 ], [ 110.647517340927195, -7.594103572446452, 0.0 ], [ 110.647517973786805, -7.594105695952957, 0.0 ], [ 110.647518252122438, -7.594107893345452, 0.0 ], [ 110.64751816872807, -7.594110107631073, 0.0 ], [ 110.647517724558881, -7.594112279109891, 0.0 ], [ 110.647516933261159, -7.594114348996833, 0.0 ], [ 110.647515813916769, -7.594116263033997, 0.0 ], [ 110.647514398297218, -7.594117969687468, 0.0 ], [ 110.64735758007636, -7.594278326064771, 0.0 ], [ 110.647346263626957, -7.594288204582265, 0.0 ], [ 110.647333531774521, -7.594296186001097, 0.0 ], [ 110.647319701068227, -7.594302073384904, 0.0 ], [ 110.647305115214976, -7.594305717760833, 0.0 ], [ 110.647290136910669, -7.594307029872178, 0.0 ], [ 110.647275137868945, -7.594305979265791, 0.0 ], [ 110.647260490666397, -7.594302588858023, 0.0 ], [ 110.646932475887638, -7.594198881031157, 0.0 ], [ 110.646434908290388, -7.594023764158234, 0.0 ], [ 110.646272576942806, -7.593956850479497, 0.0 ], [ 110.646243520245065, -7.593942129598845, 0.0 ], [ 110.645974467771723, -7.593778303435445, 0.0 ], [ 110.646165680355523, -7.593585508349523, 0.0 ], [ 110.64620711692254, -7.593543730797826, 0.0 ], [ 110.646326968644146, -7.593639561140889, 0.0 ], [ 110.646365586086333, -7.593639592570631, 0.0 ], [ 110.646473522372986, -7.593639680398987, 0.0 ], [ 110.646524852440862, -7.593639722157141, 0.0 ], [ 110.646584283291546, -7.593622254675343, 0.0 ], [ 110.646672921313083, -7.593596202275441, 0.0 ], [ 110.646742064603856, -7.59357587884434, 0.0 ], [ 110.646850824813939, -7.593543912495814, 0.0 ], [ 110.646957454092387, -7.593512572149886, 0.0 ], [ 110.647052671618468, -7.593484584743083, 0.0 ], [ 110.647124629424525, -7.593484643183581, 0.0 ], [ 110.647292473040977, -7.593556580399352, 0.0 ], [ 110.647346372896891, -7.593640389657261, 0.0 ], [ 110.647416728116653, -7.593684724770332, 0.0 ] ] ] ] } },
{ "type": "Feature", "properties": { "OBJECTID": 652, "ZONA": "Perikanan", "SUB_ZONA": "Perikanan Budidaya", "KODE": "IK-2", "KEPADATAN": 0.0, "JUML_RUMH": 0.0, "LUAS_BID": 1707.6345755499999, "Shape_Leng": 245.94092652699999, "Shape_Area": 1707.6345754399999 }, "geometry": { "type": "MultiPolygon", "coordinates": [ [ [ [ 110.645967543740326, -7.591598726719932, 0.0 ], [ 110.645821205368506, -7.591549002550346, 0.0 ], [ 110.645801157654859, -7.590616663017354, 0.0 ], [ 110.645909202669998, -7.590609243224917, 0.0 ], [ 110.645946725954289, -7.590606667762312, 0.0 ], [ 110.645947461497443, -7.590641723527421, 0.0 ], [ 110.645967543740326, -7.591598726719932, 0.0 ] ] ] ] } },
{ "type": "Feature", "properties": { "OBJECTID": 653, "ZONA": "Perikanan", "SUB_ZONA": "Perikanan Budidaya", "KODE": "IK-2", "KEPADATAN": 0.0, "JUML_RUMH": 0.0, "LUAS_BID": 1617.0296144900001, "Shape_Leng": 332.11730240899999, "Shape_Area": 1617.0296144700001 }, "geometry": { "type": "MultiPolygon", "coordinates": [ [ [ [ 110.647015807038699, -7.591960503525975, 0.0 ], [ 110.646919435458315, -7.591926704299119, 0.0 ], [ 110.64686183201529, -7.590543832687604, 0.0 ], [ 110.646920039376695, -7.590539836603214, 0.0 ], [ 110.64695563431512, -7.590537392456461, 0.0 ], [ 110.647015807038699, -7.591960503525975, 0.0 ] ] ] ] } },
{ "type": "Feature", "properties": { "OBJECTID": 654, "ZONA": "Perikanan", "SUB_ZONA": "Perikanan Budidaya", "KODE": "IK-2", "KEPADATAN": 0.0, "JUML_RUMH": 0.0, "LUAS_BID": 1965.4820025700001, "Shape_Leng": 400.624219611, "Shape_Area": 1965.4820024600001 }, "geometry": { "type": "MultiPolygon", "coordinates": [ [ [ [ 110.648137278500514, -7.592324119129185, 0.0 ], [ 110.648048555461841, -7.592296846379061, 0.0 ], [ 110.648044947010249, -7.592157985033927, 0.0 ], [ 110.64800441366404, -7.590598215940349, 0.0 ], [ 110.648056800368551, -7.590594972103946, 0.0 ], [ 110.648104086566391, -7.590592045249772, 0.0 ], [ 110.648137278500514, -7.592324119129185, 0.0 ] ] ] ] } },
{ "type": "Feature", "properties": { "OBJECTID": 655, "ZONA": "Perikanan", "SUB_ZONA": "Perikanan Budidaya", "KODE": "IK-2", "KEPADATAN": 0.0, "JUML_RUMH": 0.0, "LUAS_BID": 1419.69400118, "Shape_Leng": 353.059956516, "Shape_Area": 1419.6940011199999 }, "geometry": { "type": "MultiPolygon", "coordinates": [ [ [ [ 110.648405149452344, -7.59120186301358, 0.0 ], [ 110.648433647412958, -7.592415222551356, 0.0 ], [ 110.648337237775436, -7.592385586367008, 0.0 ], [ 110.648326255701491, -7.590858562596388, 0.0 ], [ 110.648357633781856, -7.590995101806828, 0.0 ], [ 110.648405149452344, -7.59120186301358, 0.0 ] ] ] ] } },
{ "type": "Feature", "properties": { "OBJECTID": 656, "ZONA": "Perikanan", "SUB_ZONA": "Perikanan Budidaya", "KODE": "IK-2", "KEPADATAN": 0.0, "JUML_RUMH": 0.0, "LUAS_BID": 1147.2832844699999, "Shape_Leng": 225.07520441599999, "Shape_Area": 1147.2832844500001 }, "geometry": { "type": "MultiPolygon", "coordinates": [ [ [ [ 110.645817138475678, -7.589702511764401, 0.0 ], [ 110.645867976807452, -7.589721288344371, 0.0 ], [ 110.645909202669998, -7.590609243224917, 0.0 ], [ 110.645801157654859, -7.590616663017354, 0.0 ], [ 110.64576807270366, -7.589684531727745, 0.0 ], [ 110.645817138475678, -7.589702511764401, 0.0 ] ] ] ] } },
{ "type": "Feature", "properties": { "OBJECTID": 657, "ZONA": "Perikanan", "SUB_ZONA": "Perikanan Budidaya", "KODE": "IK-2", "KEPADATAN": 0.0, "JUML_RUMH": 0.0, "LUAS_BID": 2018.70243052, "Shape_Leng": 191.33097751, "Shape_Area": 2018.7024305100001 }, "geometry": { "type": "MultiPolygon", "coordinates": [ [ [ [ 110.645119888038721, -7.589039342297859, 0.0 ], [ 110.645329764167059, -7.589043992008092, 0.0 ], [ 110.645332293208327, -7.58904426362881, 0.0 ], [ 110.645334739406351, -7.589044959418746, 0.0 ], [ 110.645337032066195, -7.589046060324547, 0.0 ], [ 110.645339104132347, -7.589047531013828, 0.0 ], [ 110.645340896711247, -7.589049332542658, 0.0 ], [ 110.645342357267694, -7.589051410594793, 0.0 ], [ 110.645343443243704, -7.589053704530286, 0.0 ], [ 110.645344123868597, -7.589056151005121, 0.0 ], [ 110.645344379259882, -7.589058674924899, 0.0 ], [ 110.645344202221523, -7.589061207537524, 0.0 ], [ 110.645328112965345, -7.589163952888028, 0.0 ], [ 110.64532435242468, -7.589201798255566, 0.0 ], [ 110.645324867914553, -7.589239825308772, 0.0 ], [ 110.645329426097177, -7.589305023096757, 0.0 ], [ 110.645332344927994, -7.589330775475402, 0.0 ], [ 110.645337465135668, -7.589356185013934, 0.0 ], [ 110.645379346294206, -7.589525973595284, 0.0 ], [ 110.64537970438721, -7.589528178290492, 0.0 ], [ 110.645379702555303, -7.5895304143516, 0.0 ], [ 110.645379341755387, -7.589532620269534, 0.0 ], [ 110.645378629285048, -7.589534740872367, 0.0 ], [ 110.645377585137226, -7.58953671647568, 0.0 ], [ 110.645376235639546, -7.589538500968597, 0.0 ], [ 110.645374616187354, -7.589540045533958, 0.0 ], [ 110.645372769420959, -7.58954131040608, 0.0 ], [ 110.645370742506685, -7.589542263963947, 0.0 ], [ 110.645368588953815, -7.589542878209992, 0.0 ], [ 110.645366364071293, -7.589543141430091, 0.0 ], [ 110.645364126793552, -7.589543042817634, 0.0 ], [ 110.645361933323528, -7.589542586036703, 0.0 ], [ 110.644963709561409, -7.589425725257381, 0.0 ], [ 110.644991228158602, -7.588985340197294, 0.0 ], [ 110.645023307033341, -7.588998804473334, 0.0 ], [ 110.645119888038721, -7.589039342297859, 0.0 ] ] ] ] } },
{ "type": "Feature", "properties": { "OBJECTID": 658, "ZONA": "Perikanan", "SUB_ZONA": "Perikanan Budidaya", "KODE": "IK-2", "KEPADATAN": 0.0, "JUML_RUMH": 0.0, "LUAS_BID": 770.64281607800001, "Shape_Leng": 227.71279957300001, "Shape_Area": 770.64281605899998 }, "geometry": { "type": "MultiPolygon", "coordinates": [ [ [ [ 110.645657799152858, -7.587031016886562, 0.0 ], [ 110.645615266330296, -7.587949918130199, 0.0 ], [ 110.64554662070968, -7.58800897492535, 0.0 ], [ 110.645552694306076, -7.587874186537396, 0.0 ], [ 110.645590852163693, -7.587027413761361, 0.0 ], [ 110.645613576644166, -7.587029393357209, 0.0 ], [ 110.645657799152858, -7.587031016886562, 0.0 ] ] ] ] } },
{ "type": "Feature", "properties": { "OBJECTID": 659, "ZONA": "Perikanan", "SUB_ZONA": "Perikanan Budidaya", "KODE": "IK-2", "KEPADATAN": 0.0, "JUML_RUMH": 0.0, "LUAS_BID": 1240.7213711500001, "Shape_Leng": 263.15854276300001, "Shape_Area": 1240.72137122 }, "geometry": { "type": "MultiPolygon", "coordinates": [ [ [ [ 110.646153625002526, -7.588374350067001, 0.0 ], [ 110.646136976345431, -7.588370975187785, 0.0 ], [ 110.646120357777647, -7.588368497652175, 0.0 ], [ 110.646103790278232, -7.588366760084444, 0.0 ], [ 110.646087199655426, -7.588365585131219, 0.0 ], [ 110.646054550429454, -7.588364493893581, 0.0 ], [ 110.646071881889569, -7.588104846103002, 0.0 ], [ 110.646121723910753, -7.587358141144524, 0.0 ], [ 110.646186890749206, -7.587271590145297, 0.0 ], [ 110.646218785716371, -7.587250410581186, 0.0 ], [ 110.646153625002526, -7.588374350067001, 0.0 ] ] ] ] } },
{ "type": "Feature", "properties": { "OBJECTID": 660, "ZONA": "Perikanan", "SUB_ZONA": "Perikanan Budidaya", "KODE": "IK-2", "KEPADATAN": 0.0, "JUML_RUMH": 0.0, "LUAS_BID": 238.30827107299999, "Shape_Leng": 76.021316274900002, "Shape_Area": 238.30827110800001 }, "geometry": { "type": "MultiPolygon", "coordinates": [ [ [ [ 110.646228567372106, -7.587081684426152, 0.0 ], [ 110.646218785716371, -7.587250410581186, 0.0 ], [ 110.646186890749206, -7.587271590145297, 0.0 ], [ 110.646121723910753, -7.587358141144524, 0.0 ], [ 110.646140647610906, -7.58707463515135, 0.0 ], [ 110.646163059867163, -7.587075970420617, 0.0 ], [ 110.646185557336295, -7.587077308471731, 0.0 ], [ 110.646228567372106, -7.587081684426152, 0.0 ] ] ] ] } },
{ "type": "Feature", "properties": { "OBJECTID": 661, "ZONA": "Perikanan", "SUB_ZONA": "Perikanan Budidaya", "KODE": "IK-2", "KEPADATAN": 0.0, "JUML_RUMH": 0.0, "LUAS_BID": 860.99133977600002, "Shape_Leng": 169.404887879, "Shape_Area": 860.99133975300003 }, "geometry": { "type": "MultiPolygon", "coordinates": [ [ [ [ 110.646650284453713, -7.58990943575681, 0.0 ], [ 110.646680019678612, -7.59055631617374, 0.0 ], [ 110.6466174116742, -7.590560617102049, 0.0 ], [ 110.646572183198373, -7.590563722760198, 0.0 ], [ 110.646543109394457, -7.58989527735777, 0.0 ], [ 110.646650284453713, -7.58990943575681, 0.0 ] ] ] ] } },
{ "type": "Feature", "properties": { "OBJECTID": 662, "ZONA": "Perikanan", "SUB_ZONA": "Perikanan Budidaya", "KODE": "IK-2", "KEPADATAN": 0.0, "JUML_RUMH": 0.0, "LUAS_BID": 1047.3787818799999, "Shape_Leng": 203.61864075899999, "Shape_Area": 1047.37878191 }, "geometry": { "type": "MultiPolygon", "coordinates": [ [ [ [ 110.646612683275663, -7.589091412324525, 0.0 ], [ 110.646650284453713, -7.58990943575681, 0.0 ], [ 110.646543109394457, -7.58989527735777, 0.0 ], [ 110.646507894831288, -7.589085667333285, 0.0 ], [ 110.646612683275663, -7.589091412324525, 0.0 ] ] ] ] } },
{ "type": "Feature", "properties": { "OBJECTID": 663, "ZONA": "Perikanan", "SUB_ZONA": "Perikanan Budidaya", "KODE": "IK-2", "KEPADATAN": 0.0, "JUML_RUMH": 0.0, "LUAS_BID": 969.17917373199998, "Shape_Leng": 142.114227043, "Shape_Area": 969.17917368600001 }, "geometry": { "type": "MultiPolygon", "coordinates": [ [ [ [ 110.647547388714017, -7.58868295157587, 0.0 ], [ 110.64738439531385, -7.588718719453955, 0.0 ], [ 110.64736928492168, -7.58872216712739, 0.0 ], [ 110.647400351401359, -7.588303587185512, 0.0 ], [ 110.647404494448239, -7.588247764947975, 0.0 ], [ 110.647440806627557, -7.588250451977594, 0.0 ], [ 110.64745919437307, -7.588251197767369, 0.0 ], [ 110.647477607130867, -7.588251285964194, 0.0 ], [ 110.647496142133804, -7.588250430807101, 0.0 ], [ 110.647514688172919, -7.588248268574297, 0.0 ], [ 110.647531923485346, -7.588244824426478, 0.0 ], [ 110.647579028459376, -7.588232568781404, 0.0 ], [ 110.647547388714017, -7.58868295157587, 0.0 ] ] ] ] } },
{ "type": "Feature", "properties": { "OBJECTID": 664, "ZONA": "Perikanan", "SUB_ZONA": "Perikanan Budidaya", "KODE": "IK-2", "KEPADATAN": 0.0, "JUML_RUMH": 0.0, "LUAS_BID": 822.14313124700004, "Shape_Leng": 124.479677064, "Shape_Area": 822.14313124399996 }, "geometry": { "type": "MultiPolygon", "coordinates": [ [ [ [ 110.64751887736881, -7.589088807395284, 0.0 ], [ 110.647342558496277, -7.589082276441283, 0.0 ], [ 110.64736928492168, -7.58872216712739, 0.0 ], [ 110.647547388714017, -7.58868295157587, 0.0 ], [ 110.64751887736881, -7.589088807395284, 0.0 ] ] ] ] } },
{ "type": "Feature", "properties": { "OBJECTID": 665, "ZONA": "Perikanan", "SUB_ZONA": "Perikanan Budidaya", "KODE": "IK-2", "KEPADATAN": 0.0, "JUML_RUMH": 0.0, "LUAS_BID": 1946.08363164, "Shape_Leng": 232.378278244, "Shape_Area": 1946.08363164 }, "geometry": { "type": "MultiPolygon", "coordinates": [ [ [ [ 110.650685438537977, -7.58929641692922, 0.0 ], [ 110.650659145810366, -7.589264013583104, 0.0 ], [ 110.650641381469725, -7.58923885987294, 0.0 ], [ 110.650617738546288, -7.589205382231404, 0.0 ], [ 110.650601921060371, -7.589182986268105, 0.0 ], [ 110.65057220849765, -7.589140913172837, 0.0 ], [ 110.650552423498013, -7.589117975808076, 0.0 ], [ 110.650469702039146, -7.589082010178513, 0.0 ], [ 110.650465495947472, -7.588836902722467, 0.0 ], [ 110.650479479574088, -7.588396569487465, 0.0 ], [ 110.650669718066581, -7.588383137732167, 0.0 ], [ 110.650683926608295, -7.58920855613433, 0.0 ], [ 110.650685438537977, -7.58929641692922, 0.0 ] ] ] ] } },
{ "type": "Feature", "properties": { "OBJECTID": 666, "ZONA": "Perikanan", "SUB_ZONA": "Perikanan Budidaya", "KODE": "IK-2", "KEPADATAN": 0.0, "JUML_RUMH": 0.0, "LUAS_BID": 1992.3168157499999, "Shape_Leng": 238.92462269699999, "Shape_Area": 1992.3168156500001 }, "geometry": { "type": "MultiPolygon", "coordinates": [ [ [ [ 110.650860930151964, -7.589246477114999, 0.0 ], [ 110.650685438537977, -7.58929641692922, 0.0 ], [ 110.650683926608295, -7.58920855613433, 0.0 ], [ 110.650669718066581, -7.588383137732167, 0.0 ], [ 110.650858681876258, -7.588369795325278, 0.0 ], [ 110.650860930151964, -7.589246477114999, 0.0 ] ] ] ] } },
{ "type": "Feature", "properties": { "OBJECTID": 667, "ZONA": "Perikanan", "SUB_ZONA": "Perikanan Budidaya", "KODE": "IK-2", "KEPADATAN": 0.0, "JUML_RUMH": 0.0, "LUAS_BID": 2072.5289787400002, "Shape_Leng": 235.623468164, "Shape_Area": 2072.5289788 }, "geometry": { "type": "MultiPolygon", "coordinates": [ [ [ [ 110.651055238011978, -7.589217912529749, 0.0 ], [ 110.650860930151964, -7.589246477114999, 0.0 ], [ 110.650858681876258, -7.588369795325278, 0.0 ], [ 110.650934713625304, -7.588364426314456, 0.0 ], [ 110.65105531095368, -7.588355912634884, 0.0 ], [ 110.651055238011978, -7.589217912529749, 0.0 ] ] ] ] } },
{ "type": "Feature", "properties": { "OBJECTID": 668, "ZONA": "Perikanan", "SUB_ZONA": "Perikanan Budidaya", "KODE": "IK-2", "KEPADATAN": 0.0, "JUML_RUMH": 0.0, "LUAS_BID": 2588.9370050299999, "Shape_Leng": 261.4882391, "Shape_Area": 2588.93700502 }, "geometry": { "type": "MultiPolygon", "coordinates": [ [ [ [ 110.651510926501984, -7.58829236023886, 0.0 ], [ 110.651143733378859, -7.588313395247644, 0.0 ], [ 110.650884352408596, -7.5883317105839, 0.0 ], [ 110.6508780309278, -7.588250946692238, 0.0 ], [ 110.650907958301687, -7.588233451266588, 0.0 ], [ 110.650936331190309, -7.588214531723289, 0.0 ], [ 110.650964048389625, -7.588194803882624, 0.0 ], [ 110.651032468946099, -7.588144212670399, 0.0 ], [ 110.651046191653165, -7.588134795488934, 0.0 ], [ 110.651060096821041, -7.58812619798176, 0.0 ], [ 110.651073057873091, -7.588119224300293, 0.0 ], [ 110.651086550623646, -7.588112800110939, 0.0 ], [ 110.651100397457171, -7.58810684205193, 0.0 ], [ 110.651128652335672, -7.588095974763968, 0.0 ], [ 110.651184918451136, -7.588076213729549, 0.0 ], [ 110.651200444961262, -7.588070439735059, 0.0 ], [ 110.651215860540304, -7.588063952860362, 0.0 ], [ 110.651230992506839, -7.588056171337005, 0.0 ], [ 110.651245307426535, -7.588046448883744, 0.0 ], [ 110.651256440864259, -7.588036117825469, 0.0 ], [ 110.651265957044288, -7.588024638492024, 0.0 ], [ 110.651274060669991, -7.588012229045821, 0.0 ], [ 110.651280876773143, -7.58799897823379, 0.0 ], [ 110.651287068509305, -7.587983175166511, 0.0 ], [ 110.651291912534063, -7.587966973917996, 0.0 ], [ 110.651295780362233, -7.587950583738794, 0.0 ], [ 110.651298964753678, -7.587934071800906, 0.0 ], [ 110.651301685108081, -7.587917418380026, 0.0 ], [ 110.651306261111884, -7.587883938978994, 0.0 ], [ 110.651312265936809, -7.587832315316296, 0.0 ], [ 110.651328126489929, -7.587688655484416, 0.0 ], [ 110.651330377529746, -7.587670530877568, 0.0 ], [ 110.651331729751462, -7.587664200969397, 0.0 ], [ 110.651334156868273, -7.587658201181704, 0.0 ], [ 110.651337586214638, -7.587652707844744, 0.0 ], [ 110.6513419134033, -7.587647888217795, 0.0 ], [ 110.651347010495115, -7.587643886927317, 0.0 ], [ 110.651352722376501, -7.587640821441301, 0.0 ], [ 110.651358879446704, -7.587638787506787, 0.0 ], [ 110.651365295817058, -7.58763784377088, 0.0 ], [ 110.651371778370603, -7.58763801902458, 0.0 ], [ 110.651403909137798, -7.587640102648811, 0.0 ], [ 110.651436089584266, -7.58763903302579, 0.0 ], [ 110.651497682439285, -7.587633961695094, 0.0 ], [ 110.651509005358562, -7.588196850176087, 0.0 ], [ 110.651510926501984, -7.58829236023886, 0.0 ] ] ] ] } },
{ "type": "Feature", "properties": { "OBJECTID": 669, "ZONA": "Perikanan", "SUB_ZONA": "Perikanan Budidaya", "KODE": "IK-2", "KEPADATAN": 0.0, "JUML_RUMH": 0.0, "LUAS_BID": 1711.6935077200001, "Shape_Leng": 193.84756703100001, "Shape_Area": 1711.6935077200001 }, "geometry": { "type": "MultiPolygon", "coordinates": [ [ [ [ 110.65170386724715, -7.588281307368265, 0.0 ], [ 110.651510926501984, -7.58829236023886, 0.0 ], [ 110.651509005358562, -7.588196850176087, 0.0 ], [ 110.651497682439285, -7.587633961695094, 0.0 ], [ 110.651651747981873, -7.587621273898852, 0.0 ], [ 110.651728517698061, -7.587611178120359, 0.0 ], [ 110.65170386724715, -7.588281307368265, 0.0 ] ] ] ] } },
{ "type": "Feature", "properties": { "OBJECTID": 670, "ZONA": "Perikanan", "SUB_ZONA": "Perikanan Budidaya", "KODE": "IK-2", "KEPADATAN": 0.0, "JUML_RUMH": 0.0, "LUAS_BID": 281.98719241399999, "Shape_Leng": 67.064523298699996, "Shape_Area": 281.98719241800001 }, "geometry": { "type": "MultiPolygon", "coordinates": [ [ [ [ 110.65171728600437, -7.588422069853956, 0.0 ], [ 110.651711234759333, -7.588490872826368, 0.0 ], [ 110.651579306198087, -7.588499742143483, 0.0 ], [ 110.651581081670287, -7.588324583398883, 0.0 ], [ 110.651706384692389, -7.588317403911113, 0.0 ], [ 110.65171728600437, -7.588422069853956, 0.0 ] ] ] ] } },
{ "type": "Feature", "properties": { "OBJECTID": 671, "ZONA": "Perikanan", "SUB_ZONA": "Perikanan Budidaya", "KODE": "IK-2", "KEPADATAN": 0.0, "JUML_RUMH": 0.0, "LUAS_BID": 700.20746197000005, "Shape_Leng": 110.209379989, "Shape_Area": 700.20746200600001 }, "geometry": { "type": "MultiPolygon", "coordinates": [ [ [ [ 110.652049090295321, -7.588541024192795, 0.0 ], [ 110.651948045116498, -7.588550895255255, 0.0 ], [ 110.651846090150485, -7.588498285119656, 0.0 ], [ 110.651819852917612, -7.588484745510972, 0.0 ], [ 110.651762233225881, -7.588455012721794, 0.0 ], [ 110.65171728600437, -7.588422069853956, 0.0 ], [ 110.651706384692389, -7.588317403911113, 0.0 ], [ 110.65184637806459, -7.588305980209994, 0.0 ], [ 110.651892953069975, -7.588302178559816, 0.0 ], [ 110.6519629719661, -7.5882964635365, 0.0 ], [ 110.651966260009331, -7.588296458931774, 0.0 ], [ 110.651969505931206, -7.588296977127102, 0.0 ], [ 110.651972629061632, -7.588298002680456, 0.0 ], [ 110.651975546923211, -7.58829951291191, 0.0 ], [ 110.651978187930936, -7.588301467963675, 0.0 ], [ 110.651980482321576, -7.588303817124751, 0.0 ], [ 110.651982372123555, -7.588306501552533, 0.0 ], [ 110.651983809344514, -7.588309453366898, 0.0 ], [ 110.651984756879415, -7.588312593841676, 0.0 ], [ 110.651985191220589, -7.588315845166212, 0.0 ], [ 110.651987185094427, -7.58835371422059, 0.0 ], [ 110.651989594737486, -7.588375084492854, 0.0 ], [ 110.651994532178264, -7.588396020791856, 0.0 ], [ 110.652016677725967, -7.588469889240553, 0.0 ], [ 110.652023688326395, -7.588489837613286, 0.0 ], [ 110.652032528021437, -7.58850905023596, 0.0 ], [ 110.652049090295321, -7.588541024192795, 0.0 ] ] ] ] } },
{ "type": "Feature", "properties": { "OBJECTID": 672, "ZONA": "Perikanan", "SUB_ZONA": "Perikanan Budidaya", "KODE": "IK-2", "KEPADATAN": 0.0, "JUML_RUMH": 0.0, "LUAS_BID": 2864.3494086599999, "Shape_Leng": 241.496126731, "Shape_Area": 2864.3494086800001 }, "geometry": { "type": "MultiPolygon", "coordinates": [ [ [ [ 110.652049090295321, -7.588541024192795, 0.0 ], [ 110.652065195473625, -7.588572117649609, 0.0 ], [ 110.652070517577329, -7.588584807411891, 0.0 ], [ 110.65207372506228, -7.588598186563393, 0.0 ], [ 110.65207473480605, -7.588611906783324, 0.0 ], [ 110.65207352171376, -7.588625608942551, 0.0 ], [ 110.652014514450443, -7.588970935045618, 0.0 ], [ 110.651860875162484, -7.58890728413201, 0.0 ], [ 110.651830838595188, -7.588894838708256, 0.0 ], [ 110.6517347845042, -7.589032377416925, 0.0 ], [ 110.651702720369386, -7.58904649809432, 0.0 ], [ 110.651578822219477, -7.589101061184476, 0.0 ], [ 110.651569964722384, -7.588930530681528, 0.0 ], [ 110.651513092207864, -7.58881381086019, 0.0 ], [ 110.651570097159038, -7.58876599011943, 0.0 ], [ 110.651579306198087, -7.588499742143483, 0.0 ], [ 110.651711234759333, -7.588490872826368, 0.0 ], [ 110.65171728600437, -7.588422069853956, 0.0 ], [ 110.651762233225881, -7.588455012721794, 0.0 ], [ 110.651819852917612, -7.588484745510972, 0.0 ], [ 110.651846090150485, -7.588498285119656, 0.0 ], [ 110.651948045116498, -7.588550895255255, 0.0 ], [ 110.652049090295321, -7.588541024192795, 0.0 ] ] ] ] } },
{ "type": "Feature", "properties": { "OBJECTID": 673, "ZONA": "Perikanan", "SUB_ZONA": "Perikanan Budidaya", "KODE": "IK-2", "KEPADATAN": 0.0, "JUML_RUMH": 0.0, "LUAS_BID": 1274.53310515, "Shape_Leng": 152.295184108, "Shape_Area": 1274.53310517 }, "geometry": { "type": "MultiPolygon", "coordinates": [ [ [ [ 110.652583926170195, -7.588677510760776, 0.0 ], [ 110.65253125575083, -7.588853816538086, 0.0 ], [ 110.652394510907257, -7.588886015290646, 0.0 ], [ 110.652352893982126, -7.5888759740015, 0.0 ], [ 110.652183970943938, -7.588835217070778, 0.0 ], [ 110.652078824703409, -7.588809846063652, 0.0 ], [ 110.652109267371486, -7.588631690837623, 0.0 ], [ 110.652110995520275, -7.588612174599645, 0.0 ], [ 110.65210955712223, -7.588592635927867, 0.0 ], [ 110.652104988940479, -7.588573579594363, 0.0 ], [ 110.652148827343083, -7.588585285258309, 0.0 ], [ 110.652166467660109, -7.588589995828797, 0.0 ], [ 110.652167004220075, -7.588590139177994, 0.0 ], [ 110.652192705627527, -7.588597001804495, 0.0 ], [ 110.652269573296934, -7.588617527071544, 0.0 ], [ 110.652386066669152, -7.588648632042618, 0.0 ], [ 110.652420761557948, -7.588653696350499, 0.0 ], [ 110.652583926170195, -7.588677510760776, 0.0 ] ] ] ] } },
{ "type": "Feature", "properties": { "OBJECTID": 674, "ZONA": "Perikanan", "SUB_ZONA": "Perikanan Budidaya", "KODE": "IK-2", "KEPADATAN": 0.0, "JUML_RUMH": 0.0, "LUAS_BID": 1119.1633131799999, "Shape_Leng": 204.58192682399999, "Shape_Area": 1119.1633132300001 }, "geometry": { "type": "MultiPolygon", "coordinates": [ [ [ [ 110.653465467964892, -7.588546109124723, 0.0 ], [ 110.653403122480427, -7.588587509846307, 0.0 ], [ 110.653313782741904, -7.588520263517744, 0.0 ], [ 110.653307728259691, -7.588454186239743, 0.0 ], [ 110.653328462060927, -7.588405263531177, 0.0 ], [ 110.653330767311189, -7.588369155459334, 0.0 ], [ 110.653340218813923, -7.588309328367325, 0.0 ], [ 110.653352546857207, -7.588231292124636, 0.0 ], [ 110.653309466579927, -7.588113985599848, 0.0 ], [ 110.653323963375769, -7.587982366041794, 0.0 ], [ 110.65343920245958, -7.587720718031274, 0.0 ], [ 110.65345609348978, -7.588251514618036, 0.0 ], [ 110.653465467964892, -7.588546109124723, 0.0 ] ] ] ] } },
{ "type": "Feature", "properties": { "OBJECTID": 675, "ZONA": "Perikanan", "SUB_ZONA": "Perikanan Budidaya", "KODE": "IK-2", "KEPADATAN": 0.0, "JUML_RUMH": 0.0, "LUAS_BID": 1790.16823875, "Shape_Leng": 229.784064048, "Shape_Area": 1790.16823864 }, "geometry": { "type": "MultiPolygon", "coordinates": [ [ [ [ 110.653617706032648, -7.58771103585931, 0.0 ], [ 110.653630692795389, -7.588452580239126, 0.0 ], [ 110.653609503043526, -7.58845843574258, 0.0 ], [ 110.653503915975008, -7.58852057608321, 0.0 ], [ 110.653465467964892, -7.588546109124723, 0.0 ], [ 110.65345609348978, -7.588251514618036, 0.0 ], [ 110.65343920245958, -7.587720718031274, 0.0 ], [ 110.653498833597368, -7.587585326244672, 0.0 ], [ 110.653617706032648, -7.58771103585931, 0.0 ] ] ] ] } },
{ "type": "Feature", "properties": { "OBJECTID": 676, "ZONA": "Perikanan", "SUB_ZONA": "Perikanan Budidaya", "KODE": "IK-2", "KEPADATAN": 0.0, "JUML_RUMH": 0.0, "LUAS_BID": 532.48639922300003, "Shape_Leng": 104.67017216399999, "Shape_Area": 532.48639924199995 }, "geometry": { "type": "MultiPolygon", "coordinates": [ [ [ [ 110.652164196985765, -7.589722411280409, 0.0 ], [ 110.652264301781855, -7.5897403246963, 0.0 ], [ 110.652320871340876, -7.589738018092534, 0.0 ], [ 110.6523076455031, -7.589888370167032, 0.0 ], [ 110.652249284096982, -7.589882256625721, 0.0 ], [ 110.65216890530786, -7.589859271761171, 0.0 ], [ 110.652167270269757, -7.589858804606306, 0.0 ], [ 110.652152903024515, -7.58985349331337, 0.0 ], [ 110.652001817227145, -7.589797643567997, 0.0 ], [ 110.651971753146441, -7.589782128968741, 0.0 ], [ 110.651975892310162, -7.589688716905234, 0.0 ], [ 110.652030599154386, -7.589698505484379, 0.0 ], [ 110.652164196985765, -7.589722411280409, 0.0 ] ] ] ] } },
{ "type": "Feature", "properties": { "OBJECTID": 677, "ZONA": "Perikanan", "SUB_ZONA": "Perikanan Budidaya", "KODE": "IK-2", "KEPADATAN": 0.0, "JUML_RUMH": 0.0, "LUAS_BID": 2959.7527363600002, "Shape_Leng": 393.083856481, "Shape_Area": 2959.75234198 }, "geometry": { "type": "MultiPolygon", "coordinates": [ [ [ [ 110.653469059513426, -7.589772761615428, 0.0 ], [ 110.653428902400535, -7.589771299500611, 0.0 ], [ 110.653368596681091, -7.589761490349587, 0.0 ], [ 110.653336411929445, -7.58975075744813, 0.0 ], [ 110.653277278161426, -7.589731038894882, 0.0 ], [ 110.653275517209352, -7.589730450433123, 0.0 ], [ 110.653256630703822, -7.589727534456572, 0.0 ], [ 110.653214568435132, -7.589721043276025, 0.0 ], [ 110.653181983864059, -7.589716015988734, 0.0 ], [ 110.653146234623875, -7.589722189109983, 0.0 ], [ 110.653099221771996, -7.58973030979713, 0.0 ], [ 110.653040420348972, -7.589746116135652, 0.0 ], [ 110.652966071891754, -7.589766102676633, 0.0 ], [ 110.65295425942054, -7.589770806892563, 0.0 ], [ 110.652922359581552, -7.589783509444942, 0.0 ], [ 110.652841456933146, -7.589815723052455, 0.0 ], [ 110.652786120761618, -7.58983775818679, 0.0 ], [ 110.652588205967248, -7.589877090307581, 0.0 ], [ 110.652479344060438, -7.589906354356287, 0.0 ], [ 110.652423257894441, -7.589900478746193, 0.0 ], [ 110.652413122626982, -7.589899416834323, 0.0 ], [ 110.652377065875299, -7.58989564042603, 0.0 ], [ 110.6523076455031, -7.589888370167032, 0.0 ], [ 110.652320871340876, -7.589738018092534, 0.0 ], [ 110.65235529229399, -7.589736613705113, 0.0 ], [ 110.65255224000957, -7.589728584005547, 0.0 ], [ 110.652609707985761, -7.589726240995232, 0.0 ], [ 110.65273040079424, -7.589689573519077, 0.0 ], [ 110.652914089549029, -7.589633768847674, 0.0 ], [ 110.653081144491424, -7.589583019055314, 0.0 ], [ 110.653228694375088, -7.589536467065413, 0.0 ], [ 110.653275492660683, -7.589504194525323, 0.0 ], [ 110.653383436620658, -7.589493510039557, 0.0 ], [ 110.653373993283125, -7.589177442215977, 0.0 ], [ 110.653372924993704, -7.589141685137378, 0.0 ], [ 110.653484358402338, -7.589139759514394, 0.0 ], [ 110.653487760404602, -7.589511544129786, 0.0 ], [ 110.653462564117547, -7.589525882982234, 0.0 ], [ 110.653469059513426, -7.589772761615428, 0.0 ] ] ] ] } }
]
}
